run,operation,size,sample_index,iterations,total_time_ns,latency_ns,throughput_per_second,throughput_unit,log10_latency_ns,log10_throughput
03f176b6-run-b,Tail probability,8,0,8999,930260.000000,103.373708189799,77389117.021047890186,bytes/s,2.014410095431,7.888679891561
03f176b6-run-b,Tail probability,8,1,17998,1906615.000000,105.934826091788,75518130.298985376954,bytes/s,2.025038757965,7.878051229027
03f176b6-run-b,Tail probability,8,2,26997,2974669.000000,110.185168722451,72605052.864705279469,bytes/s,2.042123141018,7.860966845974
03f176b6-run-b,Tail probability,8,3,35996,3860931.000000,107.260001111235,74585119.495790004730,bytes/s,2.030437797126,7.872652189866
03f176b6-run-b,Tail probability,8,4,44995,4784696.000000,106.338393154795,75231529.861040294170,bytes/s,2.026690093544,7.876399893448
03f176b6-run-b,Tail probability,8,5,53994,5851283.000000,108.369133607438,73821758.407515078783,bytes/s,2.034905601272,7.868184385720
03f176b6-run-b,Tail probability,8,6,62993,6892240.000000,109.412791897512,73117593.119218140841,bytes/s,2.039068100112,7.864021886880
03f176b6-run-b,Tail probability,8,7,71992,7625064.000000,105.915435048339,75531956.190793931484,bytes/s,2.024959254422,7.878130732570
03f176b6-run-b,Tail probability,8,8,80991,8580956.000000,105.949500561791,75507670.707086712122,bytes/s,2.025098913819,7.877991073173
03f176b6-run-b,Tail probability,8,9,89990,9702926.000000,107.822269141016,74196175.462947979569,bytes/s,2.032708467402,7.870381519590
03f176b6-run-b,Tail probability,8,10,98989,10592540.000000,107.007243229046,74761294.269363150001,bytes/s,2.029413175703,7.873676811289
03f176b6-run-b,Tail probability,8,11,107988,11487950.000000,106.381727599363,75200884.404963463545,bytes/s,2.026867038821,7.876222948171
03f176b6-run-b,Tail probability,8,12,116987,12174471.000000,104.066870677939,76873648.144547715783,bytes/s,2.017312495393,7.885777491599
03f176b6-run-b,Tail probability,8,13,125986,13315507.000000,105.690370358611,75692799.380451679230,bytes/s,2.024035419752,7.879054567240
03f176b6-run-b,Tail probability,8,14,134985,14678842.000000,108.744245656925,73567111.084103226662,bytes/s,2.036406284978,7.866683702014
03f176b6-run-b,Tail probability,8,15,143984,15058769.000000,104.586405433937,76491776.983895570040,bytes/s,2.019475236838,7.883614750154
03f176b6-run-b,Tail probability,8,16,152983,16199315.000000,105.889641332697,75550355.061309695244,bytes/s,2.024853477274,7.878236509718
03f176b6-run-b,Tail probability,8,17,161982,17542257.000000,108.297570100382,73870540.147713035345,bytes/s,2.034618712361,7.868471274631
03f176b6-run-b,Tail probability,8,18,170981,18527760.000000,108.361513852416,73826949.399171829224,bytes/s,2.034875063666,7.868214923326
03f176b6-run-b,Tail probability,8,19,179980,19192702.000000,106.637970885654,75020182.150486156344,bytes/s,2.027911872700,7.875178114292
03f176b6-run-b,Tail probability,8,20,188979,21479173.000000,113.659046772393,70385950.148080661893,bytes/s,2.055604009414,7.847485977578
03f176b6-run-b,Tail probability,8,21,197978,21436920.000000,108.279303761024,73883001.849146232009,bytes/s,2.034545454582,7.868544532410
03f176b6-run-b,Tail probability,8,22,206977,22353352.000000,107.999207641429,74074617.533871427178,bytes/s,2.033420569207,7.869669417785
03f176b6-run-b,Tail probability,8,23,215976,27322774.000000,126.508380560803,63236917.305687926710,bytes/s,2.102119296348,7.800970690644
03f176b6-run-b,Tail probability,8,24,224975,25277947.000000,112.358915435048,71200402.469393581152,bytes/s,2.050607538443,7.852482448549
03f176b6-run-b,Tail probability,8,25,233974,27695786.000000,118.371212185969,67583999.963026866317,bytes/s,2.073246095048,7.829843891944
03f176b6-run-b,Tail probability,8,26,242973,25789101.000000,106.139780963317,75372305.533256083727,bytes/s,2.025878187057,7.877211799935
03f176b6-run-b,Tail probability,8,27,251972,26585968.000000,105.511596526598,75821049.660482555628,bytes/s,2.023300194522,7.879789792470
03f176b6-run-b,Tail probability,8,28,260971,28134866.000000,107.808400167068,74205720.403999790549,bytes/s,2.032652601334,7.870437385658
03f176b6-run-b,Tail probability,8,29,269970,28975872.000000,107.329969996666,74536497.124228045344,bytes/s,2.030721007957,7.872368979035
03f176b6-run-b,Tail probability,8,30,278969,31602115.000000,113.281816259154,70620336.645189732313,bytes/s,2.054160203490,7.848929783502
03f176b6-run-b,Tail probability,8,31,287968,31148370.000000,108.166080953439,73960338.855612665415,bytes/s,2.034091094743,7.868998892249
03f176b6-run-b,Tail probability,8,32,296967,31926520.000000,107.508645741783,74412619.978625923395,bytes/s,2.031443391200,7.871646595792
03f176b6-run-b,Tail probability,8,33,305966,33333784.000000,108.946039756051,73430847.214945659041,bytes/s,2.037211448044,7.865878538948
03f176b6-run-b,Tail probability,8,34,314965,35798276.000000,113.657949295954,70386629.791892766953,bytes/s,2.055599815905,7.847490171087
03f176b6-run-b,Tail probability,8,35,323964,35123908.000000,108.419170031238,73787689.000893637538,bytes/s,2.035106078353,7.867983908639
03f176b6-run-b,Tail probability,8,36,332963,35724875.000000,107.293828443401,74561604.484270423651,bytes/s,2.030574742003,7.872515244989
03f176b6-run-b,Tail probability,8,37,341962,36033076.000000,105.371579298285,75921800.292597830296,bytes/s,2.022723489260,7.880366497732
03f176b6-run-b,Tail probability,8,38,350961,37207216.000000,106.015243859004,75460846.089640244842,bytes/s,2.025368316660,7.877721670332
03f176b6-run-b,Tail probability,8,39,359960,39391583.000000,109.433223135904,73103942.027412310243,bytes/s,2.039149190683,7.863940796309
03f176b6-run-b,Tail probability,8,40,368959,40641149.000000,110.150854159947,72627671.033611774445,bytes/s,2.041987869217,7.861102117775
03f176b6-run-b,Tail probability,8,41,377958,40597151.000000,107.411805015372,74479709.179592430592,bytes/s,2.031052014802,7.872037972190
03f176b6-run-b,Tail probability,8,42,386957,41452823.000000,107.125140519489,74679015.226538375020,bytes/s,2.029891404610,7.873198582382
03f176b6-run-b,Tail probability,8,43,395956,44045610.000000,111.238647728535,71917451.024063467979,bytes/s,2.046255700728,7.856834286264
03f176b6-run-b,Tail probability,8,44,404955,44148135.000000,109.019854057858,73381129.236829593778,bytes/s,2.037505596313,7.865584390679
03f176b6-run-b,Tail probability,8,45,413954,45307119.000000,109.449646579088,73092972.431109562516,bytes/s,2.039214363538,7.863875623454
03f176b6-run-b,Tail probability,8,46,422953,47871202.000000,113.183266225798,70681826.623029023409,bytes/s,2.053782222585,7.849307764406
03f176b6-run-b,Tail probability,8,47,431952,48671492.000000,112.678010519687,70998768.642637863755,bytes/s,2.051839170334,7.851250816658
03f176b6-run-b,Tail probability,8,48,440951,49709585.000000,112.732673244873,70964342.188734829426,bytes/s,2.052049805606,7.851040181386
03f176b6-run-b,Tail probability,8,49,449950,48796086.000000,108.447796421825,73768211.655336454511,bytes/s,2.035220731901,7.867869255091
03f176b6-run-b,Tail probability,8,50,458949,48871583.000000,106.485868800237,75127339.337463244796,bytes/s,2.027291978580,7.875798008412
03f176b6-run-b,Tail probability,8,51,467948,50839656.000000,108.643815124757,73635116.649884492159,bytes/s,2.036005007843,7.867084979149
03f176b6-run-b,Tail probability,8,52,476947,51890599.000000,108.797411452426,73531161.203207537532,bytes/s,2.036618562593,7.866471424399
03f176b6-run-b,Tail probability,8,53,485946,52521319.000000,108.080566565009,74018856.990244284272,bytes/s,2.033747612618,7.869342374373
03f176b6-run-b,Tail probability,8,54,494945,54943913.000000,111.010138500237,72065489.765900000930,bytes/s,2.045362644495,7.857727342497
03f176b6-run-b,Tail probability,8,55,503944,55023811.000000,109.186359992380,73269225.208701014519,bytes/s,2.038168387910,7.864921599081
03f176b6-run-b,Tail probability,8,56,512943,58028651.000000,113.128848624506,70715826.221774488688,bytes/s,2.053573367090,7.849516619902
03f176b6-run-b,Tail probability,8,57,521942,58651200.000000,112.371106368141,71192678.069672912359,bytes/s,2.050654656802,7.852435330189
03f176b6-run-b,Tail probability,8,58,530941,57265795.000000,107.857172454190,74172165.076901495457,bytes/s,2.032849030790,7.870240956202
03f176b6-run-b,Tail probability,8,59,539940,58295298.000000,107.966251805756,74097228.218989461660,bytes/s,2.033288024515,7.869801962477
03f176b6-run-b,Tail probability,8,60,548939,59233171.000000,107.904832777412,74139404.084917217493,bytes/s,2.033040896041,7.870049090951
03f176b6-run-b,Tail probability,8,61,557938,58624661.000000,105.073791353161,76136969.047889247537,bytes/s,2.021494403087,7.881595583905
03f176b6-run-b,Tail probability,8,62,566937,63667275.000000,112.300440789717,71237476.395840719342,bytes/s,2.050381460911,7.852708526081
03f176b6-run-b,Tail probability,8,63,575936,63733832.000000,110.661309589954,72292656.120221987367,bytes/s,2.043995805444,7.859094181548
03f176b6-run-b,Tail probability,8,64,584935,65473531.000000,111.933002812278,71471324.801468238235,bytes/s,2.048958154679,7.854131832313
03f176b6-run-b,Tail probability,8,65,593934,63050383.000000,106.157221172723,75359922.873109266162,bytes/s,2.025949541684,7.877140445308
03f176b6-run-b,Tail probability,8,66,602933,65040108.000000,107.872861495390,74161377.468807399273,bytes/s,2.032912199222,7.870177787770
03f176b6-run-b,Tail probability,8,67,611932,64603612.000000,105.573187870548,75776815.698787853122,bytes/s,2.023553635637,7.879536351355
03f176b6-run-b,Tail probability,8,68,620931,66358187.000000,106.868858214520,74858103.040096625686,bytes/s,2.028851169419,7.874238817573
03f176b6-run-b,Tail probability,8,69,629930,67453338.000000,107.080688330449,74710016.574717178941,bytes/s,2.029711154233,7.873378832759
03f176b6-run-b,Tail probability,8,70,638929,68760178.000000,107.617869904168,74337096.684071987867,bytes/s,2.031884391743,7.871205595249
03f176b6-run-b,Tail probability,8,71,647928,69294732.000000,106.948197947920,74802569.407440677285,bytes/s,2.029173471209,7.873916515783
03f176b6-run-b,Tail probability,8,72,656927,73091552.000000,111.262822200945,71901825.261556908488,bytes/s,2.046350071700,7.856739915292
03f176b6-run-b,Tail probability,8,73,665926,71604042.000000,107.525523857005,74400939.544725701213,bytes/s,2.031511567084,7.871578419908
03f176b6-run-b,Tail probability,8,74,674925,73526163.000000,108.939753305923,73435084.597029775381,bytes/s,2.037186387478,7.865903599514
03f176b6-run-b,Tail probability,8,75,683924,74147035.000000,108.414143969213,73791109.786116197705,bytes/s,2.035085944998,7.868004041994
03f176b6-run-b,Tail probability,8,76,692923,74612794.000000,107.678333667666,74295354.761812031269,bytes/s,2.032128326184,7.870961660808
03f176b6-run-b,Tail probability,8,77,701922,77675671.000000,110.661399699682,72292597.253520980477,bytes/s,2.043996159083,7.859093827909
03f176b6-run-b,Tail probability,8,78,710921,75984650.000000,106.881988294058,74848906.983186736703,bytes/s,2.028904524259,7.874185462733
03f176b6-run-b,Tail probability,8,79,719920,78138077.000000,108.537166629626,73707470.430837452412,bytes/s,2.035578480103,7.867511506889
03f176b6-run-b,Tail probability,8,80,728919,92506629.000000,126.909339720874,63037125.696148753166,bytes/s,2.103493584585,7.799596402407
03f176b6-run-b,Tail probability,8,81,737918,82840574.000000,112.262573890324,71261505.261902213097,bytes/s,2.050234995246,7.852854991745
03f176b6-run-b,Tail probability,8,82,746917,82618694.000000,110.612951639874,72324261.141189187765,bytes/s,2.043805981367,7.859284005625
03f176b6-run-b,Tail probability,8,83,755916,82123399.000000,108.640905867848,73637088.498979449272,bytes/s,2.035993378179,7.867096608813
03f176b6-run-b,Tail probability,8,84,764915,81681739.000000,106.785380074910,74916622.428912788630,bytes/s,2.028511797754,7.874578189238
03f176b6-run-b,Tail probability,8,85,773914,82732543.000000,106.901468380208,74835267.664865568280,bytes/s,2.028983670644,7.874106316348
03f176b6-run-b,Tail probability,8,86,782913,85014965.000000,108.588010417505,73672958.637341082096,bytes/s,2.035781875925,7.867308111067
03f176b6-run-b,Tail probability,8,87,791912,86290582.000000,108.964862257423,73418162.830330669880,bytes/s,2.037286474198,7.865803512794
03f176b6-run-b,Tail probability,8,88,800911,87442792.000000,109.179162229012,73274055.567667603493,bytes/s,2.038139757485,7.864950229507
03f176b6-run-b,Tail probability,8,89,809910,90312913.000000,111.509813436061,71742564.654071122408,bytes/s,2.047313089210,7.855776897782
03f176b6-run-b,Tail probability,8,90,818909,88473203.000000,108.037893099233,74048093.409707352519,bytes/s,2.033576106205,7.869513880787
03f176b6-run-b,Tail probability,8,91,827908,88396939.000000,106.771451658880,74926395.358554214239,bytes/s,2.028455147408,7.874634839584
03f176b6-run-b,Tail probability,8,92,836907,90176936.000000,107.750247040591,74245769.450405806303,bytes/s,2.032418274547,7.870671712445
03f176b6-run-b,Tail probability,8,93,845906,97638090.000000,115.424278820578,69309508.205250635743,bytes/s,2.062297169728,7.840792817264
03f176b6-run-b,Tail probability,8,94,854905,90924778.000000,106.356586989198,75218660.418395534158,bytes/s,2.026764392259,7.876325594733
03f176b6-run-b,Tail probability,8,95,863904,92856056.000000,107.484229729229,74429523.476637870073,bytes/s,2.031344748494,7.871745238498
03f176b6-run-b,Tail probability,8,96,872903,92918423.000000,106.447592687847,75154353.405244514346,bytes/s,2.027135844316,7.875954142676
03f176b6-run-b,Tail probability,8,97,881902,94735436.000000,107.421727130679,74472829.786733657122,bytes/s,2.031092130699,7.871997856293
03f176b6-run-b,Tail probability,8,98,890901,97349315.000000,109.270631641451,73212718.548661589622,bytes/s,2.038503453533,7.864586533459
03f176b6-run-b,Tail probability,8,99,899900,98137314.000000,109.053577064118,73358437.342191785574,bytes/s,2.037639915433,7.865450071559
03f176b6-run-b,Tail probability,16,0,5194,891850.000000,171.707739699653,93181588.832202732563,bytes/s,2.234789871358,7.969330111298
03f176b6-run-b,Tail probability,16,1,10388,1752621.000000,168.715922217944,94833965.814628481865,bytes/s,2.227156070171,7.976963912485
03f176b6-run-b,Tail probability,16,2,15582,2699364.000000,173.236041586446,92359533.579020828009,bytes/s,2.238638251617,7.965481731038
03f176b6-run-b,Tail probability,16,3,20776,3548263.000000,170.786628802464,93684149.117469593883,bytes/s,2.232453865975,7.971666116681
03f176b6-run-b,Tail probability,16,4,25970,4507508.000000,173.565960723912,92183973.938593119383,bytes/s,2.239464556559,7.964655426097
03f176b6-run-b,Tail probability,16,5,31164,5391607.000000,173.007540752150,92481518.033491685987,bytes/s,2.238065032815,7.966054949841
03f176b6-run-b,Tail probability,16,6,36358,6185611.000000,170.130672754277,94045357.847430109978,bytes/s,2.230782619356,7.973337363299
03f176b6-run-b,Tail probability,16,7,41552,7092826.000000,170.697583750481,93733019.814669072628,bytes/s,2.232227373656,7.971892609000
03f176b6-run-b,Tail probability,16,8,46746,8589694.000000,183.752492191845,87073648.956528604031,bytes/s,2.264233238030,7.939886744626
03f176b6-run-b,Tail probability,16,9,51940,8929813.000000,171.925548710050,93063538.956526860595,bytes/s,2.235340419092,7.968779563564
03f176b6-run-b,Tail probability,16,10,57134,9965531.000000,174.423828193370,91730586.157426029444,bytes/s,2.241605814003,7.962514168653
03f176b6-run-b,Tail probability,16,11,62328,10607077.000000,170.181571685278,94017230.194520130754,bytes/s,2.230912530198,7.973207452458
03f176b6-run-b,Tail probability,16,12,67522,11515898.000000,170.550309528746,93813960.491834849119,bytes/s,2.231852511938,7.972267470718
03f176b6-run-b,Tail probability,16,13,72716,12313535.000000,169.337353539799,94485945.749941021204,bytes/s,2.228752768191,7.975367214465
03f176b6-run-b,Tail probability,16,14,77910,13379983.000000,171.736400975485,93166037.654905840755,bytes/s,2.234862357288,7.969257625368
03f176b6-run-b,Tail probability,16,15,83104,14397893.000000,173.251504139392,92351290.567307308316,bytes/s,2.238677013769,7.965442968887
03f176b6-run-b,Tail probability,16,16,88298,15045165.000000,170.390778953091,93901795.028502523899,bytes/s,2.231446088329,7.972673894327
03f176b6-run-b,Tail probability,16,17,93492,15617499.000000,167.046367603645,95781789.388941213489,bytes/s,2.222837036413,7.981282946243
03f176b6-run-b,Tail probability,16,18,98686,16726131.000000,169.488387410575,94401747.780165061355,bytes/s,2.229139947635,7.974980035021
03f176b6-run-b,Tail probability,16,19,103880,17603384.000000,169.458837119754,94418209.589701622725,bytes/s,2.229064221815,7.975055760841
03f176b6-run-b,Tail probability,16,20,109074,18358418.000000,168.311586629261,95061785.824900597334,bytes/s,2.226114013991,7.978005968665
03f176b6-run-b,Tail probability,16,21,114268,19160804.000000,167.683025869010,95418125.460706144571,bytes/s,2.224489102293,7.979630880363
03f176b6-run-b,Tail probability,16,22,119462,20177388.000000,168.902144615024,94729406.997575715184,bytes/s,2.227635164009,7.976484818647
03f176b6-run-b,Tail probability,16,23,124656,21167431.000000,169.806756193043,94224755.002154022455,bytes/s,2.229954965761,7.974165016895
03f176b6-run-b,Tail probability,16,24,129850,21908359.000000,168.720515979977,94831383.765438556671,bytes/s,2.227167894890,7.976952087766
03f176b6-run-b,Tail probability,16,25,135044,22720452.000000,168.244809099257,95099516.506097674370,bytes/s,2.225941673702,7.978178308954
03f176b6-run-b,Tail probability,16,26,140238,23463963.000000,167.315299704788,95627835.758179470897,bytes/s,2.223535655688,7.980584326968
03f176b6-run-b,Tail probability,16,27,145432,24516862.000000,168.579556081193,94910678.209960147738,bytes/s,2.226804905879,7.977315076777
03f176b6-run-b,Tail probability,16,28,150626,26073584.000000,173.101483143680,92431328.197918623686,bytes/s,2.238300788952,7.965819193704
03f176b6-run-b,Tail probability,16,29,155820,27618572.000000,177.246643563086,90269692.437393218279,bytes/s,2.248578019901,7.955541962755
03f176b6-run-b,Tail probability,16,30,161014,26877087.000000,166.923913448520,95852054.205130189657,bytes/s,2.222518557978,7.981601424678
03f176b6-run-b,Tail probability,16,31,166208,27995356.000000,168.435670966500,94991755.061089426279,bytes/s,2.226434070913,7.977685911743
03f176b6-run-b,Tail probability,16,32,171402,29994301.000000,174.993879884715,91431768.988382160664,bytes/s,2.243022860236,7.961097122420
03f176b6-run-b,Tail probability,16,33,176596,30127904.000000,170.603547079209,93784685.453060388565,bytes/s,2.231988056497,7.972131926159
03f176b6-run-b,Tail probability,16,34,181790,31063474.000000,170.875592716871,93635373.815562278032,bytes/s,2.232680034018,7.971439948638
03f176b6-run-b,Tail probability,16,35,186984,32284340.000000,172.658302314637,92668581.733434841037,bytes/s,2.237187466339,7.966932516317
03f176b6-run-b,Tail probability,16,36,192178,33067800.000000,172.068603065908,92986167.812796741724,bytes/s,2.235701632912,7.968418349744
03f176b6-run-b,Tail probability,16,37,197372,33616459.000000,170.320303791825,93940649.727563500404,bytes/s,2.231266423060,7.972853559596
03f176b6-run-b,Tail probability,16,38,202566,34521647.000000,170.421724277519,93884744.259160056710,bytes/s,2.231524955058,7.972595027598
03f176b6-run-b,Tail probability,16,39,207760,35918298.000000,172.883606083943,92547815.044020175934,bytes/s,2.237753812679,7.966366169977
03f176b6-run-b,Tail probability,16,40,212954,37266758.000000,174.999098396837,91429042.472650825977,bytes/s,2.243035811188,7.961084171468
03f176b6-run-b,Tail probability,16,41,218148,37362997.000000,171.273616993967,93417773.740152582526,bytes/s,2.233690469350,7.970429513306
03f176b6-run-b,Tail probability,16,42,223342,38055036.000000,170.389071468868,93902736.026842817664,bytes/s,2.231441736247,7.972678246409
03f176b6-run-b,Tail probability,16,43,228536,38995564.000000,170.632040466272,93769024.599823728204,bytes/s,2.232060584224,7.972059398432
03f176b6-run-b,Tail probability,16,44,233730,40136112.000000,171.719984597613,93174944.299537524581,bytes/s,2.234820840853,7.969299141802
03f176b6-run-b,Tail probability,16,45,238924,41162334.000000,172.282123185616,92870924.180344089866,bytes/s,2.236240215320,7.967879767336
03f176b6-run-b,Tail probability,16,46,244118,42912021.000000,175.783928264200,91020835.397148966789,bytes/s,2.244979165475,7.959140817181
03f176b6-run-b,Tail probability,16,47,249312,42409247.000000,170.105117282762,94059486.602061092854,bytes/s,2.230717378717,7.973402603939
03f176b6-run-b,Tail probability,16,48,254506,43881742.000000,172.419282845984,92797045.295056879520,bytes/s,2.236585834373,7.967534148283
03f176b6-run-b,Tail probability,16,49,259700,44474610.000000,171.253792837890,93428587.681825652719,bytes/s,2.233640198794,7.970479783862
03f176b6-run-b,Tail probability,16,50,264894,45018660.000000,169.949715735351,94145494.335015743971,bytes/s,2.230320442501,7.973799540154
03f176b6-run-b,Tail probability,16,51,270088,51169001.000000,189.453070850982,84453632.385748550296,bytes/s,2.277501649161,7.926618333494
03f176b6-run-b,Tail probability,16,52,275282,50038651.000000,181.772331645367,88022197.081212282181,bytes/s,2.259527778071,7.944592204585
03f176b6-run-b,Tail probability,16,53,280476,48970455.000000,174.597666110469,91639254.730224594474,bytes/s,2.242038434088,7.962081548568
03f176b6-run-b,Tail probability,16,54,285670,49093862.000000,171.855154548955,93101659.022058606148,bytes/s,2.235162562709,7.968957419947
03f176b6-run-b,Tail probability,16,55,290864,49819354.000000,171.280577864569,93413977.226601526141,bytes/s,2.233708119507,7.970411863149
03f176b6-run-b,Tail probability,16,56,296058,50478778.000000,170.503002789994,93839989.549667790532,bytes/s,2.231732031913,7.972387950743
03f176b6-run-b,Tail probability,16,57,301252,51837156.000000,172.072404498559,92984113.557464465499,bytes/s,2.235711227475,7.968408755181
03f176b6-run-b,Tail probability,16,58,306446,52299078.000000,170.663275095775,93751863.082557588816,bytes/s,2.232140075660,7.971979906996
03f176b6-run-b,Tail probability,16,59,311640,53329352.000000,171.124862020280,93498979.698834523559,bytes/s,2.233313110966,7.970806871690
03f176b6-run-b,Tail probability,16,60,316834,54494135.000000,171.995855874054,93025497.147537067533,bytes/s,2.235517982996,7.968601999659
03f176b6-run-b,Tail probability,16,61,322028,58671723.000000,182.194476877787,87818249.346452638507,bytes/s,2.260535207446,7.943584775210
03f176b6-run-b,Tail probability,16,62,327222,57002350.000000,174.200848353717,91848002.757781043649,bytes/s,2.241050265680,7.963069716976
03f176b6-run-b,Tail probability,16,63,332416,56778165.000000,170.804549119176,93674320.048913180828,bytes/s,2.232499433279,7.971620549376
03f176b6-run-b,Tail probability,16,64,337610,57875553.000000,171.427247415657,93334054.190376371145,bytes/s,2.234079851787,7.970040130869
03f176b6-run-b,Tail probability,16,65,342804,58842201.000000,171.649691952253,93213100.577254071832,bytes/s,2.234643028364,7.969476954292
03f176b6-run-b,Tail probability,16,66,347998,59618676.000000,171.319019074822,93393016.644650071859,bytes/s,2.233805579082,7.970314403574
03f176b6-run-b,Tail probability,16,67,353192,61862618.000000,175.152942308999,91348736.647388577461,bytes/s,2.243417437217,7.960702545439
03f176b6-run-b,Tail probability,16,68,358386,63089908.000000,176.038985897887,90888958.024792164564,bytes/s,2.245608858072,7.958511124584
03f176b6-run-b,Tail probability,16,69,363580,64062352.000000,176.198778810716,90806531.736455768347,bytes/s,2.246002894101,7.958117088555
03f176b6-run-b,Tail probability,16,70,368774,64909854.000000,176.015266802974,90901205.847728461027,bytes/s,2.245550338273,7.958569644383
03f176b6-run-b,Tail probability,16,71,373968,64503878.000000,172.485020108672,92761678.607912540436,bytes/s,2.236751383661,7.967368598995
03f176b6-run-b,Tail probability,16,72,379162,64874445.000000,171.099543203169,93512815.408285945654,bytes/s,2.233248850075,7.970871132581
03f176b6-run-b,Tail probability,16,73,384356,66181981.000000,172.189275047092,92921002.168248787522,bytes/s,2.236006097565,7.968113885091
03f176b6-run-b,Tail probability,16,74,389550,68005210.000000,174.573764600180,91651801.384041026235,bytes/s,2.241978977368,7.962141005288
03f176b6-run-b,Tail probability,16,75,394744,70011915.000000,177.360301866526,90211844.655299022794,bytes/s,2.248856419275,7.955263563381
03f176b6-run-b,Tail probability,16,76,399938,68765210.000000,171.939675649726,93055892.652694582939,bytes/s,2.235376103142,7.968743879514
03f176b6-run-b,Tail probability,16,77,405132,71275450.000000,175.931424819565,90944525.779914394021,bytes/s,2.245343419940,7.958776562716
03f176b6-run-b,Tail probability,16,78,410326,72382197.000000,176.401683052012,90702082.447152018547,bytes/s,2.246502724428,7.957617258228
03f176b6-run-b,Tail probability,16,79,415520,70835951.000000,170.475430785522,93855166.848822295666,bytes/s,2.231661796565,7.972458186091
03f176b6-run-b,Tail probability,16,80,420714,73198830.000000,173.987150415722,91960814.127766788006,bytes/s,2.240517175239,7.963602807417
03f176b6-run-b,Tail probability,16,81,425908,75480067.000000,177.221529062614,90282484.778398513794,bytes/s,2.248516479318,7.955603503338
03f176b6-run-b,Tail probability,16,82,431102,75403942.000000,174.909747577140,91475748.045108839869,bytes/s,2.242814013029,7.961305969627
03f176b6-run-b,Tail probability,16,83,436296,77811798.000000,178.346347433852,89713079.242816105485,bytes/s,2.251264219334,7.952855763322
03f176b6-run-b,Tail probability,16,84,441490,87180136.000000,197.467974359555,81025796.977421551943,bytes/s,2.295496671169,7.908623311487
03f176b6-run-b,Tail probability,16,85,446684,76219527.000000,170.634110467355,93767887.066525623202,bytes/s,2.232065852781,7.972054129875
03f176b6-run-b,Tail probability,16,86,451878,78206879.000000,173.070782379315,92447724.451451376081,bytes/s,2.238223756943,7.965896225713
03f176b6-run-b,Tail probability,16,87,457072,77496124.000000,169.549051352960,94367971.229115918279,bytes/s,2.229295364192,7.974824618464
03f176b6-run-b,Tail probability,16,88,462266,80920360.000000,175.051507140910,91401669.493314161897,bytes/s,2.243165854262,7.960954128394
03f176b6-run-b,Tail probability,16,89,467460,78155416.000000,167.191665597056,95698550.181090444326,bytes/s,2.223214624327,7.980905358329
03f176b6-run-b,Tail probability,16,90,472654,82913022.000000,175.420121272643,91209605.169137373567,bytes/s,2.244079406912,7.960040575744
03f176b6-run-b,Tail probability,16,91,477848,85650102.000000,179.241311044516,89265135.959791392088,bytes/s,2.253438111861,7.950681870795
03f176b6-run-b,Tail probability,16,92,483042,82434482.000000,170.656965646880,93755329.232250168920,bytes/s,2.232124019425,7.971995963230
03f176b6-run-b,Tail probability,16,93,488236,83415727.000000,170.851242022301,93648719.263694733381,bytes/s,2.232618140299,7.971501842357
03f176b6-run-b,Tail probability,16,94,493430,84178584.000000,170.598836714428,93787274.920186340809,bytes/s,2.231976065459,7.972143917197
03f176b6-run-b,Tail probability,16,95,498624,86942481.000000,174.364813968040,91761632.613175600767,bytes/s,2.241458850773,7.962661131883
03f176b6-run-b,Tail probability,16,96,503818,88364833.000000,175.390385019987,91225069.140344545245,bytes/s,2.244005781463,7.960114201193
03f176b6-run-b,Tail probability,16,97,509012,94402456.000000,185.462142346349,86270975.831391513348,bytes/s,2.268255272183,7.935864710473
03f176b6-run-b,Tail probability,16,98,514206,93012720.000000,180.886104012789,88453450.237773925066,bytes/s,2.257405204879,7.946714777777
03f176b6-run-b,Tail probability,16,99,519400,90769407.000000,174.758195995379,91555076.480779483914,bytes/s,2.242437552899,7.961682429757
03f176b6-run-b,Tail probability,64,0,1495,976985.000000,653.501672240803,97933949.855934321880,bytes/s,2.815246703231,7.990933270753
03f176b6-run-b,Tail probability,64,1,2990,1929596.000000,645.349832775920,99171018.182044327259,bytes/s,2.809795201856,7.996384772128
03f176b6-run-b,Tail probability,64,2,4485,2898062.000000,646.167670011148,99045500.061765417457,bytes/s,2.810345224980,7.995834749004
03f176b6-run-b,Tail probability,64,3,5980,3857866.000000,645.128093645485,99205104.583725824952,bytes/s,2.809645954698,7.996534019286
03f176b6-run-b,Tail probability,64,4,7475,4840578.000000,647.568963210702,98831172.640953212976,bytes/s,2.811286025644,7.994893948339
03f176b6-run-b,Tail probability,64,5,8970,5783553.000000,644.766220735786,99260783.120687231421,bytes/s,2.809402276731,7.996777697253
03f176b6-run-b,Tail probability,64,6,10465,6785260.000000,648.376493072145,98708081.930537670851,bytes/s,2.811827261090,7.994352712894
03f176b6-run-b,Tail probability,64,7,11960,7762177.000000,649.011454849498,98611510.662537068129,bytes/s,2.812252362030,7.993927611954
03f176b6-run-b,Tail probability,64,8,13455,8721213.000000,648.176365663322,98738558.500979170203,bytes/s,2.811693191384,7.994486782600
03f176b6-run-b,Tail probability,64,9,14950,9635272.000000,644.499799331104,99301815.247146114707,bytes/s,2.809222786469,7.996957187515
03f176b6-run-b,Tail probability,64,10,16445,10744953.000000,653.387230161143,97951103.183047890663,bytes/s,2.815170642345,7.991009331639
03f176b6-run-b,Tail probability,64,11,17940,12989107.000000,724.030490523969,88394067.428961828351,bytes/s,2.859756855683,7.946423118301
03f176b6-run-b,Tail probability,64,12,19435,13853162.000000,712.794545922305,89787443.473194062710,bytes/s,2.852964367958,7.953215606026
03f176b6-run-b,Tail probability,64,13,20930,13660894.000000,652.694409937888,98055076.044071495533,bytes/s,2.814709893156,7.991470080828
03f176b6-run-b,Tail probability,64,14,22425,14522644.000000,647.609542920847,98824979.803953051567,bytes/s,2.811313239722,7.994866734262
03f176b6-run-b,Tail probability,64,15,23920,15378598.000000,642.917976588629,99546135.479970276356,bytes/s,2.808155569212,7.998024404772
03f176b6-run-b,Tail probability,64,16,25415,16393226.000000,645.021680110171,99221471.112519279122,bytes/s,2.809574312145,7.996605661839
03f176b6-run-b,Tail probability,64,17,26910,17395913.000000,646.447900408770,99002564.567895919085,bytes/s,2.810533529252,7.995646444731
03f176b6-run-b,Tail probability,64,18,28405,18414662.000000,648.289456081676,98721334.119518458843,bytes/s,2.811768958202,7.994411015782
03f176b6-run-b,Tail probability,64,19,29900,19316640.000000,646.041471571906,99064847.716787189245,bytes/s,2.810260397711,7.995919576272
03f176b6-run-b,Tail probability,64,20,31395,20140258.000000,641.511641981207,99764362.502208262682,bytes/s,2.807204542242,7.998975431742
03f176b6-run-b,Tail probability,64,21,32890,21088469.000000,641.181787777440,99815686.003569066525,bytes/s,2.806981178092,7.999198795891
03f176b6-run-b,Tail probability,64,22,34385,22173077.000000,644.847375309001,99248291.069390147924,bytes/s,2.809456936489,7.996723037495
03f176b6-run-b,Tail probability,64,23,35880,23057595.000000,642.630852842809,99590612.117178738117,bytes/s,2.807961572286,7.998218401698
03f176b6-run-b,Tail probability,64,24,37375,24497058.000000,655.439678929766,97644378.357597053051,bytes/s,2.816532729110,7.989647244874
03f176b6-run-b,Tail probability,64,25,38870,25245179.000000,649.477206071520,98540794.660239890218,bytes/s,2.812563913760,7.993616060224
03f176b6-run-b,Tail probability,64,26,40365,26663550.000000,660.561129691564,96887323.705958127975,bytes/s,2.819913014319,7.986266959665
03f176b6-run-b,Tail probability,64,27,41860,27170096.000000,649.070616340182,98602522.420237302780,bytes/s,2.812291948909,7.993888025075
03f176b6-run-b,Tail probability,64,28,43355,28141005.000000,649.083266059278,98600600.795884877443,bytes/s,2.812300412780,7.993879561204
03f176b6-run-b,Tail probability,64,29,44850,29101997.000000,648.873957636566,98632406.566463455558,bytes/s,2.812160344229,7.994019629755
03f176b6-run-b,Tail probability,64,30,46345,30208536.000000,651.818664365088,98186817.130098596215,bytes/s,2.814126792022,7.992053181962
03f176b6-run-b,Tail probability,64,31,47840,31363262.000000,655.586580267558,97622498.578113466501,bytes/s,2.816630055064,7.989549918920
03f176b6-run-b,Tail probability,64,32,49335,33264016.000000,674.247815952164,94920589.263785824180,bytes/s,2.828819548345,7.977360425639
03f176b6-run-b,Tail probability,64,33,50830,33277564.000000,654.683533346449,97757155.541793867946,bytes/s,2.816031417649,7.990148556335
03f176b6-run-b,Tail probability,64,34,52325,33294186.000000,636.295957955088,100582125.660017639399,bytes/s,2.803659164406,8.002520809577
03f176b6-run-b,Tail probability,64,35,53820,34224729.000000,635.910981047938,100643017.509357050061,bytes/s,2.803396324539,8.002783649445
03f176b6-run-b,Tail probability,64,36,55315,35374008.000000,639.501184127271,100078000.773901551962,bytes/s,2.805841352973,8.000338621011
03f176b6-run-b,Tail probability,64,37,56810,37018174.000000,651.613694772047,98217702.472304537892,bytes/s,2.813990203171,7.992189770813
03f176b6-run-b,Tail probability,64,38,58305,38430609.000000,659.130589143298,97097602.590684950352,bytes/s,2.818971466985,7.987208506999
03f176b6-run-b,Tail probability,64,39,59800,38302035.000000,640.502257525084,99921583.800965145230,bytes/s,2.806520664805,7.999659309179
03f176b6-run-b,Tail probability,64,40,61295,43785906.000000,714.347108247002,89592299.403374224901,bytes/s,2.853909291000,7.952270682984
03f176b6-run-b,Tail probability,64,41,62790,40055706.000000,637.931294792164,100324283.386741444468,bytes/s,2.804773907719,8.001406066265
03f176b6-run-b,Tail probability,64,42,64285,41138010.000000,639.931710352337,100010671.396112740040,bytes/s,2.806133631172,8.000046342812
03f176b6-run-b,Tail probability,64,43,65780,41816151.000000,635.697035573123,100676889.176146313548,bytes/s,2.803250186203,8.002929787781
03f176b6-run-b,Tail probability,64,44,67275,42684257.000000,634.474277220364,100870913.601705655456,bytes/s,2.802414019673,8.003765954311
03f176b6-run-b,Tail probability,64,45,68770,43617243.000000,634.248116911444,100906882.170429706573,bytes/s,2.802259186471,8.003920787513
03f176b6-run-b,Tail probability,64,46,70265,48503009.000000,690.286899594393,92715072.584465831518,bytes/s,2.839029631337,7.967150342647
03f176b6-run-b,Tail probability,64,47,71760,48455728.000000,675.247045707915,94780125.891411647201,bytes/s,2.829462692770,7.976717281214
03f176b6-run-b,Tail probability,64,48,73255,49386689.000000,674.174991468159,94930842.600118428469,bytes/s,2.828772638323,7.977407335661
03f176b6-run-b,Tail probability,64,49,74750,49190509.000000,658.067010033445,97254533.389764264226,bytes/s,2.818270119459,7.987909854525
03f176b6-run-b,Tail probability,64,50,76245,57897057.000000,759.355459374385,84282004.178554356098,bytes/s,2.880445119647,7.925734854337
03f176b6-run-b,Tail probability,64,51,77740,53295958.000000,685.566735271418,93353420.910456284881,bytes/s,2.836049736805,7.970130237179
03f176b6-run-b,Tail probability,64,52,79235,53586700.000000,676.300877137629,94632436.780021905899,bytes/s,2.830139950690,7.976040023294
03f176b6-run-b,Tail probability,64,53,80730,52816858.000000,654.240777901647,97823312.397719681263,bytes/s,2.815737609593,7.990442364391
03f176b6-run-b,Tail probability,64,54,82225,52982168.000000,644.355950136820,99323983.873215600848,bytes/s,2.809125843252,7.997054130732
03f176b6-run-b,Tail probability,64,55,83720,55204323.000000,659.392295747730,97059065.464855000377,bytes/s,2.819143868598,7.987036105386
03f176b6-run-b,Tail probability,64,56,85215,56260437.000000,660.217532124626,96937746.857529744506,bytes/s,2.819687052869,7.986492921115
03f176b6-run-b,Tail probability,64,57,86710,56888015.000000,656.072137008419,97550248.501375913620,bytes/s,2.816951593922,7.989228380062
03f176b6-run-b,Tail probability,64,58,88205,57995606.000000,657.509279519302,97337029.291494950652,bytes/s,2.817901886463,7.988278087521
03f176b6-run-b,Tail probability,64,59,89700,61414043.000000,684.660457079153,93476991.899067774415,bytes/s,2.835475245688,7.970704728296
03f176b6-run-b,Tail probability,64,60,91195,61321088.000000,672.417215856132,95179002.694798901677,bytes/s,2.827638824124,7.978541149860
03f176b6-run-b,Tail probability,64,61,92690,60382583.000000,651.446574603517,98242898.949851155281,bytes/s,2.813878804843,7.992301169141
03f176b6-run-b,Tail probability,64,62,94185,60643504.000000,643.876455911239,99397950.355902925134,bytes/s,2.808802544901,7.997377429082
03f176b6-run-b,Tail probability,64,63,95680,63004570.000000,658.492579431438,97191679.905124351382,bytes/s,2.818550885251,7.987629088733
03f176b6-run-b,Tail probability,64,64,97175,75375530.000000,775.667918703370,82509535.919681087136,bytes/s,2.889675829580,7.916504144404
03f176b6-run-b,Tail probability,64,65,98670,68149859.000000,690.684696462957,92661673.738752722740,bytes/s,2.839279833427,7.966900140557
03f176b6-run-b,Tail probability,64,66,100165,65453634.000000,653.458134078770,97940474.932224541903,bytes/s,2.815217768319,7.990962205665
03f176b6-run-b,Tail probability,64,67,101660,67887053.000000,667.785294117647,95839187.481006145477,bytes/s,2.824636850846,7.981543123138
03f176b6-run-b,Tail probability,64,68,103155,69036543.000000,669.250574378363,95629353.862634748220,bytes/s,2.825588752589,7.980591221395
03f176b6-run-b,Tail probability,64,69,104650,68581258.000000,655.339302436694,97659334.274678945541,bytes/s,2.816466214530,7.989713759454
03f176b6-run-b,Tail probability,64,70,106145,71293897.000000,671.665146733242,95285575.425902158022,bytes/s,2.827152812979,7.979027161005
03f176b6-run-b,Tail probability,64,71,107640,72439265.000000,672.977192493497,95099805.333474874496,bytes/s,2.828000346034,7.978179627950
03f176b6-run-b,Tail probability,64,72,109135,72043694.000000,660.133724286434,96950053.671595454216,bytes/s,2.819631920143,7.986548053840
03f176b6-run-b,Tail probability,64,73,110630,74075963.000000,669.582961222092,95581882.614202395082,bytes/s,2.825804393699,7.980375580285
03f176b6-run-b,Tail probability,64,74,112125,73406062.000000,654.680597547380,97757593.916426151991,bytes/s,2.816029470137,7.990150503847
03f176b6-run-b,Tail probability,64,75,113620,75273293.000000,662.500378454497,96603718.399831399322,bytes/s,2.821186130700,7.984993843283
03f176b6-run-b,Tail probability,64,76,115115,74727776.000000,649.157590235851,98589311.690475031734,bytes/s,2.812350139423,7.993829834561
03f176b6-run-b,Tail probability,64,77,116610,75735911.000000,649.480413343624,98540308.044885069132,bytes/s,2.812566058404,7.993613915580
03f176b6-run-b,Tail probability,64,78,118105,76406998.000000,646.941264129376,98927064.246130973101,bytes/s,2.810864852813,7.995315121171
03f176b6-run-b,Tail probability,64,79,119600,78635160.000000,657.484615384615,97340680.682788714767,bytes/s,2.817885595136,7.988294378848
03f176b6-run-b,Tail probability,64,80,121095,80642769.000000,665.946314876750,96103842.862836226821,bytes/s,2.823439220022,7.982740753962
03f176b6-run-b,Tail probability,64,81,122590,80917587.000000,660.066783587568,96959885.865108653903,bytes/s,2.819587878385,7.986592095599
03f176b6-run-b,Tail probability,64,82,124085,81149733.000000,653.985034452190,97861566.593201234937,bytes/s,2.815567810206,7.990612163778
03f176b6-run-b,Tail probability,64,83,125580,82101647.000000,653.779638477465,97892311.466053783894,bytes/s,2.815431390648,7.990748583335
03f176b6-run-b,Tail probability,64,84,127075,83096232.000000,653.914869171749,97872067.171469345689,bytes/s,2.815521212765,7.990658761218
03f176b6-run-b,Tail probability,64,85,128570,82638365.000000,642.749980555339,99572153.926327079535,bytes/s,2.808042072176,7.998137901807
03f176b6-run-b,Tail probability,64,86,130065,89639999.000000,689.193856917695,92862116.163120433688,bytes/s,2.838341397739,7.967838576245
03f176b6-run-b,Tail probability,64,87,131560,102710266.000000,780.710443903922,81976615.657873958349,bytes/s,2.892489989150,7.913689984834
03f176b6-run-b,Tail probability,64,88,133055,110352322.000000,829.373732666942,77166658.985209211707,bytes/s,2.918750276581,7.887429697403
03f176b6-run-b,Tail probability,64,89,134550,92081660.000000,684.367595689335,93516993.503375157714,bytes/s,2.835289437826,7.970890536158
03f176b6-run-b,Tail probability,64,90,136045,90358230.000000,664.178984894704,96359567.910969480872,bytes/s,2.822285130087,7.983894843897
03f176b6-run-b,Tail probability,64,91,137540,90415428.000000,657.375512578159,97356836.047936424613,bytes/s,2.817813522456,7.988366451528
03f176b6-run-b,Tail probability,64,92,139035,89588668.000000,644.360542309490,99323276.019685894251,bytes/s,2.809128938355,7.997051035629
03f176b6-run-b,Tail probability,64,93,140530,91492704.000000,651.054607557105,98302046.029812395573,bytes/s,2.813617416780,7.992562557204
03f176b6-run-b,Tail probability,64,94,142025,91210412.000000,642.213779264214,99655289.354465365410,bytes/s,2.807679619502,7.998500354482
03f176b6-run-b,Tail probability,64,95,143520,92187747.000000,642.333800167224,99636668.634498670697,bytes/s,2.807760775571,7.998419198412
03f176b6-run-b,Tail probability,64,96,145015,93608987.000000,645.512443540323,99146036.053140923381,bytes/s,2.809904618576,7.996275355408
03f176b6-run-b,Tail probability,64,97,146510,95855243.000000,654.257340795850,97820835.945301383734,bytes/s,2.815748604142,7.990431369842
03f176b6-run-b,Tail probability,64,98,148005,97201750.000000,656.746393702915,97450097.349070355296,bytes/s,2.817397696686,7.988782277298
03f176b6-run-b,Tail probability,64,99,149500,114752925.000000,767.578093645485,83379138.265974476933,bytes/s,2.885122571659,7.921057402325
03f176b6-run-b,Tail probability,256,0,313,993469.000000,3174.022364217252,80654756.212825968862,bytes/s,3.501609982476,7.906629982836
03f176b6-run-b,Tail probability,256,1,626,1952366.000000,3118.795527156550,82082970.098844170570,bytes/s,3.493986902702,7.914253062609
03f176b6-run-b,Tail probability,256,2,939,2904629.000000,3093.321618743344,82758934.101394698024,bytes/s,3.490425076804,7.917814888508
03f176b6-run-b,Tail probability,256,3,1252,3890834.000000,3107.694888178914,82376169.222331255674,bytes/s,3.492438373422,7.915801591890
03f176b6-run-b,Tail probability,256,4,1565,4935007.000000,3153.359105431310,81183268.838321805000,bytes/s,3.498773431143,7.909466534169
03f176b6-run-b,Tail probability,256,5,1878,5794872.000000,3085.661341853035,82964386.443738535047,bytes/s,3.489348259564,7.918891705748
03f176b6-run-b,Tail probability,256,6,2191,6835831.000000,3119.959379278868,82052350.328731060028,bytes/s,3.494148939701,7.914091025611
03f176b6-run-b,Tail probability,256,7,2504,7832861.000000,3128.139376996805,81837785.708185046911,bytes/s,3.495286095191,7.912953870121
03f176b6-run-b,Tail probability,256,8,2817,9067486.000000,3218.844870429535,79531636.442559704185,bytes/s,3.507700046726,7.900539918586
03f176b6-run-b,Tail probability,256,9,3130,9774333.000000,3122.790095846645,81977972.307675629854,bytes/s,3.494542793299,7.913697172013
03f176b6-run-b,Tail probability,256,10,3443,10758443.000000,3124.729305837932,81927096.699773386121,bytes/s,3.494812400537,7.913427564775
03f176b6-run-b,Tail probability,256,11,3756,11626689.000000,3095.497603833866,82700758.573657557368,bytes/s,3.490730472170,7.917509493142
03f176b6-run-b,Tail probability,256,12,4069,12347434.000000,3034.513148193659,84362791.491738289595,bytes/s,3.482089023578,7.926150941734
03f176b6-run-b,Tail probability,256,13,4382,13199057.000000,3012.107941579188,84990314.080771073699,bytes/s,3.478870531138,7.929369434174
03f176b6-run-b,Tail probability,256,14,4695,14206983.000000,3025.981469648562,84600650.257693693042,bytes/s,3.480866264185,7.927373701127
03f176b6-run-b,Tail probability,256,15,5008,15242634.000000,3043.656948881789,84109347.505162164569,bytes/s,3.483395701448,7.924844263864
03f176b6-run-b,Tail probability,256,16,5321,16084900.000000,3022.909227588799,84686631.561277970672,bytes/s,3.480425106308,7.927814859004
03f176b6-run-b,Tail probability,256,17,5634,17041913.000000,3024.833688320909,84632752.203347131610,bytes/s,3.480701501226,7.927538464085
03f176b6-run-b,Tail probability,256,18,5947,17878382.000000,3006.285858416008,85154909.431960895658,bytes/s,3.478030273932,7.930209691380
03f176b6-run-b,Tail probability,256,19,6260,18972838.000000,3030.804792332268,84466013.993267640471,bytes/s,3.481557965288,7.926682000024
03f176b6-run-b,Tail probability,256,20,6573,19930408.000000,3032.163091434657,84428176.282191514969,bytes/s,3.481752557054,7.926487408258
03f176b6-run-b,Tail probability,256,21,6886,20710517.000000,3007.626633749637,85116948.070393413305,bytes/s,3.478223922024,7.930016043288
03f176b6-run-b,Tail probability,256,22,7199,21699516.000000,3014.240311154327,84930189.226340338588,bytes/s,3.479177873608,7.929062091704
03f176b6-run-b,Tail probability,256,23,7512,22625589.000000,3011.926118210863,84995444.759471237659,bytes/s,3.478844314525,7.929395650787
03f176b6-run-b,Tail probability,256,24,7825,23609629.000000,3017.204984025559,84846737.744163617492,bytes/s,3.479604816442,7.928635148870
03f176b6-run-b,Tail probability,256,25,8138,24414740.000000,3000.090931432785,85330746.917640730739,bytes/s,3.477134418193,7.931105547119
03f176b6-run-b,Tail probability,256,26,8451,25379295.000000,3003.111466098686,85244921.105964526534,bytes/s,3.477571452150,7.930668513162
03f176b6-run-b,Tail probability,256,27,8764,26293356.000000,3000.154723870379,85328932.525768101215,bytes/s,3.477143652716,7.931096312595
03f176b6-run-b,Tail probability,256,28,9077,27160555.000000,2992.239175939187,85554658.216667518020,bytes/s,3.475996304647,7.932243660665
03f176b6-run-b,Tail probability,256,29,9390,28196345.000000,3002.805644302449,85253602.904915511608,bytes/s,3.477527223528,7.930712741784
03f176b6-run-b,Tail probability,256,30,9703,29083518.000000,2997.373801916933,85408099.529087230563,bytes/s,3.476740907105,7.931499058206
03f176b6-run-b,Tail probability,256,31,10016,30882238.000000,3083.290535143770,83028179.499167129397,bytes/s,3.489014449756,7.919225515556
03f176b6-run-b,Tail probability,256,32,10329,31013815.000000,3002.596088682350,85259552.879902079701,bytes/s,3.477496914532,7.930743050780
03f176b6-run-b,Tail probability,256,33,10642,31902806.000000,2997.820522458185,85395372.432130262256,bytes/s,3.476805628366,7.931434336946
03f176b6-run-b,Tail probability,256,34,10955,32831115.000000,2996.906891830215,85421405.882803544402,bytes/s,3.476673250456,7.931566714856
03f176b6-run-b,Tail probability,256,35,11268,35695098.000000,3167.829073482428,80812440.968785122037,bytes/s,3.500761740327,7.907478224985
03f176b6-run-b,Tail probability,256,36,11581,36962966.000000,3191.690354891633,80208281.986894667149,bytes/s,3.504020751198,7.904219214113
03f176b6-run-b,Tail probability,256,37,11894,36368771.000000,3057.740961829494,83721938.253013834357,bytes/s,3.485400691144,7.922839274168
03f176b6-run-b,Tail probability,256,38,12207,37120315.000000,3040.903989514213,84185492.499188110232,bytes/s,3.483002708377,7.925237256934
03f176b6-run-b,Tail probability,256,39,12520,39240087.000000,3134.192252396166,81679737.356341749430,bytes/s,3.496125632718,7.912114332594
03f176b6-run-b,Tail probability,256,40,12833,38933003.000000,3033.819294007636,84382085.810334235430,bytes/s,3.481989708965,7.926250256347
03f176b6-run-b,Tail probability,256,41,13146,39996660.000000,3042.496576905522,84141425.809055060148,bytes/s,3.483230098280,7.925009867032
03f176b6-run-b,Tail probability,256,42,13459,42572275.000000,3163.108328999183,80933048.562708944082,bytes/s,3.500114065732,7.908125899580
03f176b6-run-b,Tail probability,256,43,13772,41711362.000000,3028.707667731629,84524499.583590671420,bytes/s,3.481257357051,7.926982608261
03f176b6-run-b,Tail probability,256,44,14085,42846256.000000,3041.977706780263,84155777.811718240380,bytes/s,3.483156026989,7.925083938323
03f176b6-run-b,Tail probability,256,45,14398,43607019.000000,3028.685859147104,84525108.217096894979,bytes/s,3.481254229849,7.926985735463
03f176b6-run-b,Tail probability,256,46,14711,44967634.000000,3056.735368091904,83749480.793230086565,bytes/s,3.485257842013,7.922982123299
03f176b6-run-b,Tail probability,256,47,15024,45614698.000000,3036.122071352503,84318085.368010103703,bytes/s,3.482319228966,7.925920736346
03f176b6-run-b,Tail probability,256,48,15337,46085278.000000,3004.843059268436,85195797.234856650233,bytes/s,3.477821794051,7.930418171260
03f176b6-run-b,Tail probability,256,49,15650,47362993.000000,3026.389329073482,84589248.825554594398,bytes/s,3.480924796983,7.927315168329
03f176b6-run-b,Tail probability,256,50,15963,48109090.000000,3013.787508613669,84942949.450924962759,bytes/s,3.479112628506,7.929127336806
03f176b6-run-b,Tail probability,256,51,16276,51833078.000000,3184.632464979110,80386042.287513777614,bytes/s,3.503059318103,7.905180647209
03f176b6-run-b,Tail probability,256,52,16589,50029260.000000,3015.809271203810,84886004.710043683648,bytes/s,3.479403871985,7.928836093327
03f176b6-run-b,Tail probability,256,53,16902,50996958.000000,3017.214412495563,84846472.607248455286,bytes/s,3.479606173567,7.928633791744
03f176b6-run-b,Tail probability,256,54,17215,51879032.000000,3013.594655823410,84948385.312971904874,bytes/s,3.479084837037,7.929155128275
03f176b6-run-b,Tail probability,256,55,17528,52856438.000000,3015.543016887266,84893499.633857280016,bytes/s,3.479365528086,7.928874437226
03f176b6-run-b,Tail probability,256,56,17841,53885598.000000,3020.323860770136,84759122.465338513255,bytes/s,3.480053513621,7.928186451691
03f176b6-run-b,Tail probability,256,57,18154,54738202.000000,3015.214388013661,84902752.194893062115,bytes/s,3.479318196815,7.928921768497
03f176b6-run-b,Tail probability,256,58,18467,55600093.000000,3010.781014783126,85027771.446353524923,bytes/s,3.478679168821,7.929560796491
03f176b6-run-b,Tail probability,256,59,18780,58199315.000000,3099.005058572950,82607157.833386868238,bytes/s,3.491222285148,7.917017680164
03f176b6-run-b,Tail probability,256,60,19093,57685853.000000,3021.309013774682,84731485.204873368144,bytes/s,3.480195146364,7.928044818948
03f176b6-run-b,Tail probability,256,61,19406,58358059.000000,3007.217303926621,85128533.832833603024,bytes/s,3.478164811701,7.930075153611
03f176b6-run-b,Tail probability,256,62,19719,59639547.000000,3024.471169937623,84642896.432462841272,bytes/s,3.480649449053,7.927590516259
03f176b6-run-b,Tail probability,256,63,20032,60564713.000000,3023.398212859425,84672934.882065743208,bytes/s,3.480495352027,7.927744613285
03f176b6-run-b,Tail probability,256,64,20345,61175809.000000,3006.921061685918,85136920.706679999828,bytes/s,3.478122027062,7.930117938250
03f176b6-run-b,Tail probability,256,65,20658,63851574.000000,3090.888469358118,82824081.987391561270,bytes/s,3.490083334401,7.918156630911
03f176b6-run-b,Tail probability,256,66,20971,66082322.000000,3151.128796910019,81240728.798845782876,bytes/s,3.498466154569,7.909773810743
03f176b6-run-b,Tail probability,256,67,21284,65050092.000000,3056.290734824281,83761664.779813066125,bytes/s,3.485194664866,7.923045300446
03f176b6-run-b,Tail probability,256,68,21597,65906676.000000,3051.658841505764,83888800.582205057144,bytes/s,3.484535980288,7.923703985024
03f176b6-run-b,Tail probability,256,69,21910,66796781.000000,3048.689228662711,83970513.489265292883,bytes/s,3.484113156358,7.924126808954
03f176b6-run-b,Tail probability,256,70,22223,70046629.000000,3151.987985420510,81218583.695155411959,bytes/s,3.498584553400,7.909655411912
03f176b6-run-b,Tail probability,256,71,22536,71037513.000000,3152.179313099041,81213653.974626064301,bytes/s,3.498610914552,7.909629050760
03f176b6-run-b,Tail probability,256,72,22849,71623612.000000,3134.649743971290,81667816.473707020283,bytes/s,3.496189021161,7.912050944151
03f176b6-run-b,Tail probability,256,73,23162,69870012.000000,3016.579397288663,84864333.499756649137,bytes/s,3.479514760566,7.928725204746
03f176b6-run-b,Tail probability,256,74,23475,71866238.000000,3061.394589989350,83622020.120212778449,bytes/s,3.485919310391,7.922320654920
03f176b6-run-b,Tail probability,256,75,23788,75816227.000000,3187.162729107113,80322224.423011720181,bytes/s,3.503404238105,7.904835727207
03f176b6-run-b,Tail probability,256,76,24101,73353333.000000,3043.580473839260,84111460.892990365624,bytes/s,3.483384789211,7.924855176101
03f176b6-run-b,Tail probability,256,77,24414,73985941.000000,3030.471901368067,84475292.407242611051,bytes/s,3.481510261572,7.926729703739
03f176b6-run-b,Tail probability,256,78,24727,75311776.000000,3045.730416144296,84052087.684135884047,bytes/s,3.483691460404,7.924548504907
03f176b6-run-b,Tail probability,256,79,25040,79012229.000000,3155.440455271565,81129719.805778414011,bytes/s,3.499059989236,7.909179976076
03f176b6-run-b,Tail probability,256,80,25353,77139200.000000,3042.606397664971,84138388.782875627279,bytes/s,3.483245774120,7.924994191192
03f176b6-run-b,Tail probability,256,81,25666,76942671.000000,2997.844268682304,85394696.006849035621,bytes/s,3.476809068469,7.931430896842
03f176b6-run-b,Tail probability,256,82,25979,78671411.000000,3028.269409908003,84536732.155471310019,bytes/s,3.481194509544,7.927045455768
03f176b6-run-b,Tail probability,256,83,26292,78893851.000000,3000.678951772402,85314025.297104582191,bytes/s,3.477219531935,7.931020433377
03f176b6-run-b,Tail probability,256,84,26605,80170589.000000,3013.365495207668,84954845.473319396377,bytes/s,3.479051811038,7.929188154274
03f176b6-run-b,Tail probability,256,85,26918,84417053.000000,3136.081915446913,81630520.790627464652,bytes/s,3.496387398069,7.911852567243
03f176b6-run-b,Tail probability,256,86,27231,85488327.000000,3139.375234108185,81544887.409014329314,bytes/s,3.496843227890,7.911396737422
03f176b6-run-b,Tail probability,256,87,27544,84468808.000000,3066.686320069707,83477725.884328797460,bytes/s,3.486669355888,7.921570609424
03f176b6-run-b,Tail probability,256,88,27857,84914804.000000,3048.239365330079,83982905.972437977791,bytes/s,3.484049067313,7.924190897999
03f176b6-run-b,Tail probability,256,89,28170,84945114.000000,3015.446006389776,84896230.759075790644,bytes/s,3.479351556539,7.928888408773
03f176b6-run-b,Tail probability,256,90,28483,85891930.000000,3015.550679352596,84893283.920852631330,bytes/s,3.479366631623,7.928873333689
03f176b6-run-b,Tail probability,256,91,28796,86850898.000000,3016.075079872205,84878523.650958672166,bytes/s,3.479442148328,7.928797816984
03f176b6-run-b,Tail probability,256,92,29109,87414923.000000,3003.020474767254,85247504.021710336208,bytes/s,3.477558293254,7.930681672058
03f176b6-run-b,Tail probability,256,93,29422,88483470.000000,3007.391407790089,85123605.572882711887,bytes/s,3.478189954599,7.930050010713
03f176b6-run-b,Tail probability,256,94,29735,89375461.000000,3005.732671935430,85170581.665587157011,bytes/s,3.477950352077,7.930289613235
03f176b6-run-b,Tail probability,256,95,30048,89996476.000000,2995.090388711395,85473213.417823165655,bytes/s,3.476409933479,7.931830031833
03f176b6-run-b,Tail probability,256,96,30361,91895974.000000,3026.776917756332,84578416.895608499646,bytes/s,3.480980413372,7.927259551940
03f176b6-run-b,Tail probability,256,97,30674,92886100.000000,3028.170437504075,84539495.145129367709,bytes/s,3.481180315341,7.927059649971
03f176b6-run-b,Tail probability,256,98,30987,93737515.000000,3025.059379739891,84626437.984834566712,bytes/s,3.480733903960,7.927506061351
03f176b6-run-b,Tail probability,256,99,31300,96771489.000000,3091.740862619808,82801247.379793852568,bytes/s,3.490203085941,7.918036879370
03f176b6-run-b,Tail probability,4096,0,7,1101721.000000,157388.714285714290,26024737.660442162305,bytes/s,5.196973587622,7.415386360346
03f176b6-run-b,Tail probability,4096,1,14,2160700.000000,154335.714285714290,26539547.368908222765,bytes/s,5.188466436254,7.423893511714
03f176b6-run-b,Tail probability,4096,2,21,3203616.000000,152553.142857142870,26849659.884330704808,bytes/s,5.183421159284,7.428938788684
03f176b6-run-b,Tail probability,4096,3,28,4335229.000000,154829.607142857130,26454888.542220033705,bytes/s,5.189854011833,7.422505936135
03f176b6-run-b,Tail probability,4096,4,35,5351745.000000,152907.000000000000,26787524.442962061614,bytes/s,5.184427367635,7.427932580333
03f176b6-run-b,Tail probability,4096,5,42,6402064.000000,152430.095238095237,26871333.994786679745,bytes/s,5.183070720977,7.429289226991
03f176b6-run-b,Tail probability,4096,6,49,7485418.000000,152763.632653061213,26812664.302781756967,bytes/s,5.184019977159,7.428339970809
03f176b6-run-b,Tail probability,4096,7,56,8553825.000000,152746.875000000000,26815605.883917428553,bytes/s,5.183972333912,7.428387614056
03f176b6-run-b,Tail probability,4096,8,63,9792851.000000,155442.079365079378,26350651.102523665875,bytes/s,5.191568597234,7.420791350734
03f176b6-run-b,Tail probability,4096,9,70,10701745.000000,152882.071428571420,26791892.350266244262,bytes/s,5.184356558426,7.428003389542
03f176b6-run-b,Tail probability,4096,10,77,11765333.000000,152796.532467532466,26806891.058672118932,bytes/s,5.184113498564,7.428246449404
03f176b6-run-b,Tail probability,4096,11,84,12856788.000000,153057.000000000000,26761271.944439001381,bytes/s,5.184853196670,7.427506751298
03f176b6-run-b,Tail probability,4096,12,91,13898168.000000,152727.120879120892,26819074.283747322857,bytes/s,5.183916164773,7.428443783195
03f176b6-run-b,Tail probability,4096,13,98,15270518.000000,155821.612244897959,26286469.129599925131,bytes/s,5.192627693566,7.419732254402
03f176b6-run-b,Tail probability,4096,14,105,16174104.000000,154039.085714285728,26590653.800668027252,bytes/s,5.187630932241,7.424729015727
03f176b6-run-b,Tail probability,4096,15,112,17174696.000000,153345.500000000000,26710924.024506751448,bytes/s,5.185671035918,7.426688912050
03f176b6-run-b,Tail probability,4096,16,119,18141907.000000,152453.000000000000,26867296.806228805333,bytes/s,5.183135974917,7.429223973050
03f176b6-run-b,Tail probability,4096,17,126,19252428.000000,152797.047619047633,26806800.679893463850,bytes/s,5.184114962779,7.428244985188
03f176b6-run-b,Tail probability,4096,18,133,20326492.000000,152830.766917293222,26800886.252285934985,bytes/s,5.184210792442,7.428149155526
03f176b6-run-b,Tail probability,4096,19,140,21359352.000000,152566.799999999988,26847256.414894986898,bytes/s,5.183460037253,7.428899910715
03f176b6-run-b,Tail probability,4096,20,147,23373038.000000,159000.258503401361,25760964.406937599182,bytes/s,5.201397830399,7.410962117569
03f176b6-run-b,Tail probability,4096,21,154,24320345.000000,157924.318181818177,25936474.174194488674,bytes/s,5.198449010559,7.413910937409
03f176b6-run-b,Tail probability,4096,22,161,24624706.000000,152948.484472049691,26780258.818115431815,bytes/s,5.184545178028,7.427814769940
03f176b6-run-b,Tail probability,4096,23,168,25714973.000000,153065.315476190473,26759818.102861706167,bytes/s,5.184876790934,7.427483157033
03f176b6-run-b,Tail probability,4096,24,175,26744759.000000,152827.194285714271,26801512.774895451963,bytes/s,5.184200640086,7.428159307881
03f176b6-run-b,Tail probability,4096,25,182,27811980.000000,152813.076923076937,26803988.784689184278,bytes/s,5.184160520421,7.428199427547
03f176b6-run-b,Tail probability,4096,26,189,28909580.000000,152960.740740740730,26778112.999220330268,bytes/s,5.184579978089,7.427779969879
03f176b6-run-b,Tail probability,4096,27,196,30008019.000000,153102.137755102041,26753382.154283493757,bytes/s,5.184981254766,7.427378693202
03f176b6-run-b,Tail probability,4096,28,203,31097727.000000,153190.773399014783,26737902.741251796484,bytes/s,5.185232608752,7.427127339215
03f176b6-run-b,Tail probability,4096,29,210,32332842.000000,153965.914285714272,26603290.858254898340,bytes/s,5.187424585277,7.424935362690
03f176b6-run-b,Tail probability,4096,30,217,33361092.000000,153737.751152073732,26642772.964386176318,bytes/s,5.186780523999,7.425579423969
03f176b6-run-b,Tail probability,4096,31,224,34326626.000000,153243.866071428580,26728639.161914717406,bytes/s,5.185383099930,7.426976848038
03f176b6-run-b,Tail probability,4096,32,231,35277702.000000,152717.324675324664,26820794.619785610586,bytes/s,5.183888307417,7.428471640550
03f176b6-run-b,Tail probability,4096,33,238,36346460.000000,152716.218487394945,26820988.894104134291,bytes/s,5.183885161651,7.428474786317
03f176b6-run-b,Tail probability,4096,34,245,37537575.000000,153214.591836734704,26733746.119721371680,bytes/s,5.185300128563,7.427059819405
03f176b6-run-b,Tail probability,4096,35,252,38458690.000000,152613.849206349201,26838979.694836199284,bytes/s,5.183593946207,7.428766001761
03f176b6-run-b,Tail probability,4096,36,259,41672294.000000,160896.888030888018,25457297.839183032513,bytes/s,5.206547644322,7.405812303646
03f176b6-run-b,Tail probability,4096,37,266,41946625.000000,157694.078947368427,25974342.393458351493,bytes/s,5.197815386869,7.414544561099
03f176b6-run-b,Tail probability,4096,38,273,44237650.000000,162042.673992673983,25277292.080388538539,bytes/s,5.209629401203,7.402730546765
03f176b6-run-b,Tail probability,4096,39,280,43436449.000000,155130.174999999988,26403631.659669049084,bytes/s,5.190696282413,7.421663665555
03f176b6-run-b,Tail probability,4096,40,287,46556398.000000,162217.414634146349,25250063.374748192728,bytes/s,5.210097475483,7.402262472485
03f176b6-run-b,Tail probability,4096,41,294,46433899.000000,157938.431972789112,25934156.423090811819,bytes/s,5.198487821983,7.413872125985
03f176b6-run-b,Tail probability,4096,42,301,47019086.000000,156209.588039867114,26221181.755851227790,bytes/s,5.193707687064,7.418652260904
03f176b6-run-b,Tail probability,4096,43,308,47837049.000000,155315.094155844155,26372195.325008448213,bytes/s,5.191213664293,7.421146283675
03f176b6-run-b,Tail probability,4096,44,315,48259788.000000,153205.676190476195,26735301.862494710833,bytes/s,5.185274855979,7.427085091989
03f176b6-run-b,Tail probability,4096,45,322,49300120.000000,153105.962732919259,26752713.786497883499,bytes/s,5.184992104686,7.427367843281
03f176b6-run-b,Tail probability,4096,46,329,51054843.000000,155181.893617021269,26394831.926130887121,bytes/s,5.190841047071,7.421518900897
03f176b6-run-b,Tail probability,4096,47,336,53956262.000000,160584.113095238106,25506881.851822867990,bytes/s,5.205702577454,7.406657370514
03f176b6-run-b,Tail probability,4096,48,343,52497871.000000,153055.017492711369,26761618.580684918910,bytes/s,5.184847571331,7.427512376637
03f176b6-run-b,Tail probability,4096,49,350,53406345.000000,152589.557142857142,26843252.426280062646,bytes/s,5.183524812581,7.428835135387
03f176b6-run-b,Tail probability,4096,50,357,54387174.000000,152345.025210084044,26886339.047511458397,bytes/s,5.182828277009,7.429531670959
03f176b6-run-b,Tail probability,4096,51,364,55912822.000000,153606.653846153844,26665511.535082239658,bytes/s,5.186410028626,7.425949919342
03f176b6-run-b,Tail probability,4096,52,371,56724359.000000,152895.846361185977,26789478.573041260242,bytes/s,5.184395687329,7.427964260639
03f176b6-run-b,Tail probability,4096,53,378,57646663.000000,152504.399470899458,26858241.560313735157,bytes/s,5.183282372459,7.429077575509
03f176b6-run-b,Tail probability,4096,54,385,58669953.000000,152389.488311688299,26878494.346160463989,bytes/s,5.182955010798,7.429404937169
03f176b6-run-b,Tail probability,4096,55,392,59770138.000000,152474.841836734704,26863448.098446749151,bytes/s,5.183198191533,7.429161756435
03f176b6-run-b,Tail probability,4096,56,399,61807013.000000,154904.794486215542,26442047.927473861724,bytes/s,5.190064859894,7.422295088074
03f176b6-run-b,Tail probability,4096,57,406,61956406.000000,152601.985221674870,26841066.281346276402,bytes/s,5.183560183456,7.428799764511
03f176b6-run-b,Tail probability,4096,58,413,62786870.000000,152026.319612590800,26942703.147967081517,bytes/s,5.181918781846,7.430441166122
03f176b6-run-b,Tail probability,4096,59,420,63949422.000000,152260.528571428586,26901259.561032462865,bytes/s,5.182587333110,7.429772614857
03f176b6-run-b,Tail probability,4096,60,427,65029423.000000,152293.730679156899,26895394.720017738640,bytes/s,5.182682025546,7.429677922422
03f176b6-run-b,Tail probability,4096,61,434,66961957.000000,154290.223502304143,26547372.263925917447,bytes/s,5.188338408153,7.424021539815
03f176b6-run-b,Tail probability,4096,62,441,67820008.000000,153786.866213151923,26634264.036064401269,bytes/s,5.186919247203,7.425440700764
03f176b6-run-b,Tail probability,4096,63,448,68390947.000000,152658.363839285710,26831153.544342644513,bytes/s,5.183720603392,7.428639344576
03f176b6-run-b,Tail probability,4096,64,455,69661052.000000,153101.213186813198,26753543.716221798211,bytes/s,5.184978632098,7.427381315870
03f176b6-run-b,Tail probability,4096,65,462,71348170.000000,154433.268398268410,26522782.574521530420,bytes/s,5.188740862874,7.423619085093
03f176b6-run-b,Tail probability,4096,66,469,74644603.000000,159156.936034115148,25735604.756314396858,bytes/s,5.201825569854,7.410534378113
03f176b6-run-b,Tail probability,4096,67,476,73545117.000000,154506.548319327732,26510203.253874760121,bytes/s,5.188946890484,7.423413057484
03f176b6-run-b,Tail probability,4096,68,483,74076318.000000,153367.118012422347,26707158.960033625364,bytes/s,5.185732256637,7.426627691331
03f176b6-run-b,Tail probability,4096,69,490,74945264.000000,152949.518367346929,26780077.791173037142,bytes/s,5.184548113745,7.427811834223
03f176b6-run-b,Tail probability,4096,70,497,75816094.000000,152547.472837022127,26850657.856364905834,bytes/s,5.183405017340,7.428954930627
03f176b6-run-b,Tail probability,4096,71,504,78984238.000000,156714.757936507929,26136657.797470934689,bytes/s,5.195109896204,7.417250051763
03f176b6-run-b,Tail probability,4096,72,511,79863453.000000,156288.557729941298,26207932.682299625129,bytes/s,5.193927183415,7.418432764553
03f176b6-run-b,Tail probability,4096,73,518,82208811.000000,158704.268339768343,25809009.693620309234,bytes/s,5.200588607230,7.411771340737
03f176b6-run-b,Tail probability,4096,74,525,81543797.000000,155321.518095238105,26371104.597937718034,bytes/s,5.191231626641,7.421128321327
03f176b6-run-b,Tail probability,4096,75,532,82363296.000000,154818.225563909771,26456833.393360070884,bytes/s,5.189822085519,7.422537862448
03f176b6-run-b,Tail probability,4096,76,539,83117495.000000,154206.855287569575,26561724.460055008531,bytes/s,5.188103680767,7.424256267201
03f176b6-run-b,Tail probability,4096,77,546,84861252.000000,155423.538461538468,26353794.544534884393,bytes/s,5.191516792134,7.420843155833
03f176b6-run-b,Tail probability,4096,78,553,86750696.000000,156872.867992766725,26110315.011190228164,bytes/s,5.195547836513,7.416812111455
03f176b6-run-b,Tail probability,4096,79,560,86252460.000000,154022.250000000000,26593560.345988973975,bytes/s,5.187583463396,7.424776484571
03f176b6-run-b,Tail probability,4096,80,567,86902946.000000,153267.982363315707,26724433.484683014452,bytes/s,5.185451440339,7.426908507629
03f176b6-run-b,Tail probability,4096,81,574,89598131.000000,156094.304878048773,26240547.361417617649,bytes/s,5.193387058058,7.418972889910
03f176b6-run-b,Tail probability,4096,82,581,92144347.000000,158596.122203098115,25826608.766352210194,bytes/s,5.200292564278,7.412067383690
03f176b6-run-b,Tail probability,4096,83,588,96116697.000000,163463.770408163255,25057540.210729464889,bytes/s,5.213421512010,7.398938435958
03f176b6-run-b,Tail probability,4096,84,595,92525472.000000,155504.994957983203,26339989.921910367906,bytes/s,5.191744343510,7.420615604458
03f176b6-run-b,Tail probability,4096,85,602,94962179.000000,157744.483388704306,25966042.754768718034,bytes/s,5.197954180114,7.414405767853
03f176b6-run-b,Tail probability,4096,86,609,95387573.000000,156629.840722495894,26150827.844209853560,bytes/s,5.194874506295,7.417485441673
03f176b6-run-b,Tail probability,4096,87,616,97821766.000000,158801.568181818177,25793196.168631836772,bytes/s,5.200854786815,7.411505161153
03f176b6-run-b,Tail probability,4096,88,623,98422458.000000,157981.473515248799,25927090.745894599706,bytes/s,5.198606160234,7.413753787734
03f176b6-run-b,Tail probability,4096,89,630,96250233.000000,152778.147619047610,26810116.916807882488,bytes/s,5.184061240057,7.428298707911
03f176b6-run-b,Tail probability,4096,90,637,98258753.000000,154252.359497645200,26553888.791973579675,bytes/s,5.188231815875,7.424128132093
03f176b6-run-b,Tail probability,4096,91,644,102604180.000000,159323.260869565216,25708738.182011689991,bytes/s,5.202279186534,7.410080761433
03f176b6-run-b,Tail probability,4096,92,651,100427067.000000,154265.847926267277,26551567.019277781248,bytes/s,5.188269790620,7.424090157348
03f176b6-run-b,Tail probability,4096,93,658,101384086.000000,154079.158054711239,26583738.201279439032,bytes/s,5.187743896642,7.424616051326
03f176b6-run-b,Tail probability,4096,94,665,101202507.000000,152184.221052631590,26914748.268044386059,bytes/s,5.182369625726,7.429990322242
03f176b6-run-b,Tail probability,4096,95,672,103969487.000000,154716.498511904763,26474228.924492046237,bytes/s,5.189536628054,7.422823319914
03f176b6-run-b,Tail probability,4096,96,679,104044914.000000,153232.568483063340,26730609.821062467992,bytes/s,5.185351081284,7.427008866684
03f176b6-run-b,Tail probability,4096,97,686,106794434.000000,155677.017492711369,26310884.329421136528,bytes/s,5.192224502659,7.420135445309
03f176b6-run-b,Tail probability,4096,98,693,106135706.000000,153153.976911976904,26744326.739579986781,bytes/s,5.185128278508,7.427231669460
03f176b6-run-b,Tail probability,4096,99,700,110138569.000000,157340.812857142853,26032660.729412600398,bytes/s,5.196841389499,7.415518558468
03f176b6-run-b,Tail probability,50000,0,12,50057437.000000,4171453.083333333489,11986230.937073346227,bytes/s,6.620287363403,7.078682640934
03f176b6-run-b,Tail probability,50000,1,12,50100527.000000,4175043.916666666511,11975921.929923012853,bytes/s,6.620661048123,7.078308956213
03f176b6-run-b,Tail probability,50000,2,12,50039208.000000,4169934.000000000000,11990597.453101176769,bytes/s,6.620129181194,7.078840823142
03f176b6-run-b,Tail probability,50000,3,12,50120363.000000,4176696.916666666511,11971182.251812502742,bytes/s,6.620832961692,7.078137042644
03f176b6-run-b,Tail probability,50000,4,12,49949120.000000,4162426.666666666511,12012223.638774817809,bytes/s,6.619346595213,7.079623409123
03f176b6-run-b,Tail probability,50000,5,12,50136779.000000,4178064.916666666511,11967262.595788214356,bytes/s,6.620975183545,7.077994820791
03f176b6-run-b,Tail probability,50000,6,12,50109891.000000,4175824.250000000000,11973683.997835876420,bytes/s,6.620742212010,7.078227792326
03f176b6-run-b,Tail probability,50000,7,12,49983271.000000,4165272.583333333489,12004016.303774915636,bytes/s,6.619643427727,7.079326576609
03f176b6-run-b,Tail probability,50000,8,12,50095433.000000,4174619.416666666511,11977139.712516309693,bytes/s,6.620616888736,7.078353115600
03f176b6-run-b,Tail probability,50000,9,12,50103955.000000,4175329.583333333489,11975102.564258649945,bytes/s,6.620690762592,7.078279241744
03f176b6-run-b,Tail probability,50000,10,12,50750321.000000,4229193.416666666977,11822585.319214038551,bytes/s,6.626257547495,7.072712456841
03f176b6-run-b,Tail probability,50000,11,12,50457134.000000,4204761.166666666977,11891281.815570419654,bytes/s,6.623741332608,7.075228671728
03f176b6-run-b,Tail probability,50000,12,12,50846491.000000,4237207.583333333023,11800224.326197849587,bytes/s,6.627079740869,7.071890263467
03f176b6-run-b,Tail probability,50000,13,12,50828890.000000,4235740.833333333023,11804310.501370383427,bytes/s,6.626929379647,7.072040624689
03f176b6-run-b,Tail probability,50000,14,12,51347801.000000,4278983.416666666977,11685018.410038629547,bytes/s,6.631340603365,7.067629400971
03f176b6-run-b,Tail probability,50000,15,12,52718894.000000,4393241.166666666977,11381118.883108586073,bytes/s,6.642785044485,7.056184959851
03f176b6-run-b,Tail probability,50000,16,12,52355867.000000,4362988.916666666977,11460033.695937074721,bytes/s,6.639784109747,7.059185894589
03f176b6-run-b,Tail probability,50000,17,12,53860635.000000,4488386.250000000000,11139861.236318510026,bytes/s,6.652090223254,7.046879781082
03f176b6-run-b,Tail probability,50000,18,12,54010092.000000,4500841.000000000000,11109034.955911573023,bytes/s,6.653293671005,7.045676333331
03f176b6-run-b,Tail probability,50000,19,12,50563081.000000,4213590.083333333023,11866365.500947223976,bytes/s,6.624652283240,7.074317721096
03f176b6-run-b,Tail probability,50000,20,12,50726506.000000,4227208.833333333023,11828135.767915891483,bytes/s,6.626053703453,7.072916300883
03f176b6-run-b,Tail probability,50000,21,12,52180500.000000,4348375.000000000000,11498548.308276079595,bytes/s,6.638326990200,7.060643014136
03f176b6-run-b,Tail probability,50000,22,12,50541011.000000,4211750.916666666977,11871547.247046560049,bytes/s,6.624462679058,7.074507325278
03f176b6-run-b,Tail probability,50000,23,12,50498972.000000,4208247.666666666977,11881429.982376670465,bytes/s,6.624101291293,7.074868713043
03f176b6-run-b,Tail probability,50000,24,12,50195169.000000,4182930.750000000000,11953341.565599668771,bytes/s,6.621480674731,7.077489329605
03f176b6-run-b,Tail probability,50000,25,12,50494363.000000,4207863.583333333023,11882514.489785721526,bytes/s,6.624061651781,7.074908352555
03f176b6-run-b,Tail probability,50000,26,12,50426060.000000,4202171.666666666977,11898609.568147897720,bytes/s,6.623473790184,7.075496214152
03f176b6-run-b,Tail probability,50000,27,12,50193284.000000,4182773.666666666511,11953790.471251094714,bytes/s,6.621464365184,7.077505639152
03f176b6-run-b,Tail probability,50000,28,12,50241194.000000,4186766.166666666511,11942391.337275940925,bytes/s,6.621878705968,7.077091298368
03f176b6-run-b,Tail probability,50000,29,12,50435907.000000,4202992.250000000000,11896286.508736722171,bytes/s,6.623558589200,7.075411415136
03f176b6-run-b,Tail probability,50000,30,12,50413209.000000,4201100.750000000000,11901642.682575512677,bytes/s,6.623363096831,7.075606907505
03f176b6-run-b,Tail probability,50000,31,12,51040860.000000,4253405.000000000000,11755287.822344686836,bytes/s,6.628736737262,7.070233267074
03f176b6-run-b,Tail probability,50000,32,12,50403641.000000,4200303.416666666977,11903901.942321984097,bytes/s,6.623280663594,7.075689340742
03f176b6-run-b,Tail probability,50000,33,12,50138530.000000,4178210.833333333489,11966844.660184493288,bytes/s,6.620990350781,7.077979653555
03f176b6-run-b,Tail probability,50000,34,12,51981531.000000,4331794.250000000000,11542561.145419130102,bytes/s,6.636667820481,7.062302183855
03f176b6-run-b,Tail probability,50000,35,12,50753678.000000,4229473.166666666977,11821803.338075321168,bytes/s,6.626286273980,7.072683730356
03f176b6-run-b,Tail probability,50000,36,12,51130045.000000,4260837.083333333023,11734783.335316838697,bytes/s,6.629494928905,7.069475075431
03f176b6-run-b,Tail probability,50000,37,12,50758916.000000,4229909.666666666977,11820583.402529714629,bytes/s,6.626331092745,7.072638911591
03f176b6-run-b,Tail probability,50000,38,12,50739501.000000,4228291.750000000000,11825106.439261198044,bytes/s,6.626164945770,7.072805058566
03f176b6-run-b,Tail probability,50000,39,12,50677832.000000,4223152.666666666977,11839496.212071580812,bytes/s,6.625636781423,7.073333222913
03f176b6-run-b,Tail probability,50000,40,12,51106509.000000,4258875.750000000000,11740187.536581691355,bytes/s,6.629294969992,7.069675034344
03f176b6-run-b,Tail probability,50000,41,12,52663656.000000,4388638.000000000000,11393056.342309391126,bytes/s,6.642329759226,7.056640245110
03f176b6-run-b,Tail probability,50000,42,12,52765971.000000,4397164.250000000000,11370964.821248149499,bytes/s,6.643172688393,7.055797315943
03f176b6-run-b,Tail probability,50000,43,12,51578002.000000,4298166.833333333023,11632866.275044931099,bytes/s,6.633283268622,7.065686735714
03f176b6-run-b,Tail probability,50000,44,12,50286595.000000,4190549.583333333489,11931609.209173936397,bytes/s,6.622270983672,7.076699020664
03f176b6-run-b,Tail probability,50000,45,12,51313449.000000,4276120.750000000000,11692840.993790926412,bytes/s,6.631049960409,7.067920043927
03f176b6-run-b,Tail probability,50000,46,12,50029794.000000,4169149.500000000000,11992853.698338234797,bytes/s,6.620047468612,7.078922535724
03f176b6-run-b,Tail probability,50000,47,12,52131762.000000,4344313.500000000000,11509298.304553758353,bytes/s,6.637921157835,7.061048846501
03f176b6-run-b,Tail probability,50000,48,12,50594378.000000,4216198.166666666977,11859025.127258209512,bytes/s,6.624921015076,7.074048989260
03f176b6-run-b,Tail probability,50000,49,12,51146951.000000,4262245.916666666977,11730904.546001186594,bytes/s,6.629638503372,7.069331500964
03f176b6-run-b,Tail probability,50000,50,12,50556316.000000,4213026.333333333023,11867953.353246705607,bytes/s,6.624594173674,7.074375830662
03f176b6-run-b,Tail probability,50000,51,12,52868921.000000,4405743.416666666977,11348822.496301749721,bytes/s,6.644019200947,7.054950803389
03f176b6-run-b,Tail probability,50000,52,12,52217036.000000,4351419.666666666977,11490502.831298198551,bytes/s,6.638630970245,7.060339034091
03f176b6-run-b,Tail probability,50000,53,12,51932020.000000,4327668.333333333023,11553565.603648770601,bytes/s,6.636253969630,7.062716034706
03f176b6-run-b,Tail probability,50000,54,12,50962644.000000,4246887.000000000000,11773329.499937247485,bytes/s,6.628070705556,7.070899298780
03f176b6-run-b,Tail probability,50000,55,12,50215917.000000,4184659.750000000000,11948402.734535345808,bytes/s,6.621660151767,7.077309852569
03f176b6-run-b,Tail probability,50000,56,12,50827992.000000,4235666.000000000000,11804519.053202023730,bytes/s,6.626921706847,7.072048297489
03f176b6-run-b,Tail probability,50000,57,12,49993966.000000,4166163.833333333489,12001448.334785042331,bytes/s,6.619736344468,7.079233659868
03f176b6-run-b,Tail probability,50000,58,12,50068415.000000,4172367.916666666511,11983602.836239174008,bytes/s,6.620382597246,7.078587407090
03f176b6-run-b,Tail probability,50000,59,12,50204533.000000,4183711.083333333489,11951112.063924586400,bytes/s,6.621561685600,7.077408318736
03f176b6-run-b,Tail probability,50000,60,12,50189587.000000,4182465.583333333489,11954670.995798390359,bytes/s,6.621432375927,7.077537628409
03f176b6-run-b,Tail probability,50000,61,12,50437030.000000,4203085.833333333023,11896021.633311875165,bytes/s,6.623568259042,7.075401745294
03f176b6-run-b,Tail probability,50000,62,12,50159348.000000,4179945.666666666511,11961877.973373975605,bytes/s,6.621170636603,7.077799367733
03f176b6-run-b,Tail probability,50000,63,12,50163611.000000,4180300.916666666511,11960861.430011488497,bytes/s,6.621207545350,7.077762458986
03f176b6-run-b,Tail probability,50000,64,12,50357906.000000,4196492.166666666977,11914713.054192522541,bytes/s,6.622886416779,7.076083587557
03f176b6-run-b,Tail probability,50000,65,12,50346522.000000,4195543.500000000000,11917407.124964859337,bytes/s,6.622788228278,7.076181776058
03f176b6-run-b,Tail probability,50000,66,12,50802227.000000,4233518.916666666977,11810505.866209369153,bytes/s,6.626701504674,7.072268499662
03f176b6-run-b,Tail probability,50000,67,12,51168047.000000,4264003.916666666977,11726068.028353709728,bytes/s,6.629817594936,7.069152409400
03f176b6-run-b,Tail probability,50000,68,12,50252448.000000,4187704.000000000000,11939716.847227023914,bytes/s,6.621975976801,7.076994027535
03f176b6-run-b,Tail probability,50000,69,12,50352598.000000,4196049.833333333023,11915969.062807843089,bytes/s,6.622840637342,7.076129366994
03f176b6-run-b,Tail probability,50000,70,12,52639502.000000,4386625.166666666977,11398284.125104373321,bytes/s,6.642130525902,7.056839478434
03f176b6-run-b,Tail probability,50000,71,12,51277626.000000,4273135.500000000000,11701009.715231357142,bytes/s,6.630746664399,7.068223339937
03f176b6-run-b,Tail probability,50000,72,12,51030533.000000,4252544.416666666977,11757666.728662230074,bytes/s,6.628648858396,7.070321145940
03f176b6-run-b,Tail probability,50000,73,12,52386053.000000,4365504.416666666977,11453430.171576391906,bytes/s,6.640034431940,7.058935572396
03f176b6-run-b,Tail probability,50000,74,12,53306751.000000,4442229.250000000000,11255610.007070211694,bytes/s,6.647600967414,7.051369036922
03f176b6-run-b,Tail probability,50000,75,12,50153276.000000,4179439.666666666511,11963326.184315457940,bytes/s,6.621118060247,7.077851944089
03f176b6-run-b,Tail probability,50000,76,12,50309157.000000,4192429.750000000000,11926258.275406999514,bytes/s,6.622465794130,7.076504210206
03f176b6-run-b,Tail probability,50000,77,12,50345614.000000,4195467.833333333023,11917622.059391312301,bytes/s,6.622780395703,7.076189608633
03f176b6-run-b,Tail probability,50000,78,12,50217388.000000,4184782.333333333489,11948052.734244162217,bytes/s,6.621672873586,7.077297130750
03f176b6-run-b,Tail probability,50000,79,12,50296586.000000,4191382.166666666511,11929239.093882039189,bytes/s,6.622357261241,7.076612743095
03f176b6-run-b,Tail probability,50000,80,12,50256080.000000,4188006.666666666511,11938853.965530142188,bytes/s,6.622007364338,7.076962639998
03f176b6-run-b,Tail probability,50000,81,12,50235826.000000,4186318.833333333489,11943667.453581832349,bytes/s,6.621832301471,7.077137702865
03f176b6-run-b,Tail probability,50000,82,12,50180795.000000,4181732.916666666511,11956765.531514596194,bytes/s,6.621356291389,7.077613712947
03f176b6-run-b,Tail probability,50000,83,12,50386475.000000,4198872.916666666977,11907957.442944757640,bytes/s,6.623132730455,7.075837273881
03f176b6-run-b,Tail probability,50000,84,12,50592992.000000,4216082.666666666977,11859350.006419859827,bytes/s,6.624909117699,7.074060886637
03f176b6-run-b,Tail probability,50000,85,12,50477058.000000,4206421.500000000000,11886588.160506501794,bytes/s,6.623912788548,7.075057215788
03f176b6-run-b,Tail probability,50000,86,12,50496543.000000,4208045.250000000000,11882001.506518971175,bytes/s,6.624080401231,7.074889603105
03f176b6-run-b,Tail probability,50000,87,12,50834428.000000,4236202.333333333023,11803024.517163841054,bytes/s,6.626976695097,7.071993309239
03f176b6-run-b,Tail probability,50000,88,12,51262476.000000,4271873.000000000000,11704467.806041987613,bytes/s,6.630618332921,7.068351671415
03f176b6-run-b,Tail probability,50000,89,12,50641669.000000,4220139.083333333023,11847950.745857132599,bytes/s,6.625326764262,7.073643240074
03f176b6-run-b,Tail probability,50000,90,12,51767767.000000,4313980.583333333023,11590223.700396427885,bytes/s,6.634878186068,7.064091818268
03f176b6-run-b,Tail probability,50000,91,12,52427683.000000,4368973.583333333023,11444335.619409311563,bytes/s,6.640379418789,7.058590585547
03f176b6-run-b,Tail probability,50000,92,12,52468888.000000,4372407.333333333023,11435348.124778250232,bytes/s,6.640720614023,7.058249390313
03f176b6-run-b,Tail probability,50000,93,12,50981371.000000,4248447.583333333023,11769004.799812072888,bytes/s,6.628230264366,7.070739739970
03f176b6-run-b,Tail probability,50000,94,12,50028546.000000,4169045.500000000000,11993152.869163936004,bytes/s,6.620036634942,7.078933369394
03f176b6-run-b,Tail probability,50000,95,12,51689476.000000,4307456.333333333023,11607778.728497847915,bytes/s,6.634220883499,7.064749120837
03f176b6-run-b,Tail probability,50000,96,12,50252522.000000,4187710.166666666511,11939699.265242846683,bytes/s,6.621976616327,7.076993388009
03f176b6-run-b,Tail probability,50000,97,12,50352394.000000,4196032.833333333023,11916017.339711792767,bytes/s,6.622838877825,7.076131126511
03f176b6-run-b,Tail probability,50000,98,12,51555943.000000,4296328.583333333023,11637843.575085030869,bytes/s,6.633097488816,7.065872515520
03f176b6-run-b,Tail probability,50000,99,12,52193719.000000,4349476.583333333023,11495636.093683993444,bytes/s,6.638436997036,7.060533007300
03f176b6-run-b,Tail probability,200000,0,2,60440709.000000,30220354.500000000000,6618056.052254449576,bytes/s,7.480299554526,6.820730441138
03f176b6-run-b,Tail probability,200000,1,2,60346845.000000,30173422.500000000000,6628349.833367427811,bytes/s,7.479624573966,6.821405421698
03f176b6-run-b,Tail probability,200000,2,2,60487572.000000,30243786.000000000000,6612928.685581890866,bytes/s,7.480636156406,6.820393839258
03f176b6-run-b,Tail probability,200000,3,2,58549935.000000,29274967.500000000000,6831775.304276597686,bytes/s,7.466496421607,6.834533574057
03f176b6-run-b,Tail probability,200000,4,2,58530380.000000,29265190.000000000000,6834057.800410658121,bytes/s,7.466351348053,6.834678647611
03f176b6-run-b,Tail probability,200000,5,2,60493718.000000,30246859.000000000000,6612256.829709161073,bytes/s,7.480680281805,6.820349713859
03f176b6-run-b,Tail probability,200000,6,2,60820638.000000,30410319.000000000000,6576714.963101834059,bytes/s,7.483020975856,6.818009019807
03f176b6-run-b,Tail probability,200000,7,2,58627110.000000,29313555.000000000000,6822782.156582509167,bytes/s,7.467068490675,6.833961504989
03f176b6-run-b,Tail probability,200000,8,2,59476366.000000,29738183.000000000000,6725360.456622383557,bytes/s,7.473314429647,6.827715566017
03f176b6-run-b,Tail probability,200000,9,2,58903331.000000,29451665.500000000000,6790787.434415211901,bytes/s,7.469109859293,6.831920136371
03f176b6-run-b,Tail probability,200000,10,2,57615764.000000,28807882.000000000000,6942544.405034705065,bytes/s,7.459511329453,6.841518666211
03f176b6-run-b,Tail probability,200000,11,2,57713469.000000,28856734.500000000000,6930791.146863828413,bytes/s,7.460247183692,6.840782811972
03f176b6-run-b,Tail probability,200000,12,2,57557657.000000,28778828.500000000000,6949553.210618006997,bytes/s,7.459073111131,6.841956884532
03f176b6-run-b,Tail probability,200000,13,2,57642163.000000,28821081.500000000000,6939364.853466724046,bytes/s,7.459710273517,6.841319722147
03f176b6-run-b,Tail probability,200000,14,2,57563524.000000,28781762.000000000000,6948844.896987196058,bytes/s,7.459117377629,6.841912618035
03f176b6-run-b,Tail probability,200000,15,2,59492429.000000,29746214.500000000000,6723544.604305868968,bytes/s,7.473431705313,6.827598290351
03f176b6-run-b,Tail probability,200000,16,2,57643840.000000,28821920.000000000000,6939162.970405858010,bytes/s,7.459722908387,6.841307087277
03f176b6-run-b,Tail probability,200000,17,2,57640138.000000,28820069.000000000000,6939608.645628156140,bytes/s,7.459695016252,6.841334979412
03f176b6-run-b,Tail probability,200000,18,2,57689934.000000,28844967.000000000000,6933618.610137429088,bytes/s,7.460070046441,6.840959949223
03f176b6-run-b,Tail probability,200000,19,2,58740324.000000,29370162.000000000000,6809632.170227729715,bytes/s,7.467906342012,6.833123653652
03f176b6-run-b,Tail probability,200000,20,2,58226303.000000,29113151.500000000000,6869747.509128306061,bytes/s,7.464089220381,6.836940775283
03f176b6-run-b,Tail probability,200000,21,2,58557344.000000,29278672.000000000000,6830910.910166963935,bytes/s,7.466551374430,6.834478621234
03f176b6-run-b,Tail probability,200000,22,2,57690632.000000,28845316.000000000000,6933534.720160458237,bytes/s,7.460075301010,6.840954694654
03f176b6-run-b,Tail probability,200000,23,2,57538521.000000,28769260.500000000000,6951864.473541125655,bytes/s,7.458928698703,6.842101296961
03f176b6-run-b,Tail probability,200000,24,2,57657039.000000,28828519.500000000000,6937574.439089735039,bytes/s,7.459822339596,6.841207656068
03f176b6-run-b,Tail probability,200000,25,2,58125180.000000,29062590.000000000000,6881699.119039286859,bytes/s,7.463334315144,6.837695680520
03f176b6-run-b,Tail probability,200000,26,2,57912448.000000,28956224.000000000000,6906977.926403664052,bytes/s,7.461741927591,6.839288068073
03f176b6-run-b,Tail probability,200000,27,2,59251697.000000,29625848.500000000000,6750861.498532270081,bytes/s,7.471670797620,6.829359198044
03f176b6-run-b,Tail probability,200000,28,2,61273421.000000,30636710.500000000000,6528115.999921075068,bytes/s,7.486242132749,6.814787862915
03f176b6-run-b,Tail probability,200000,29,2,60415439.000000,30207719.500000000000,6620824.190319960937,bytes/s,7.480117939906,6.820912055758
03f176b6-run-b,Tail probability,200000,30,2,57935705.000000,28967852.500000000000,6904205.273759937845,bytes/s,7.461916300452,6.839113695212
03f176b6-run-b,Tail probability,200000,31,2,59401015.000000,29700507.500000000000,6733891.668349438347,bytes/s,7.472763870279,6.828266125385
03f176b6-run-b,Tail probability,200000,32,2,59681212.000000,29840606.000000000000,6702276.756711978465,bytes/s,7.474807638498,6.826222357166
03f176b6-run-b,Tail probability,200000,33,2,58272054.000000,29136027.000000000000,6864353.880506768823,bytes/s,7.464430330906,6.836599664758
03f176b6-run-b,Tail probability,200000,34,2,57513663.000000,28756831.500000000000,6954869.141268223524,bytes/s,7.458741032689,6.842288962975
03f176b6-run-b,Tail probability,200000,35,2,59255957.000000,29627978.500000000000,6750376.168930999003,bytes/s,7.471702020827,6.829327974837
03f176b6-run-b,Tail probability,200000,36,2,58144108.000000,29072054.000000000000,6879458.878275335766,bytes/s,7.463475716647,6.837554279017
03f176b6-run-b,Tail probability,200000,37,2,57689520.000000,28844760.000000000000,6933668.368188884109,bytes/s,7.460066929805,6.840963065859
03f176b6-run-b,Tail probability,200000,38,2,57927045.000000,28963522.500000000000,6905237.441336771473,bytes/s,7.461851378978,6.839178616686
03f176b6-run-b,Tail probability,200000,39,2,57805803.000000,28902901.500000000000,6919720.499341562390,bytes/s,7.460941442832,6.840088552832
03f176b6-run-b,Tail probability,200000,40,2,58276733.000000,29138366.500000000000,6863802.746114817448,bytes/s,7.464465201520,6.836564794144
03f176b6-run-b,Tail probability,200000,41,2,58357328.000000,29178664.000000000000,6854323.419331330806,bytes/s,7.465065403023,6.835964592641
03f176b6-run-b,Tail probability,200000,42,2,58771414.000000,29385707.000000000000,6806029.883847953752,bytes/s,7.468136144004,6.832893851660
03f176b6-run-b,Tail probability,200000,43,2,59137165.000000,29568582.500000000000,6763936.012150734663,bytes/s,7.470830505210,6.830199490454
03f176b6-run-b,Tail probability,200000,44,2,58899640.000000,29449820.000000000000,6791212.985342524946,bytes/s,7.469082644684,6.831947350980
03f176b6-run-b,Tail probability,200000,45,2,57530989.000000,28765494.500000000000,6952774.616824334487,bytes/s,7.458871844267,6.842158151397
03f176b6-run-b,Tail probability,200000,46,2,58642001.000000,29321000.500000000000,6821049.643241198733,bytes/s,7.467178785349,6.833851210315
03f176b6-run-b,Tail probability,200000,47,2,59717185.000000,29858592.500000000000,6698239.376152777113,bytes/s,7.475069331725,6.825960663939
03f176b6-run-b,Tail probability,200000,48,2,57822570.000000,28911285.000000000000,6917713.965325304307,bytes/s,7.461067394888,6.839962600776
03f176b6-run-b,Tail probability,200000,49,2,59361910.000000,29680955.000000000000,6738327.658257626928,bytes/s,7.472477870480,6.828552125184
03f176b6-run-b,Tail probability,200000,50,2,57779688.000000,28889844.000000000000,6922848.043070083484,bytes/s,7.460745196738,6.840284798926
03f176b6-run-b,Tail probability,200000,51,2,59117051.000000,29558525.500000000000,6766237.375406293198,bytes/s,7.470682765880,6.830347229784
03f176b6-run-b,Tail probability,200000,52,2,58856829.000000,29428414.500000000000,6796152.745503839105,bytes/s,7.468766864463,6.832263131201
03f176b6-run-b,Tail probability,200000,53,2,57695461.000000,28847730.500000000000,6932954.396533897147,bytes/s,7.460111652150,6.840918343514
03f176b6-run-b,Tail probability,200000,54,2,57635260.000000,28817630.000000000000,6940195.984194397926,bytes/s,7.459658260994,6.841371734670
03f176b6-run-b,Tail probability,200000,55,2,57596010.000000,28798005.000000000000,6944925.525223014876,bytes/s,7.459362402777,6.841667592887
03f176b6-run-b,Tail probability,200000,56,2,57572473.000000,28786236.500000000000,6947764.776406252757,bytes/s,7.459184889118,6.841845106546
03f176b6-run-b,Tail probability,200000,57,2,57579597.000000,28789798.500000000000,6946905.168509602547,bytes/s,7.459238625259,6.841791370405
03f176b6-run-b,Tail probability,200000,58,2,57550124.000000,28775062.000000000000,6950462.869550028816,bytes/s,7.459016268053,6.842013727611
03f176b6-run-b,Tail probability,200000,59,2,58087266.000000,29043633.000000000000,6886190.856357398443,bytes/s,7.463050940305,6.837979055359
03f176b6-run-b,Tail probability,200000,60,2,57552225.000000,28776112.500000000000,6950209.136136787012,bytes/s,7.459032122685,6.841997872979
03f176b6-run-b,Tail probability,200000,61,2,57511369.000000,28755684.500000000000,6955146.555457582697,bytes/s,7.458723709998,6.842306285666
03f176b6-run-b,Tail probability,200000,62,2,59304786.000000,29652393.000000000000,6744818.200676080771,bytes/s,7.472059747439,6.828970248225
03f176b6-run-b,Tail probability,200000,63,2,61092966.000000,30546483.000000000000,6547398.599046573974,bytes/s,7.484961214526,6.816068781138
03f176b6-run-b,Tail probability,200000,64,2,61556981.000000,30778490.500000000000,6498044.470374530181,bytes/s,7.488247316483,6.812782679181
03f176b6-run-b,Tail probability,200000,65,2,60437309.000000,30218654.500000000000,6618428.361858401448,bytes/s,7.480275123265,6.820754872399
03f176b6-run-b,Tail probability,200000,66,2,58360552.000000,29180276.000000000000,6853944.767349013127,bytes/s,7.465089395327,6.835940600337
03f176b6-run-b,Tail probability,200000,67,2,57810214.000000,28905107.000000000000,6919192.515011274256,bytes/s,7.460974581372,6.840055414292
03f176b6-run-b,Tail probability,200000,68,2,57907711.000000,28953855.500000000000,6907542.934998760000,bytes/s,7.461706402636,6.839323593028
03f176b6-run-b,Tail probability,200000,69,2,58586414.000000,29293207.000000000000,6827521.479638607241,bytes/s,7.466766920543,6.834263075121
03f176b6-run-b,Tail probability,200000,70,2,58026508.000000,29013254.000000000000,6893401.202085088007,bytes/s,7.462596440109,6.838433555555
03f176b6-run-b,Tail probability,200000,71,2,57562632.000000,28781316.000000000000,6948952.577429051511,bytes/s,7.459110647782,6.841919347882
03f176b6-run-b,Tail probability,200000,72,2,57515071.000000,28757535.500000000000,6954698.882315558381,bytes/s,7.458751664582,6.842278331082
03f176b6-run-b,Tail probability,200000,73,2,57478544.000000,28739272.000000000000,6959118.519077310339,bytes/s,7.458475762741,6.842554232923
03f176b6-run-b,Tail probability,200000,74,2,57510042.000000,28755021.000000000000,6955307.040116576478,bytes/s,7.458713689102,6.842316306562
03f176b6-run-b,Tail probability,200000,75,2,57642459.000000,28821229.500000000000,6939329.219109129161,bytes/s,7.459712503670,6.841317491994
03f176b6-run-b,Tail probability,200000,76,2,60486131.000000,30243065.500000000000,6613086.229635021649,bytes/s,7.480625810052,6.820404185612
03f176b6-run-b,Tail probability,200000,77,2,57915537.000000,28957768.500000000000,6906609.533811281435,bytes/s,7.461765091866,6.839264903798
03f176b6-run-b,Tail probability,200000,78,2,57635201.000000,28817600.500000000000,6940203.088733914308,bytes/s,7.459657816416,6.841372179248
03f176b6-run-b,Tail probability,200000,79,2,58827366.000000,29413683.000000000000,6799556.519324696623,bytes/s,7.468549407589,6.832480588075
03f176b6-run-b,Tail probability,200000,80,2,57987822.000000,28993911.000000000000,6898000.066289780661,bytes/s,7.462306801459,6.838723194205
03f176b6-run-b,Tail probability,200000,81,2,58011567.000000,29005783.500000000000,6895176.611933271401,bytes/s,7.462484601061,6.838545394603
03f176b6-run-b,Tail probability,200000,82,2,65994122.000000,32997061.000000000000,6061145.869930658489,bytes/s,7.518475259626,6.782554736038
03f176b6-run-b,Tail probability,200000,83,2,58019179.000000,29009589.500000000000,6894271.978581427597,bytes/s,7.462541583365,6.838488412299
03f176b6-run-b,Tail probability,200000,84,2,57929506.000000,28964753.000000000000,6904944.088423608802,bytes/s,7.461869829359,6.839160166305
03f176b6-run-b,Tail probability,200000,85,2,58538509.000000,29269254.500000000000,6833108.783143076114,bytes/s,7.466411660915,6.834618334749
03f176b6-run-b,Tail probability,200000,86,2,57894865.000000,28947432.500000000000,6909075.614909889176,bytes/s,7.461610049910,6.839419945754
03f176b6-run-b,Tail probability,200000,87,2,58010031.000000,29005015.500000000000,6895359.183655668050,bytes/s,7.462473101886,6.838556893778
03f176b6-run-b,Tail probability,200000,88,2,58802713.000000,29401356.500000000000,6802407.229067815468,bytes/s,7.468367368061,6.832662627603
03f176b6-run-b,Tail probability,200000,89,2,59664746.000000,29832373.000000000000,6704126.419980066828,bytes/s,7.474687800456,6.826342195208
03f176b6-run-b,Tail probability,200000,90,2,58450511.000000,29225255.500000000000,6843396.116759355180,bytes/s,7.465758316643,6.835271679021
03f176b6-run-b,Tail probability,200000,91,2,58527334.000000,29263667.000000000000,6834413.472515252419,bytes/s,7.466328746194,6.834701249470
03f176b6-run-b,Tail probability,200000,92,2,58553385.000000,29276692.500000000000,6831372.772043836303,bytes/s,7.466522011248,6.834507984416
03f176b6-run-b,Tail probability,200000,93,2,60839387.000000,30419693.500000000000,6574688.203219404444,bytes/s,7.483154833914,6.817875161750
03f176b6-run-b,Tail probability,200000,94,2,58824788.000000,29412394.000000000000,6799854.510312897153,bytes/s,7.468530375023,6.832499620641
03f176b6-run-b,Tail probability,200000,95,2,57576889.000000,28788444.500000000000,6947231.900632908568,bytes/s,7.459218199671,6.841811795993
03f176b6-run-b,Tail probability,200000,96,2,62558916.000000,31279458.000000000000,6393972.683286264539,bytes/s,7.495259219143,6.805770776521
03f176b6-run-b,Tail probability,200000,97,2,60475034.000000,30237517.000000000000,6614299.712506155483,bytes/s,7.480546125537,6.820483870127
03f176b6-run-b,Tail probability,200000,98,2,58922005.000000,29461002.500000000000,6788635.247561586089,bytes/s,7.469247520946,6.831782474718
03f176b6-run-b,Tail probability,200000,99,2,59041920.000000,29520960.000000000000,6774847.430435867049,bytes/s,7.470130476319,6.830899519345
03f176b6-run-b,Dyadic multiply,8,0,2592,990331.000000,382.072145061728,20938453.910864144564,entries/s,2.582145376639,7.320944610353
03f176b6-run-b,Dyadic multiply,8,1,5184,1998469.000000,385.507137345679,20751885.568402614444,entries/s,2.586032423064,7.317057563928
03f176b6-run-b,Dyadic multiply,8,2,7776,2822092.000000,362.923353909465,22043221.836850110441,entries/s,2.559814915700,7.343275071292
03f176b6-run-b,Dyadic multiply,8,3,10368,4157431.000000,400.986786265432,19950782.105583954602,entries/s,2.603130061532,7.299959925460
03f176b6-run-b,Dyadic multiply,8,4,12960,4721179.000000,364.288503086420,21960616.193539790809,entries/s,2.561445465162,7.341644521830
03f176b6-run-b,Dyadic multiply,8,5,15552,5709205.000000,367.104230967078,21792175.968457955867,entries/s,2.564789389884,7.338300597108
03f176b6-run-b,Dyadic multiply,8,6,18144,6572496.000000,362.240740740741,22084760.492817338556,entries/s,2.558997293255,7.344092693737
03f176b6-run-b,Dyadic multiply,8,7,20736,7597537.000000,366.393566743827,21834444.504844136536,entries/s,2.563947839580,7.339142147411
03f176b6-run-b,Dyadic multiply,8,8,23328,9059147.000000,388.337920096022,20600615.046869203448,entries/s,2.589209800241,7.313880186751
03f176b6-run-b,Dyadic multiply,8,9,25920,10012881.000000,386.299421296296,20709324.319344252348,entries/s,2.586924057542,7.316165929450
03f176b6-run-b,Dyadic multiply,8,10,28512,11447392.000000,401.493827160494,19925586.544079210609,entries/s,2.603678872527,7.299411114465
03f176b6-run-b,Dyadic multiply,8,11,31104,11515207.000000,370.216274434156,21608990.615626797080,entries/s,2.568455506101,7.334634480891
03f176b6-run-b,Dyadic multiply,8,12,33696,12997560.000000,385.730056980057,20739892.718325592577,entries/s,2.586283481417,7.316806505575
03f176b6-run-b,Dyadic multiply,8,13,36288,13530299.000000,372.858768738977,21455845.136903479695,entries/s,2.571544361106,7.331545625886
03f176b6-run-b,Dyadic multiply,8,14,38880,14361115.000000,369.370241769547,21658485.430971063673,entries/s,2.567461903676,7.335628083316
03f176b6-run-b,Dyadic multiply,8,15,41472,15017610.000000,362.114438657407,22092463.447912152857,entries/s,2.558845841868,7.344244145124
03f176b6-run-b,Dyadic multiply,8,16,44064,16124014.000000,365.922612563544,21862546.137704916298,entries/s,2.563389247989,7.339700739003
03f176b6-run-b,Dyadic multiply,8,17,46656,16701451.000000,357.970057441701,22348237.886636316776,entries/s,2.553846701416,7.349243285576
03f176b6-run-b,Dyadic multiply,8,18,49248,17822940.000000,361.901803118908,22105443.882995735854,entries/s,2.558590746918,7.344499240074
03f176b6-run-b,Dyadic multiply,8,19,51840,19016644.000000,366.833410493827,21808264.381454478949,entries/s,2.564468883520,7.338621103472
03f176b6-run-b,Dyadic multiply,8,20,54432,19434147.000000,357.035328483245,22406746.228687062860,entries/s,2.552711191480,7.350378795512
03f176b6-run-b,Dyadic multiply,8,21,57024,20745113.000000,363.796173540965,21990335.747990384698,entries/s,2.560858126781,7.342231860211
03f176b6-run-b,Dyadic multiply,8,22,59616,21799276.000000,365.661500268384,21878157.788359578699,entries/s,2.563079236791,7.340010750201
03f176b6-run-b,Dyadic multiply,8,23,62208,22934176.000000,368.669238683128,21699667.779649026692,entries/s,2.566636902110,7.336453084882
03f176b6-run-b,Dyadic multiply,8,24,64800,24339005.000000,375.601929012346,21299145.137609362602,entries/s,2.574727814045,7.328362172947
03f176b6-run-b,Dyadic multiply,8,25,67392,24760000.000000,367.402659069326,21774474.959612276405,entries/s,2.565142295179,7.337947691813
03f176b6-run-b,Dyadic multiply,8,26,69984,25427461.000000,363.332490283493,22018399.713600978255,entries/s,2.560304235517,7.342785751475
03f176b6-run-b,Dyadic multiply,8,27,72576,26667049.000000,367.436191027337,21772487.836955636740,entries/s,2.565181930384,7.337908056608
03f176b6-run-b,Dyadic multiply,8,28,75168,27347291.000000,363.815599723286,21989161.559000488371,entries/s,2.560881316851,7.342208670141
03f176b6-run-b,Dyadic multiply,8,29,77760,28255209.000000,363.364313271605,22016471.369933947921,entries/s,2.560342272146,7.342747714846
03f176b6-run-b,Dyadic multiply,8,30,80352,29367551.000000,365.486248008761,21888648.461017400026,entries/s,2.562871040593,7.340218946399
03f176b6-run-b,Dyadic multiply,8,31,82944,30141866.000000,363.400197723765,22014297.323198240250,entries/s,2.560385159269,7.342704827723
03f176b6-run-b,Dyadic multiply,8,32,85536,32380934.000000,378.564978488590,21132435.525176636875,entries/s,2.578140434370,7.324949552622
03f176b6-run-b,Dyadic multiply,8,33,88128,33840519.000000,383.992817265795,20833723.028893262148,entries/s,2.584323100797,7.318766886195
03f176b6-run-b,Dyadic multiply,8,34,90720,34980236.000000,385.584611992945,20747715.938794694841,entries/s,2.586119693644,7.316970293348
03f176b6-run-b,Dyadic multiply,8,35,93312,34270803.000000,367.271122685185,21782273.382972672582,entries/s,2.564986782548,7.338103204444
03f176b6-run-b,Dyadic multiply,8,36,95904,34472569.000000,359.448709125792,22256304.715787209570,entries/s,2.555636928285,7.347453058707
03f176b6-run-b,Dyadic multiply,8,37,98496,36201667.000000,367.544539879792,21766069.501716591418,entries/s,2.565309975398,7.337780011594
03f176b6-run-b,Dyadic multiply,8,38,101088,43553786.000000,430.850209718265,18567938.043319586664,entries/s,2.634326308676,7.268763678316
03f176b6-run-b,Dyadic multiply,8,39,103680,39849057.000000,384.346614583333,20814545.247582644224,entries/s,2.584723060053,7.318366926939
03f176b6-run-b,Dyadic multiply,8,40,106272,40347225.000000,379.659976287263,21071486.328985452652,entries/s,2.579394816277,7.323695170715
03f176b6-run-b,Dyadic multiply,8,41,108864,41074541.000000,377.301412771899,21203207.115570690483,entries/s,2.576688431381,7.326401555610
03f176b6-run-b,Dyadic multiply,8,42,111456,43026498.000000,386.040213178295,20723229.671166826040,entries/s,2.586632546775,7.316457440217
03f176b6-run-b,Dyadic multiply,8,43,114048,42817188.000000,375.431292087542,21308825.792109467089,entries/s,2.574530468111,7.328559518881
03f176b6-run-b,Dyadic multiply,8,44,116640,42907700.000000,367.864368998628,21747145.617220219225,entries/s,2.565687724508,7.337402262484
03f176b6-run-b,Dyadic multiply,8,45,119232,43959839.000000,368.691618022008,21698350.624077580869,entries/s,2.566663264299,7.336426722692
03f176b6-run-b,Dyadic multiply,8,46,121824,46328531.000000,380.290673430523,21036540.096641529351,entries/s,2.580115674538,7.322974312454
03f176b6-run-b,Dyadic multiply,8,47,124416,45951185.000000,369.335013181584,21660551.300254825503,entries/s,2.567420480981,7.335669506011
03f176b6-run-b,Dyadic multiply,8,48,127008,47327032.000000,372.630322499370,21468998.943352289498,entries/s,2.571278192370,7.331811794622
03f176b6-run-b,Dyadic multiply,8,49,129600,50047437.000000,386.168495370370,20716345.574299838394,entries/s,2.586776840016,7.316313146976
03f176b6-run-b,Dyadic multiply,8,50,132192,51203288.000000,387.340292907286,20653673.646895486861,entries/s,2.588092676633,7.314997310359
03f176b6-run-b,Dyadic multiply,8,51,134784,51146648.000000,379.471213200380,21081968.069539964199,entries/s,2.579178835772,7.323911151220
03f176b6-run-b,Dyadic multiply,8,52,137376,52467530.000000,381.926464593524,20946440.589065276086,entries/s,2.581979752714,7.321110234278
03f176b6-run-b,Dyadic multiply,8,53,139968,53784083.000000,384.259852251943,20819244.979969259351,entries/s,2.584625011432,7.318464975560
03f176b6-run-b,Dyadic multiply,8,54,142560,52676422.000000,369.503521324355,21650673.236690219492,entries/s,2.567618581525,7.335471405467
03f176b6-run-b,Dyadic multiply,8,55,145152,54892932.000000,378.175512566138,21154198.868444483727,entries/s,2.577693404198,7.325396582794
03f176b6-run-b,Dyadic multiply,8,56,147744,56123651.000000,379.870932152913,21059784.581726517528,entries/s,2.579636062471,7.323453924521
03f176b6-run-b,Dyadic multiply,8,57,150336,58136647.000000,386.711413101320,20687261.169361900538,entries/s,2.587386989693,7.315702997299
03f176b6-run-b,Dyadic multiply,8,58,152928,58488222.000000,382.455940050220,20917442.147583149374,entries/s,2.582581410483,7.320508576509
03f176b6-run-b,Dyadic multiply,8,59,155520,57593781.000000,370.330381944444,21602332.376823808998,entries/s,2.568589343077,7.334500643915
03f176b6-run-b,Dyadic multiply,8,60,158112,60396738.000000,381.987059805707,20943117.822025422007,entries/s,2.582048651000,7.321041335992
03f176b6-run-b,Dyadic multiply,8,61,160704,59581431.000000,370.752632168459,21577729.477494422346,entries/s,2.569084242997,7.334005743995
03f176b6-run-b,Dyadic multiply,8,62,163296,61555876.000000,376.958872232020,21222474.358093775809,entries/s,2.576293969471,7.326796017521
03f176b6-run-b,Dyadic multiply,8,63,165888,64231654.000000,387.198917341821,20661214.796056784689,entries/s,2.587934134295,7.315155852697
03f176b6-run-b,Dyadic multiply,8,64,168480,65206340.000000,387.027184235518,20670382.665243901312,entries/s,2.587741470313,7.315348516679
03f176b6-run-b,Dyadic multiply,8,65,171072,64330617.000000,376.044104236813,21274100.324577953666,entries/s,2.575238784032,7.327851202960
03f176b6-run-b,Dyadic multiply,8,66,173664,67357061.000000,387.858514142252,20626078.088531803340,entries/s,2.588673329374,7.314416657618
03f176b6-run-b,Dyadic multiply,8,67,176256,66882359.000000,379.461459468046,21082509.963501736522,entries/s,2.579167672747,7.323922314245
03f176b6-run-b,Dyadic multiply,8,68,178848,64860074.000000,362.654734746824,22059549.299928333610,entries/s,2.559493351896,7.343596635096
03f176b6-run-b,Dyadic multiply,8,69,181440,66689880.000000,367.558862433862,21765221.349925957620,entries/s,2.565326898749,7.337763088243
03f176b6-run-b,Dyadic multiply,8,70,184032,69121917.000000,375.597271126761,21299409.274195909500,entries/s,2.574722428272,7.328367558720
03f176b6-run-b,Dyadic multiply,8,71,186624,69314465.000000,371.412385330933,21539400.181477271020,entries/s,2.569856381879,7.333233605113
03f176b6-run-b,Dyadic multiply,8,72,189216,68961703.000000,364.460209496026,21950269.992607347667,entries/s,2.561650120474,7.341439866518
03f176b6-run-b,Dyadic multiply,8,73,191808,71455269.000000,372.535394769770,21474469.573405425996,entries/s,2.571167541575,7.331922445417
03f176b6-run-b,Dyadic multiply,8,74,194400,75322655.000000,387.462217078189,20647174.478913415223,entries/s,2.588229359192,7.314860627800
03f176b6-run-b,Dyadic multiply,8,75,196992,74297895.000000,377.161991349903,21211045.077387455851,entries/s,2.576527920071,7.326562066921
03f176b6-run-b,Dyadic multiply,8,76,199584,74542899.000000,373.491357022607,21419505.028909593821,entries/s,2.572280556243,7.330809430749
03f176b6-run-b,Dyadic multiply,8,77,202176,74883439.000000,370.387380302311,21599008.026327423751,entries/s,2.568656181146,7.334433805846
03f176b6-run-b,Dyadic multiply,8,78,204768,76312364.000000,372.677195655571,21466298.698334123939,entries/s,2.571332818823,7.331757168169
03f176b6-run-b,Dyadic multiply,8,79,207360,76155014.000000,367.259905478395,21782938.678207058460,entries/s,2.564973518109,7.338116468883
03f176b6-run-b,Dyadic multiply,8,80,209952,77749250.000000,370.319168190825,21602986.523985762149,entries/s,2.568576192266,7.334513794726
03f176b6-run-b,Dyadic multiply,8,81,212544,77449288.000000,364.391787112316,21954391.627202562988,entries/s,2.561568580013,7.341521406979
03f176b6-run-b,Dyadic multiply,8,82,215136,77879223.000000,361.999958165997,22099450.067702908069,entries/s,2.558708520345,7.344381466647
03f176b6-run-b,Dyadic multiply,8,83,217728,82693710.000000,379.802827380952,21063560.940729346126,entries/s,2.579558193448,7.323531793544
03f176b6-run-b,Dyadic multiply,8,84,220320,80318453.000000,364.553617465505,21944645.771501600742,entries/s,2.561761412097,7.341328574895
03f176b6-run-b,Dyadic multiply,8,85,222912,84292416.000000,378.142118863049,21156066.994212146848,entries/s,2.577655053377,7.325434933615
03f176b6-run-b,Dyadic multiply,8,86,225504,85947203.000000,381.133829111679,20990002.432074490935,entries/s,2.581077498089,7.322012488903
03f176b6-run-b,Dyadic multiply,8,87,228096,84931172.000000,372.348362093154,21485256.320258948952,entries/s,2.570949447785,7.332140539207
03f176b6-run-b,Dyadic multiply,8,88,230688,83974159.000000,364.016156020252,21977046.534041501582,entries/s,2.561120659239,7.341969327753
03f176b6-run-b,Dyadic multiply,8,89,233280,85373825.000000,365.971472050754,21859627.350654605776,entries/s,2.563447232898,7.339642754094
03f176b6-run-b,Dyadic multiply,8,90,235872,86285516.000000,365.815001356668,21868977.407517619431,entries/s,2.563261511072,7.339828475920
03f176b6-run-b,Dyadic multiply,8,91,238464,89278227.000000,374.388700181159,21368166.283140905201,entries/s,2.573322732366,7.329767254626
03f176b6-run-b,Dyadic multiply,8,92,241056,92497570.000000,383.718181667330,20848634.185741309077,entries/s,2.584012377803,7.319077609189
03f176b6-run-b,Dyadic multiply,8,93,243648,97509984.000000,400.208431836091,19989583.835845980793,entries/s,2.602286234378,7.300803752614
03f176b6-run-b,Dyadic multiply,8,94,246240,92200540.000000,374.433641975309,21365601.546368382871,entries/s,2.573374862149,7.329715124843
03f176b6-run-b,Dyadic multiply,8,95,248832,91687566.000000,368.471764081790,21711297.254853509367,entries/s,2.566404213570,7.336685773422
03f176b6-run-b,Dyadic multiply,8,96,251424,91802662.000000,365.130862606593,21909952.894394282252,entries/s,2.562448543148,7.340641443844
03f176b6-run-b,Dyadic multiply,8,97,254016,93127945.000000,366.622358434114,21820818.659748155624,entries/s,2.564218946847,7.338871040145
03f176b6-run-b,Dyadic multiply,8,98,256608,94732309.000000,369.171300193291,21670156.904968924820,entries/s,2.567227931107,7.335862055884
03f176b6-run-b,Dyadic multiply,8,99,259200,95243123.000000,367.450320216049,21771650.641905140132,entries/s,2.565198630183,7.337891356808
03f176b6-run-b,Dyadic multiply,16,0,1398,1005486.000000,719.231759656652,22245958.670732364058,entries/s,2.856868856616,7.347251126040
03f176b6-run-b,Dyadic multiply,16,1,2796,1933729.000000,691.605507868383,23134575.734241977334,entries/s,2.839858443288,7.364261539368
03f176b6-run-b,Dyadic multiply,16,2,4194,2878805.000000,686.410348116357,23309671.895109258592,entries/s,2.836583822183,7.367536160473
03f176b6-run-b,Dyadic multiply,16,3,5592,3886875.000000,695.077789699571,23019006.271104678512,entries/s,2.842033411420,7.362086571236
03f176b6-run-b,Dyadic multiply,16,4,6990,5788968.000000,828.178540772532,19319505.652821019292,entries/s,2.918123973154,7.285996009502
03f176b6-run-b,Dyadic multiply,16,5,8388,6093609.000000,726.467453505007,22024386.533497635275,entries/s,2.861216162227,7.342903820429
03f176b6-run-b,Dyadic multiply,16,6,9786,7005091.000000,715.827815246270,22351743.895975083113,entries/s,2.854808569960,7.349311412696
03f176b6-run-b,Dyadic multiply,16,7,11184,7988648.000000,714.292560801145,22399785.295334078372,entries/s,2.853876127067,7.350243855589
03f176b6-run-b,Dyadic multiply,16,8,12582,8692076.000000,690.834207598156,23160404.948138970882,entries/s,2.839373834112,7.364746148544
03f176b6-run-b,Dyadic multiply,16,9,13980,9540982.000000,682.473676680973,23444127.658976819366,entries/s,2.834085905101,7.370034077555
03f176b6-run-b,Dyadic multiply,16,10,15378,10370122.000000,674.347899596827,23726625.395535364747,entries/s,2.828884009138,7.375235973518
03f176b6-run-b,Dyadic multiply,16,11,16776,11307305.000000,674.016750119218,23738282.464300733060,entries/s,2.828670689405,7.375449293251
03f176b6-run-b,Dyadic multiply,16,12,18174,12383399.000000,681.379938373501,23481759.733333311975,entries/s,2.833389342643,7.370730640013
03f176b6-run-b,Dyadic multiply,16,13,19572,13515435.000000,690.549509503372,23169953.464316908270,entries/s,2.839194821124,7.364925161532
03f176b6-run-b,Dyadic multiply,16,14,20970,14679459.000000,700.021888412017,22856428.155833266675,entries/s,2.845111619826,7.359008362830
03f176b6-run-b,Dyadic multiply,16,15,22368,15712462.000000,702.452700286123,22777334.322272349149,entries/s,2.846617086305,7.357502896351
03f176b6-run-b,Dyadic multiply,16,16,23766,16305823.000000,686.098754523269,23320258.045239422470,entries/s,2.836386630951,7.367733351705
03f176b6-run-b,Dyadic multiply,16,17,25164,17464817.000000,694.039779049436,23053433.654644079506,entries/s,2.841384362856,7.362735619800
03f176b6-run-b,Dyadic multiply,16,18,26562,18259038.000000,687.412017167382,23275705.981881413609,entries/s,2.837217120097,7.366902862559
03f176b6-run-b,Dyadic multiply,16,19,27960,19525656.000000,698.342489270386,22911394.116540819407,entries/s,2.844068466635,7.360051516020
03f176b6-run-b,Dyadic multiply,16,20,29358,20461931.000000,696.979732951836,22956191.182542838156,entries/s,2.843220149698,7.360899832958
03f176b6-run-b,Dyadic multiply,16,21,30756,21982349.000000,714.733677981532,22385960.663257598877,entries/s,2.854144246376,7.349975736280
03f176b6-run-b,Dyadic multiply,16,22,32154,22271906.000000,692.663618834360,23099235.422419615090,entries/s,2.840522377540,7.363597605116
03f176b6-run-b,Dyadic multiply,16,23,33552,22912478.000000,682.894551740582,23429678.797727599740,entries/s,2.834353647850,7.369766334806
03f176b6-run-b,Dyadic multiply,16,24,34950,23678413.000000,677.493934191702,23616447.605673570186,entries/s,2.830905411194,7.373214571462
03f176b6-run-b,Dyadic multiply,16,25,36348,25440826.000000,699.923682183339,22859635.139204990119,entries/s,2.845050688281,7.359069294375
03f176b6-run-b,Dyadic multiply,16,26,37746,27003915.000000,715.411301859800,22364757.110219020396,entries/s,2.854555796725,7.349564185931
03f176b6-run-b,Dyadic multiply,16,27,39144,27327623.000000,698.130569180462,22918348.954096741974,entries/s,2.843936654961,7.360183327695
03f176b6-run-b,Dyadic multiply,16,28,40542,27933207.000000,688.994302205121,23222252.998017735779,entries/s,2.838215630426,7.365904352230
03f176b6-run-b,Dyadic multiply,16,29,41940,30676242.000000,731.431616595136,21874908.927892796695,entries/s,2.864173729062,7.339946253594
03f176b6-run-b,Dyadic multiply,16,30,43338,29803661.000000,687.702732013475,23265866.565855786204,entries/s,2.837400749653,7.366719233003
03f176b6-run-b,Dyadic multiply,16,31,44736,33418929.000000,747.025415772532,21418280.639693751931,entries/s,2.873335377909,7.330784604747
03f176b6-run-b,Dyadic multiply,16,32,46134,37454074.000000,811.854033901244,19707976.227098818868,entries/s,2.909477952924,7.294642029732
03f176b6-run-b,Dyadic multiply,16,33,47532,36199469.000000,761.581019102920,21008926.954149521887,entries/s,2.881716111582,7.322403871074
03f176b6-run-b,Dyadic multiply,16,34,48930,33074547.000000,675.956407112201,23670165.459862533957,entries/s,2.829918688899,7.374201293757
03f176b6-run-b,Dyadic multiply,16,35,50328,35395541.000000,703.297190430774,22749984.242365445942,entries/s,2.847138882474,7.356981100182
03f176b6-run-b,Dyadic multiply,16,36,51726,35734823.000000,690.848374125198,23159930.021200891584,entries/s,2.839382739839,7.364737242817
03f176b6-run-b,Dyadic multiply,16,37,53124,36863437.000000,693.913052480988,23057643.811129167676,entries/s,2.841305056632,7.362814926024
03f176b6-run-b,Dyadic multiply,16,38,54522,37442132.000000,686.734382451121,23298673.269994348288,entries/s,2.836788791584,7.367331191072
03f176b6-run-b,Dyadic multiply,16,39,55920,38848430.000000,694.714413447783,23031046.557093810290,entries/s,2.841806309405,7.362313673251
03f176b6-run-b,Dyadic multiply,16,40,57318,39931090.000000,696.658815729788,22966765.996119815856,entries/s,2.843020137174,7.361099845481
03f176b6-run-b,Dyadic multiply,16,41,58716,44266268.000000,753.904693780230,21222841.735833708197,entries/s,2.877316447221,7.326803535435
03f176b6-run-b,Dyadic multiply,16,42,60114,40947472.000000,681.163655720797,23489215.646816976368,entries/s,2.833251467621,7.370868515034
03f176b6-run-b,Dyadic multiply,16,43,61512,41663680.000000,677.326050201587,23622301.246553353965,entries/s,2.830797779048,7.373322203608
03f176b6-run-b,Dyadic multiply,16,44,62910,43726754.000000,695.068415196312,23019316.732268761843,entries/s,2.842027554058,7.362092428598
03f176b6-run-b,Dyadic multiply,16,45,64308,46183027.000000,718.153682279032,22279353.841401517391,entries/s,2.856217391629,7.347902591027
03f176b6-run-b,Dyadic multiply,16,46,65706,44758500.000000,681.193498310657,23488186.601427663118,entries/s,2.833270494162,7.370849488493
03f176b6-run-b,Dyadic multiply,16,47,67104,47444686.000000,707.032159036719,22629805.158790595829,entries/s,2.849439167933,7.354680814722
03f176b6-run-b,Dyadic multiply,16,48,68502,47553008.000000,694.184228197717,23048636.586774911731,entries/s,2.841474742317,7.362645240339
03f176b6-run-b,Dyadic multiply,16,49,69900,49347549.000000,705.973519313305,22663739.591200366616,entries/s,2.848788411205,7.355331571451
03f176b6-run-b,Dyadic multiply,16,50,71298,49779372.000000,698.187494740385,22916480.344508964568,entries/s,2.843972065885,7.360147916771
03f176b6-run-b,Dyadic multiply,16,51,72696,49559934.000000,681.742241663915,23469280.649163093418,entries/s,2.833620204301,7.370499778355
03f176b6-run-b,Dyadic multiply,16,52,74094,52195138.000000,704.444867330688,22712920.119111478329,entries/s,2.847847009154,7.356272973502
03f176b6-run-b,Dyadic multiply,16,53,75492,52434968.000000,694.576484925555,23035620.046530779451,entries/s,2.841720076067,7.362399906589
03f176b6-run-b,Dyadic multiply,16,54,76890,52135214.000000,678.049343217584,23597102.718327768147,entries/s,2.831261299630,7.372858683026
03f176b6-run-b,Dyadic multiply,16,55,78288,54971138.000000,702.165568158594,22786648.513625457883,entries/s,2.846439529309,7.357680453347
03f176b6-run-b,Dyadic multiply,16,56,79686,55664161.000000,698.543796902844,22904791.468966901302,entries/s,2.844193640453,7.359926342203
03f176b6-run-b,Dyadic multiply,16,57,81084,55678059.000000,686.671340831730,23300812.264306843281,entries/s,2.836748921898,7.367371060758
03f176b6-run-b,Dyadic multiply,16,58,82482,58589619.000000,710.332181566887,22524672.843494679779,entries/s,2.851461490809,7.352658491847
03f176b6-run-b,Dyadic multiply,16,59,83880,57766973.000000,688.685896518836,23232652.332328371704,entries/s,2.838021189234,7.366098793422
03f176b6-run-b,Dyadic multiply,16,60,85278,60272553.000000,706.777281362133,22637965.907964773476,entries/s,2.849282581104,7.354837401552
03f176b6-run-b,Dyadic multiply,16,61,86676,62824857.000000,724.824138169736,22074320.041826758534,entries/s,2.860232647830,7.343887334826
03f176b6-run-b,Dyadic multiply,16,62,88074,61154354.000000,694.351954038649,23043069.018438164145,entries/s,2.841579662028,7.362540320628
03f176b6-run-b,Dyadic multiply,16,63,89472,64033647.000000,715.683644045064,22356246.552691273391,entries/s,2.854721092131,7.349398890525
03f176b6-run-b,Dyadic multiply,16,64,90870,62256847.000000,685.119918564983,23353575.872546195984,entries/s,2.835766593993,7.368353388663
03f176b6-run-b,Dyadic multiply,16,65,92268,63635070.000000,689.676485888932,23199283.036853734404,entries/s,2.838645419228,7.365474563428
03f176b6-run-b,Dyadic multiply,16,66,93666,64882273.000000,692.698236286379,23098081.042875919491,entries/s,2.840544081859,7.363575900797
03f176b6-run-b,Dyadic multiply,16,67,95064,66263923.000000,697.045390473786,22954028.846133969724,entries/s,2.843261059576,7.360858923080
03f176b6-run-b,Dyadic multiply,16,68,96462,67219823.000000,696.852885073915,22960369.889697566628,entries/s,2.843141102425,7.360978880231
03f176b6-run-b,Dyadic multiply,16,69,97860,68456970.000000,699.539852851012,22872177.953537818044,entries/s,2.844812461330,7.359307521326
03f176b6-run-b,Dyadic multiply,16,70,99258,68239209.000000,687.493290213383,23272954.409538950771,entries/s,2.837268463902,7.366851518754
03f176b6-run-b,Dyadic multiply,16,71,100656,68693727.000000,682.460330233667,23444586.141031481326,entries/s,2.834077411960,7.370042570696
03f176b6-run-b,Dyadic multiply,16,72,102054,70108476.000000,686.974307719443,23290536.225605588406,entries/s,2.836940495103,7.367179487553
03f176b6-run-b,Dyadic multiply,16,73,103452,72312488.000000,698.995553493408,22889988.241035215557,entries/s,2.844474413086,7.359645569570
03f176b6-run-b,Dyadic multiply,16,74,104850,74402240.000000,709.606485455412,22547708.241042207927,entries/s,2.851017576080,7.353102406575
03f176b6-run-b,Dyadic multiply,16,75,106248,77328397.000000,727.810377607108,21983748.091920230538,entries/s,2.862018243756,7.342101738900
03f176b6-run-b,Dyadic multiply,16,76,107646,77445449.000000,719.445673782584,22239344.238290876150,entries/s,2.856998005406,7.347121977249
03f176b6-run-b,Dyadic multiply,16,77,109044,77516546.000000,710.874014159422,22507504.397835269570,entries/s,2.851792638981,7.352327343675
03f176b6-run-b,Dyadic multiply,16,78,110442,77400471.000000,700.824604769924,22830248.668641824275,entries/s,2.845609340775,7.358510641881
03f176b6-run-b,Dyadic multiply,16,79,111840,77756376.000000,695.246566523605,23013418.217947814614,entries/s,2.842138852777,7.361981129878
03f176b6-run-b,Dyadic multiply,16,80,113238,82760904.000000,730.858051184231,21892075.997623227537,entries/s,2.863833035544,7.340286947112
03f176b6-run-b,Dyadic multiply,16,81,114636,79889227.000000,696.894753829513,22958990.453118290752,entries/s,2.843167195197,7.360952787459
03f176b6-run-b,Dyadic multiply,16,82,116034,81103256.000000,698.961132081976,22891115.493562921882,entries/s,2.844453026115,7.359666956541
03f176b6-run-b,Dyadic multiply,16,83,117432,83341139.000000,709.697007629948,22544832.270650874823,entries/s,2.851072974071,7.353047008585
03f176b6-run-b,Dyadic multiply,16,84,118830,85144758.000000,716.525776319111,22329971.270809181035,entries/s,2.855231818337,7.348888164319
03f176b6-run-b,Dyadic multiply,16,85,120228,83651509.000000,695.773937851416,22995974.884326353669,entries/s,2.842468157008,7.361651825648
03f176b6-run-b,Dyadic multiply,16,86,121626,86018248.000000,707.235689737392,22623292.676223769784,entries/s,2.849564168669,7.354555813987
03f176b6-run-b,Dyadic multiply,16,87,123024,84557334.000000,687.323888021849,23278690.409042462707,entries/s,2.837161438127,7.366958544529
03f176b6-run-b,Dyadic multiply,16,88,124422,85251962.000000,685.183986754754,23351392.194352079183,entries/s,2.835807204636,7.368312778020
03f176b6-run-b,Dyadic multiply,16,89,125820,86425624.000000,686.898934986489,23293091.872845489532,entries/s,2.836892843018,7.367227139638
03f176b6-run-b,Dyadic multiply,16,90,127218,88334212.000000,694.353094687859,23043031.164414532483,entries/s,2.841580375466,7.362539607190
03f176b6-run-b,Dyadic multiply,16,91,128616,87196448.000000,677.959569571437,23600227.385409094393,entries/s,2.831203795290,7.372916187366
03f176b6-run-b,Dyadic multiply,16,92,130014,90956290.000000,699.588428938422,22870589.818472146988,entries/s,2.844842617717,7.359277364939
03f176b6-run-b,Dyadic multiply,16,93,131412,91467103.000000,696.033109609472,22987412.206550370902,entries/s,2.842629899063,7.361490083593
03f176b6-run-b,Dyadic multiply,16,94,132810,91672852.000000,690.255643400346,23179817.728371754289,entries/s,2.839009966036,7.365110016620
03f176b6-run-b,Dyadic multiply,16,95,134208,93817918.000000,699.048626013352,22888250.408626634628,entries/s,2.844507386439,7.359612596217
03f176b6-run-b,Dyadic multiply,16,96,135606,96764189.000000,713.568640030677,22422510.046562783420,entries/s,2.853435755380,7.350684227276
03f176b6-run-b,Dyadic multiply,16,97,137004,94803012.000000,691.972584742051,23122303.329349912703,entries/s,2.840088888487,7.364031094169
03f176b6-run-b,Dyadic multiply,16,98,138402,93822667.000000,677.899647403939,23602313.500638388097,entries/s,2.831165408020,7.372954574636
03f176b6-run-b,Dyadic multiply,16,99,139800,96322102.000000,688.999298998569,23222084.584491312504,entries/s,2.838218780048,7.365901202608
03f176b6-run-b,Dyadic multiply,64,0,378,980903.000000,2594.981481481481,24662989.102898046374,entries/s,3.414134262948,7.392045711036
03f176b6-run-b,Dyadic multiply,64,1,756,1924513.000000,2545.652116402116,25140905.777201816440,entries/s,3.405799053579,7.400380920405
03f176b6-run-b,Dyadic multiply,64,2,1134,2882788.000000,2542.141093474427,25175628.592876065522,entries/s,3.405199651024,7.400980322960
03f176b6-run-b,Dyadic multiply,64,3,1512,3862085.000000,2554.289021164021,25055895.973289038986,entries/s,3.407270036700,7.398909937284
03f176b6-run-b,Dyadic multiply,64,4,1890,4827903.000000,2554.446031746032,25054355.897374078631,entries/s,3.407296731695,7.398883242289
03f176b6-run-b,Dyadic multiply,64,5,2268,5769907.000000,2544.050705467372,25156731.295669063926,entries/s,3.405525762985,7.400654210999
03f176b6-run-b,Dyadic multiply,64,6,2646,6730836.000000,2543.777777777778,25159430.418450247496,entries/s,3.405479169044,7.400700804940
03f176b6-run-b,Dyadic multiply,64,7,3024,7724241.000000,2554.312500000000,25055665.663461301476,entries/s,3.407274028684,7.398905945300
03f176b6-run-b,Dyadic multiply,64,8,3402,8715550.000000,2561.890064667843,24981555.954586915672,entries/s,3.408560489448,7.397619484536
03f176b6-run-b,Dyadic multiply,64,9,3780,9672989.000000,2558.991798941799,25009849.592509616166,entries/s,3.408068894062,7.398111079922
03f176b6-run-b,Dyadic multiply,64,10,4158,10847977.000000,2608.941077441078,24531025.462166815996,entries/s,3.416464270733,7.389715703251
03f176b6-run-b,Dyadic multiply,64,11,4536,12250156.000000,2700.651675485009,23697983.927714876831,entries/s,3.431468573388,7.374711400596
03f176b6-run-b,Dyadic multiply,64,12,4914,12739875.000000,2592.567155067155,24685956.494863569736,entries/s,3.413730014703,7.392449959281
03f176b6-run-b,Dyadic multiply,64,13,5292,13714772.000000,2591.604686318972,24695124.352049015462,entries/s,3.413568756595,7.392611217389
03f176b6-run-b,Dyadic multiply,64,14,5670,14674585.000000,2588.110229276896,24728467.619356866926,entries/s,3.412982769271,7.393197204712
03f176b6-run-b,Dyadic multiply,64,15,6048,15672878.000000,2591.415013227513,24696931.858973190188,entries/s,3.413536970501,7.392643003483
03f176b6-run-b,Dyadic multiply,64,16,6426,16483442.000000,2565.117024587613,24950128.741315070540,entries/s,3.409107183083,7.397072790901
03f176b6-run-b,Dyadic multiply,64,17,6804,17771851.000000,2611.971046443269,24502568.696980409324,entries/s,3.416968358499,7.389211615485
03f176b6-run-b,Dyadic multiply,64,18,7182,20432618.000000,2844.976051239209,22495795.692945465446,entries/s,3.454078614893,7.352101359091
03f176b6-run-b,Dyadic multiply,64,19,7560,20440510.000000,2703.771164021164,23670642.268710516393,entries/s,3.431969931941,7.374210042043
03f176b6-run-b,Dyadic multiply,64,20,7938,20019165.000000,2521.940665154951,25377282.219313345850,entries/s,3.401734864513,7.404445109470
03f176b6-run-b,Dyadic multiply,64,21,8316,20958443.000000,2520.255291005291,25394252.807806383818,entries/s,3.401444535170,7.404735438814
03f176b6-run-b,Dyadic multiply,64,22,8694,21977131.000000,2527.850356567748,25317954.377211473882,entries/s,3.402751361050,7.403428612934
03f176b6-run-b,Dyadic multiply,64,23,9072,22891477.000000,2523.310956790123,25363501.009567886591,entries/s,3.401970773505,7.404209200479
03f176b6-run-b,Dyadic multiply,64,24,9450,23891796.000000,2528.232380952381,25314128.749466970563,entries/s,3.402816989360,7.403362984624
03f176b6-run-b,Dyadic multiply,64,25,9828,25042691.000000,2548.096357346357,25116789.565466426313,entries/s,3.406215847004,7.399964126980
03f176b6-run-b,Dyadic multiply,64,26,10206,26015702.000000,2549.059572800314,25107298.661400716752,entries/s,3.406379985268,7.399799988716
03f176b6-run-b,Dyadic multiply,64,27,10584,26842120.000000,2536.103552532124,25235562.615769542754,entries/s,3.404166982402,7.402012991582
03f176b6-run-b,Dyadic multiply,64,28,10962,27559097.000000,2514.057380040138,25456857.312850274146,entries/s,3.400375185661,7.405804788323
03f176b6-run-b,Dyadic multiply,64,29,11340,28668438.000000,2528.080952380953,25315645.030957039446,entries/s,3.402790976497,7.403388997487
03f176b6-run-b,Dyadic multiply,64,30,11718,30055880.000000,2564.932582351937,24951922.884972926229,entries/s,3.409075954439,7.397104019545
03f176b6-run-b,Dyadic multiply,64,31,12096,30668238.000000,2535.403273809524,25242532.681531947106,entries/s,3.404047046770,7.402132927214
03f176b6-run-b,Dyadic multiply,64,32,12474,31597879.000000,2533.099166265833,25265493.294660694897,entries/s,3.403652191969,7.402527782014
03f176b6-run-b,Dyadic multiply,64,33,12852,33964619.000000,2642.749688764395,24217200.846563301980,entries/s,3.422056030352,7.384123943632
03f176b6-run-b,Dyadic multiply,64,34,13230,33585247.000000,2538.567422524565,25211069.610415551811,entries/s,3.404588702443,7.401591271541
03f176b6-run-b,Dyadic multiply,64,35,13608,34387291.000000,2526.990814226926,25326566.143288224936,entries/s,3.402603663235,7.403576310749
03f176b6-run-b,Dyadic multiply,64,36,13986,35527499.000000,2540.218718718719,25194680.886487394571,entries/s,3.404871111991,7.401308861993
03f176b6-run-b,Dyadic multiply,64,37,14364,36401269.000000,2534.201406293511,25254504.176763728261,entries/s,3.403841127582,7.402338846402
03f176b6-run-b,Dyadic multiply,64,38,14742,37288028.000000,2529.373762040429,25302705.737080011517,entries/s,3.403013009178,7.403166964806
03f176b6-run-b,Dyadic multiply,64,39,15120,38913486.000000,2573.643253968254,24867471.395392332226,entries/s,3.410548346931,7.395631627053
03f176b6-run-b,Dyadic multiply,64,40,15498,39471089.000000,2546.850496838302,25129076.119485832751,entries/s,3.406003452108,7.400176521876
03f176b6-run-b,Dyadic multiply,64,41,15876,40504093.000000,2551.278218694885,25085464.819567743689,entries/s,3.406757821313,7.399422152671
03f176b6-run-b,Dyadic multiply,64,42,16254,41090750.000000,2528.039251876461,25316062.617499072105,entries/s,3.402783812783,7.403396161201
03f176b6-run-b,Dyadic multiply,64,43,16632,42026327.000000,2526.835437710438,25328123.487926982343,entries/s,3.402576959046,7.403603014938
03f176b6-run-b,Dyadic multiply,64,44,17010,44251711.000000,2601.511522633745,24601082.656442370266,entries/s,3.415225753817,7.390954220167
03f176b6-run-b,Dyadic multiply,64,45,17388,44097437.000000,2536.084483551875,25235752.363567072898,entries/s,3.404163716926,7.402016257058
03f176b6-run-b,Dyadic multiply,64,46,17766,46319190.000000,2607.181695373185,24547579.523735195398,entries/s,3.416171298352,7.390008675632
03f176b6-run-b,Dyadic multiply,64,47,18144,48275969.000000,2660.712577160494,24053706.721039611846,entries/s,3.424997962528,7.381182011456
03f176b6-run-b,Dyadic multiply,64,48,18522,49729271.000000,2684.875877335061,23837228.581130821258,entries/s,3.428924212928,7.377255761056
03f176b6-run-b,Dyadic multiply,64,49,18900,49453402.000000,2616.582116402116,24459389.062859620899,entries/s,3.417734368787,7.388445605196
03f176b6-run-b,Dyadic multiply,64,50,19278,48884904.000000,2535.787114845939,25238711.729903366417,entries/s,3.404112790721,7.402067183263
03f176b6-run-b,Dyadic multiply,64,51,19656,49714115.000000,2529.208129833130,25304362.754923827946,entries/s,3.402984569130,7.403195404853
03f176b6-run-b,Dyadic multiply,64,52,20034,50941904.000000,2542.772486772487,25169377.257669832557,entries/s,3.405307503644,7.400872470340
03f176b6-run-b,Dyadic multiply,64,53,20412,51920922.000000,2543.646972369194,25160724.225968100131,entries/s,3.405456836304,7.400723137680
03f176b6-run-b,Dyadic multiply,64,54,20790,53275470.000000,2562.552669552670,24975096.418670732528,entries/s,3.408672800449,7.397507173535
03f176b6-run-b,Dyadic multiply,64,55,21168,55065191.000000,2601.341222600151,24602693.196869146079,entries/s,3.415197323120,7.390982650864
03f176b6-run-b,Dyadic multiply,64,56,21546,55057579.000000,2555.350366657384,25045489.195956110954,entries/s,3.407450455106,7.398729518878
03f176b6-run-b,Dyadic multiply,64,57,21924,57136718.000000,2606.126528005838,24557518.336982533336,entries/s,3.415995496979,7.390184477005
03f176b6-run-b,Dyadic multiply,64,58,22302,56687785.000000,2541.825172630257,25178757.645937304944,entries/s,3.405145676362,7.401034297622
03f176b6-run-b,Dyadic multiply,64,59,22680,59172486.000000,2609.016137566138,24530319.716497965157,entries/s,3.416476765353,7.389703208631
03f176b6-run-b,Dyadic multiply,64,60,23058,60910177.000000,2641.607121172695,24227675.450688645244,entries/s,3.421868226680,7.384311747304
03f176b6-run-b,Dyadic multiply,64,61,23436,59538867.000000,2540.487583205325,25192014.486940100789,entries/s,3.404917076610,7.401262897374
03f176b6-run-b,Dyadic multiply,64,62,23814,60304104.000000,2532.296296296296,25273503.773474525660,entries/s,3.403514519796,7.402665454188
03f176b6-run-b,Dyadic multiply,64,63,24192,62035371.000000,2564.292782738095,24958148.473070304841,entries/s,3.408967610031,7.397212363953
03f176b6-run-b,Dyadic multiply,64,64,24570,63013275.000000,2564.642857142857,24954741.679431833327,entries/s,3.409026895385,7.397153078599
03f176b6-run-b,Dyadic multiply,64,65,24948,65017266.000000,2606.111351611351,24557661.344911061227,entries/s,3.415992967922,7.390187006062
03f176b6-run-b,Dyadic multiply,64,66,25326,64638244.000000,2552.248440337993,25075928.733460023999,entries/s,3.406922947093,7.399257026891
03f176b6-run-b,Dyadic multiply,64,67,25704,65690874.000000,2555.667366946779,25042382.599446006119,entries/s,3.407504327538,7.398675646446
03f176b6-run-b,Dyadic multiply,64,68,26082,67553230.000000,2590.032589525343,24710113.787305209786,entries/s,3.413305228700,7.392874745284
03f176b6-run-b,Dyadic multiply,64,69,26460,70544689.000000,2666.088019652305,24005208.953433759511,entries/s,3.425874483344,7.380305490640
03f176b6-run-b,Dyadic multiply,64,70,26838,70354026.000000,2621.433266264252,24414125.212962225080,entries/s,3.418538806371,7.387641167613
03f176b6-run-b,Dyadic multiply,64,71,27216,71836870.000000,2639.508744855967,24246936.148526515812,entries/s,3.421523105184,7.384656868800
03f176b6-run-b,Dyadic multiply,64,72,27594,70905133.000000,2569.585163441328,24906744.057584658265,entries/s,3.409863016028,7.396316957956
03f176b6-run-b,Dyadic multiply,64,73,27972,73444310.000000,2625.636708136708,24375040.081389561296,entries/s,3.419234635475,7.386945338509
03f176b6-run-b,Dyadic multiply,64,74,28350,72835653.000000,2569.158835978836,24910877.094765663147,entries/s,3.409790954970,7.396389019014
03f176b6-run-b,Dyadic multiply,64,75,28728,73496200.000000,2558.347257031468,25016150.494855515659,entries/s,3.407959493066,7.398220480918
03f176b6-run-b,Dyadic multiply,64,76,29106,73173190.000000,2514.024256167113,25457192.723181810230,entries/s,3.400369463592,7.405810510392
03f176b6-run-b,Dyadic multiply,64,77,29484,75886268.000000,2573.811830145164,24865842.658120963722,entries/s,3.410576792717,7.395603181267
03f176b6-run-b,Dyadic multiply,64,78,29862,77408926.000000,2592.221753398969,24689245.785427894443,entries/s,3.413672150809,7.392507823175
03f176b6-run-b,Dyadic multiply,64,79,30240,77071529.000000,2548.661673280423,25111218.437096271664,entries/s,3.406312188086,7.399867785898
03f176b6-run-b,Dyadic multiply,64,80,30618,78771507.000000,2572.718890848520,24876406.135025449097,entries/s,3.410392335444,7.395787638540
03f176b6-run-b,Dyadic multiply,64,81,30996,81060026.000000,2615.176990579429,24472531.010537795722,entries/s,3.417501086485,7.388678887499
03f176b6-run-b,Dyadic multiply,64,82,31374,79619505.000000,2537.754350736278,25219146.991682503372,entries/s,3.404449581004,7.401730392980
03f176b6-run-b,Dyadic multiply,64,83,31752,81746066.000000,2574.517069790879,24859031.136739961803,entries/s,3.410695775671,7.395484198313
03f176b6-run-b,Dyadic multiply,64,84,32130,84428274.000000,2627.708496732026,24355821.842336844653,entries/s,3.419577185362,7.386602788622
03f176b6-run-b,Dyadic multiply,64,85,32508,84523605.000000,2600.086286452566,24614567.729334305972,entries/s,3.414987760705,7.391192213279
03f176b6-run-b,Dyadic multiply,64,86,32886,85633364.000000,2603.945873624034,24578083.841246739030,entries/s,3.415631952619,7.390548021365
03f176b6-run-b,Dyadic multiply,64,87,33264,86877216.000000,2611.748917748918,24504652.635277815163,entries/s,3.416931423416,7.389248550568
03f176b6-run-b,Dyadic multiply,64,88,33642,88838954.000000,2640.715593603234,24235854.915626313537,entries/s,3.421721629992,7.384458343992
03f176b6-run-b,Dyadic multiply,64,89,34020,87675139.000000,2577.164579659024,24833493.563095461577,entries/s,3.411142153807,7.395037820177
03f176b6-run-b,Dyadic multiply,64,90,34398,90066469.000000,2618.363538577824,24442747.944298781455,entries/s,3.418029944674,7.388150029310
03f176b6-run-b,Dyadic multiply,64,91,34776,90691400.000000,2607.873245916724,24541070.046332951635,entries/s,3.416286478955,7.389893495029
03f176b6-run-b,Dyadic multiply,64,92,35154,94725432.000000,2694.584741423451,23751340.611463241279,entries/s,3.430491846182,7.375688127802
03f176b6-run-b,Dyadic multiply,64,93,35532,91013711.000000,2561.457587526736,24985773.846755903214,entries/s,3.408487169248,7.397692804736
03f176b6-run-b,Dyadic multiply,64,94,35910,93144741.000000,2593.838512949039,24673856.788114316761,entries/s,3.413942934308,7.392237039675
03f176b6-run-b,Dyadic multiply,64,95,36288,94437133.000000,2602.434220679012,24592360.295393548906,entries/s,3.415379761062,7.390800212922
03f176b6-run-b,Dyadic multiply,64,96,36666,93835740.000000,2559.203076419571,25007784.880259912461,entries/s,3.408104749142,7.398075224842
03f176b6-run-b,Dyadic multiply,64,97,37044,94940121.000000,2562.901441528993,24971697.687219083309,entries/s,3.408731905356,7.397448068628
03f176b6-run-b,Dyadic multiply,64,98,37422,97053971.000000,2593.500374111485,24677073.748996835202,entries/s,3.413886314976,7.392293659007
03f176b6-run-b,Dyadic multiply,64,99,37800,97711864.000000,2584.969947089947,24758508.342446520925,entries/s,3.412455498343,7.393724475641
03f176b6-run-b,Dyadic multiply,256,0,87,1030282.000000,11842.321839080460,21617382.425394214690,entries/s,4.073436859738,7.334803105573
03f176b6-run-b,Dyadic multiply,256,1,174,2021872.000000,11619.954022988506,22031068.237751945853,entries/s,4.065204409672,7.343035555640
03f176b6-run-b,Dyadic multiply,256,2,261,3030852.000000,11612.459770114943,22045286.275938250124,entries/s,4.064924222446,7.343315742865
03f176b6-run-b,Dyadic multiply,256,3,348,4084180.000000,11736.149425287356,21812946.540064346045,entries/s,4.069525630331,7.338714334981
03f176b6-run-b,Dyadic multiply,256,4,435,4918980.000000,11308.000000000000,22638839.759462326765,entries/s,4.053385799817,7.354854165494
03f176b6-run-b,Dyadic multiply,256,5,522,5977756.000000,11451.639846743295,22354876.980592716485,entries/s,4.058867681034,7.349372284278
03f176b6-run-b,Dyadic multiply,256,6,609,6974933.000000,11453.091954022988,22352042.664782587439,entries/s,4.058922747575,7.349317217737
03f176b6-run-b,Dyadic multiply,256,7,696,7837598.000000,11260.916666666666,22733495.644966736436,entries/s,4.051573744607,7.356666220705
03f176b6-run-b,Dyadic multiply,256,8,783,8779462.000000,11212.595146871008,22831467.349593859166,entries/s,4.049706141366,7.358533823945
03f176b6-run-b,Dyadic multiply,256,9,870,9620826.000000,11058.420689655173,23149779.447211705148,entries/s,4.043693107552,7.364546857759
03f176b6-run-b,Dyadic multiply,256,10,957,11766873.000000,12295.583072100313,20820484.762604303658,entries/s,4.089749128357,7.318490836955
03f176b6-run-b,Dyadic multiply,256,11,1044,12052450.000000,11544.492337164751,22175076.436741076410,entries/s,4.062374839807,7.345865125505
03f176b6-run-b,Dyadic multiply,256,12,1131,12513464.000000,11064.070733863837,23137957.643063504249,entries/s,4.043914943604,7.364325021708
03f176b6-run-b,Dyadic multiply,256,13,1218,13367539.000000,10974.990968801314,23325759.513400334865,entries/s,4.040404171538,7.367835793774
03f176b6-run-b,Dyadic multiply,256,14,1305,14518783.000000,11125.504214559387,23010193.071967534721,entries/s,4.046319702587,7.361920262725
03f176b6-run-b,Dyadic multiply,256,15,1392,15317476.000000,11003.933908045978,23264407.269187167287,entries/s,4.041547973261,7.366691992051
03f176b6-run-b,Dyadic multiply,256,16,1479,16507481.000000,11161.244759972955,22936509.816367499530,entries/s,4.047712632078,7.360527333233
03f176b6-run-b,Dyadic multiply,256,17,1566,17230116.000000,11002.628352490421,23267167.789236009121,entries/s,4.041496443579,7.366743521733
03f176b6-run-b,Dyadic multiply,256,18,1653,18170584.000000,10992.488808227465,23288629.578443929553,entries/s,4.041096032124,7.367143933188
03f176b6-run-b,Dyadic multiply,256,19,1740,18947625.000000,10889.439655172413,23509014.982088785619,entries/s,4.037005532563,7.371234432749
03f176b6-run-b,Dyadic multiply,256,20,1827,21358157.000000,11690.288451012590,21898518.678367238492,entries/s,4.067825227256,7.340414738056
03f176b6-run-b,Dyadic multiply,256,21,1914,22619050.000000,11817.685475444096,21662448.246058080345,entries/s,4.072532427165,7.335707538147
03f176b6-run-b,Dyadic multiply,256,22,2001,23045145.000000,11516.814092953524,22228369.576325077564,entries/s,4.061332356413,7.346907608899
03f176b6-run-b,Dyadic multiply,256,23,2088,24150295.000000,11566.233237547893,22133394.229759927839,entries/s,4.063191945771,7.345048019540
03f176b6-run-b,Dyadic multiply,256,24,2175,24798761.000000,11401.729195402299,22452734.634605333209,entries/s,4.056970721781,7.351269243531
03f176b6-run-b,Dyadic multiply,256,25,2262,26104701.000000,11540.539787798409,22182671.236111838371,entries/s,4.062226122631,7.346013842681
03f176b6-run-b,Dyadic multiply,256,26,2349,26282237.000000,11188.691783737760,22880244.174040436745,entries/s,4.048779310450,7.359460654862
03f176b6-run-b,Dyadic multiply,256,27,2436,26931540.000000,11055.640394088670,23155601.202159252018,entries/s,4.043583903999,7.364656061313
03f176b6-run-b,Dyadic multiply,256,28,2523,27773672.000000,11008.193420531114,23255405.334951747209,entries/s,4.041716051772,7.366523913540
03f176b6-run-b,Dyadic multiply,256,29,2610,30181620.000000,11563.839080459769,22137976.689124044031,entries/s,4.063102039505,7.345137925806
03f176b6-run-b,Dyadic multiply,256,30,2697,33294744.000000,12345.103448275862,20736966.771692253649,entries/s,4.091494733541,7.316745231771
03f176b6-run-b,Dyadic multiply,256,31,2784,32392968.000000,11635.405172413793,22001812.245176173747,entries/s,4.065781511050,7.342458454262
03f176b6-run-b,Dyadic multiply,256,32,2871,31619419.000000,11013.381748519680,23244449.874300345778,entries/s,4.041920693106,7.366319272206
03f176b6-run-b,Dyadic multiply,256,33,2958,32040904.000000,10831.948613928331,23633790.107794709504,entries/s,4.034706591081,7.373533374231
03f176b6-run-b,Dyadic multiply,256,34,3045,33166657.000000,10892.169786535304,23503122.428045734763,entries/s,4.037114402479,7.371125562833
03f176b6-run-b,Dyadic multiply,256,35,3132,34209859.000000,10922.688058748403,23437454.097662314773,entries/s,4.038329530807,7.369910434505
03f176b6-run-b,Dyadic multiply,256,36,3219,34722904.000000,10786.860515688102,23732577.206100042909,entries/s,4.032895062930,7.375344902381
03f176b6-run-b,Dyadic multiply,256,37,3306,35302787.000000,10678.398971566849,23973631.316983554512,entries/s,4.028506143148,7.379733822164
03f176b6-run-b,Dyadic multiply,256,38,3393,38194518.000000,11256.857648099027,22741692.930906996131,entries/s,4.051417174125,7.356822791187
03f176b6-run-b,Dyadic multiply,256,39,3480,40805840.000000,11725.816091954022,21832169.120890539140,entries/s,4.069143078415,7.339096886897
03f176b6-run-b,Dyadic multiply,256,40,3567,39245332.000000,11002.335856462012,23267786.344628199935,entries/s,4.041484898056,7.366755067256
03f176b6-run-b,Dyadic multiply,256,41,3654,44431730.000000,12159.750957854407,21053062.754927616566,entries/s,4.084924680304,7.323315285008
03f176b6-run-b,Dyadic multiply,256,42,3741,43343551.000000,11586.086875167068,22095466.981927715242,entries/s,4.063936780616,7.344303184696
03f176b6-run-b,Dyadic multiply,256,43,3828,48287324.000000,12614.243469174504,20294518.702258173376,entries/s,4.100861209113,7.307378756199
03f176b6-run-b,Dyadic multiply,256,44,3915,48556278.000000,12402.625287356323,20640791.289645388722,entries/s,4.093513622834,7.314726342477
03f176b6-run-b,Dyadic multiply,256,45,4002,45562162.000000,11384.848075962020,22486026.892226930708,entries/s,4.056327239588,7.351912725724
03f176b6-run-b,Dyadic multiply,256,46,4089,45434913.000000,11111.497432134996,23039198.952576402575,entries/s,4.045772590236,7.362467375076
03f176b6-run-b,Dyadic multiply,256,47,4176,46214818.000000,11066.766762452107,23132320.893268473446,entries/s,4.044020757073,7.364219208239
03f176b6-run-b,Dyadic multiply,256,48,4263,46198056.000000,10836.982406755806,23622812.180668380111,entries/s,4.034908368315,7.373331596997
03f176b6-run-b,Dyadic multiply,256,49,4350,47173793.000000,10844.550114942529,23606327.352138083428,entries/s,4.035211540062,7.373028425250
03f176b6-run-b,Dyadic multiply,256,50,4437,50056374.000000,11281.580797836375,22691855.386888392270,entries/s,4.052369958129,7.355870007183
03f176b6-run-b,Dyadic multiply,256,51,4524,54353359.000000,12014.447170645446,21307680.358816463500,entries/s,4.079703792097,7.328536173215
03f176b6-run-b,Dyadic multiply,256,52,4611,53901636.000000,11689.793103448275,21899446.614199243486,entries/s,4.067806824693,7.340433140619
03f176b6-run-b,Dyadic multiply,256,53,4698,53608168.000000,11410.848871860366,22434790.161081422120,entries/s,4.057317953503,7.350922011809
03f176b6-run-b,Dyadic multiply,256,54,4785,56230595.000000,11751.430512016719,21784581.863307688385,entries/s,4.070090736877,7.338149228435
03f176b6-run-b,Dyadic multiply,256,55,4872,53584072.000000,10998.372742200329,23276170.575465038419,entries/s,4.041328434125,7.366911531186
03f176b6-run-b,Dyadic multiply,256,56,4959,53935230.000000,10876.231094978826,23537565.335310518742,entries/s,4.036478426776,7.371761538536
03f176b6-run-b,Dyadic multiply,256,57,5046,53883756.000000,10678.508917954816,23973384.483442466706,entries/s,4.028510614686,7.379729350626
03f176b6-run-b,Dyadic multiply,256,58,5133,56692727.000000,11044.754919150595,23178422.868951071054,entries/s,4.043156083409,7.365083881903
03f176b6-run-b,Dyadic multiply,256,59,5220,58974264.000000,11297.751724137932,22659375.621881432831,entries/s,4.052992026585,7.355247938727
03f176b6-run-b,Dyadic multiply,256,60,5307,59184204.000000,11152.101752402486,22955314.225397035480,entries/s,4.047356723299,7.360883242013
03f176b6-run-b,Dyadic multiply,256,61,5394,58426369.000000,10831.733222098628,23634260.071852147579,entries/s,4.034697955108,7.373542010204
03f176b6-run-b,Dyadic multiply,256,62,5481,59031743.000000,10770.250501733261,23769177.881127446890,entries/s,4.032225804529,7.376014160783
03f176b6-run-b,Dyadic multiply,256,63,5568,59672107.000000,10716.973239942528,23887341.534630242735,entries/s,4.030072146290,7.378167819022
03f176b6-run-b,Dyadic multiply,256,64,5655,61798879.000000,10928.183731211317,23425667.640346683562,entries/s,4.038547988019,7.369691977292
03f176b6-run-b,Dyadic multiply,256,65,5742,65280828.000000,11369.005224660397,22517361.452584516257,entries/s,4.055722466065,7.352517499247
03f176b6-run-b,Dyadic multiply,256,66,5829,65186125.000000,11183.071710413449,22891742.682971261442,entries/s,4.048561109781,7.359678855531
03f176b6-run-b,Dyadic multiply,256,67,5916,69899496.000000,11815.330628803245,21666765.665949866176,entries/s,4.072445879016,7.335794086296
03f176b6-run-b,Dyadic multiply,256,68,6003,68124162.000000,11348.352823588206,22558339.873597271740,entries/s,4.054932829675,7.353307135636
03f176b6-run-b,Dyadic multiply,256,69,6090,65316382.000000,10725.185878489327,23869050.187133759260,entries/s,4.030404827692,7.377835137620
03f176b6-run-b,Dyadic multiply,256,70,6177,81937706.000000,13264.967783713777,19298953.768610510975,entries/s,4.122706199560,7.285533765752
03f176b6-run-b,Dyadic multiply,256,71,6264,72820984.000000,11625.316730523627,22020905.402761377394,entries/s,4.065404794030,7.342835171281
03f176b6-run-b,Dyadic multiply,256,72,6351,72070273.000000,11347.862226421035,22559315.128444153816,entries/s,4.054914054418,7.353325910894
03f176b6-run-b,Dyadic multiply,256,73,6438,69057927.000000,10726.611835973905,23865877.120811924338,entries/s,4.030462565087,7.377777400225
03f176b6-run-b,Dyadic multiply,256,74,6525,74106322.000000,11357.290727969348,22540587.023061271757,entries/s,4.055274743151,7.352965222161
03f176b6-run-b,Dyadic multiply,256,75,6612,74604142.000000,11283.143073200243,22688713.449717041105,entries/s,4.052430095144,7.355809870167
03f176b6-run-b,Dyadic multiply,256,76,6699,73584058.000000,10984.334676817436,23305917.702989414334,entries/s,4.040773756756,7.367466208556
03f176b6-run-b,Dyadic multiply,256,77,6786,74899916.000000,11037.417624521073,23193831.085204422474,entries/s,4.042867475331,7.365372489981
03f176b6-run-b,Dyadic multiply,256,78,6873,76681397.000000,11156.903390077114,22945434.862121772021,entries/s,4.047543672450,7.360696292862
03f176b6-run-b,Dyadic multiply,256,79,6960,75349197.000000,10826.034051724138,23646701.901813231409,entries/s,4.034469388768,7.373770576544
03f176b6-run-b,Dyadic multiply,256,80,7047,74931343.000000,10633.084007379026,24075799.629001714289,entries/s,4.026659245063,7.381580720249
03f176b6-run-b,Dyadic multiply,256,81,7134,74129509.000000,10391.016119988786,24636666.620845958591,entries/s,4.016658018561,7.391581946751
03f176b6-run-b,Dyadic multiply,256,82,7221,81147750.000000,11237.744079767344,22780372.838433600962,entries/s,4.050679137564,7.357560827748
03f176b6-run-b,Dyadic multiply,256,83,7308,82942223.000000,11349.510536398468,22556038.798236694187,entries/s,4.054977132373,7.353262832939
03f176b6-run-b,Dyadic multiply,256,84,7395,82508236.000000,11157.300338066261,22944618.522689055651,entries/s,4.047559123803,7.360680841509
03f176b6-run-b,Dyadic multiply,256,85,7482,82145207.000000,10979.043972199946,23317148.619517143816,entries/s,4.040564524479,7.367675440833
03f176b6-run-b,Dyadic multiply,256,86,7569,79674403.000000,10526.410754392919,24319780.595029998571,entries/s,4.022280312754,7.385959652558
03f176b6-run-b,Dyadic multiply,256,87,7656,81171845.000000,10602.383098223616,24145514.987370312214,entries/s,4.025403492631,7.382836472681
03f176b6-run-b,Dyadic multiply,256,88,7743,81086430.000000,10472.223944207672,24445619.322493296117,entries/s,4.020038920851,7.388201044461
03f176b6-run-b,Dyadic multiply,256,89,7830,81721068.000000,10436.918007662834,24528313.800304226577,entries/s,4.018572271667,7.389667693645
03f176b6-run-b,Dyadic multiply,256,90,7917,82419190.000000,10410.406719717064,24590777.948679186404,entries/s,4.017467697107,7.390772268205
03f176b6-run-b,Dyadic multiply,256,91,8004,82448383.000000,10300.897426286856,24852203.590214740485,entries/s,4.012875062599,7.395364902713
03f176b6-run-b,Dyadic multiply,256,92,8091,83787778.000000,10355.676430601903,24720741.490483254194,entries/s,4.015178472180,7.393061493132
03f176b6-run-b,Dyadic multiply,256,93,8178,85062639.000000,10401.398752751284,24612074.403193630278,entries/s,4.017091746006,7.391148219306
03f176b6-run-b,Dyadic multiply,256,94,8265,85788702.000000,10379.758257713249,24663387.493611920625,entries/s,4.016187239007,7.392052726305
03f176b6-run-b,Dyadic multiply,256,95,8352,88126533.000000,10551.548491379310,24261841.776982195675,entries/s,4.023316199151,7.384923766160
03f176b6-run-b,Dyadic multiply,256,96,8439,98582860.000000,11681.817750918355,21914397.695502039045,entries/s,4.067510426490,7.340729538822
03f176b6-run-b,Dyadic multiply,256,97,8526,96989388.000000,11375.719915552429,22504070.239106982946,entries/s,4.055978890644,7.352261074668
03f176b6-run-b,Dyadic multiply,256,98,8613,99462636.000000,11547.966562173458,22168405.027994632721,entries/s,4.062505517685,7.345734447627
03f176b6-run-b,Dyadic multiply,256,99,8700,99106941.000000,11391.602413793104,22472694.420060850680,entries/s,4.056584818945,7.351655146367
03f176b6-run-b,Dyadic multiply,4096,0,3,1428790.000000,476263.333333333314,8600284.156524052843,entries/s,5.677847147239,6.934512800729
03f176b6-run-b,Dyadic multiply,4096,1,6,2853111.000000,475518.500000000000,8613755.300792712718,entries/s,5.677167417786,6.935192530182
03f176b6-run-b,Dyadic multiply,4096,2,9,4270307.000000,474478.555555555562,8632634.609174469486,entries/s,5.676216588914,6.936143359053
03f176b6-run-b,Dyadic multiply,4096,3,12,5700145.000000,475012.083333333314,8622938.539282772690,entries/s,5.676704657326,6.935655290641
03f176b6-run-b,Dyadic multiply,4096,4,15,7156941.000000,477129.400000000023,8584673.256353517994,entries/s,5.678636177960,6.933723770008
03f176b6-run-b,Dyadic multiply,4096,5,18,8556049.000000,475336.055555555562,8617061.449741579592,entries/s,5.677000757983,6.935359189985
03f176b6-run-b,Dyadic multiply,4096,6,21,9991824.000000,475801.142857142841,8608638.422774460167,entries/s,5.677425480862,6.934934467106
03f176b6-run-b,Dyadic multiply,4096,7,24,11629087.000000,484545.291666666686,8453286.143615573645,entries/s,5.685334377881,6.927025570086
03f176b6-run-b,Dyadic multiply,4096,8,27,13620161.000000,504450.407407407416,8119727.806448102929,entries/s,5.702818477118,6.909541470850
03f176b6-run-b,Dyadic multiply,4096,9,30,14464668.000000,482155.599999999977,8495182.882870176807,entries/s,5.683187215243,6.929172732724
03f176b6-run-b,Dyadic multiply,4096,10,33,15968816.000000,483903.515151515137,8464497.305247928947,entries/s,5.684758776904,6.927601171064
03f176b6-run-b,Dyadic multiply,4096,11,36,17255481.000000,479318.916666666686,8545458.686431284994,entries/s,5.680624569075,6.931735378893
03f176b6-run-b,Dyadic multiply,4096,12,39,18707669.000000,479683.820512820501,8538958.007007714361,entries/s,5.680955070185,6.931404877783
03f176b6-run-b,Dyadic multiply,4096,13,42,20165023.000000,480119.595238095266,8531207.725376756862,entries/s,5.681349431297,6.931010516670
03f176b6-run-b,Dyadic multiply,4096,14,45,22149532.000000,492211.822222222225,8321620.520018210635,entries/s,5.692152040623,6.920207907345
03f176b6-run-b,Dyadic multiply,4096,15,48,24951868.000000,519830.583333333314,7879490.224940272979,entries/s,5.715861826881,6.896498121086
03f176b6-run-b,Dyadic multiply,4096,16,51,25526164.000000,500513.019607843133,8183603.302086439915,entries/s,5.699415379059,6.912944568909
03f176b6-run-b,Dyadic multiply,4096,17,54,25840654.000000,478530.629629629606,8559535.683578288183,entries/s,5.679909741180,6.932450206788
03f176b6-run-b,Dyadic multiply,4096,18,57,27376859.000000,480295.771929824550,8528078.403735067695,entries/s,5.681508763538,6.930851184430
03f176b6-run-b,Dyadic multiply,4096,19,60,29958711.000000,499311.849999999977,8203290.188286138698,entries/s,5.698371873142,6.913988074826
03f176b6-run-b,Dyadic multiply,4096,20,63,30373980.000000,482126.666666666686,8495692.694865802303,entries/s,5.683161153192,6.929198794776
03f176b6-run-b,Dyadic multiply,4096,21,66,33129105.000000,501956.136363636353,8160075.558938281611,entries/s,5.700665767807,6.911694180160
03f176b6-run-b,Dyadic multiply,4096,22,69,33155085.000000,480508.478260869568,8524303.285604605451,entries/s,5.681701054917,6.930658893051
03f176b6-run-b,Dyadic multiply,4096,23,72,34443498.000000,478381.916666666686,8562196.557387985289,entries/s,5.679774754508,6.932585193460
03f176b6-run-b,Dyadic multiply,4096,24,75,35863068.000000,478174.239999999991,8565915.219523327425,entries/s,5.679586176282,6.932773771686
03f176b6-run-b,Dyadic multiply,4096,25,78,37259383.000000,477684.397435897437,8574699.156988186762,entries/s,5.679141056192,6.933218891776
03f176b6-run-b,Dyadic multiply,4096,26,81,38742020.000000,478296.543209876516,8563724.865146422759,entries/s,5.679697242109,6.932662705859
03f176b6-run-b,Dyadic multiply,4096,27,84,40222631.000000,478840.845238095266,8553990.414003498852,entries/s,5.680191188737,6.932168759231
03f176b6-run-b,Dyadic multiply,4096,28,87,41555042.000000,477644.160919540212,8575421.485556434840,entries/s,5.679104472973,6.933255474995
03f176b6-run-b,Dyadic multiply,4096,29,90,45726876.000000,508076.400000000023,8061779.685102476738,entries/s,5.705929022527,6.906430925440
03f176b6-run-b,Dyadic multiply,4096,30,93,45838413.000000,492886.161290322605,8310235.347807524726,entries/s,5.692746624688,6.919613323280
03f176b6-run-b,Dyadic multiply,4096,31,96,45998627.000000,479152.364583333314,8548429.065067529678,entries/s,5.680473635702,6.931886312265
03f176b6-run-b,Dyadic multiply,4096,32,99,47329432.000000,478075.070707070699,8567692.086395628750,entries/s,5.679496097938,6.932863850029
03f176b6-run-b,Dyadic multiply,4096,33,102,49026129.000000,480648.323529411748,8521823.128234334290,entries/s,5.681827431859,6.930532516108
03f176b6-run-b,Dyadic multiply,4096,34,105,51005888.000000,485770.361904761929,8431967.697533272207,entries/s,5.686431013858,6.925928934110
03f176b6-run-b,Dyadic multiply,4096,35,108,53544998.000000,495787.018518518540,8261612.037038454786,entries/s,5.695295151194,6.917064796774
03f176b6-run-b,Dyadic multiply,4096,36,111,54516265.000000,491137.522522522544,8339822.986772846431,entries/s,5.691203115158,6.921156832810
03f176b6-run-b,Dyadic multiply,4096,37,114,56469346.000000,495345.140350877191,8268981.900374762714,entries/s,5.694907906646,6.917452041322
03f176b6-run-b,Dyadic multiply,4096,38,117,58173935.000000,497213.119658119685,8237916.173282759264,entries/s,5.696542579583,6.915817368384
03f176b6-run-b,Dyadic multiply,4096,39,120,60369222.000000,503076.849999999977,8141897.207156322896,entries/s,5.701634332932,6.910725615036
03f176b6-run-b,Dyadic multiply,4096,40,123,59876709.000000,486802.512195121963,8414089.692204024643,entries/s,5.687352810786,6.925007137182
03f176b6-run-b,Dyadic multiply,4096,41,126,61877211.000000,491088.976190476213,8340647.415411143564,entries/s,5.691160185336,6.921199762631
03f176b6-run-b,Dyadic multiply,4096,42,129,63134752.000000,489416.682170542656,8369146.678520253859,entries/s,5.689678768553,6.922681179415
03f176b6-run-b,Dyadic multiply,4096,43,132,64668793.000000,489915.098484848510,8360632.306837704033,entries/s,5.690120823999,6.922239123968
03f176b6-run-b,Dyadic multiply,4096,44,135,66331897.000000,491347.385185185180,8336260.909287729301,entries/s,5.691388649199,6.920971298769
03f176b6-run-b,Dyadic multiply,4096,45,138,67077300.000000,486067.391304347839,8426815.032805435359,entries/s,5.686696486634,6.925663461334
03f176b6-run-b,Dyadic multiply,4096,46,141,68028454.000000,482471.304964539013,8489624.062307810411,entries/s,5.683471488734,6.928888459233
03f176b6-run-b,Dyadic multiply,4096,47,144,70297633.000000,488178.006944444438,8390382.077302658930,entries/s,5.688578209989,6.923781737978
03f176b6-run-b,Dyadic multiply,4096,48,147,71373315.000000,485532.755102040828,8436094.078017814085,entries/s,5.686218533688,6.926141414279
03f176b6-run-b,Dyadic multiply,4096,49,150,71978760.000000,479858.400000000023,8535851.409499134868,entries/s,5.681113101602,6.931246846365
03f176b6-run-b,Dyadic multiply,4096,50,153,74639181.000000,487837.784313725482,8396233.608190314844,entries/s,5.688275434525,6.924084513443
03f176b6-run-b,Dyadic multiply,4096,51,156,74243537.000000,475920.108974358998,8606486.514779057354,entries/s,5.677534055360,6.934825892608
03f176b6-run-b,Dyadic multiply,4096,52,159,77083938.000000,484804.641509433975,8448763.995425350964,entries/s,5.685566769104,6.926793178863
03f176b6-run-b,Dyadic multiply,4096,53,162,78372977.000000,483783.808641975280,8466591.743733303621,entries/s,5.684651329228,6.927708618740
03f176b6-run-b,Dyadic multiply,4096,54,165,78897757.000000,478168.224242424243,8566022.985925950110,entries/s,5.679580712527,6.932779235441
03f176b6-run-b,Dyadic multiply,4096,55,168,80100964.000000,476791.452380952367,8590758.033823413774,entries/s,5.678328461042,6.934031486926
03f176b6-run-b,Dyadic multiply,4096,56,171,81666640.000000,477582.690058479551,8576525.249477632344,entries/s,5.679048577442,6.933311370526
03f176b6-run-b,Dyadic multiply,4096,57,174,84461365.000000,485410.143678160908,8438224.980143288150,entries/s,5.686108847598,6.926251100369
03f176b6-run-b,Dyadic multiply,4096,58,177,86079702.000000,486326.000000000000,8422333.989957353100,entries/s,5.686927488476,6.925432459492
03f176b6-run-b,Dyadic multiply,4096,59,180,87619049.000000,486772.494444444426,8414608.563030626625,entries/s,5.687326030017,6.925033917951
03f176b6-run-b,Dyadic multiply,4096,60,183,89247448.000000,487690.972677595622,8398761.161215500906,entries/s,5.688144716730,6.924215231237
03f176b6-run-b,Dyadic multiply,4096,61,186,92108313.000000,495205.983870967757,8271305.544375782833,entries/s,5.694785883885,6.917574064083
03f176b6-run-b,Dyadic multiply,4096,62,189,91768959.000000,485550.047619047633,8435793.632572425529,entries/s,5.686234001051,6.926125946917
03f176b6-run-b,Dyadic multiply,4096,63,192,94700223.000000,493230.328125000000,8304436.622076380998,entries/s,5.693049772977,6.919310174991
03f176b6-run-b,Dyadic multiply,4096,64,195,94968269.000000,487016.764102564077,8410388.105526069179,entries/s,5.687543910767,6.924816037201
03f176b6-run-b,Dyadic multiply,4096,65,198,95597180.000000,482814.040404040425,8483597.528713712469,entries/s,5.683779891047,6.928580056921
03f176b6-run-b,Dyadic multiply,4096,66,201,101660844.000000,505775.343283582071,8098457.258529154584,entries/s,5.703957653524,6.908402294444
03f176b6-run-b,Dyadic multiply,4096,67,204,99504320.000000,487766.274509803916,8397464.552292805165,entries/s,5.688211768711,6.924148179257
03f176b6-run-b,Dyadic multiply,4096,68,207,103663931.000000,500791.937198067608,8179045.419375424273,entries/s,5.699657328073,6.912702619895
03f176b6-run-b,Dyadic multiply,4096,69,210,103521177.000000,492957.985714285693,8309024.539008091204,entries/s,5.692809906397,6.919550041571
03f176b6-run-b,Dyadic multiply,4096,70,213,105047259.000000,493179.619718309841,8305290.478831056505,entries/s,5.693005121397,6.919354826570
03f176b6-run-b,Dyadic multiply,4096,71,216,106817573.000000,494525.800925925898,8282682.101380454376,entries/s,5.694188954998,6.918170992970
03f176b6-run-b,Dyadic multiply,4096,72,219,106975900.000000,488474.429223744315,8385290.518705614842,entries/s,5.688841834098,6.923518113869
03f176b6-run-b,Dyadic multiply,4096,73,222,106387078.000000,479221.072072072071,8547203.448900062591,entries/s,5.680535906383,6.931824041584
03f176b6-run-b,Dyadic multiply,4096,74,225,111878962.000000,497239.831111111096,8237473.636911289766,entries/s,5.696565910273,6.915794037695
03f176b6-run-b,Dyadic multiply,4096,75,228,110495776.000000,484630.596491228091,8451798.193625066429,entries/s,5.685410829256,6.926949118711
03f176b6-run-b,Dyadic multiply,4096,76,231,112450883.000000,486800.359307359322,8414126.903743388131,entries/s,5.687350890111,6.925009057857
03f176b6-run-b,Dyadic multiply,4096,77,234,115507019.000000,493619.739316239313,8297885.343227497302,entries/s,5.693392518336,6.918967429632
03f176b6-run-b,Dyadic multiply,4096,78,237,117426578.000000,495470.793248945149,8266884.861449339427,entries/s,5.695018059014,6.917341888954
03f176b6-run-b,Dyadic multiply,4096,79,240,120628824.000000,502620.099999999977,8149296.058792714961,entries/s,5.701239852232,6.911120095736
03f176b6-run-b,Dyadic multiply,4096,80,243,118978435.000000,489623.189300411497,8365616.844766869210,entries/s,5.689861978473,6.922497969495
03f176b6-run-b,Dyadic multiply,4096,81,246,120302046.000000,489032.707317073189,8375717.899261662737,entries/s,5.689337906429,6.923022041539
03f176b6-run-b,Dyadic multiply,4096,82,249,124175035.000000,498694.919678714883,8213438.393635242246,entries/s,5.697834943982,6.914525003986
03f176b6-run-b,Dyadic multiply,4096,83,252,124408440.000000,493684.285714285739,8296800.442156496458,entries/s,5.693449303569,6.918910644399
03f176b6-run-b,Dyadic multiply,4096,84,255,124577943.000000,488540.952941176482,8384148.709214118309,entries/s,5.688900975201,6.923458972767
03f176b6-run-b,Dyadic multiply,4096,85,258,122854635.000000,476180.755813953467,8601775.586244670674,entries/s,5.677771840013,6.934588107955
03f176b6-run-b,Dyadic multiply,4096,86,261,125995629.000000,482741.873563218396,8484865.772605491802,entries/s,5.683714971636,6.928644976332
03f176b6-run-b,Dyadic multiply,4096,87,264,128672817.000000,487397.034090909117,8403826.272024493665,entries/s,5.687882882087,6.924477065880
03f176b6-run-b,Dyadic multiply,4096,88,267,132687377.000000,496956.468164794031,8242170.617330086417,entries/s,5.696318347559,6.916041600409
03f176b6-run-b,Dyadic multiply,4096,89,270,133910418.000000,495964.511111111089,8258655.424404694699,entries/s,5.695450601530,6.916909346437
03f176b6-run-b,Dyadic multiply,4096,90,273,134320730.000000,492017.326007326017,8324910.086477343924,entries/s,5.691980396379,6.920379551589
03f176b6-run-b,Dyadic multiply,4096,91,276,134036410.000000,485639.166666666686,8434245.590433226898,entries/s,5.686313705211,6.926046242756
03f176b6-run-b,Dyadic multiply,4096,92,279,135043995.000000,484028.655913978466,8462308.894223693758,entries/s,5.684871073911,6.927488874057
03f176b6-run-b,Dyadic multiply,4096,93,282,139447909.000000,494496.131205673737,8283179.061508910730,entries/s,5.694162898152,6.918197049815
03f176b6-run-b,Dyadic multiply,4096,94,285,139005821.000000,487739.722807017562,8397921.695667693391,entries/s,5.688188127118,6.924171820850
03f176b6-run-b,Dyadic multiply,4096,95,288,140981470.000000,489518.993055555562,8367397.502664711326,entries/s,5.689769546842,6.922590401125
03f176b6-run-b,Dyadic multiply,4096,96,291,145781936.000000,500968.852233676997,8176157.024008790031,entries/s,5.699810724423,6.912549223545
03f176b6-run-b,Dyadic multiply,4096,97,294,142020203.000000,483061.914965986391,8479244.322724986821,entries/s,5.684002798670,6.928357149297
03f176b6-run-b,Dyadic multiply,4096,98,297,143047763.000000,481642.299663299636,8504236.448632895947,entries/s,5.682724621322,6.929635326646
03f176b6-run-b,Dyadic multiply,4096,99,300,143799242.000000,479330.806666666642,8545246.712774744257,entries/s,5.680635342064,6.931724605904
03f176b6-run-b,Dyadic multiply,50000,0,7,55076008.000000,7868001.142857142724,6354854.186236592010,entries/s,6.895864414330,6.803105590006
03f176b6-run-b,Dyadic multiply,50000,1,7,56368750.000000,8052678.571428571828,6209114.092471448705,entries/s,6.905940364256,6.793029640080
03f176b6-run-b,Dyadic multiply,50000,2,7,54236108.000000,7748015.428571428172,6453265.414988848381,entries/s,6.889190476856,6.809779527480
03f176b6-run-b,Dyadic multiply,50000,3,7,53481694.000000,7640242.000000000000,6544295.324676888064,entries/s,6.883107114806,6.815862889530
03f176b6-run-b,Dyadic multiply,50000,4,7,54728972.000000,7818424.571428571828,6395150.268855771050,entries/s,6.893119250648,6.805850753689
03f176b6-run-b,Dyadic multiply,50000,5,7,54227798.000000,7746828.285714285448,6454254.329117328860,entries/s,6.889123929609,6.809846074727
03f176b6-run-b,Dyadic multiply,50000,6,7,53583312.000000,7654758.857142857276,6531884.404607165605,entries/s,6.883931513955,6.815038490381
03f176b6-run-b,Dyadic multiply,50000,7,7,54019325.000000,7717046.428571428172,6479162.781097320840,entries/s,6.887451113132,6.811518891204
03f176b6-run-b,Dyadic multiply,50000,8,7,53624378.000000,7660625.428571428172,6526882.232554753311,entries/s,6.884264227738,6.814705776598
03f176b6-run-b,Dyadic multiply,50000,9,7,53350676.000000,7621525.142857142724,6560366.732747678645,entries/s,6.882041886674,6.816928117662
03f176b6-run-b,Dyadic multiply,50000,10,7,53308984.000000,7615569.142857142724,6565497.477873523720,entries/s,6.881702365501,6.817267638835
03f176b6-run-b,Dyadic multiply,50000,11,7,53280139.000000,7611448.428571428172,6569051.931339744478,entries/s,6.881467309160,6.817502695177
03f176b6-run-b,Dyadic multiply,50000,12,7,53162528.000000,7594646.857142857276,6583584.588001533411,entries/s,6.880507584445,6.818462419891
03f176b6-run-b,Dyadic multiply,50000,13,7,53444334.000000,7634904.857142857276,6548870.082280377857,entries/s,6.882803629438,6.816166374898
03f176b6-run-b,Dyadic multiply,50000,14,7,53387344.000000,7626763.428571428172,6555860.879687141627,entries/s,6.882340275396,6.816629728940
03f176b6-run-b,Dyadic multiply,50000,15,7,53322952.000000,7617564.571428571828,6563777.639317492954,entries/s,6.881816144273,6.817153860063
03f176b6-run-b,Dyadic multiply,50000,16,7,53298996.000000,7614142.285714285448,6566727.823540991172,entries/s,6.881620988229,6.817349016107
03f176b6-run-b,Dyadic multiply,50000,17,7,53501813.000000,7643116.142857142724,6541834.386060898192,entries/s,6.883270459064,6.815699545272
03f176b6-run-b,Dyadic multiply,50000,18,7,54665770.000000,7809395.714285714552,6402544.041728489101,entries/s,6.892617429767,6.806352574569
03f176b6-run-b,Dyadic multiply,50000,19,7,53482955.000000,7640422.142857142724,6544141.025865156204,entries/s,6.883117354551,6.815852649785
03f176b6-run-b,Dyadic multiply,50000,20,7,54942128.000000,7848875.428571428172,6370339.350525338203,entries/s,6.894807436344,6.804162567992
03f176b6-run-b,Dyadic multiply,50000,21,7,55456501.000000,7922357.285714285448,6311252.850229407661,entries/s,6.898854424500,6.800115579836
03f176b6-run-b,Dyadic multiply,50000,22,7,54157473.000000,7736781.857142857276,6462635.359666800126,entries/s,6.888560351856,6.810409652480
03f176b6-run-b,Dyadic multiply,50000,23,7,54375234.000000,7767890.571428571828,6436753.908957890235,entries/s,6.890303098908,6.808666905428
03f176b6-run-b,Dyadic multiply,50000,24,7,53940060.000000,7705722.857142857276,6488683.920633384027,entries/s,6.886813385189,6.812156619147
03f176b6-run-b,Dyadic multiply,50000,25,7,54165574.000000,7737939.142857142724,6461668.808309868909,entries/s,6.888625309771,6.810344694565
03f176b6-run-b,Dyadic multiply,50000,26,7,55741310.000000,7963044.285714285448,6279005.642314470373,entries/s,6.901079131020,6.797890873316
03f176b6-run-b,Dyadic multiply,50000,27,7,56124872.000000,8017838.857142857276,6236094.400357830338,entries/s,6.904057323534,6.794912680802
03f176b6-run-b,Dyadic multiply,50000,28,7,54889821.000000,7841403.000000000000,6376409.935823984444,entries/s,6.894393774501,6.804576229835
03f176b6-run-b,Dyadic multiply,50000,29,7,54501510.000000,7785930.000000000000,6421840.422402976081,entries/s,6.891310494842,6.807659509494
03f176b6-run-b,Dyadic multiply,50000,30,7,54874945.000000,7839277.857142857276,6378138.511118325405,entries/s,6.894276057952,6.804693946384
03f176b6-run-b,Dyadic multiply,50000,31,7,54726954.000000,7818136.285714285448,6395386.083427920938,entries/s,6.893103236782,6.805866767554
03f176b6-run-b,Dyadic multiply,50000,32,7,54262306.000000,7751758.000000000000,6450149.759577117860,entries/s,6.889400206134,6.809569798202
03f176b6-run-b,Dyadic multiply,50000,33,7,54682116.000000,7811730.857142857276,6400630.143866415136,entries/s,6.892747271831,6.806222732505
03f176b6-run-b,Dyadic multiply,50000,34,7,54158873.000000,7736981.857142857276,6462468.301362179220,entries/s,6.888571578459,6.810398425877
03f176b6-run-b,Dyadic multiply,50000,35,7,54574981.000000,7796425.857142857276,6413195.086591051891,entries/s,6.891895553170,6.807074451166
03f176b6-run-b,Dyadic multiply,50000,36,7,55335122.000000,7905017.428571428172,6325096.744161873125,entries/s,6.897902831779,6.801067172557
03f176b6-run-b,Dyadic multiply,50000,37,7,56115518.000000,8016502.571428571828,6237133.906524751335,entries/s,6.903984936212,6.794985068124
03f176b6-run-b,Dyadic multiply,50000,38,7,55848518.000000,7978359.714285714552,6266952.329872029833,entries/s,6.901913613123,6.797056391213
03f176b6-run-b,Dyadic multiply,50000,39,7,56024795.000000,8003542.142857142724,6247233.925621682778,entries/s,6.903282236071,6.795687768265
03f176b6-run-b,Dyadic multiply,50000,40,7,54623310.000000,7803330.000000000000,6407520.891721867025,entries/s,6.892279973460,6.806690030876
03f176b6-run-b,Dyadic multiply,50000,41,7,54380127.000000,7768589.571428571828,6436174.744498114102,entries/s,6.890342177495,6.808627826841
03f176b6-run-b,Dyadic multiply,50000,42,7,55701924.000000,7957417.714285714552,6283445.433590408415,entries/s,6.900772156383,6.798197847953
03f176b6-run-b,Dyadic multiply,50000,43,7,53748003.000000,7678286.142857142724,6511869.845657335594,entries/s,6.885264292719,6.813705711617
03f176b6-run-b,Dyadic multiply,50000,44,7,53668385.000000,7666912.142857142724,6521530.319945345633,entries/s,6.884620486591,6.814349517745
03f176b6-run-b,Dyadic multiply,50000,45,7,53676836.000000,7668119.428571428172,6520503.555760999210,entries/s,6.884688868260,6.814281136076
03f176b6-run-b,Dyadic multiply,50000,46,7,53848087.000000,7692583.857142857276,6499766.649091916159,entries/s,6.886072239206,6.812897765130
03f176b6-run-b,Dyadic multiply,50000,47,7,55717572.000000,7959653.142857142724,6281680.759527712129,entries/s,6.900894142935,6.798075861401
03f176b6-run-b,Dyadic multiply,50000,48,7,54016123.000000,7716589.000000000000,6479546.856778299436,entries/s,6.887425369527,6.811544634809
03f176b6-run-b,Dyadic multiply,50000,49,7,54409883.000000,7772840.428571428172,6432654.891024118289,entries/s,6.890579752010,6.808390252326
03f176b6-run-b,Dyadic multiply,50000,50,7,55167440.000000,7881062.857142857276,6344321.940622947179,entries/s,6.896584791330,6.802385213006
03f176b6-run-b,Dyadic multiply,50000,51,7,55484235.000000,7926319.285714285448,6308098.147158377804,entries/s,6.899071562476,6.799898441860
03f176b6-run-b,Dyadic multiply,50000,52,7,54538668.000000,7791238.285714285448,6417465.127677852288,entries/s,6.891606486930,6.807363517406
03f176b6-run-b,Dyadic multiply,50000,53,7,53648554.000000,7664079.142857142724,6523940.980776481330,entries/s,6.884459980821,6.814510023515
03f176b6-run-b,Dyadic multiply,50000,54,7,53386095.000000,7626585.000000000000,6556014.258019808680,entries/s,6.882330114933,6.816639889403
03f176b6-run-b,Dyadic multiply,50000,55,7,53745423.000000,7677917.571428571828,6512182.442028597929,entries/s,6.885243445309,6.813726559027
03f176b6-run-b,Dyadic multiply,50000,56,7,53433306.000000,7633329.428571428172,6550221.691317397170,entries/s,6.882714005461,6.816255998875
03f176b6-run-b,Dyadic multiply,50000,57,7,53966118.000000,7709445.428571428172,6485550.804302804172,entries/s,6.887023138625,6.811946865711
03f176b6-run-b,Dyadic multiply,50000,58,7,54425108.000000,7775015.428571428172,6430855.405927720480,entries/s,6.890701259504,6.808268744832
03f176b6-run-b,Dyadic multiply,50000,59,7,54045177.000000,7720739.571428571828,6476063.534772029147,entries/s,6.887658903497,6.811311100839
03f176b6-run-b,Dyadic multiply,50000,60,7,54845407.000000,7835058.142857142724,6381573.574611270800,entries/s,6.894042223654,6.804927780682
03f176b6-run-b,Dyadic multiply,50000,61,7,54409045.000000,7772720.714285714552,6432753.965815793723,entries/s,6.890573063122,6.808396941214
03f176b6-run-b,Dyadic multiply,50000,62,7,53730267.000000,7675752.428571428172,6514019.370125222020,entries/s,6.885120958685,6.813849045651
03f176b6-run-b,Dyadic multiply,50000,63,7,53811282.000000,7687326.000000000000,6504212.257942488417,entries/s,6.885775298787,6.813194705549
03f176b6-run-b,Dyadic multiply,50000,64,7,53861359.000000,7694479.857142857276,6498165.038873230107,entries/s,6.886179267077,6.812790737259
03f176b6-run-b,Dyadic multiply,50000,65,7,54573033.000000,7796147.571428571828,6413424.007421393879,entries/s,6.891880051181,6.807089953155
03f176b6-run-b,Dyadic multiply,50000,66,7,53449303.000000,7635614.714285714552,6548261.256091590039,entries/s,6.882844006196,6.816125998140
03f176b6-run-b,Dyadic multiply,50000,67,7,53368987.000000,7624141.000000000000,6558115.858560328372,entries/s,6.882190919497,6.816779084839
03f176b6-run-b,Dyadic multiply,50000,68,7,53618597.000000,7659799.571428571828,6527585.941870130599,entries/s,6.884217405904,6.814752598432
03f176b6-run-b,Dyadic multiply,50000,69,7,53619364.000000,7659909.142857142724,6527492.567796962336,entries/s,6.884223618328,6.814746386008
03f176b6-run-b,Dyadic multiply,50000,70,7,53911436.000000,7701633.714285714552,6492129.054028536193,entries/s,6.886582859957,6.812387144379
03f176b6-run-b,Dyadic multiply,50000,71,7,53744239.000000,7677748.428571428172,6512325.907154439948,entries/s,6.885233877790,6.813736126546
03f176b6-run-b,Dyadic multiply,50000,72,7,56688076.000000,8098296.571428571828,6174137.926289824769,entries/s,6.908393677221,6.790576327115
03f176b6-run-b,Dyadic multiply,50000,73,7,54846807.000000,7835258.142857142724,6381410.680844192393,entries/s,6.894053309442,6.804916694894
03f176b6-run-b,Dyadic multiply,50000,74,7,53647719.000000,7663959.857142857276,6524042.522665316239,entries/s,6.884453221297,6.814516783039
03f176b6-run-b,Dyadic multiply,50000,75,7,53835032.000000,7690718.857142857276,6501342.843076604418,entries/s,6.885966935523,6.813003068813
03f176b6-run-b,Dyadic multiply,50000,76,7,54225648.000000,7746521.142857142724,6454510.234714022838,entries/s,6.889106710550,6.809863293786
03f176b6-run-b,Dyadic multiply,50000,77,7,54404997.000000,7772142.428571428172,6433232.594425104558,entries/s,6.890540750674,6.808429253662
03f176b6-run-b,Dyadic multiply,50000,78,7,58422627.000000,8346089.571428571828,5990829.546230435371,entries/s,6.921483041311,6.777486963025
03f176b6-run-b,Dyadic multiply,50000,79,7,53945658.000000,7706522.571428571828,6488010.582797970623,entries/s,6.886858454741,6.812111549595
03f176b6-run-b,Dyadic multiply,50000,80,7,55226808.000000,7889544.000000000000,6337501.888575563207,entries/s,6.897051902575,6.801918101761
03f176b6-run-b,Dyadic multiply,50000,81,7,55130359.000000,7875765.571428571828,6348589.168447097763,entries/s,6.896292780530,6.802677223806
03f176b6-run-b,Dyadic multiply,50000,82,7,54070812.000000,7724401.714285714552,6472993.229692944326,entries/s,6.887864851560,6.811105152776
03f176b6-run-b,Dyadic multiply,50000,83,7,53547573.000000,7649653.285714285448,6536243.948908758350,entries/s,6.883641751557,6.815328252779
03f176b6-run-b,Dyadic multiply,50000,84,7,53492329.000000,7641761.285714285448,6542994.230069885962,entries/s,6.883193467019,6.815776537317
03f176b6-run-b,Dyadic multiply,50000,85,7,53594295.000000,7656327.857142857276,6530545.835149058141,entries/s,6.884020522405,6.814949481931
03f176b6-run-b,Dyadic multiply,50000,86,7,55312017.000000,7901716.714285714552,6327738.870922027156,entries/s,6.897721455663,6.801248548673
03f176b6-run-b,Dyadic multiply,50000,87,7,54878798.000000,7839828.285714285448,6377690.706709721126,entries/s,6.894306550518,6.804663453818
03f176b6-run-b,Dyadic multiply,50000,88,7,53505110.000000,7643587.142857142724,6541431.276377153583,entries/s,6.883297221237,6.815672783099
03f176b6-run-b,Dyadic multiply,50000,89,7,53476475.000000,7639496.428571428172,6544934.010702837259,entries/s,6.883064732201,6.815905272135
03f176b6-run-b,Dyadic multiply,50000,90,7,53497637.000000,7642519.571428571828,6542345.038529458456,entries/s,6.883236559567,6.815733444769
03f176b6-run-b,Dyadic multiply,50000,91,7,53716306.000000,7673758.000000000000,6515712.379775333218,entries/s,6.885008099147,6.813961905189
03f176b6-run-b,Dyadic multiply,50000,92,7,53527459.000000,7646779.857142857276,6538700.071677230299,entries/s,6.883478587481,6.815491416855
03f176b6-run-b,Dyadic multiply,50000,93,7,53400559.000000,7628651.285714285448,6554238.505256096832,entries/s,6.882447763257,6.816522241079
03f176b6-run-b,Dyadic multiply,50000,94,7,53405098.000000,7629299.714285714552,6553681.448164368048,entries/s,6.882484676332,6.816485328004
03f176b6-run-b,Dyadic multiply,50000,95,7,53469281.000000,7638468.714285714552,6545814.595861125737,entries/s,6.883006304179,6.815963700157
03f176b6-run-b,Dyadic multiply,50000,96,7,53409918.000000,7629988.285714285448,6553090.008488685824,entries/s,6.882523871185,6.816446133151
03f176b6-run-b,Dyadic multiply,50000,97,7,54030448.000000,7718635.428571428172,6477828.945634506643,entries/s,6.887540528545,6.811429475791
03f176b6-run-b,Dyadic multiply,50000,98,7,53566360.000000,7652337.142857142724,6533951.532267639413,entries/s,6.883794095707,6.815175908629
03f176b6-run-b,Dyadic multiply,50000,99,7,53561750.000000,7651678.571428571828,6534513.902178326622,entries/s,6.883756718074,6.815213286262
03f176b6-run-b,Dyadic multiply,200000,0,2,79881781.000000,39940890.500000000000,5007399.622199209407,entries/s,7.601417743432,6.699612252232
03f176b6-run-b,Dyadic multiply,200000,1,2,82936247.000000,41468123.500000000000,4822981.681338920258,entries/s,7.617714383277,6.683315612387
03f176b6-run-b,Dyadic multiply,200000,2,2,79970828.000000,39985414.000000000000,5001823.915090638213,entries/s,7.601901596964,6.699128398700
03f176b6-run-b,Dyadic multiply,200000,3,2,80086347.000000,40043173.500000000000,4994609.131066996604,entries/s,7.602528488860,6.698501506804
03f176b6-run-b,Dyadic multiply,200000,4,2,82228560.000000,41114280.000000000000,4864489.904724100605,entries/s,7.613992689226,6.687037306438
03f176b6-run-b,Dyadic multiply,200000,5,2,79697338.000000,39848669.000000000000,5018988.212630138732,entries/s,7.600413819945,6.700616175719
03f176b6-run-b,Dyadic multiply,200000,6,2,80624539.000000,40312269.500000000000,4961268.677765711211,entries/s,7.605437248750,6.695592746914
03f176b6-run-b,Dyadic multiply,200000,7,2,78570745.000000,39285372.500000000000,5090953.382203515619,entries/s,7.594230875438,6.706799120226
03f176b6-run-b,Dyadic multiply,200000,8,2,79390530.000000,39695265.000000000000,5038384.300999124534,entries/s,7.598738705579,6.702291290085
03f176b6-run-b,Dyadic multiply,200000,9,2,79687491.000000,39843745.500000000000,5019608.410057733767,entries/s,7.600360157400,6.700669838264
03f176b6-run-b,Dyadic multiply,200000,10,2,79200286.000000,39600143.000000000000,5050486.812636004761,entries/s,7.597696754208,6.703333241456
03f176b6-run-b,Dyadic multiply,200000,11,2,80383869.000000,40191934.500000000000,4976122.759157064371,entries/s,7.604138909961,6.696891085703
03f176b6-run-b,Dyadic multiply,200000,12,2,80316892.000000,40158446.000000000000,4980272.394006481394,entries/s,7.603776898692,6.697253096972
03f176b6-run-b,Dyadic multiply,200000,13,2,79988643.000000,39994321.500000000000,5000709.913281064481,entries/s,7.601998333421,6.699031662243
03f176b6-run-b,Dyadic multiply,200000,14,2,78710635.000000,39355317.500000000000,5081905.386737128720,entries/s,7.595003420428,6.706026575236
03f176b6-run-b,Dyadic multiply,200000,15,2,78453693.000000,39226846.500000000000,5098549.025601637550,entries/s,7.593583396004,6.707446599660
03f176b6-run-b,Dyadic multiply,200000,16,2,82385217.000000,41192608.500000000000,4855239.988018724136,entries/s,7.614819294294,6.686210701370
03f176b6-run-b,Dyadic multiply,200000,17,2,85658772.000000,42829386.000000000000,4669691.038764833473,entries/s,7.631741848417,6.669288147247
03f176b6-run-b,Dyadic multiply,200000,18,2,80408388.000000,40204194.000000000000,4974605.385696825571,entries/s,7.604271359951,6.696758635713
03f176b6-run-b,Dyadic multiply,200000,19,2,80716523.000000,40358261.500000000000,4955614.849762544967,entries/s,7.605932450002,6.695097545662
03f176b6-run-b,Dyadic multiply,200000,20,2,78846061.000000,39423030.500000000000,5073176.705682228319,entries/s,7.595750006012,6.705279989652
03f176b6-run-b,Dyadic multiply,200000,21,2,78820638.000000,39410319.000000000000,5074813.020417317748,entries/s,7.595609950201,6.705420045463
03f176b6-run-b,Dyadic multiply,200000,22,2,80475714.000000,40237857.000000000000,4970443.629739029333,entries/s,7.604634842876,6.696395152788
03f176b6-run-b,Dyadic multiply,200000,23,2,79023176.000000,39511588.000000000000,5061806.171900759451,entries/s,7.596724484649,6.704305511015
03f176b6-run-b,Dyadic multiply,200000,24,2,80563992.000000,40281996.000000000000,4964997.265776005574,entries/s,7.605110981998,6.695919013665
03f176b6-run-b,Dyadic multiply,200000,25,2,81572765.000000,40786382.500000000000,4903597.420045771636,entries/s,7.610515187789,6.690514807875
03f176b6-run-b,Dyadic multiply,200000,26,2,81678504.000000,40839252.000000000000,4897249.342372871935,entries/s,7.611077779075,6.689952216589
03f176b6-run-b,Dyadic multiply,200000,27,2,81015160.000000,40507580.000000000000,4937347.528536634520,entries/s,7.607536298379,6.693493697285
03f176b6-run-b,Dyadic multiply,200000,28,2,78551757.000000,39275878.500000000000,5092183.997870346531,entries/s,7.594125907867,6.706904087797
03f176b6-run-b,Dyadic multiply,200000,29,2,79142119.000000,39571059.500000000000,5054198.763619154692,entries/s,7.597377678491,6.703652317173
03f176b6-run-b,Dyadic multiply,200000,30,2,78785095.000000,39392547.500000000000,5077102.464622274041,entries/s,7.595414067365,6.705615928299
03f176b6-run-b,Dyadic multiply,200000,31,2,84499219.000000,42249609.500000000000,4733771.563024742529,entries/s,7.625822699255,6.675207296409
03f176b6-run-b,Dyadic multiply,200000,32,2,79875651.000000,39937825.500000000000,5007783.911520170048,entries/s,7.601384415090,6.699645580574
03f176b6-run-b,Dyadic multiply,200000,33,2,81727607.000000,40863803.500000000000,4894307.011827716604,entries/s,7.611338787215,6.689691208449
03f176b6-run-b,Dyadic multiply,200000,34,2,80245805.000000,40122902.500000000000,4984684.246111058630,entries/s,7.603392342448,6.697637653216
03f176b6-run-b,Dyadic multiply,200000,35,2,79721724.000000,39860862.000000000000,5017452.959246089682,entries/s,7.600546686181,6.700483309483
03f176b6-run-b,Dyadic multiply,200000,36,2,80473694.000000,40236847.000000000000,4970568.394685597159,entries/s,7.604623941627,6.696406054037
03f176b6-run-b,Dyadic multiply,200000,37,2,81374564.000000,40687282.000000000000,4915540.929964306764,entries/s,7.609458678995,6.691571316669
03f176b6-run-b,Dyadic multiply,200000,38,2,79060476.000000,39530238.000000000000,5059418.058651708998,entries/s,7.596929429111,6.704100566553
03f176b6-run-b,Dyadic multiply,200000,39,2,78834751.000000,39417375.500000000000,5073904.527205267921,entries/s,7.595687704575,6.705342291089
03f176b6-run-b,Dyadic multiply,200000,40,2,78944682.000000,39472341.000000000000,5066839.081066917628,entries/s,7.596292884015,6.704737111649
03f176b6-run-b,Dyadic multiply,200000,41,2,79744706.000000,39872353.000000000000,5016006.955997806042,entries/s,7.600671865579,6.700358130085
03f176b6-run-b,Dyadic multiply,200000,42,2,78866814.000000,39433407.000000000000,5071841.750828174874,entries/s,7.595864301227,6.705165694437
03f176b6-run-b,Dyadic multiply,200000,43,2,79331042.000000,39665521.000000000000,5042162.436237758957,entries/s,7.598413163045,6.702616832619
03f176b6-run-b,Dyadic multiply,200000,44,2,80285410.000000,40142705.000000000000,4982225.288505096920,entries/s,7.603606633896,6.697423361768
03f176b6-run-b,Dyadic multiply,200000,45,2,81903330.000000,40951665.000000000000,4883806.311660343781,entries/s,7.612271563865,6.688758431799
03f176b6-run-b,Dyadic multiply,200000,46,2,81687593.000000,40843796.500000000000,4896704.448128371499,entries/s,7.611126103698,6.689903891966
03f176b6-run-b,Dyadic multiply,200000,47,2,80852024.000000,40426012.000000000000,4947309.667844555341,entries/s,7.606660900576,6.694369095088
03f176b6-run-b,Dyadic multiply,200000,48,2,80485153.000000,40242576.500000000000,4969860.714559366927,entries/s,7.604685778308,6.696344217356
03f176b6-run-b,Dyadic multiply,200000,49,2,78530742.000000,39265371.000000000000,5093546.677554631606,entries/s,7.594009705252,6.707020290412
03f176b6-run-b,Dyadic multiply,200000,50,2,79138771.000000,39569385.500000000000,5054412.583687962964,entries/s,7.597359305863,6.703670689801
03f176b6-run-b,Dyadic multiply,200000,51,2,79080246.000000,39540123.000000000000,5058153.208071709611,entries/s,7.597038015967,6.703991979696
03f176b6-run-b,Dyadic multiply,200000,52,2,79971407.000000,39985703.500000000000,5001787.701446843334,entries/s,7.601904741306,6.699125254358
03f176b6-run-b,Dyadic multiply,200000,53,2,81317025.000000,40658512.500000000000,4919019.110696683638,entries/s,7.609151485840,6.691878509824
03f176b6-run-b,Dyadic multiply,200000,54,2,79135913.000000,39567956.500000000000,5054595.124213705771,entries/s,7.597343621565,6.703686374099
03f176b6-run-b,Dyadic multiply,200000,55,2,78601775.000000,39300887.500000000000,5088943.602100588381,entries/s,7.594402357805,6.706627637859
03f176b6-run-b,Dyadic multiply,200000,56,2,80462740.000000,40231370.000000000000,4971245.075671049766,entries/s,7.604564821866,6.696465173798
03f176b6-run-b,Dyadic multiply,200000,57,2,82901074.000000,41450537.000000000000,4825027.960433902219,entries/s,7.617530161295,6.683499834369
03f176b6-run-b,Dyadic multiply,200000,58,2,78773303.000000,39386651.500000000000,5077862.483435536735,entries/s,7.595349060350,6.705680935314
03f176b6-run-b,Dyadic multiply,200000,59,2,79233690.000000,39616845.000000000000,5048357.586274222471,entries/s,7.597879886305,6.703150109359
03f176b6-run-b,Dyadic multiply,200000,60,2,78409364.000000,39204682.000000000000,5101431.507593914866,entries/s,7.593337935524,6.707692060140
03f176b6-run-b,Dyadic multiply,200000,61,2,78884837.000000,39442418.500000000000,5070682.975487418473,entries/s,7.595963536822,6.705066458842
03f176b6-run-b,Dyadic multiply,200000,62,2,79641837.000000,39820918.500000000000,5022485.857527369633,entries/s,7.600111273142,6.700918722522
03f176b6-run-b,Dyadic multiply,200000,63,2,80459806.000000,40229903.000000000000,4971426.354172417894,entries/s,7.604548985427,6.696481010237
03f176b6-run-b,Dyadic multiply,200000,64,2,80255873.000000,40127936.500000000000,4984058.923637899570,entries/s,7.603446827571,6.697583168093
03f176b6-run-b,Dyadic multiply,200000,65,2,80651240.000000,40325620.000000000000,4959626.163218321279,entries/s,7.605581053321,6.695448942343
03f176b6-run-b,Dyadic multiply,200000,66,2,81678944.000000,40839472.000000000000,4897222.961158753373,entries/s,7.611080118602,6.689949877062
03f176b6-run-b,Dyadic multiply,200000,67,2,80159499.000000,40079749.500000000000,4990051.147899514996,entries/s,7.602924998510,6.698104997154
03f176b6-run-b,Dyadic multiply,200000,68,2,80412878.000000,40206439.000000000000,4974327.619513879530,entries/s,7.604295610255,6.696734385409
03f176b6-run-b,Dyadic multiply,200000,69,2,79170769.000000,39585384.500000000000,5052369.770464146510,entries/s,7.597534867677,6.703495127987
03f176b6-run-b,Dyadic multiply,200000,70,2,79718387.000000,39859193.500000000000,5017662.989091838710,entries/s,7.600528507058,6.700501488606
03f176b6-run-b,Dyadic multiply,200000,71,2,80404148.000000,40202074.000000000000,4974867.714536319487,entries/s,7.604248458645,6.696781537019
03f176b6-run-b,Dyadic multiply,200000,72,2,80540897.000000,40270448.500000000000,4966420.972440870479,entries/s,7.604986466458,6.696043529206
03f176b6-run-b,Dyadic multiply,200000,73,2,79374982.000000,39687491.000000000000,5039371.221526701935,entries/s,7.598653644150,6.702376351514
03f176b6-run-b,Dyadic multiply,200000,74,2,78651996.000000,39325998.000000000000,5085694.201581356116,entries/s,7.594679752793,6.706350242871
03f176b6-run-b,Dyadic multiply,200000,75,2,78672318.000000,39336159.000000000000,5084380.505986871198,entries/s,7.594791950740,6.706238044924
03f176b6-run-b,Dyadic multiply,200000,76,2,78883167.000000,39441583.500000000000,5070790.324632884003,entries/s,7.595954342666,6.705075652998
03f176b6-run-b,Dyadic multiply,200000,77,2,79265193.000000,39632596.500000000000,5046351.177117552608,entries/s,7.598052525745,6.702977469919
03f176b6-run-b,Dyadic multiply,200000,78,2,80015631.000000,40007815.500000000000,4999023.253344086930,entries/s,7.602144838752,6.698885156912
03f176b6-run-b,Dyadic multiply,200000,79,2,79504122.000000,39752061.000000000000,5031185.678649466485,entries/s,7.599359650168,6.701670345496
03f176b6-run-b,Dyadic multiply,200000,80,2,79921557.000000,39960778.500000000000,5004907.499487278052,entries/s,7.601633940389,6.699396055275
03f176b6-run-b,Dyadic multiply,200000,81,2,80744626.000000,40372313.000000000000,4953890.058268398046,entries/s,7.606083631609,6.694946364055
03f176b6-run-b,Dyadic multiply,200000,82,2,81223101.000000,40611550.500000000000,4924707.319411505945,entries/s,7.608649570646,6.692380425018
03f176b6-run-b,Dyadic multiply,200000,83,2,79365488.000000,39682744.000000000000,5039974.050181610510,entries/s,7.598601695308,6.702428300356
03f176b6-run-b,Dyadic multiply,200000,84,2,81077485.000000,40538742.500000000000,4933552.144593533128,entries/s,7.607870272877,6.693159722787
03f176b6-run-b,Dyadic multiply,200000,85,2,81038024.000000,40519012.000000000000,4935954.509453488514,entries/s,7.607658847148,6.693371148516
03f176b6-run-b,Dyadic multiply,200000,86,2,81915638.000000,40957819.000000000000,4883072.509305244312,entries/s,7.612336822443,6.688693173221
03f176b6-run-b,Dyadic multiply,200000,87,2,78909780.000000,39454890.000000000000,5069080.157111070119,entries/s,7.596100836909,6.704929158755
03f176b6-run-b,Dyadic multiply,200000,88,2,79778595.000000,39889297.500000000000,5013876.215794474818,entries/s,7.600856387913,6.700173607751
03f176b6-run-b,Dyadic multiply,200000,89,2,81474946.000000,40737473.000000000000,4909484.689931552857,entries/s,7.609994085631,6.691035910033
03f176b6-run-b,Dyadic multiply,200000,90,2,83482019.000000,41741009.500000000000,4791450.959038256668,entries/s,7.620562948203,6.680467047461
03f176b6-run-b,Dyadic multiply,200000,91,2,81487872.000000,40743936.000000000000,4908705.923747769557,entries/s,7.610062980985,6.690967014679
03f176b6-run-b,Dyadic multiply,200000,92,2,82231880.000000,41115940.000000000000,4864293.507578812540,entries/s,7.614010223627,6.687019772037
03f176b6-run-b,Dyadic multiply,200000,93,2,81388419.000000,40694209.500000000000,4914704.142366986722,entries/s,7.609532616569,6.691497379095
03f176b6-run-b,Dyadic multiply,200000,94,2,80982926.000000,40491463.000000000000,4939312.763285436668,entries/s,7.607363468577,6.693666527087
03f176b6-run-b,Dyadic multiply,200000,95,2,80897581.000000,40448790.500000000000,4944523.619315638207,entries/s,7.606905539866,6.694124455798
03f176b6-run-b,Dyadic multiply,200000,96,2,79277984.000000,39638992.000000000000,5045536.980355100706,entries/s,7.598122602059,6.702907393605
03f176b6-run-b,Dyadic multiply,200000,97,2,78710881.000000,39355440.500000000000,5081889.503942917101,entries/s,7.595004777757,6.706025217906
03f176b6-run-b,Dyadic multiply,200000,98,2,78728760.000000,39364380.000000000000,5080735.426291484386,entries/s,7.595103415572,6.705926580092
03f176b6-run-b,Dyadic multiply,200000,99,2,79356834.000000,39678417.000000000000,5040523.668068713509,entries/s,7.598554337326,6.702475658338
