run,operation,size,sample_index,iterations,total_time_ns,latency_ns,throughput_per_second,throughput_unit,log10_latency_ns,log10_throughput
03f176b6-run-a,Tail probability,8,0,9028,968205.000000,107.244683207798,74595772.589482605457,bytes/s,2.030375770687,7.872714216305
03f176b6-run-a,Tail probability,8,1,18056,1968458.000000,109.019605671245,73381296.425933390856,bytes/s,2.037504606832,7.865585380160
03f176b6-run-a,Tail probability,8,2,27084,2852878.000000,105.334440998375,75948568.428092613816,bytes/s,2.022570394832,7.880519592160
03f176b6-run-a,Tail probability,8,3,36112,3820105.000000,105.784919140452,75625146.429221183062,bytes/s,2.024423758428,7.878666228564
03f176b6-run-a,Tail probability,8,4,45140,4902188.000000,108.599645547187,73665065.476885020733,bytes/s,2.035828407784,7.867261579208
03f176b6-run-a,Tail probability,8,5,54168,5794218.000000,106.967545414267,74789039.694398790598,bytes/s,2.029252030157,7.873837956835
03f176b6-run-a,Tail probability,8,6,63196,6791050.000000,107.460124058485,74446219.656754121184,bytes/s,2.031247337609,7.871842649383
03f176b6-run-a,Tail probability,8,7,72224,7812389.000000,108.168877381480,73958426.801327988505,bytes/s,2.034102322455,7.868987664537
03f176b6-run-a,Tail probability,8,8,81252,8721036.000000,107.333185644661,74534264.048445612192,bytes/s,2.030734019395,7.872355967597
03f176b6-run-a,Tail probability,8,9,90280,9652096.000000,106.912893221090,74827270.677788525820,bytes/s,2.029030082357,7.874059904635
03f176b6-run-a,Tail probability,8,10,99308,10666035.000000,107.403582792927,74485410.932928681374,bytes/s,2.031018768898,7.872071218094
03f176b6-run-a,Tail probability,8,11,108336,12637773.000000,116.653494683208,68579171.346090808511,bytes/s,2.066897753836,7.836192233156
03f176b6-run-a,Tail probability,8,12,117364,12386908.000000,105.542653624621,75798738.474524870515,bytes/s,2.023428009303,7.879661977689
03f176b6-run-a,Tail probability,8,13,126392,13514792.000000,106.927590353820,74816985.714615508914,bytes/s,2.029089779974,7.874000207018
03f176b6-run-a,Tail probability,8,14,135420,14875321.000000,109.845820410575,72829352.724556326866,bytes/s,2.040783536840,7.862306450152
03f176b6-run-a,Tail probability,8,15,144448,16595845.000000,114.891483440408,69630922.679743021727,bytes/s,2.060287836940,7.842802150052
03f176b6-run-a,Tail probability,8,16,153476,17367434.000000,113.160585368396,70695993.432305544615,bytes/s,2.053695185353,7.849394801639
03f176b6-run-a,Tail probability,8,17,162504,18256462.000000,112.344693053709,71209416.150840178132,bytes/s,2.050552562007,7.852537424985
03f176b6-run-a,Tail probability,8,18,171532,19686951.000000,114.771302147704,69703835.804741933942,bytes/s,2.059833308994,7.843256677998
03f176b6-run-a,Tail probability,8,19,180560,20564738.000000,113.894206911830,70240622.564702734351,bytes/s,2.056501634788,7.846588352204
03f176b6-run-a,Tail probability,8,20,189588,22421412.000000,118.263877460599,67645338.304295912385,bytes/s,2.072852113900,7.830237873092
03f176b6-run-a,Tail probability,8,21,198616,22312352.000000,112.339146896524,71212931.742919802666,bytes/s,2.050531121520,7.852558865472
03f176b6-run-a,Tail probability,8,22,207644,24021635.000000,115.686631927722,69152328.723669305444,bytes/s,2.063283177314,7.839806809678
03f176b6-run-a,Tail probability,8,23,216672,25626816.000000,118.274700930439,67639147.992477878928,bytes/s,2.072891858564,7.830198128428
03f176b6-run-a,Tail probability,8,24,225700,25797457.000000,114.299765175011,69991394.888263598084,bytes/s,2.058045338153,7.845044648839
03f176b6-run-a,Tail probability,8,25,234728,26965560.000000,114.880031355441,69637864.001340970397,bytes/s,2.060244545435,7.842845441557
03f176b6-run-a,Tail probability,8,26,243756,27838599.000000,114.206825678137,70048352.648780927062,bytes/s,2.057692060703,7.845397926289
03f176b6-run-a,Tail probability,8,27,252784,27996882.000000,110.754169567694,72232043.553992897272,bytes/s,2.044360085109,7.858729901883
03f176b6-run-a,Tail probability,8,28,261812,29366418.000000,112.166050448413,71322828.681387022138,bytes/s,2.049861427918,7.853228559074
03f176b6-run-a,Tail probability,8,29,270840,29565965.000000,109.163952887314,73284264.525105133653,bytes/s,2.038079253327,7.865010733665
03f176b6-run-a,Tail probability,8,30,279868,30621795.000000,109.415134992211,73116027.326288357377,bytes/s,2.039077400507,7.864012586485
03f176b6-run-a,Tail probability,8,31,288896,31075351.000000,107.565874916925,74373029.607935875654,bytes/s,2.031674514027,7.871415472965
03f176b6-run-a,Tail probability,8,32,297924,32203795.000000,108.093993770223,74009662.525798588991,bytes/s,2.033801563103,7.869288423889
03f176b6-run-a,Tail probability,8,33,306952,33023561.000000,107.585423779614,74359515.619772195816,bytes/s,2.031753434891,7.871336552101
03f176b6-run-a,Tail probability,8,34,315980,35017573.000000,110.822118488512,72187755.559187382460,bytes/s,2.044626447927,7.858463539065
03f176b6-run-a,Tail probability,8,35,325008,35081390.000000,107.940081474918,74115193.269137859344,bytes/s,2.033182741542,7.869907245450
03f176b6-run-a,Tail probability,8,36,334036,35931355.000000,107.567313103977,74372035.232180923223,bytes/s,2.031680320631,7.871409666361
03f176b6-run-a,Tail probability,8,37,343064,38540119.000000,112.340901406152,71211819.558730483055,bytes/s,2.050537904266,7.852552082726
03f176b6-run-a,Tail probability,8,38,352092,38135018.000000,108.309811072106,73862191.437801331282,bytes/s,2.034667798283,7.868422188709
03f176b6-run-a,Tail probability,8,39,361120,40766295.000000,112.888499667700,70866386.067215576768,bytes/s,2.052649701134,7.850440285858
03f176b6-run-a,Tail probability,8,40,370148,40964447.000000,110.670453440246,72286683.132815152407,bytes/s,2.044031689346,7.859058297646
03f176b6-run-a,Tail probability,8,41,379176,42203841.000000,111.304093613520,71875164.158636659384,bytes/s,2.046511137390,7.856578849602
03f176b6-run-a,Tail probability,8,42,388204,41787707.000000,107.643679611751,74319272.890469908714,bytes/s,2.031988534946,7.871101452046
03f176b6-run-a,Tail probability,8,43,397232,42281133.000000,106.439393100254,75160142.941297248006,bytes/s,2.027102389611,7.875987597381
03f176b6-run-a,Tail probability,8,44,406260,43813706.000000,107.846467779255,74179527.292213082314,bytes/s,2.032805925525,7.870284061467
03f176b6-run-a,Tail probability,8,45,415288,44483360.000000,107.114484406003,74686444.549152761698,bytes/s,2.029848201665,7.873241785327
03f176b6-run-a,Tail probability,8,46,424316,45374765.000000,106.936257411929,74810921.885766237974,bytes/s,2.029124980458,7.873965006534
03f176b6-run-a,Tail probability,8,47,433344,46960193.000000,108.367008658248,73823205.965103253722,bytes/s,2.034897085353,7.868192901639
03f176b6-run-a,Tail probability,8,48,442372,47095436.000000,106.461159386218,75144776.236916035414,bytes/s,2.027191191428,7.875898795564
03f176b6-run-a,Tail probability,8,49,451400,48016376.000000,106.372122286221,75207674.981552124023,bytes/s,2.026827824166,7.876262162826
03f176b6-run-a,Tail probability,8,50,460428,49526676.000000,107.566603247413,74372526.030214503407,bytes/s,2.031677454632,7.871412532360
03f176b6-run-a,Tail probability,8,51,469456,50085314.000000,106.687983538393,74985014.569340631366,bytes/s,2.028115506802,7.874974480190
03f176b6-run-a,Tail probability,8,52,478484,52038698.000000,108.757446434991,73558181.643975794315,bytes/s,2.036459002040,7.866630984952
03f176b6-run-a,Tail probability,8,53,487512,52667438.000000,108.033110979832,74051371.171690568328,bytes/s,2.033556882450,7.869533104542
03f176b6-run-a,Tail probability,8,54,496540,54169149.000000,109.093223103879,73331777.835387438536,bytes/s,2.037797772953,7.865292214039
03f176b6-run-a,Tail probability,8,55,505568,55399816.000000,109.579356288373,73006451.862583801150,bytes/s,2.039728744892,7.863361242100
03f176b6-run-a,Tail probability,8,56,514596,56108430.000000,109.033941188816,73371648.431438907981,bytes/s,2.037561710569,7.865528276423
03f176b6-run-a,Tail probability,8,57,523624,56240159.000000,107.405617389577,74483999.947439685464,bytes/s,2.031026995865,7.872062991127
03f176b6-run-a,Tail probability,8,58,532652,57516530.000000,107.981440039651,74086806.001683339477,bytes/s,2.033349114922,7.869740872070
03f176b6-run-a,Tail probability,8,59,541680,57537267.000000,106.220032122286,75315360.390683829784,bytes/s,2.026206428419,7.876883558573
03f176b6-run-a,Tail probability,8,60,550708,58690437.000000,106.572697327803,75066130.449838027358,bytes/s,2.027645957799,7.875444029193
03f176b6-run-a,Tail probability,8,61,559736,59834668.000000,106.898016207641,74837684.400622054935,bytes/s,2.028969645732,7.874120341260
03f176b6-run-a,Tail probability,8,62,568764,61250366.000000,107.690300370628,74287098.953825026751,bytes/s,2.032176588301,7.870913398691
03f176b6-run-a,Tail probability,8,63,577792,61749101.000000,106.870813372286,74856733.541756346822,bytes/s,2.028859114731,7.874230872261
03f176b6-run-a,Tail probability,8,64,586820,62799214.000000,107.016144644013,74755075.756202936172,bytes/s,2.029449301058,7.873640685934
03f176b6-run-a,Tail probability,8,65,595848,72578602.000000,121.807242786751,65677539.503998711705,bytes/s,2.085673112671,7.817416874321
03f176b6-run-a,Tail probability,8,66,604876,65950251.000000,109.031026193798,73373610.056465134025,bytes/s,2.037550099660,7.865539887332
03f176b6-run-a,Tail probability,8,67,613904,65868490.000000,107.294446688733,74561174.850068673491,bytes/s,2.030577244474,7.872512742518
03f176b6-run-a,Tail probability,8,68,622932,67500844.000000,108.359891609357,73828054.653657376766,bytes/s,2.034868561944,7.868221425048
03f176b6-run-a,Tail probability,8,69,631960,69386091.000000,109.795067725805,72863018.036280497909,bytes/s,2.040582830938,7.862507156054
03f176b6-run-a,Tail probability,8,70,640988,70460502.000000,109.924837906482,72777000.652081638575,bytes/s,2.041095833888,7.861994153104
03f176b6-run-a,Tail probability,8,71,650016,71810149.000000,110.474432937035,72414945.135401397943,bytes/s,2.043261781016,7.859828205976
03f176b6-run-a,Tail probability,8,72,659044,71526674.000000,108.530953927204,73711689.711729079485,bytes/s,2.035553620236,7.867536366756
03f176b6-run-a,Tail probability,8,73,668072,71985763.000000,107.751504328875,74244903.120635122061,bytes/s,2.032423342101,7.870666644891
03f176b6-run-a,Tail probability,8,74,677100,73755025.000000,108.927817161424,73443131.501887500286,bytes/s,2.037138800757,7.865951186235
03f176b6-run-a,Tail probability,8,75,686128,73730308.000000,107.458532518714,74447322.259931430221,bytes/s,2.031240905436,7.871849081556
03f176b6-run-a,Tail probability,8,76,695156,78947520.000000,113.568062420521,70442339.417374983430,bytes/s,2.055256216369,7.847833770623
03f176b6-run-a,Tail probability,8,77,704184,76106757.000000,108.077941276712,74020654.959716647863,bytes/s,2.033737063432,7.869352923560
03f176b6-run-a,Tail probability,8,78,713212,76878775.000000,107.792318413038,74216791.305532649159,bytes/s,2.032587812894,7.870502174098
03f176b6-run-a,Tail probability,8,79,722240,78197216.000000,108.270403190075,73889075.539466768503,bytes/s,2.034509754059,7.868580232933
03f176b6-run-a,Tail probability,8,80,731268,80492183.000000,110.072070704584,72679653.873966872692,bytes/s,2.041677136614,7.861412850378
03f176b6-run-a,Tail probability,8,81,740296,79935077.000000,107.977183450944,74089726.591493755579,bytes/s,2.033331994855,7.869757992137
03f176b6-run-a,Tail probability,8,82,749324,81708128.000000,109.042454265445,73365920.217876002192,bytes/s,2.037595617789,7.865494369203
03f176b6-run-a,Tail probability,8,83,758352,81059763.000000,106.889364042028,74843742.141214996576,bytes/s,2.028934493163,7.874155493829
03f176b6-run-a,Tail probability,8,84,767380,81955854.000000,106.799569965337,74906668.656030356884,bytes/s,2.028569503984,7.874520483008
03f176b6-run-a,Tail probability,8,85,776408,82241232.000000,105.925276401067,75524938.634187772870,bytes/s,2.024999605921,7.878090381071
03f176b6-run-a,Tail probability,8,86,785436,82938413.000000,105.595380145550,75760890.192099526525,bytes/s,2.023644917997,7.879445068995
03f176b6-run-a,Tail probability,8,87,794464,83454536.000000,105.045081967213,76157777.691077202559,bytes/s,2.021375724286,7.881714262706
03f176b6-run-a,Tail probability,8,88,803492,84050326.000000,104.606300996152,76477228.654651492834,bytes/s,2.019557845195,7.883532141797
03f176b6-run-a,Tail probability,8,89,812520,85154489.000000,104.802945158273,76333732.682019844651,bytes/s,2.020373487304,7.882716499688
03f176b6-run-a,Tail probability,8,90,821548,86517971.000000,105.310914274029,75965535.530184820294,bytes/s,2.022473383183,7.880616603809
03f176b6-run-a,Tail probability,8,91,830576,88810922.000000,106.926906147059,74817464.455554246902,bytes/s,2.029087001008,7.874002985984
03f176b6-run-a,Tail probability,8,92,839604,90582932.000000,107.887685146807,74151187.775639683008,bytes/s,2.032971874914,7.870118112077
03f176b6-run-a,Tail probability,8,93,848632,90923941.000000,107.141777590286,74667419.002438530326,bytes/s,2.029958847481,7.873131139511
03f176b6-run-a,Tail probability,8,94,857660,92301317.000000,107.619939136721,74335667.388147890568,bytes/s,2.031892742100,7.871197244892
03f176b6-run-a,Tail probability,8,95,866688,92672422.000000,106.927085640969,74817338.862687751651,bytes/s,2.029087730040,7.874002256952
03f176b6-run-a,Tail probability,8,96,875716,93063423.000000,106.271237478817,75279070.704287335277,bytes/s,2.026415737764,7.876674249228
03f176b6-run-a,Tail probability,8,97,884744,94016600.000000,106.264184894161,75284066.856278568506,bytes/s,2.026386915288,7.876703071704
03f176b6-run-a,Tail probability,8,98,893772,98514353.000000,110.223136325595,72580043.234918266535,bytes/s,2.042272764424,7.860817222568
03f176b6-run-a,Tail probability,8,99,902800,97488875.000000,107.985018830306,74084350.650266498327,bytes/s,2.033363508352,7.869726478640
03f176b6-run-a,Tail probability,16,0,5822,994705.000000,170.852799725180,93647865.447544753551,bytes/s,2.232622099876,7.971497882780
03f176b6-run-a,Tail probability,16,1,11644,2074246.000000,178.138612160769,89817697.611565843225,bytes/s,2.250758064499,7.953361918157
03f176b6-run-a,Tail probability,16,2,17466,2945434.000000,168.638154128020,94877698.838269680738,bytes/s,2.226955839877,7.977164142779
03f176b6-run-a,Tail probability,16,3,23288,3939651.000000,169.170860529028,94578936.052965089679,bytes/s,2.228325558459,7.975794424197
03f176b6-run-a,Tail probability,16,4,29110,4888761.000000,167.940948127791,95271583.127094984055,bytes/s,2.225156600711,7.978963381945
03f176b6-run-a,Tail probability,16,5,34932,5874878.000000,168.180407649147,95135933.035545602441,bytes/s,2.225775400823,7.978344581833
03f176b6-run-a,Tail probability,16,6,40754,6880057.000000,168.819183393041,94775958.978246822953,bytes/s,2.227421795183,7.976698187473
03f176b6-run-a,Tail probability,16,7,46576,7784062.000000,167.126030573686,95736133.653611704707,bytes/s,2.223044098332,7.981075884324
03f176b6-run-a,Tail probability,16,8,52398,8765082.000000,167.278941944349,95648620.286724075675,bytes/s,2.223441272863,7.980678709793
03f176b6-run-a,Tail probability,16,9,58220,9797701.000000,168.287547234627,95075365.129023626447,bytes/s,2.226051980697,7.978068001959
03f176b6-run-a,Tail probability,16,10,64042,11132307.000000,173.828222104244,92044892.401907354593,bytes/s,2.240120288276,7.963999694380
03f176b6-run-a,Tail probability,16,11,69864,11821395.000000,169.205814153212,94559398.446630030870,bytes/s,2.228415281937,7.975704700718
03f176b6-run-a,Tail probability,16,12,75686,12904985.000000,170.506896916206,93837846.382618799806,bytes/s,2.231741950672,7.972378031984
03f176b6-run-a,Tail probability,16,13,81508,13862615.000000,170.076740933405,94075179.899319142103,bytes/s,2.230644925165,7.973475057491
03f176b6-run-a,Tail probability,16,14,87330,14911224.000000,170.745723119203,93706593.100606620312,bytes/s,2.232349834175,7.971770148481
03f176b6-run-a,Tail probability,16,15,93152,16062543.000000,172.433689024390,92789292.455123692751,bytes/s,2.236622119540,7.967497863116
03f176b6-run-a,Tail probability,16,16,98974,17123511.000000,173.010194596561,92480099.437551096082,bytes/s,2.238071694612,7.966048288044
03f176b6-run-a,Tail probability,16,17,104796,17904975.000000,170.855519294630,93646374.820406049490,bytes/s,2.232629012754,7.971490969902
03f176b6-run-a,Tail probability,16,18,110618,19068653.000000,172.382912365076,92816624.226157978177,bytes/s,2.236494213731,7.967625768925
03f176b6-run-a,Tail probability,16,19,116440,20118031.000000,172.775944692546,92605484.105278491974,bytes/s,2.237483276253,7.966636706403
03f176b6-run-a,Tail probability,16,20,122262,20962825.000000,171.458220869935,93317193.651141971350,bytes/s,2.234158312973,7.969961669683
03f176b6-run-a,Tail probability,16,21,128084,21954598.000000,171.407810499360,93344637.874945387244,bytes/s,2.234030607433,7.970089375223
03f176b6-run-a,Tail probability,16,22,133906,23077918.000000,172.344166803579,92837490.799646660686,bytes/s,2.236396588772,7.967723393884
03f176b6-run-a,Tail probability,16,23,139728,23950223.000000,171.406038875530,93345602.669336318970,bytes/s,2.234026118661,7.970093863995
03f176b6-run-a,Tail probability,16,24,145550,24894883.000000,171.040075575404,93545328.170451730490,bytes/s,2.233097879761,7.971022102895
03f176b6-run-a,Tail probability,16,25,151372,26188770.000000,173.009341225590,92480555.596921890974,bytes/s,2.238069552454,7.966050430202
03f176b6-run-a,Tail probability,16,26,157194,27022255.000000,171.903857653600,93075281.837137579918,bytes/s,2.235285622696,7.968834359960
03f176b6-run-a,Tail probability,16,27,163016,28173508.000000,172.826642783530,92578318.610518798232,bytes/s,2.237610693710,7.966509288946
03f176b6-run-a,Tail probability,16,28,168838,29185392.000000,172.860327651358,92560278.100770398974,bytes/s,2.237695331856,7.966424650799
03f176b6-run-a,Tail probability,16,29,174660,30403816.000000,174.074292911943,91914778.066016435623,bytes/s,2.240734639751,7.963385342905
03f176b6-run-a,Tail probability,16,30,180482,30991870.000000,171.717234959719,93176436.271835163236,bytes/s,2.234813886729,7.969306095927
03f176b6-run-a,Tail probability,16,31,186304,31993003.000000,171.724724106836,93172372.721622914076,bytes/s,2.234832827311,7.969287155345
03f176b6-run-a,Tail probability,16,32,192126,33509154.000000,174.412385621936,91736604.272372856736,bytes/s,2.241577322433,7.962542660223
03f176b6-run-a,Tail probability,16,33,197948,33102641.000000,167.228974276073,95677199.894715353847,bytes/s,2.223311525962,7.980808456694
03f176b6-run-a,Tail probability,16,34,203770,33895139.000000,166.340182558767,96188423.950702786446,bytes/s,2.220997173787,7.983122808869
03f176b6-run-a,Tail probability,16,35,209592,34723667.000000,165.672673575327,96575975.112305969000,bytes/s,2.219250880814,7.984869101842
03f176b6-run-a,Tail probability,16,36,215414,35859698.000000,166.468743907081,96114139.053820237517,bytes/s,2.221332702569,7.982787280087
03f176b6-run-a,Tail probability,16,37,221236,36724115.000000,165.995204216312,96388326.852805018425,bytes/s,2.220095540977,7.984024441679
03f176b6-run-a,Tail probability,16,38,227058,37822023.000000,166.574280580292,96053243.899724781513,bytes/s,2.221607946264,7.982512036391
03f176b6-run-a,Tail probability,16,39,232880,38682810.000000,166.106192030230,96323922.693310037255,bytes/s,2.220385822183,7.983734160473
03f176b6-run-a,Tail probability,16,40,238702,39359821.000000,164.891039873985,97033774.620062425733,bytes/s,2.217197056863,7.986922925793
03f176b6-run-a,Tail probability,16,41,244524,40940698.000000,167.430182722350,95562220.263074159622,bytes/s,2.223833751197,7.980286231459
03f176b6-run-a,Tail probability,16,42,250346,41953351.000000,167.581471243799,95475948.989152267575,bytes/s,2.224225998892,7.979893983764
03f176b6-run-a,Tail probability,16,43,256168,43094340.000000,168.226866743699,95109659.412349745631,bytes/s,2.225895356187,7.978224626469
03f176b6-run-a,Tail probability,16,44,261990,43871896.000000,167.456376197565,95547272.449770569801,bytes/s,2.223901688721,7.980218293935
03f176b6-run-a,Tail probability,16,45,267812,44772133.000000,167.177471509865,95706675.400075301528,bytes/s,2.223177752420,7.980942230236
03f176b6-run-a,Tail probability,16,46,273634,46001589.000000,168.113571412909,95173755.845694810152,bytes/s,2.225602774426,7.978517208230
03f176b6-run-a,Tail probability,16,47,279456,46912508.000000,167.870820451162,95311382.627422094345,bytes/s,2.224975213003,7.979144769653
03f176b6-run-a,Tail probability,16,48,285278,47869232.000000,167.798540371147,95352438.493268489838,bytes/s,2.224788178713,7.979331803943
03f176b6-run-a,Tail probability,16,49,291100,49142467.000000,168.816444520783,94777496.620183914900,bytes/s,2.227414749261,7.976705233395
03f176b6-run-a,Tail probability,16,50,296922,50030834.000000,168.498238594648,94956482.236534371972,bytes/s,2.226595365310,7.977524617345
03f176b6-run-a,Tail probability,16,51,302744,51247411.000000,169.276388631980,94519974.872486725450,bytes/s,2.228596385150,7.975523597506
03f176b6-run-a,Tail probability,16,52,308566,52455050.000000,169.996208266627,94119746.335195556283,bytes/s,2.230439234630,7.973680748026
03f176b6-run-a,Tail probability,16,53,314388,53344815.000000,169.678279705332,94296099.817761108279,bytes/s,2.229626252407,7.974493730249
03f176b6-run-a,Tail probability,16,54,320210,54442726.000000,170.021941850661,94105500.889136224985,bytes/s,2.230504972024,7.973615010632
03f176b6-run-a,Tail probability,16,55,326032,55585742.000000,170.491675663739,93846224.091062769294,bytes/s,2.231703179214,7.972416803442
03f176b6-run-a,Tail probability,16,56,331854,61043316.000000,183.946301686886,86981906.421990573406,bytes/s,2.264691060593,7.939428922063
03f176b6-run-a,Tail probability,16,57,337676,57275550.000000,169.616881270804,94330233.406750351191,bytes/s,2.229469073616,7.974650909040
03f176b6-run-a,Tail probability,16,58,343498,59312802.000000,172.672918037368,92660737.896011054516,bytes/s,2.237224228307,7.966895754349
03f176b6-run-a,Tail probability,16,59,349320,59984996.000000,171.719328982022,93175300.036695852876,bytes/s,2.234819182743,7.969300799913
03f176b6-run-a,Tail probability,16,60,355142,60920776.000000,171.539204036695,93273138.871376171708,bytes/s,2.234363390566,7.969756592090
03f176b6-run-a,Tail probability,16,61,360964,61434121.000000,170.194592812580,94010037.190895915031,bytes/s,2.230945758164,7.973174224492
03f176b6-run-a,Tail probability,16,62,366786,62092420.000000,169.287868130190,94513565.423927754164,bytes/s,2.228625835883,7.975494146773
03f176b6-run-a,Tail probability,16,63,372608,62781792.000000,168.492871865338,94959506.730868726969,bytes/s,2.226581532655,7.977538450001
03f176b6-run-a,Tail probability,16,64,378430,64010133.000000,169.146560790635,94592523.343140065670,bytes/s,2.228263171826,7.975856810829
03f176b6-run-a,Tail probability,16,65,384252,65145958.000000,169.539671881994,94373191.963805332780,bytes/s,2.229271338312,7.974848644344
03f176b6-run-a,Tail probability,16,66,390074,65646735.000000,168.293029015007,95072268.255230054259,bytes/s,2.226066127128,7.978053855527
03f176b6-run-a,Tail probability,16,67,395896,66665469.000000,168.391367935013,95016746.975859418511,bytes/s,2.226319824965,7.977800157691
03f176b6-run-a,Tail probability,16,68,401718,68237734.000000,169.864765830757,94192576.793361857533,bytes/s,2.230103304754,7.974016677902
03f176b6-run-a,Tail probability,16,69,407540,69222952.000000,169.855601904108,94197658.603175431490,bytes/s,2.230079874644,7.974040108012
03f176b6-run-a,Tail probability,16,70,413362,70336855.000000,170.158009202588,94030249.148899257183,bytes/s,2.230852395810,7.973267586846
03f176b6-run-a,Tail probability,16,71,419184,71066097.000000,169.534373926486,94376141.129574060440,bytes/s,2.229257766805,7.974862215851
03f176b6-run-a,Tail probability,16,72,425006,71720279.000000,168.751215276961,94814131.997450813651,bytes/s,2.227246909125,7.976873073531
03f176b6-run-a,Tail probability,16,73,430828,72640700.000000,168.607193590017,94895120.779397770762,bytes/s,2.226876099766,7.977243882890
03f176b6-run-a,Tail probability,16,74,436650,74005481.000000,169.484669643880,94403818.549601763487,bytes/s,2.229130421181,7.974989561475
03f176b6-run-a,Tail probability,16,75,442472,74759163.000000,168.957952141604,94698117.473573103547,bytes/s,2.227778637010,7.976341345646
03f176b6-run-a,Tail probability,16,76,448294,76122967.000000,169.805901930430,94225229.029761821032,bytes/s,2.229952780910,7.974167201746
03f176b6-run-a,Tail probability,16,77,454116,77538440.000000,170.745888715659,93706502.220060139894,bytes/s,2.232350255372,7.971769727284
03f176b6-run-a,Tail probability,16,78,459938,77959339.000000,169.499669520675,94395464.281707152724,bytes/s,2.229168855781,7.974951126875
03f176b6-run-a,Tail probability,16,79,465760,78572464.000000,168.697320508416,94844422.850223973393,bytes/s,2.227108184559,7.977011798097
03f176b6-run-a,Tail probability,16,80,471582,79630438.000000,168.858094668584,94754119.021673589945,bytes/s,2.227521884549,7.976598098107
03f176b6-run-a,Tail probability,16,81,477404,80451198.000000,168.518064364773,94945310.820604562759,bytes/s,2.226646462082,7.977473520574
03f176b6-run-a,Tail probability,16,82,483226,83326514.000000,172.437977261157,92786984.944551989436,bytes/s,2.236632919833,7.967487062823
03f176b6-run-a,Tail probability,16,83,489048,84045564.000000,171.855449771802,93101499.086852461100,bytes/s,2.235163308765,7.968956673891
03f176b6-run-a,Tail probability,16,84,494870,85023453.000000,171.809673247520,93126304.809097781777,bytes/s,2.235047611880,7.969072370776
03f176b6-run-a,Tail probability,16,85,500692,85784816.000000,171.332507809192,93385663.961790174246,bytes/s,2.233839771738,7.970280210918
03f176b6-run-a,Tail probability,16,86,506514,86830295.000000,171.427235969786,93334060.422114193439,bytes/s,2.234079822790,7.970040159866
03f176b6-run-a,Tail probability,16,87,512336,87919833.000000,171.605807516942,93236937.790816783905,bytes/s,2.234531981239,7.969588001417
03f176b6-run-a,Tail probability,16,88,518158,88673935.000000,171.133003832808,93494531.397529602051,bytes/s,2.233333773423,7.970786209233
03f176b6-run-a,Tail probability,16,89,523980,89871071.000000,171.516223901676,93285635.819339469075,bytes/s,2.234305206698,7.969814775958
03f176b6-run-a,Tail probability,16,90,529802,90330026.000000,170.497706690424,93842904.462354525924,bytes/s,2.231718541813,7.972401440843
03f176b6-run-a,Tail probability,16,91,535624,91948902.000000,171.666881991845,93203766.587664082646,bytes/s,2.234686519066,7.969433463590
03f176b6-run-a,Tail probability,16,92,541446,92379884.000000,170.616984888613,93777298.962618321180,bytes/s,2.232022262917,7.972097719739
03f176b6-run-a,Tail probability,16,93,547268,93688879.000000,171.193782570879,93461338.138115614653,bytes/s,2.233487987887,7.970631994769
03f176b6-run-a,Tail probability,16,94,553090,94990826.000000,171.745694190819,93160996.410327032208,bytes/s,2.234885857740,7.969234124916
03f176b6-run-a,Tail probability,16,95,558912,95547397.000000,170.952488048208,93593256.130253344774,bytes/s,2.232875425915,7.971244556741
03f176b6-run-a,Tail probability,16,96,564734,96390945.000000,170.683799806635,93740589.429847374558,bytes/s,2.232192302670,7.971927679986
03f176b6-run-a,Tail probability,16,97,570556,97041779.000000,170.082829730999,94071812.100641727448,bytes/s,2.230660472757,7.973459509899
03f176b6-run-a,Tail probability,16,98,576378,97548006.000000,169.243111291548,94538559.814333885908,bytes/s,2.228511000613,7.975608982043
03f176b6-run-a,Tail probability,16,99,582200,99128552.000000,170.265462040536,93970907.594816878438,bytes/s,2.231126561254,7.972993421402
03f176b6-run-a,Tail probability,64,0,1535,1005625.000000,655.130293159609,97690490.988191425800,bytes/s,2.816327681630,7.989852292354
03f176b6-run-a,Tail probability,64,1,3070,2005315.000000,653.197068403909,97979619.162076771259,bytes/s,2.815044226924,7.991135747060
03f176b6-run-a,Tail probability,64,2,4605,2969325.000000,644.804560260586,99254881.159859567881,bytes/s,2.809428100275,7.996751873709
03f176b6-run-a,Tail probability,64,3,6140,3951628.000000,643.587622149837,99442558.864346548915,bytes/s,2.808607682904,7.997572291080
03f176b6-run-a,Tail probability,64,4,7675,4931906.000000,642.593615635179,99596383.223848953843,bytes/s,2.807936406388,7.998243567596
03f176b6-run-a,Tail probability,64,5,9210,5907646.000000,641.438219326819,99775782.096625298262,bytes/s,2.807154833279,7.999025140705
03f176b6-run-a,Tail probability,64,6,10745,6893930.000000,641.594229874360,99751520.540533483028,bytes/s,2.807260449501,7.998919524482
03f176b6-run-a,Tail probability,64,7,12280,7875605.000000,641.335912052117,99791698.542524680495,bytes/s,2.807085559221,7.999094414763
03f176b6-run-a,Tail probability,64,8,13815,8870686.000000,642.105392689106,99672111.040792122483,bytes/s,2.807606317332,7.998573656652
03f176b6-run-a,Tail probability,64,9,15350,9875962.000000,643.385146579805,99473853.787610769272,bytes/s,2.808471030404,7.997708943580
03f176b6-run-a,Tail probability,64,10,16885,10761696.000000,637.352442996743,100415399.208451911807,bytes/s,2.804379654816,8.001800319168
03f176b6-run-a,Tail probability,64,11,18420,11743511.000000,637.541313789359,100385651.275840759277,bytes/s,2.804508333058,8.001671640926
03f176b6-run-a,Tail probability,64,12,19955,12727839.000000,637.827060886996,100340678.413672581315,bytes/s,2.804702940972,8.001477033011
03f176b6-run-a,Tail probability,64,13,21490,13714472.000000,638.179246161005,100285304.457947775722,bytes/s,2.804942676661,8.001237297323
03f176b6-run-a,Tail probability,64,14,23025,14664726.000000,636.904495114007,100486023.400641784072,bytes/s,2.804074314039,8.002105659945
03f176b6-run-a,Tail probability,64,15,24560,15625314.000000,636.209853420195,100595738.428040549159,bytes/s,2.803600391041,8.002579582943
03f176b6-run-a,Tail probability,64,16,26095,16618789.000000,636.857214025675,100493483.610628917813,bytes/s,2.804042072662,8.002137901322
03f176b6-run-a,Tail probability,64,17,27630,17560594.000000,635.562576909157,100698188.227573618293,bytes/s,2.803158317232,8.003021656752
03f176b6-run-a,Tail probability,64,18,29165,18555746.000000,636.233361906395,100592021.468713790178,bytes/s,2.803616438289,8.002563535695
03f176b6-run-a,Tail probability,64,19,30700,19503094.000000,635.279934853420,100742989.804592028260,bytes/s,2.802965138477,8.003214835507
03f176b6-run-a,Tail probability,64,20,32235,20486598.000000,635.538948348069,100701932.063098028302,bytes/s,2.803142170994,8.003037802989
03f176b6-run-a,Tail probability,64,21,33770,21495298.000000,636.520521172638,100546640.479234114289,bytes/s,2.803812409700,8.002367564284
03f176b6-run-a,Tail probability,64,22,35305,24242513.000000,686.659481659822,93204858.753710880876,bytes/s,2.836741421341,7.969438552643
03f176b6-run-a,Tail probability,64,23,36840,23814831.000000,646.439495114006,99003851.843416407704,bytes/s,2.810527882398,7.995652091585
03f176b6-run-a,Tail probability,64,24,38375,24780169.000000,645.737302931596,99111511.305673494935,bytes/s,2.810055875440,7.996124098544
03f176b6-run-a,Tail probability,64,25,39910,25862046.000000,648.009170633926,98764034.369129180908,bytes/s,2.811581152055,7.994598821929
03f176b6-run-a,Tail probability,64,26,41445,26796731.000000,646.561249849198,98985208.307685002685,bytes/s,2.810609672622,7.995570301362
03f176b6-run-a,Tail probability,64,27,42980,27789370.000000,646.565146579805,98984611.741827890277,bytes/s,2.810612290044,7.995567683940
03f176b6-run-a,Tail probability,64,28,44515,28810917.000000,647.218173649332,98884738.725948914886,bytes/s,2.811050703605,7.995129270378
03f176b6-run-a,Tail probability,64,29,46050,29902360.000000,649.345494028230,98560782.493421927094,bytes/s,2.812475831201,7.993704142783
03f176b6-run-a,Tail probability,64,30,47585,30968386.000000,650.801429021751,98340288.060217276216,bytes/s,2.813448497884,7.992731476100
03f176b6-run-a,Tail probability,64,31,49120,31895669.000000,649.341795602606,98561343.861450269818,bytes/s,2.812473357617,7.993706616367
03f176b6-run-a,Tail probability,64,32,50655,33852041.000000,668.286269864771,95767342.359061896801,bytes/s,2.824962538509,7.981217435475
03f176b6-run-a,Tail probability,64,33,52190,33527770.000000,642.417512933512,99623685.082545012236,bytes/s,2.807817371727,7.998362602257
03f176b6-run-a,Tail probability,64,34,53725,34758236.000000,646.965770125640,98923317.052108183503,bytes/s,2.810881303484,7.995298670500
03f176b6-run-a,Tail probability,64,35,55260,35440362.000000,641.338436482085,99791305.743434563279,bytes/s,2.807087268690,7.999092705294
03f176b6-run-a,Tail probability,64,36,56795,36366108.000000,640.304745136016,99952406.234948202968,bytes/s,2.806386720282,7.999793253702
03f176b6-run-a,Tail probability,64,37,58330,37602997.000000,644.659643408195,99277193.251378342509,bytes/s,2.809330483622,7.996849490361
03f176b6-run-a,Tail probability,64,38,59865,38482101.000000,642.814683036833,99562131.495886877179,bytes/s,2.808085788267,7.998094185717
03f176b6-run-a,Tail probability,64,39,61400,39825264.000000,648.619934853420,98671034.547316491604,bytes/s,2.811990292261,7.994189681722
03f176b6-run-a,Tail probability,64,40,62935,40711839.000000,646.887089854612,98935349.002534627914,bytes/s,2.810828483864,7.995351490119
03f176b6-run-a,Tail probability,64,41,64470,42406645.000000,657.773305413371,97297958.845836549997,bytes/s,2.818076244417,7.988103729567
03f176b6-run-a,Tail probability,64,42,66005,45263346.000000,685.756321490796,93327612.147807195783,bytes/s,2.836169819741,7.970010154243
03f176b6-run-a,Tail probability,64,43,67540,49537646.000000,733.456411015694,87258082.469239667058,bytes/s,2.865374309021,7.940805664963
03f176b6-run-a,Tail probability,64,44,69075,46103487.000000,667.440998914224,95888625.517631679773,bytes/s,2.824412880556,7.981767093428
03f176b6-run-a,Tail probability,64,45,70610,45088712.000000,638.559864041920,100225528.731004789472,bytes/s,2.805201617973,8.000978356011
03f176b6-run-a,Tail probability,64,46,72145,46369801.000000,642.730625822995,99575152.371259912848,bytes/s,2.808028994339,7.998150979645
03f176b6-run-a,Tail probability,64,47,73680,47526880.000000,645.044516829533,99217958.342731520534,bytes/s,2.809589687885,7.996590286099
03f176b6-run-a,Tail probability,64,48,75215,50620497.000000,673.010662766735,95095075.814842358232,bytes/s,2.828021944973,7.978158029011
03f176b6-run-a,Tail probability,64,49,76750,50675272.000000,660.264130293160,96930905.472002208233,bytes/s,2.819717704302,7.986462269682
03f176b6-run-a,Tail probability,64,50,78285,51711136.000000,660.549734942837,96888995.051278710365,bytes/s,2.819905522629,7.986274451355
03f176b6-run-a,Tail probability,64,51,79820,51879835.000000,649.960348283638,98467545.241807341576,bytes/s,2.812886862725,7.993293111259
03f176b6-run-a,Tail probability,64,52,81355,52485782.000000,645.145129371274,99202484.970120102167,bytes/s,2.809657422845,7.996522551139
03f176b6-run-a,Tail probability,64,53,82890,53235430.000000,642.241886837978,99650927.962824746966,bytes/s,2.807698626720,7.998481347264
03f176b6-run-a,Tail probability,64,54,84425,54615255.000000,646.908557891620,98932065.775395527482,bytes/s,2.810842896419,7.995337077565
03f176b6-run-a,Tail probability,64,55,85960,55836157.000000,649.559760353653,98528270.847866550088,bytes/s,2.812619112912,7.993560861072
03f176b6-run-a,Tail probability,64,56,87495,57815364.000000,660.784776272930,96854531.608587637544,bytes/s,2.820060028778,7.986119945205
03f176b6-run-a,Tail probability,64,57,89030,58060314.000000,652.143255082556,98137946.687646225095,bytes/s,2.814343006864,7.991836967120
03f176b6-run-a,Tail probability,64,58,90565,62629914.000000,691.546557720974,92546191.265726476908,bytes/s,2.839821423897,7.966358550087
03f176b6-run-a,Tail probability,64,59,92100,58913094.000000,639.664429967427,100052460.324015572667,bytes/s,2.805952201431,8.000227772553
03f176b6-run-a,Tail probability,64,60,93635,60942925.000000,650.856250333743,98332004.904588997364,bytes/s,2.813485079842,7.992694894142
03f176b6-run-a,Tail probability,64,61,95170,60695952.000000,637.763496900284,100350679.069997951388,bytes/s,2.804659658293,8.001520315691
03f176b6-run-a,Tail probability,64,62,96705,62276317.000000,643.982389741999,99381599.589455485344,bytes/s,2.808873991362,7.997305982622
03f176b6-run-a,Tail probability,64,63,98240,63579333.000000,647.183764250814,98889996.219368964434,bytes/s,2.811027613696,7.995152360288
03f176b6-run-a,Tail probability,64,64,99775,64231714.000000,643.765612628414,99415064.651707723737,bytes/s,2.808727774703,7.997452199280
03f176b6-run-a,Tail probability,64,65,101310,64866743.000000,640.279765077485,99956305.806813821197,bytes/s,2.806369776923,7.999810197061
03f176b6-run-a,Tail probability,64,66,102845,66107357.000000,642.786299771501,99566527.822311818600,bytes/s,2.808066611718,7.998113362266
03f176b6-run-a,Tail probability,64,67,104380,66763580.000000,639.620425368845,100059343.732016772032,bytes/s,2.805922323872,8.000257650111
03f176b6-run-a,Tail probability,64,68,105915,67784014.000000,639.985025728178,100002339.784716799855,bytes/s,2.806169812547,8.000010161437
03f176b6-run-a,Tail probability,64,69,107450,68877765.000000,641.021544904607,99840637.976566165686,bytes/s,2.806872626517,7.999307347467
03f176b6-run-a,Tail probability,64,70,108985,70044973.000000,642.702876542643,99579451.618890628219,bytes/s,2.808010243685,7.998169730299
03f176b6-run-a,Tail probability,64,71,110520,71726378.000000,648.990028954035,98614766.244016960263,bytes/s,2.812238024376,7.993941949608
03f176b6-run-a,Tail probability,64,72,112055,72732219.000000,649.076069787158,98601693.975540608168,bytes/s,2.812295597806,7.993884376178
03f176b6-run-a,Tail probability,64,73,113590,73753072.000000,649.291944713443,98568911.136338844895,bytes/s,2.812440014935,7.993739959049
03f176b6-run-a,Tail probability,64,74,115125,74600058.000000,647.991817589576,98766679.243064403534,bytes/s,2.811569521923,7.994610452061
03f176b6-run-a,Tail probability,64,75,116660,75483634.000000,647.039550831476,98912037.011890560389,bytes/s,2.810930828092,7.995249145892
03f176b6-run-a,Tail probability,64,76,118195,76438781.000000,646.717551503871,98961285.109975785017,bytes/s,2.810714647584,7.995465326400
03f176b6-run-a,Tail probability,64,77,119730,77123633.000000,644.146270775913,99356315.333329796791,bytes/s,2.808984496828,7.997195477155
03f176b6-run-a,Tail probability,64,78,121265,78356826.000000,646.161926359626,99046380.464670687914,bytes/s,2.810341364608,7.995838609375
03f176b6-run-a,Tail probability,64,79,122800,79160589.000000,644.630203583062,99281727.173606559634,bytes/s,2.809310650140,7.996869323844
03f176b6-run-a,Tail probability,64,80,124335,81585302.000000,656.173257731130,97535215.350431621075,bytes/s,2.817018526787,7.989161447197
03f176b6-run-a,Tail probability,64,81,125870,85136788.000000,676.386652895845,94620435.997655913234,bytes/s,2.830195029099,7.975984944885
03f176b6-run-a,Tail probability,64,82,127405,82371961.000000,646.536329029473,98989023.704316079617,bytes/s,2.810592933012,7.995587040972
03f176b6-run-a,Tail probability,64,83,128940,82661109.000000,641.081968357376,99831227.766373172402,bytes/s,2.806913561702,7.999266412282
03f176b6-run-a,Tail probability,64,84,130475,83691810.000000,641.439432841541,99775593.334640502930,bytes/s,2.807155654905,7.999024319079
03f176b6-run-a,Tail probability,64,85,132010,84310677.000000,638.668865995000,100208423.187018170953,bytes/s,2.805275745568,8.000904228416
03f176b6-run-a,Tail probability,64,86,133545,85882598.000000,643.098566026433,99518181.785790890455,bytes/s,2.808277541199,7.997902432785
03f176b6-run-a,Tail probability,64,87,135080,87466040.000000,647.512881255552,98839732.540766671300,bytes/s,2.811248412448,7.994931561536
03f176b6-run-a,Tail probability,64,88,136615,87509333.000000,640.554353475094,99913457.230899021029,bytes/s,2.806555987184,7.999623986800
03f176b6-run-a,Tail probability,64,89,138150,88908714.000000,643.566514657980,99445820.350072786212,bytes/s,2.808593439284,7.997586534700
03f176b6-run-a,Tail probability,64,90,139685,89306302.000000,639.340673658589,100103125.980963811278,bytes/s,2.805732334316,8.000447639668
03f176b6-run-a,Tail probability,64,91,141220,90386279.000000,640.038797620734,99993938.239232093096,bytes/s,2.806206300674,7.999973673310
03f176b6-run-a,Tail probability,64,92,142755,91208803.000000,638.918447690098,100169278.616670370102,bytes/s,2.805445427832,8.000734546152
03f176b6-run-a,Tail probability,64,93,144290,92182318.000000,638.868376186846,100177129.414341703057,bytes/s,2.805411391204,8.000768582780
03f176b6-run-a,Tail probability,64,94,145825,93202895.000000,639.142088119321,100134228.663176178932,bytes/s,2.805597417198,8.000582556786
03f176b6-run-a,Tail probability,64,95,147360,94093037.000000,638.524952497286,100231008.592059791088,bytes/s,2.805177873440,8.001002100544
03f176b6-run-a,Tail probability,64,96,148895,95156000.000000,639.081231740488,100143763.924502909184,bytes/s,2.805556063564,8.000623910419
03f176b6-run-a,Tail probability,64,97,150430,97240307.000000,646.415655121984,99007503.133448570967,bytes/s,2.810511865791,7.995668108193
03f176b6-run-a,Tail probability,64,98,151965,98275408.000000,646.697647484618,98964330.934143766761,bytes/s,2.810701281101,7.995478692883
03f176b6-run-a,Tail probability,64,99,153500,101076829.000000,658.480970684039,97193393.354277074337,bytes/s,2.818543228886,7.987636745098
03f176b6-run-a,Tail probability,256,0,325,992514.000000,3053.889230769231,83827532.911374554038,bytes/s,3.484853280481,7.923386684831
03f176b6-run-a,Tail probability,256,1,650,1984539.000000,3053.136923076923,83848188.420585334301,bytes/s,3.484746281404,7.923493683908
03f176b6-run-a,Tail probability,256,2,975,2941232.000000,3016.648205128205,84862397.797929570079,bytes/s,3.479524666662,7.928715298650
03f176b6-run-a,Tail probability,256,3,1300,3914055.000000,3010.811538461538,85026909.432800516486,bytes/s,3.478683571731,7.929556393581
03f176b6-run-a,Tail probability,256,4,1625,4934779.000000,3036.787076923077,84299621.117784604430,bytes/s,3.482414342607,7.925825622705
03f176b6-run-a,Tail probability,256,5,1950,5860888.000000,3005.583589743590,85174806.275090053678,bytes/s,3.477928810847,7.930311154465
03f176b6-run-a,Tail probability,256,6,2275,7016586.000000,3084.213626373627,83003329.539465487003,bytes/s,3.489144451591,7.919095513721
03f176b6-run-a,Tail probability,256,7,2600,7889557.000000,3034.445000000000,84364686.128764897585,bytes/s,3.482079270212,7.926160695099
03f176b6-run-a,Tail probability,256,8,2925,8830889.000000,3019.107350427350,84793275.059849575162,bytes/s,3.479878555510,7.928361409801
03f176b6-run-a,Tail probability,256,9,3250,9744847.000000,2998.414461538462,85378456.942423000932,bytes/s,3.476891663842,7.931348301470
03f176b6-run-a,Tail probability,256,10,3575,10872546.000000,3041.271608391608,84175316.434623494744,bytes/s,3.483055207635,7.925184757677
03f176b6-run-a,Tail probability,256,11,3900,12776016.000000,3275.901538461539,78146426.867342680693,bytes/s,3.515330839991,7.892909125320
03f176b6-run-a,Tail probability,256,12,4225,12969086.000000,3069.606153846154,83398321.207832217216,bytes/s,3.487082656851,7.921157308461
03f176b6-run-a,Tail probability,256,13,4550,13697028.000000,3010.335824175824,85040345.978704288602,bytes/s,3.478614946906,7.929625018405
03f176b6-run-a,Tail probability,256,14,4875,15348634.000000,3148.437743589744,81310167.406428486109,bytes/s,3.498095110094,7.910144855218
03f176b6-run-a,Tail probability,256,15,5200,15627730.000000,3005.332692307692,85181917.015459060669,bytes/s,3.477892555685,7.930347409627
03f176b6-run-a,Tail probability,256,16,5525,16872458.000000,3053.838552036199,83828924.037031248212,bytes/s,3.484846073384,7.923393891928
03f176b6-run-a,Tail probability,256,17,5850,17646903.000000,3016.564615384616,84864749.355736806989,bytes/s,3.479512632422,7.928727332890
03f176b6-run-a,Tail probability,256,18,6175,18644166.000000,3019.298137651822,84787917.035280629992,bytes/s,3.479905999126,7.928333966186
03f176b6-run-a,Tail probability,256,19,6500,19669289.000000,3026.044461538462,84598889.161677375436,bytes/s,3.480875304804,7.927364660508
03f176b6-run-a,Tail probability,256,20,6825,20568235.000000,3013.660805860806,84946520.690764188766,bytes/s,3.479094369932,7.929145595380
03f176b6-run-a,Tail probability,256,21,7150,21598488.000000,3020.767552447553,84746673.007851287723,bytes/s,3.480117307672,7.928122657640
03f176b6-run-a,Tail probability,256,22,7475,23129576.000000,3094.257658862876,82733898.796934276819,bytes/s,3.490556474574,7.917683490737
03f176b6-run-a,Tail probability,256,23,7800,23879374.000000,3061.458205128205,83620282.508243307471,bytes/s,3.485928334846,7.922311630466
03f176b6-run-a,Tail probability,256,24,8125,24745992.000000,3045.660553846154,84054015.696764141321,bytes/s,3.483681498538,7.924558466774
03f176b6-run-a,Tail probability,256,25,8450,25819647.000000,3055.579526627219,83781160.912075981498,bytes/s,3.485093591452,7.923146373860
03f176b6-run-a,Tail probability,256,26,8775,26898538.000000,3065.360455840456,83513832.610530734062,bytes/s,3.486481550560,7.921758414752
03f176b6-run-a,Tail probability,256,27,9100,29036558.000000,3190.830549450549,80229895.017171114683,bytes/s,3.503903741394,7.904336223918
03f176b6-run-a,Tail probability,256,28,9425,28939709.000000,3070.526153846154,83373333.159638896585,bytes/s,3.487212800928,7.921027164384
03f176b6-run-a,Tail probability,256,29,9750,30678601.000000,3146.523179487179,81359642.181858301163,bytes/s,3.497830935412,7.910409029900
03f176b6-run-a,Tail probability,256,30,10075,30314037.000000,3008.837419354839,85082696.178011521697,bytes/s,3.478398721544,7.929841243768
03f176b6-run-a,Tail probability,256,31,10400,31970602.000000,3074.096346153846,83276505.084264591336,bytes/s,3.487717474728,7.920522490584
03f176b6-run-a,Tail probability,256,32,10725,32654624.000000,3044.720186480186,84079975.932351887226,bytes/s,3.483547386607,7.924692578705
03f176b6-run-a,Tail probability,256,33,11050,33676258.000000,3047.625158371041,83999831.572735890746,bytes/s,3.483961550049,7.924278415263
03f176b6-run-a,Tail probability,256,34,11375,35971947.000000,3162.368967032967,80951970.712066262960,bytes/s,3.500012539536,7.908227425776
03f176b6-run-a,Tail probability,256,35,11700,36450329.000000,3115.412735042735,82172097.815632879734,bytes/s,3.493515590860,7.914724374452
03f176b6-run-a,Tail probability,256,36,12025,36801557.000000,3060.420540540541,83648634.757491379976,bytes/s,3.485781108144,7.922458857168
03f176b6-run-a,Tail probability,256,37,12350,38267567.000000,3098.588421052631,82618265.227052450180,bytes/s,3.491163893652,7.917076071659
03f176b6-run-a,Tail probability,256,38,12675,38252624.000000,3017.958500986193,84825553.405172929168,bytes/s,3.479713263632,7.928526701680
03f176b6-run-a,Tail probability,256,39,13000,39385979.000000,3029.690692307692,84497074.453830391169,bytes/s,3.481398292700,7.926841672612
03f176b6-run-a,Tail probability,256,40,13325,41098547.000000,3084.318724202627,83000501.209933295846,bytes/s,3.489159250381,7.919080714931
03f176b6-run-a,Tail probability,256,41,13650,41944915.000000,3072.887545787546,83309264.066931605339,bytes/s,3.487546667273,7.920693298039
03f176b6-run-a,Tail probability,256,42,13975,42680888.000000,3054.088586762075,83822061.059273183346,bytes/s,3.484881630030,7.923358335282
03f176b6-run-a,Tail probability,256,43,14300,43645193.000000,3052.111398601398,83876361.825230106711,bytes/s,3.484600380828,7.923639584484
03f176b6-run-a,Tail probability,256,44,14625,45627292.000000,3119.814837606838,82056151.831232935190,bytes/s,3.494128819213,7.914111146099
03f176b6-run-a,Tail probability,256,45,14950,44924137.000000,3004.958996655519,85192510.208932891488,bytes/s,3.477838550333,7.930401414979
03f176b6-run-a,Tail probability,256,46,15275,46038361.000000,3013.967986906710,84937863.013846218586,bytes/s,3.479138635111,7.929101330201
03f176b6-run-a,Tail probability,256,47,15600,46891502.000000,3005.865512820513,85166817.646404251456,bytes/s,3.477969545663,7.930270419649
03f176b6-run-a,Tail probability,256,48,15925,47882551.000000,3006.753594976452,85141662.565137773752,bytes/s,3.478097838900,7.930142126412
03f176b6-run-a,Tail probability,256,49,16250,48822473.000000,3004.459876923077,85206662.923445105553,bytes/s,3.477766408600,7.930473556712
03f176b6-run-a,Tail probability,256,50,16575,51521781.000000,3108.403076923077,82357401.426010489464,bytes/s,3.492537330185,7.915702635127
03f176b6-run-a,Tail probability,256,51,16900,50503568.000000,2988.376804733728,85665234.583029851317,bytes/s,3.475435356831,7.932804608481
03f176b6-run-a,Tail probability,256,52,17225,51612626.000000,2996.378867924528,85436458.900579869747,bytes/s,3.476596725531,7.931643239780
03f176b6-run-a,Tail probability,256,53,17550,52581052.000000,2996.071339031339,85445228.444649606943,bytes/s,3.476552150075,7.931687815237
03f176b6-run-a,Tail probability,256,54,17875,53580621.000000,2997.517258741259,85404012.021435871720,bytes/s,3.476761692306,7.931478273006
03f176b6-run-a,Tail probability,256,55,18200,54588640.000000,2999.375824175824,85351091.362598523498,bytes/s,3.477030886613,7.931209078699
03f176b6-run-a,Tail probability,256,56,18525,55594983.000000,3001.078704453441,85302661.213152989745,bytes/s,3.477277385115,7.930962580196
03f176b6-run-a,Tail probability,256,57,18850,56562083.000000,3000.641007957560,85315104.113121151924,bytes/s,3.477214040214,7.931025925098
03f176b6-run-a,Tail probability,256,58,19175,57391555.000000,2993.040677966102,85531747.658692985773,bytes/s,3.476112619311,7.932127346001
03f176b6-run-a,Tail probability,256,59,19500,58733694.000000,3011.984307692308,84993802.705479413271,bytes/s,3.478852704879,7.929387260433
03f176b6-run-a,Tail probability,256,60,19825,59289515.000000,2990.643883984867,85600295.431662753224,bytes/s,3.475764701755,7.932475263557
03f176b6-run-a,Tail probability,256,61,20150,60253681.000000,2990.257121588089,85611367.046604171395,bytes/s,3.475708533370,7.932531431942
03f176b6-run-a,Tail probability,256,62,20475,61241520.000000,2991.038827838828,85588992.565827891231,bytes/s,3.475822050814,7.932417914498
03f176b6-run-a,Tail probability,256,63,20800,62401761.000000,3000.084663461539,85330925.196165531874,bytes/s,3.477133510838,7.931106454474
03f176b6-run-a,Tail probability,256,64,21125,63201835.000000,2991.802840236686,85567135.827622726560,bytes/s,3.475932970135,7.932306995176
03f176b6-run-a,Tail probability,256,65,21450,64182412.000000,2992.187039627040,85556148.933760851622,bytes/s,3.475988737501,7.932251227811
03f176b6-run-a,Tail probability,256,66,21775,65398327.000000,3003.367485648680,85237654.473943963647,bytes/s,3.477608474798,7.930631490514
03f176b6-run-a,Tail probability,256,67,22100,69232798.000000,3132.705791855204,81718494.173816293478,bytes/s,3.495919610019,7.912320355292
03f176b6-run-a,Tail probability,256,68,22425,67521831.000000,3011.006956521739,85021391.081648841500,bytes/s,3.478711758892,7.929528206420
03f176b6-run-a,Tail probability,256,69,22750,68511416.000000,3011.490813186813,85007730.682431086898,bytes/s,3.478781542656,7.929458422656
03f176b6-run-a,Tail probability,256,70,23075,69330974.000000,3004.592589382449,85202899.356354057789,bytes/s,3.477785591754,7.930454373558
03f176b6-run-a,Tail probability,256,71,23400,70812630.000000,3026.180769230769,84595078.589793935418,bytes/s,3.480894867089,7.927345098223
03f176b6-run-a,Tail probability,256,72,23725,71347852.000000,3007.285648050580,85126599.186195537448,bytes/s,3.478174681669,7.930065283643
03f176b6-run-a,Tail probability,256,73,24050,72350006.000000,3008.316257796258,85097435.928339794278,bytes/s,3.478323490761,7.929916474551
03f176b6-run-a,Tail probability,256,74,24375,73314664.000000,3007.781087179487,85112577.205564215779,bytes/s,3.478246224177,7.929993741135
03f176b6-run-a,Tail probability,256,75,24700,74076404.000000,2999.044696356275,85360515.070358976722,bytes/s,3.476982938329,7.931257026983
03f176b6-run-a,Tail probability,256,76,25025,75142102.000000,3002.681398601399,85257130.549794837832,bytes/s,3.477509253554,7.930730711758
03f176b6-run-a,Tail probability,256,77,25350,76318683.000000,3010.598934911242,85032913.893443375826,bytes/s,3.478652903651,7.929587061661
03f176b6-run-a,Tail probability,256,78,25675,78980761.000000,3076.173748782863,83220266.768510878086,bytes/s,3.488010861691,7.920229103621
03f176b6-run-a,Tail probability,256,79,26000,80381207.000000,3091.584884615384,82805424.904853701591,bytes/s,3.490181175277,7.918058790034
03f176b6-run-a,Tail probability,256,80,26325,80447464.000000,3055.934055080722,83771441.197947517037,bytes/s,3.485143978234,7.923095987078
03f176b6-run-a,Tail probability,256,81,26650,80646800.000000,3026.146341463415,84596041.008446708322,bytes/s,3.480889926249,7.927350039062
03f176b6-run-a,Tail probability,256,82,26975,81482908.000000,3020.682409638554,84749061.729608371854,bytes/s,3.480105066554,7.928134898758
03f176b6-run-a,Tail probability,256,83,27300,82851725.000000,3034.861721611722,84353101.881704926491,bytes/s,3.482138907962,7.926101057350
03f176b6-run-a,Tail probability,256,84,27625,82744122.000000,2995.262334841629,85468306.739661812782,bytes/s,3.476434865318,7.931805099994
03f176b6-run-a,Tail probability,256,85,27950,84864067.000000,3036.281466905188,84313658.924689531326,bytes/s,3.482342028705,7.925897936607
03f176b6-run-a,Tail probability,256,86,28275,86257253.000000,3050.654394341291,83916421.497911602259,bytes/s,3.484393009631,7.923846955681
03f176b6-run-a,Tail probability,256,87,28600,86122627.000000,3011.280664335664,85013663.134079739451,bytes/s,3.478751235517,7.929488729795
03f176b6-run-a,Tail probability,256,88,28925,86648004.000000,2995.609472774417,85458402.480915769935,bytes/s,3.476485195251,7.931754770061
03f176b6-run-a,Tail probability,256,89,29250,87607217.000000,2995.118529914530,85472410.338066101074,bytes/s,3.476414013994,7.931825951318
03f176b6-run-a,Tail probability,256,90,29575,88577392.000000,2995.009027895182,85475535.337504640222,bytes/s,3.476398135827,7.931841829485
03f176b6-run-a,Tail probability,256,91,29900,88932322.000000,2974.325150501672,86069944.288646817207,bytes/s,3.473388443456,7.934851521856
03f176b6-run-a,Tail probability,256,92,30225,92169666.000000,3049.451315136476,83949528.470679283142,bytes/s,3.484221704185,7.924018261127
03f176b6-run-a,Tail probability,256,93,30550,92745136.000000,3035.847332242226,84325716.013829544187,bytes/s,3.482279927819,7.925960037493
03f176b6-run-a,Tail probability,256,94,30875,92206769.000000,2986.454056680162,85720387.838337555528,bytes/s,3.475155837990,7.933084127322
03f176b6-run-a,Tail probability,256,95,31200,93846168.000000,3007.890000000000,85109495.360535129905,bytes/s,3.478261949850,7.929978015462
03f176b6-run-a,Tail probability,256,96,31525,94699873.000000,3003.961078509120,85220811.225375130773,bytes/s,3.477694301335,7.930545663976
03f176b6-run-a,Tail probability,256,97,31850,95747906.000000,3006.213689167975,85156953.719698056579,bytes/s,3.478019848083,7.930220117229
03f176b6-run-a,Tail probability,256,98,32175,98981944.000000,3076.361895881896,83215177.103411912918,bytes/s,3.488037423502,7.920202541809
03f176b6-run-a,Tail probability,256,99,32500,97352601.000000,2995.464646153846,85462534.277846366167,bytes/s,3.476464198214,7.931775767098
03f176b6-run-a,Tail probability,4096,0,7,1072312.000000,153187.428571428580,26738486.559881825000,bytes/s,5.185223126092,7.427136821875
03f176b6-run-a,Tail probability,4096,1,14,2131610.000000,152257.857142857130,26901731.555021792650,bytes/s,5.182579713297,7.429780234671
03f176b6-run-a,Tail probability,4096,2,21,3224213.000000,153533.952380952367,26678138.199926618487,bytes/s,5.186204429984,7.426155517984
03f176b6-run-a,Tail probability,4096,3,28,4273994.000000,152642.642857142870,26833916.940454289317,bytes/s,5.183675876807,7.428684071161
03f176b6-run-a,Tail probability,4096,4,35,5328184.000000,152233.828571428574,26905977.721490100026,bytes/s,5.182511169711,7.429848778257
03f176b6-run-a,Tail probability,4096,5,42,6392588.000000,152204.476190476184,26911166.494696673006,bytes/s,5.182427424815,7.429932523153
03f176b6-run-a,Tail probability,4096,6,49,7466440.000000,152376.326530612248,26880816.024772178382,bytes/s,5.182917499446,7.429442448522
03f176b6-run-a,Tail probability,4096,7,56,8551487.000000,152705.125000000000,26822937.344113368541,bytes/s,5.183853612838,7.428506335130
03f176b6-run-a,Tail probability,4096,8,63,9609175.000000,152526.587301587308,26854334.529238980263,bytes/s,5.183345553269,7.429014394698
03f176b6-run-a,Tail probability,4096,9,70,10676659.000000,152523.700000000012,26854842.886712029576,bytes/s,5.183337332073,7.429022615895
03f176b6-run-a,Tail probability,4096,10,77,11705309.000000,152017.000000000000,26944354.907674800605,bytes/s,5.181892157638,7.430467790330
03f176b6-run-a,Tail probability,4096,11,84,12773773.000000,152068.726190476184,26935189.783003035933,bytes/s,5.182039908074,7.430320039894
03f176b6-run-a,Tail probability,4096,12,91,14906082.000000,163803.098901098914,25005631.929302413017,bytes/s,5.214322113682,7.398037834286
03f176b6-run-a,Tail probability,4096,13,98,15462424.000000,157779.836734693876,25960224.606439456344,bytes/s,5.198051502331,7.414308445637
03f176b6-run-a,Tail probability,4096,14,105,16161999.000000,153923.799999999988,26610569.645499918610,bytes/s,5.187305776489,7.425054171479
03f176b6-run-a,Tail probability,4096,15,112,17233821.000000,153873.401785714290,26619285.415579050779,bytes/s,5.187163555140,7.425196392828
03f176b6-run-a,Tail probability,4096,16,119,18295987.000000,153747.789915966394,26641033.358845300972,bytes/s,5.186808881623,7.425551066344
03f176b6-run-a,Tail probability,4096,17,126,19347098.000000,153548.396825396834,26675628.561968311667,bytes/s,5.186245286403,7.426114661565
03f176b6-run-a,Tail probability,4096,18,133,20404366.000000,153416.285714285710,26698599.701652087271,bytes/s,5.185871464049,7.426488483919
03f176b6-run-a,Tail probability,4096,19,140,21502707.000000,153590.764285714278,26668270.185702666640,bytes/s,5.186365101501,7.425994846467
03f176b6-run-a,Tail probability,4096,20,147,22509176.000000,153123.646258503402,26749624.242131296545,bytes/s,5.185042262198,7.427317685770
03f176b6-run-a,Tail probability,4096,21,154,23569592.000000,153049.298701298714,26762618.546812348068,bytes/s,5.184831343925,7.427528604043
03f176b6-run-a,Tail probability,4096,22,161,24629590.000000,152978.819875776389,26774948.344653729349,bytes/s,5.184631306322,7.427728641646
03f176b6-run-a,Tail probability,4096,23,168,25770054.000000,153393.178571428580,26702621.577742908150,bytes/s,5.185806046871,7.426553901097
03f176b6-run-a,Tail probability,4096,24,175,26780581.000000,153031.891428571427,26765662.776322890073,bytes/s,5.184781946034,7.427578001933
03f176b6-run-a,Tail probability,4096,25,182,27916498.000000,153387.351648351643,26703635.964654307812,bytes/s,5.185789549080,7.426570398888
03f176b6-run-a,Tail probability,4096,26,189,29018687.000000,153538.026455026469,26677430.305513132364,bytes/s,5.186215953978,7.426143993990
03f176b6-run-a,Tail probability,4096,27,196,29995628.000000,153038.918367346952,26764433.803486291319,bytes/s,5.184801887568,7.427558060399
03f176b6-run-a,Tail probability,4096,28,203,31017001.000000,152793.108374384232,26807491.801028732210,bytes/s,5.184103766134,7.428256181833
03f176b6-run-a,Tail probability,4096,29,210,32153477.000000,153111.795238095248,26751694.692303415388,bytes/s,5.185008648631,7.427351299337
03f176b6-run-a,Tail probability,4096,30,217,33203468.000000,153011.373271889403,26769251.934767778963,bytes/s,5.184723712946,7.427636235022
03f176b6-run-a,Tail probability,4096,31,224,34312017.000000,153178.647321428580,26740019.393205590546,bytes/s,5.185198230070,7.427161717898
03f176b6-run-a,Tail probability,4096,32,231,35429537.000000,153374.619047619053,26705852.802987515926,bytes/s,5.185753497034,7.426606450933
03f176b6-run-a,Tail probability,4096,33,238,36361225.000000,152778.256302521011,26810097.844613321126,bytes/s,5.184061549005,7.428298398962
03f176b6-run-a,Tail probability,4096,34,245,37474898.000000,152958.767346938781,26778458.476391315460,bytes/s,5.184574375085,7.427785572883
03f176b6-run-a,Tail probability,4096,35,252,38523012.000000,152869.095238095237,26794166.562053870410,bytes/s,5.184319695195,7.428040252772
03f176b6-run-a,Tail probability,4096,36,259,39601351.000000,152900.969111969112,26788581.025935199112,bytes/s,5.184410238052,7.427949709916
03f176b6-run-a,Tail probability,4096,37,266,40739933.000000,153157.642857142870,26743686.593691743910,bytes/s,5.185138673802,7.427221274165
03f176b6-run-a,Tail probability,4096,38,273,41618796.000000,152449.802197802201,26867860.377316057682,bytes/s,5.183126865209,7.429233082759
03f176b6-run-a,Tail probability,4096,39,280,42827345.000000,152954.803571428580,26779152.431699886918,bytes/s,5.184563120626,7.427796827341
03f176b6-run-a,Tail probability,4096,40,287,43835368.000000,152736.473867595807,26817431.987795792520,bytes/s,5.183942760095,7.428417187873
03f176b6-run-a,Tail probability,4096,41,294,44948062.000000,152884.564625850326,26791455.435831695795,bytes/s,5.184363640833,7.427996307135
03f176b6-run-a,Tail probability,4096,42,301,46076569.000000,153078.302325581404,26757547.854745868593,bytes/s,5.184913637151,7.427446310817
03f176b6-run-a,Tail probability,4096,43,308,47207524.000000,153271.181818181823,26723875.626266691834,bytes/s,5.185460506101,7.426899441867
03f176b6-run-a,Tail probability,4096,44,315,48101429.000000,152702.949206349207,26823319.531733661890,bytes/s,5.183847424821,7.428512523147
03f176b6-run-a,Tail probability,4096,45,322,49315716.000000,153154.397515527962,26744253.292398713529,bytes/s,5.185129471200,7.427230476768
03f176b6-run-a,Tail probability,4096,46,329,50270143.000000,152796.787234042567,26806846.362064253539,bytes/s,5.184114222687,7.428245725280
03f176b6-run-a,Tail probability,4096,47,336,51489958.000000,153243.922619047633,26728629.298940189183,bytes/s,5.185383260187,7.426976687781
03f176b6-run-a,Tail probability,4096,48,343,52416677.000000,152818.300291545194,26803072.617518275976,bytes/s,5.184175364971,7.428184582997
03f176b6-run-a,Tail probability,4096,49,350,53639081.000000,153254.517142857134,26726781.541988015175,bytes/s,5.185413284113,7.426946663855
03f176b6-run-a,Tail probability,4096,50,357,54617927.000000,152991.392156862741,26772748.075920201838,bytes/s,5.184666996543,7.427692951424
03f176b6-run-a,Tail probability,4096,51,364,55685911.000000,152983.271978021978,26774169.143071036786,bytes/s,5.184643945296,7.427716002672
03f176b6-run-a,Tail probability,4096,52,371,56818406.000000,153149.342318059294,26745136.074391104281,bytes/s,5.185115136120,7.427244811848
03f176b6-run-a,Tail probability,4096,53,378,57775112.000000,152844.211640211637,26798528.750580355525,bytes/s,5.184248996217,7.428110951751
03f176b6-run-a,Tail probability,4096,54,385,58826888.000000,152797.111688311677,26806789.439550161362,bytes/s,5.184115144883,7.428244803085
03f176b6-run-a,Tail probability,4096,55,392,59919513.000000,152855.900510204083,26796479.470719330013,bytes/s,5.184282207927,7.428077740041
03f176b6-run-a,Tail probability,4096,56,399,60889212.000000,152604.541353383451,26840616.692493904382,bytes/s,5.183567457966,7.428792490002
03f176b6-run-a,Tail probability,4096,57,406,62011851.000000,152738.549261083739,26817067.595676187426,bytes/s,5.183948661277,7.428411286691
03f176b6-run-a,Tail probability,4096,58,413,63148622.000000,152902.232445520582,26788359.688988938928,bytes/s,5.184413826365,7.427946121603
03f176b6-run-a,Tail probability,4096,59,420,64076622.000000,152563.385714285716,26847857.241912659258,bytes/s,5.183450318087,7.428909629881
03f176b6-run-a,Tail probability,4096,60,427,65195413.000000,152682.466042154556,26826918.022591561079,bytes/s,5.183789165816,7.428570782151
03f176b6-run-a,Tail probability,4096,61,434,66366467.000000,152918.126728110597,26785575.311700712889,bytes/s,5.184458969202,7.427900978766
03f176b6-run-a,Tail probability,4096,62,441,67316435.000000,152644.977324263047,26833506.557499665767,bytes/s,5.183682518715,7.428677429253
03f176b6-run-a,Tail probability,4096,63,448,68461673.000000,152816.234375000000,26803434.967182293534,bytes/s,5.184169493801,7.428190454167
03f176b6-run-a,Tail probability,4096,64,455,69556746.000000,152871.969230769231,26793662.831783417612,bytes/s,5.184327860007,7.428032087960
03f176b6-run-a,Tail probability,4096,65,462,70666932.000000,152958.727272727265,26778465.492176737636,bytes/s,5.184574261303,7.427785686665
03f176b6-run-a,Tail probability,4096,66,469,72120709.000000,153775.498933901923,26636232.874527063221,bytes/s,5.186887144793,7.425472803175
03f176b6-run-a,Tail probability,4096,67,476,72632074.000000,152588.390756302513,26843457.616259176284,bytes/s,5.183521492844,7.428838455124
03f176b6-run-a,Tail probability,4096,68,483,74089235.000000,153393.861283643899,26702502.732009582222,bytes/s,5.185807979796,7.426551968172
03f176b6-run-a,Tail probability,4096,69,490,75114616.000000,153295.134693877539,26719699.931635145098,bytes/s,5.185528371364,7.426831576604
03f176b6-run-a,Tail probability,4096,70,497,75956027.000000,152829.028169014084,26801191.168147854507,bytes/s,5.184205851467,7.428154096501
03f176b6-run-a,Tail probability,4096,71,504,76999762.000000,152777.305555555562,26810264.686272665858,bytes/s,5.184058846360,7.428301101608
03f176b6-run-a,Tail probability,4096,72,511,78061547.000000,152762.322896281810,26812894.189760290086,bytes/s,5.184016253612,7.428343694356
03f176b6-run-a,Tail probability,4096,73,518,79202878.000000,152901.308880308876,26788521.497918296605,bytes/s,5.184411203117,7.427948744851
03f176b6-run-a,Tail probability,4096,74,525,81145671.000000,154563.182857142849,26500489.471582531929,bytes/s,5.189106052414,7.423253895554
03f176b6-run-a,Tail probability,4096,75,532,81306160.000000,152831.127819548885,26800822.963475335389,bytes/s,5.184211818006,7.428148129962
03f176b6-run-a,Tail probability,4096,76,539,82108323.000000,152334.551020408166,26888187.693225692958,bytes/s,5.182798416899,7.429561531068
03f176b6-run-a,Tail probability,4096,77,546,83194805.000000,152371.437728937715,26881678.489420104772,bytes/s,5.182903565434,7.429456382534
03f176b6-run-a,Tail probability,4096,78,553,84276458.000000,152398.658227848093,26876877.051477413625,bytes/s,5.182981143337,7.429378804631
03f176b6-run-a,Tail probability,4096,79,560,85314248.000000,152346.871428571438,26886013.224895328283,bytes/s,5.182833540047,7.429526407921
03f176b6-run-a,Tail probability,4096,80,567,86392964.000000,152368.543209876545,26882189.156052105129,bytes/s,5.182895315294,7.429464632673
03f176b6-run-a,Tail probability,4096,81,574,87510021.000000,152456.482578397205,26866683.073930472136,bytes/s,5.183145895662,7.429214052306
03f176b6-run-a,Tail probability,4096,82,581,88505924.000000,152333.776247848524,26888324.447073172778,bytes/s,5.182796208075,7.429563739893
03f176b6-run-a,Tail probability,4096,83,588,89496509.000000,152204.947278911568,26911083.202139202505,bytes/s,5.182428768998,7.429931178969
03f176b6-run-a,Tail probability,4096,84,595,90566147.000000,152212.011764705880,26909834.201072946191,bytes/s,5.182448926004,7.429911021964
03f176b6-run-a,Tail probability,4096,85,602,91642710.000000,152230.415282392030,26906581.003551729023,bytes/s,5.182501432130,7.429858515838
03f176b6-run-a,Tail probability,4096,86,609,92727807.000000,152262.408866995072,26900927.356127381325,bytes/s,5.182592696266,7.429767251702
03f176b6-run-a,Tail probability,4096,87,616,93786111.000000,152250.180194805202,26903088.027607839555,bytes/s,5.182557815312,7.429802132656
03f176b6-run-a,Tail probability,4096,88,623,95040783.000000,152553.423756019271,26849610.445654682815,bytes/s,5.183421958958,7.428937989010
03f176b6-run-a,Tail probability,4096,89,630,95990865.000000,152366.452380952367,26882558.043413821608,bytes/s,5.182889355785,7.429470592182
03f176b6-run-a,Tail probability,4096,90,637,97160540.000000,152528.320251177385,26854029.423879284412,bytes/s,5.183350487531,7.429009460436
03f176b6-run-a,Tail probability,4096,91,644,97986022.000000,152152.208074534166,26920411.158236425370,bytes/s,5.182278259340,7.430081688627
03f176b6-run-a,Tail probability,4096,92,651,99195079.000000,152373.393241167447,26881333.498408723623,bytes/s,5.182909139068,7.429450808899
03f176b6-run-a,Tail probability,4096,93,658,102399146.000000,155621.802431610937,26320219.506518151611,bytes/s,5.192070441063,7.420289506905
03f176b6-run-a,Tail probability,4096,94,665,101460654.000000,152572.412030075182,26846268.899469148368,bytes/s,5.183476012084,7.428883935884
03f176b6-run-a,Tail probability,4096,95,672,102493584.000000,152520.214285714290,26855456.630338929594,bytes/s,5.183327406771,7.429032541197
03f176b6-run-a,Tail probability,4096,96,679,103620950.000000,152608.173784977902,26839977.823017451912,bytes/s,5.183577795314,7.428782152654
03f176b6-run-a,Tail probability,4096,97,686,104575252.000000,152442.058309037908,26869225.235048919916,bytes/s,5.183104804087,7.429255143880
03f176b6-run-a,Tail probability,4096,98,693,105544804.000000,152301.304473304481,26894057.238478548825,bytes/s,5.182703623120,7.429656324848
03f176b6-run-a,Tail probability,4096,99,700,106733099.000000,152475.855714285717,26863269.471825230867,bytes/s,5.183201079354,7.429158868614
03f176b6-run-a,Tail probability,50000,0,12,50106523.000000,4175543.583333333489,11974488.830526117235,bytes/s,6.620713021107,7.078256983229
03f176b6-run-a,Tail probability,50000,1,12,50331442.000000,4194286.833333333489,11920977.745879007503,bytes/s,6.622658127101,7.076311877235
03f176b6-run-a,Tail probability,50000,2,12,50393492.000000,4199457.666666666977,11906299.329286407679,bytes/s,6.623193207640,7.075776796696
03f176b6-run-a,Tail probability,50000,3,12,50202062.000000,4183505.166666666511,11951700.310636643320,bytes/s,6.621540309680,7.077429694656
03f176b6-run-a,Tail probability,50000,4,12,50223812.000000,4185317.666666666511,11946524.489220373333,bytes/s,6.621728426641,7.077241577695
03f176b6-run-a,Tail probability,50000,5,12,50220595.000000,4185049.583333333489,11947289.752341642976,bytes/s,6.621700607763,7.077269396573
03f176b6-run-a,Tail probability,50000,6,12,50783711.000000,4231975.916666666977,11814812.036875367165,bytes/s,6.626543187551,7.072426816785
03f176b6-run-a,Tail probability,50000,7,12,50161290.000000,4180107.500000000000,11961414.867919066921,bytes/s,6.621187450688,7.077782553648
03f176b6-run-a,Tail probability,50000,8,12,51353470.000000,4279455.833333333023,11683728.480276016518,bytes/s,6.631388548545,7.067581455791
03f176b6-run-a,Tail probability,50000,9,12,50836092.000000,4236341.000000000000,11802638.172894958407,bytes/s,6.626990910939,7.071979093397
03f176b6-run-a,Tail probability,50000,10,12,50970018.000000,4247501.500000000000,11771626.213669376448,bytes/s,6.628133540912,7.070836463424
03f176b6-run-a,Tail probability,50000,11,12,50448513.000000,4204042.750000000000,11893313.882214922458,bytes/s,6.623667123625,7.075302880711
03f176b6-run-a,Tail probability,50000,12,12,50349975.000000,4195831.250000000000,11916589.829488495365,bytes/s,6.622818013204,7.076151991132
03f176b6-run-a,Tail probability,50000,13,12,50495999.000000,4207999.916666666977,11882129.512874871492,bytes/s,6.624075722545,7.074894281791
03f176b6-run-a,Tail probability,50000,14,12,51666080.000000,4305506.666666666977,11613035.089946826920,bytes/s,6.634024266031,7.064945738305
03f176b6-run-a,Tail probability,50000,15,12,50227238.000000,4185603.166666666511,11945709.616762124002,bytes/s,6.621758050879,7.077211953457
03f176b6-run-a,Tail probability,50000,16,12,50201293.000000,4183441.083333333489,11951883.390732584521,bytes/s,6.621533657064,7.077436347272
03f176b6-run-a,Tail probability,50000,17,12,50110448.000000,4175870.666666666511,11973550.904992908239,bytes/s,6.620747039414,7.078222964922
03f176b6-run-a,Tail probability,50000,18,12,50200384.000000,4183365.333333333489,11952099.808638913557,bytes/s,6.621525793178,7.077444211158
03f176b6-run-a,Tail probability,50000,19,12,50102545.000000,4175212.083333333489,11975439.570983868092,bytes/s,6.620678540725,7.078291463611
03f176b6-run-a,Tail probability,50000,20,12,50163738.000000,4180311.500000000000,11960831.148587850854,bytes/s,6.621208644859,7.077761359477
03f176b6-run-a,Tail probability,50000,21,12,50227169.000000,4185597.416666666511,11945726.027282167226,bytes/s,6.621757454263,7.077212550073
03f176b6-run-a,Tail probability,50000,22,12,50033299.000000,4169441.583333333489,11992013.558810103685,bytes/s,6.620077893459,7.078892110877
03f176b6-run-a,Tail probability,50000,23,12,50254649.000000,4187887.416666666511,11939193.924128293991,bytes/s,6.621994997988,7.076975006348
03f176b6-run-a,Tail probability,50000,24,12,50162549.000000,4180212.416666666511,11961114.655477337539,bytes/s,6.621198350924,7.077771653412
03f176b6-run-a,Tail probability,50000,25,12,50210312.000000,4184192.666666666511,11949736.540175253525,bytes/s,6.621611673982,7.077358330354
03f176b6-run-a,Tail probability,50000,26,12,50385492.000000,4198791.000000000000,11908189.762243464589,bytes/s,6.623124257633,7.075845746703
03f176b6-run-a,Tail probability,50000,27,12,50923900.000000,4243658.333333333023,11782286.902613507584,bytes/s,6.627740410592,7.071229593744
03f176b6-run-a,Tail probability,50000,28,12,50121568.000000,4176797.333333333489,11970894.446079580113,bytes/s,6.620843402928,7.078126601408
03f176b6-run-a,Tail probability,50000,29,12,50129890.000000,4177490.833333333489,11968907.172946119681,bytes/s,6.620915505594,7.078054498742
03f176b6-run-a,Tail probability,50000,30,12,49960025.000000,4163335.416666666511,12009601.676540395245,bytes/s,6.619441400976,7.079528603361
03f176b6-run-a,Tail probability,50000,31,12,50035761.000000,4169646.750000000000,11991423.494088558480,bytes/s,6.620099263361,7.078870740975
03f176b6-run-a,Tail probability,50000,32,12,49903030.000000,4158585.833333333489,12023318.022973755375,bytes/s,6.618945669763,7.080024334573
03f176b6-run-a,Tail probability,50000,33,12,50047650.000000,4170637.500000000000,11988574.888131611049,bytes/s,6.620202443840,7.078767560496
03f176b6-run-a,Tail probability,50000,34,12,49928974.000000,4160747.833333333489,12017070.488970993087,bytes/s,6.619171395699,7.079798608637
03f176b6-run-a,Tail probability,50000,35,12,49932191.000000,4161015.916666666511,12016296.260662786663,bytes/s,6.619199377054,7.079770627282
03f176b6-run-a,Tail probability,50000,36,12,50021356.000000,4168446.333333333489,11994876.748243289068,bytes/s,6.619974214544,7.078995789792
03f176b6-run-a,Tail probability,50000,37,12,49968486.000000,4164040.500000000000,12007568.130041001365,bytes/s,6.619514944864,7.079455059472
03f176b6-run-a,Tail probability,50000,38,12,50124855.000000,4177071.250000000000,11970109.439718080685,bytes/s,6.620871883266,7.078098121070
03f176b6-run-a,Tail probability,50000,39,12,50095553.000000,4174629.416666666511,11977111.022209895775,bytes/s,6.620617929056,7.078352075280
03f176b6-run-a,Tail probability,50000,40,12,49911002.000000,4159250.166666666511,12021397.606884351000,bytes/s,6.619015042687,7.079954961650
03f176b6-run-a,Tail probability,50000,41,12,50116253.000000,4176354.416666666511,11972164.000369301066,bytes/s,6.620797346956,7.078172657380
03f176b6-run-a,Tail probability,50000,42,12,49901777.000000,4158481.416666666511,12023619.920388806611,bytes/s,6.618934765058,7.080035239278
03f176b6-run-a,Tail probability,50000,43,12,51197705.000000,4266475.416666666977,11719275.307359967381,bytes/s,6.630069247581,7.068900756755
03f176b6-run-a,Tail probability,50000,44,12,50201210.000000,4183434.166666666511,11951903.151338385418,bytes/s,6.621532939025,7.077437065311
03f176b6-run-a,Tail probability,50000,45,12,50780156.000000,4231679.666666666977,11815639.164243606851,bytes/s,6.626512784674,7.072457219662
03f176b6-run-a,Tail probability,50000,46,12,50268063.000000,4189005.250000000000,11936007.957975225523,bytes/s,6.622110904655,7.076859099682
03f176b6-run-a,Tail probability,50000,47,12,50135476.000000,4177956.333333333489,11967573.619925338775,bytes/s,6.620963896561,7.078006107775
03f176b6-run-a,Tail probability,50000,48,12,51533717.000000,4294476.416666666977,11642862.865878662094,bytes/s,6.632910222134,7.066059782202
03f176b6-run-a,Tail probability,50000,49,12,51008127.000000,4250677.250000000000,11762831.440566323698,bytes/s,6.628458130640,7.070511873696
03f176b6-run-a,Tail probability,50000,50,12,50779247.000000,4231603.916666666977,11815850.676163038239,bytes/s,6.626505010432,7.072464993904
03f176b6-run-a,Tail probability,50000,51,12,51522878.000000,4293573.166666666977,11645312.204803464934,bytes/s,6.632818868099,7.066151136237
03f176b6-run-a,Tail probability,50000,52,12,50651695.000000,4220974.583333333023,11845605.561669753864,bytes/s,6.625412737051,7.073557267285
03f176b6-run-a,Tail probability,50000,53,12,50869945.000000,4239162.083333333023,11794783.737234236673,bytes/s,6.627280022030,7.071689982306
03f176b6-run-a,Tail probability,50000,54,12,50522886.000000,4210240.500000000000,11875806.144565850496,bytes/s,6.624306904586,7.074663099750
03f176b6-run-a,Tail probability,50000,55,12,50369110.000000,4197425.833333333023,11912062.770217699930,bytes/s,6.622983031086,7.075986973250
03f176b6-run-a,Tail probability,50000,56,12,50350579.000000,4195881.583333333023,11916446.879389410838,bytes/s,6.622823222984,7.076146781352
03f176b6-run-a,Tail probability,50000,57,12,50366174.000000,4197181.166666666977,11912757.161185203120,bytes/s,6.622957715455,7.076012288881
03f176b6-run-a,Tail probability,50000,58,12,50347083.000000,4195590.250000000000,11917274.333450460806,bytes/s,6.622793067497,7.076176936839
03f176b6-run-a,Tail probability,50000,59,12,50570438.000000,4214203.166666666977,11864639.179118834436,bytes/s,6.624715469107,7.074254535229
03f176b6-run-a,Tail probability,50000,60,12,50321978.000000,4193498.166666666511,11923219.711276056245,bytes/s,6.622576457487,7.076393546849
03f176b6-run-a,Tail probability,50000,61,12,50324496.000000,4193708.000000000000,11922623.129698108882,bytes/s,6.622598188074,7.076371816262
03f176b6-run-a,Tail probability,50000,62,12,50469699.000000,4205808.250000000000,11888321.347032405436,bytes/s,6.623849468573,7.075120535763
03f176b6-run-a,Tail probability,50000,63,12,50388802.000000,4199066.833333333023,11907407.522806357592,bytes/s,6.623152787026,7.075817217310
03f176b6-run-a,Tail probability,50000,64,12,50345097.000000,4195424.750000000000,11917744.442919636145,bytes/s,6.622775935902,7.076194068434
03f176b6-run-a,Tail probability,50000,65,12,51420084.000000,4285007.000000000000,11668592.373361350968,bytes/s,6.631951535725,7.067018468611
03f176b6-run-a,Tail probability,50000,66,12,50835635.000000,4236302.916666666977,11802744.275742793456,bytes/s,6.626987006755,7.071982997581
03f176b6-run-a,Tail probability,50000,67,12,50906751.000000,4242229.250000000000,11786256.011506214738,bytes/s,6.627594134081,7.071375870255
03f176b6-run-a,Tail probability,50000,68,12,50497118.000000,4208093.166666666977,11881866.208681453019,bytes/s,6.624085346479,7.074884657857
03f176b6-run-a,Tail probability,50000,69,12,51158977.000000,4263248.083333333023,11728146.948677258566,bytes/s,6.629740605480,7.069229398856
03f176b6-run-a,Tail probability,50000,70,12,50291044.000000,4190920.333333333489,11930553.678702712059,bytes/s,6.622309405257,7.076660599079
03f176b6-run-a,Tail probability,50000,71,12,50137624.000000,4178135.333333333489,11967060.904202399775,bytes/s,6.620982503037,7.077987501299
03f176b6-run-a,Tail probability,50000,72,12,50151329.000000,4179277.416666666511,11963790.630553379655,bytes/s,6.621101200177,7.077868804159
03f176b6-run-a,Tail probability,50000,73,12,50159721.000000,4179976.750000000000,11961789.021912621334,bytes/s,6.621173866135,7.077796138201
03f176b6-run-a,Tail probability,50000,74,12,50224054.000000,4185337.833333333489,11946466.925987295806,bytes/s,6.621730519254,7.077239485082
03f176b6-run-a,Tail probability,50000,75,12,50208530.000000,4184044.166666666511,11950160.659951606765,bytes/s,6.621596260285,7.077373744051
03f176b6-run-a,Tail probability,50000,76,12,50146505.000000,4178875.416666666511,11964941.524838073179,bytes/s,6.621059423869,7.077910580467
03f176b6-run-a,Tail probability,50000,77,12,50098185.000000,4174848.750000000000,11976481.782723266631,bytes/s,6.620640746112,7.078329258224
03f176b6-run-a,Tail probability,50000,78,12,50408381.000000,4200698.416666666977,11902782.594822872430,bytes/s,6.623321503085,7.075648501251
03f176b6-run-a,Tail probability,50000,79,12,50124617.000000,4177051.416666666511,11970166.275784213096,bytes/s,6.620869821168,7.078100183168
03f176b6-run-a,Tail probability,50000,80,12,50140492.000000,4178374.333333333489,11966376.396944807842,bytes/s,6.621007345079,7.077962659257
03f176b6-run-a,Tail probability,50000,81,12,50208041.000000,4184003.416666666511,11950277.048252092674,bytes/s,6.621592030505,7.077377973831
03f176b6-run-a,Tail probability,50000,82,12,50716527.000000,4226377.250000000000,11830463.075675509870,bytes/s,6.625968259938,7.073001744398
03f176b6-run-a,Tail probability,50000,83,12,50066060.000000,4172171.666666666511,11984166.519194839522,bytes/s,6.620362169446,7.078607834890
03f176b6-run-a,Tail probability,50000,84,12,50892287.000000,4241023.916666666977,11789605.760888677090,bytes/s,6.627470721610,7.071499282726
03f176b6-run-a,Tail probability,50000,85,12,50773136.000000,4231094.666666666977,11817272.819232594222,bytes/s,6.626452742361,7.072517261975
03f176b6-run-a,Tail probability,50000,86,12,51643206.000000,4303600.500000000000,11618178.778443770483,bytes/s,6.633831949299,7.065138055037
03f176b6-run-a,Tail probability,50000,87,12,50795931.000000,4232994.250000000000,11811969.742222068831,bytes/s,6.626647678539,7.072322325797
03f176b6-run-a,Tail probability,50000,88,12,51763266.000000,4313605.500000000000,11591231.511551067233,bytes/s,6.634840424260,7.064129580076
03f176b6-run-a,Tail probability,50000,89,12,50275833.000000,4189652.750000000000,11934163.278806339949,bytes/s,6.622178028931,7.076791975405
03f176b6-run-a,Tail probability,50000,90,12,50589095.000000,4215757.916666666977,11860263.560753555968,bytes/s,6.624875664236,7.074094340100
03f176b6-run-a,Tail probability,50000,91,12,50844319.000000,4237026.583333333023,11800728.415695764124,bytes/s,6.627061188797,7.071908815539
03f176b6-run-a,Tail probability,50000,92,12,51271837.000000,4272653.083333333023,11702330.852705746889,bytes/s,6.630697631851,7.068272372485
03f176b6-run-a,Tail probability,50000,93,12,52454190.000000,4371182.500000000000,11438552.382564671338,bytes/s,6.640598938974,7.058371065362
03f176b6-run-a,Tail probability,50000,94,12,50056899.000000,4171408.250000000000,11986359.762317677960,bytes/s,6.620282695731,7.078687308605
03f176b6-run-a,Tail probability,50000,95,12,50027461.000000,4168955.083333333489,11993412.977724373341,bytes/s,6.620027216027,7.078942788309
03f176b6-run-a,Tail probability,50000,96,12,51045841.000000,4253820.083333333023,11754140.753602238372,bytes/s,6.628779117333,7.070190887003
03f176b6-run-a,Tail probability,50000,97,12,51111501.000000,4259291.750000000000,11739040.886316370219,bytes/s,6.629337389094,7.069632615242
03f176b6-run-a,Tail probability,50000,98,12,51019619.000000,4251634.916666666977,11760181.901789583266,bytes/s,6.628555965051,7.070414039285
03f176b6-run-a,Tail probability,50000,99,12,51222331.000000,4268527.583333333023,11713641.067994348705,bytes/s,6.630278092189,7.068691912147
03f176b6-run-a,Tail probability,200000,0,2,58524944.000000,29262472.000000000000,6834692.571427321993,bytes/s,7.466311011147,6.834718984517
03f176b6-run-a,Tail probability,200000,1,2,59016364.000000,29508182.000000000000,6777781.159137489274,bytes/s,7.469942453428,6.831087542236
03f176b6-run-a,Tail probability,200000,2,2,58854305.000000,29427152.500000000000,6796444.202339998446,bytes/s,7.468748239899,6.832281755765
03f176b6-run-a,Tail probability,200000,3,2,59665998.000000,29832999.000000000000,6703985.744108394720,bytes/s,7.474696913559,6.826333082105
03f176b6-run-a,Tail probability,200000,4,2,57344880.000000,28672440.000000000000,6975339.385137784295,bytes/s,7.457464652606,6.843565343058
03f176b6-run-a,Tail probability,200000,5,2,58144057.000000,29072028.500000000000,6879464.912467322312,bytes/s,7.463475335713,6.837554659951
03f176b6-run-a,Tail probability,200000,6,2,57451078.000000,28725539.000000000000,6962445.508855377324,bytes/s,7.458268186448,6.842761809216
03f176b6-run-a,Tail probability,200000,7,2,57472961.000000,28736480.500000000000,6959794.537121552043,bytes/s,7.458433576845,6.842596418819
03f176b6-run-a,Tail probability,200000,8,2,57263851.000000,28631925.500000000000,6985209.569646302611,bytes/s,7.456850555353,6.844179440311
03f176b6-run-a,Tail probability,200000,9,2,57374943.000000,28687471.500000000000,6971684.486030775122,bytes/s,7.457692271425,6.843337724239
03f176b6-run-a,Tail probability,200000,10,2,57236514.000000,28618257.000000000000,6988545.808362822048,bytes/s,7.456643179447,6.844386816217
03f176b6-run-a,Tail probability,200000,11,2,57380955.000000,28690477.500000000000,6970954.038670147769,bytes/s,7.457737776336,6.843292219328
03f176b6-run-a,Tail probability,200000,12,2,57444031.000000,28722015.500000000000,6963299.633342235349,bytes/s,7.458214912235,6.842815083429
03f176b6-run-a,Tail probability,200000,13,2,59054062.000000,29527031.000000000000,6773454.466180497780,bytes/s,7.470219780011,6.830810215653
03f176b6-run-a,Tail probability,200000,14,2,57540695.000000,28770347.500000000000,6951601.818504277617,bytes/s,7.458945107508,6.842084888156
03f176b6-run-a,Tail probability,200000,15,2,57546848.000000,28773424.000000000000,6950858.542243704200,bytes/s,7.458991545444,6.842038450220
03f176b6-run-a,Tail probability,200000,16,2,57460438.000000,28730219.000000000000,6961311.363481079228,bytes/s,7.458338936473,6.842691059191
03f176b6-run-a,Tail probability,200000,17,2,57447294.000000,28723647.000000000000,6962904.118686599657,bytes/s,7.458239580815,6.842790414849
03f176b6-run-a,Tail probability,200000,18,2,57530768.000000,28765384.000000000000,6952801.325370799750,bytes/s,7.458870175962,6.842159819702
03f176b6-run-a,Tail probability,200000,19,2,57553979.000000,28776989.500000000000,6949997.323382280767,bytes/s,7.459045358331,6.841984637332
03f176b6-run-a,Tail probability,200000,20,2,57723024.000000,28861512.000000000000,6929643.880057288334,bytes/s,7.460319079220,6.840710916444
03f176b6-run-a,Tail probability,200000,21,2,57625428.000000,28812714.000000000000,6941380.114348131232,bytes/s,7.459584168371,6.841445827293
03f176b6-run-a,Tail probability,200000,22,2,57960442.000000,28980221.000000000000,6901258.620491540991,bytes/s,7.462101693030,6.838928302634
03f176b6-run-a,Tail probability,200000,23,2,57481131.000000,28740565.500000000000,6958805.316478550434,bytes/s,7.458495309070,6.842534686594
03f176b6-run-a,Tail probability,200000,24,2,58822376.000000,29411188.000000000000,6800133.337014472112,bytes/s,7.468512567228,6.832517428436
03f176b6-run-a,Tail probability,200000,25,2,57484348.000000,28742174.000000000000,6958415.880441054702,bytes/s,7.458519614198,6.842510381466
03f176b6-run-a,Tail probability,200000,26,2,57503712.000000,28751856.000000000000,6956072.679273296148,bytes/s,7.458665884662,6.842364111002
03f176b6-run-a,Tail probability,200000,27,2,57949466.000000,28974733.000000000000,6902565.763073640876,bytes/s,7.462019442663,6.839010553001
03f176b6-run-a,Tail probability,200000,28,2,57362701.000000,28681350.500000000000,6973172.340681795962,bytes/s,7.457599596818,6.843430398846
03f176b6-run-a,Tail probability,200000,29,2,59490307.000000,29745153.500000000000,6723784.430966207758,bytes/s,7.473416214445,6.827613781219
03f176b6-run-a,Tail probability,200000,30,2,58797555.000000,29398777.500000000000,6803003.968447327614,bytes/s,7.468329271363,6.832700724301
03f176b6-run-a,Tail probability,200000,31,2,57808559.000000,28904279.500000000000,6919390.604425895028,bytes/s,7.460962148142,6.840067847522
03f176b6-run-a,Tail probability,200000,32,2,58439838.000000,29219919.000000000000,6844645.941694773734,bytes/s,7.465679007700,6.835350987964
03f176b6-run-a,Tail probability,200000,33,2,57234955.000000,28617477.500000000000,6988736.166561150923,bytes/s,7.456631350035,6.844398645629
03f176b6-run-a,Tail probability,200000,34,2,57169799.000000,28584899.500000000000,6996701.177836920135,bytes/s,7.456136669642,6.844893326022
03f176b6-run-a,Tail probability,200000,35,2,57663637.000000,28831818.500000000000,6936780.626584479585,bytes/s,7.459872035368,6.841157960296
03f176b6-run-a,Tail probability,200000,36,2,57325208.000000,28662604.000000000000,6977733.076869079843,bytes/s,7.457315643544,6.843714352120
03f176b6-run-a,Tail probability,200000,37,2,57180285.000000,28590142.500000000000,6995418.088594696485,bytes/s,7.456216319989,6.844813675675
03f176b6-run-a,Tail probability,200000,38,2,58710177.000000,29355088.500000000000,6813128.837952574715,bytes/s,7.467683394031,6.833346601633
03f176b6-run-a,Tail probability,200000,39,2,58495067.000000,29247533.500000000000,6838183.465966454707,bytes/s,7.466089247085,6.834940748579
03f176b6-run-a,Tail probability,200000,40,2,57710477.000000,28855238.500000000000,6931150.473769260570,bytes/s,7.460224668276,6.840805327388
03f176b6-run-a,Tail probability,200000,41,2,57972845.000000,28986422.500000000000,6899782.130754494108,bytes/s,7.462194618101,6.838835377563
03f176b6-run-a,Tail probability,200000,42,2,57724948.000000,28862474.000000000000,6929412.911727525294,bytes/s,7.460333554703,6.840696440961
03f176b6-run-a,Tail probability,200000,43,2,58104415.000000,29052207.500000000000,6884158.458526774310,bytes/s,7.463179137368,6.837850858296
03f176b6-run-a,Tail probability,200000,44,2,58414672.000000,29207336.000000000000,6847594.727571182884,bytes/s,7.465491946797,6.835538048867
03f176b6-run-a,Tail probability,200000,45,2,59528463.000000,29764231.500000000000,6719474.682220503688,bytes/s,7.473694673731,6.827335321933
03f176b6-run-a,Tail probability,200000,46,2,57324998.000000,28662499.000000000000,6977758.638561138883,bytes/s,7.457314052586,6.843715943078
03f176b6-run-a,Tail probability,200000,47,2,57438719.000000,28719359.500000000000,6963943.607447095215,bytes/s,7.458174750030,6.842855245634
03f176b6-run-a,Tail probability,200000,48,2,57498256.000000,28749128.000000000000,6956732.739859101363,bytes/s,7.458624676485,6.842405319179
03f176b6-run-a,Tail probability,200000,49,2,60385423.000000,30192711.500000000000,6624115.227279271930,bytes/s,7.479902117217,6.821127878447
03f176b6-run-a,Tail probability,200000,50,2,57382490.000000,28691245.000000000000,6970767.563415250741,bytes/s,7.457749394008,6.843280601656
03f176b6-run-a,Tail probability,200000,51,2,57448622.000000,28724311.000000000000,6962743.162055306137,bytes/s,7.458249620215,6.842780375449
03f176b6-run-a,Tail probability,200000,52,2,57325376.000000,28662688.000000000000,6977712.627650274895,bytes/s,7.457316916307,6.843713079357
03f176b6-run-a,Tail probability,200000,53,2,57424643.000000,28712321.500000000000,6965650.617975979112,bytes/s,7.458068308271,6.842961687393
03f176b6-run-a,Tail probability,200000,54,2,57292450.000000,28646225.000000000000,6981722.722627501935,bytes/s,7.457067398740,6.843962596924
03f176b6-run-a,Tail probability,200000,55,2,60002332.000000,30001166.000000000000,6666407.565625949763,bytes/s,7.477138133971,6.823891861693
03f176b6-run-a,Tail probability,200000,56,2,58288977.000000,29144488.500000000000,6862360.957201221958,bytes/s,7.464556437642,6.836473558022
03f176b6-run-a,Tail probability,200000,57,2,57686237.000000,28843118.500000000000,6934062.972420960665,bytes/s,7.460042214235,6.840987781429
03f176b6-run-a,Tail probability,200000,58,2,57441422.000000,28720711.000000000000,6963615.907698106952,bytes/s,7.458195186948,6.842834808716
03f176b6-run-a,Tail probability,200000,59,2,57550477.000000,28775238.500000000000,6950420.237177182920,bytes/s,7.459018931913,6.842011063751
03f176b6-run-a,Tail probability,200000,60,2,57596336.000000,28798168.000000000000,6944886.216373207979,bytes/s,7.459364860926,6.841665134738
03f176b6-run-a,Tail probability,200000,61,2,57489378.000000,28744689.000000000000,6957807.057853365317,bytes/s,7.458557614206,6.842472381458
03f176b6-run-a,Tail probability,200000,62,2,57609968.000000,28804984.000000000000,6943242.877690888941,bytes/s,7.459467638330,6.841562357334
03f176b6-run-a,Tail probability,200000,63,2,57539292.000000,28769646.000000000000,6951771.321760441177,bytes/s,7.458934518088,6.842095477576
03f176b6-run-a,Tail probability,200000,64,2,57998382.000000,28999191.000000000000,6896744.119516989216,bytes/s,7.462385882411,6.838644113252
03f176b6-run-a,Tail probability,200000,65,2,57303573.000000,28651786.500000000000,6980367.524377580732,bytes/s,7.457151706335,6.843878289329
03f176b6-run-a,Tail probability,200000,66,2,57226118.000000,28613059.000000000000,6989815.384646570310,bytes/s,7.456564290374,6.844465705290
03f176b6-run-a,Tail probability,200000,67,2,58206610.000000,29103305.000000000000,6872071.745803440921,bytes/s,7.463942310696,6.837087684968
03f176b6-run-a,Tail probability,200000,68,2,57244014.000000,28622007.000000000000,6987630.182607389987,bytes/s,7.456700083598,6.844329912066
03f176b6-run-a,Tail probability,200000,69,2,57256807.000000,28628403.500000000000,6986068.922774544917,bytes/s,7.456797129703,6.844232865961
03f176b6-run-a,Tail probability,200000,70,2,57435834.000000,28717917.000000000000,6964293.406099056825,bytes/s,7.458152935981,6.842877059683
03f176b6-run-a,Tail probability,200000,71,2,58459108.000000,29229554.000000000000,6842389.726507630199,bytes/s,7.465822188713,6.835207806951
03f176b6-run-a,Tail probability,200000,72,2,59737257.000000,29868628.500000000000,6695988.736141667701,bytes/s,7.475215281240,6.825814714424
03f176b6-run-a,Tail probability,200000,73,2,58543344.000000,29271672.000000000000,6832544.447751396336,bytes/s,7.466447530074,6.834582465590
03f176b6-run-a,Tail probability,200000,74,2,59377875.000000,29688937.500000000000,6736515.916071432643,bytes/s,7.472594655456,6.828435340208
03f176b6-run-a,Tail probability,200000,75,2,57571101.000000,28785550.500000000000,6947930.351375423372,bytes/s,7.459174539396,6.841855456268
03f176b6-run-a,Tail probability,200000,76,2,57468969.000000,28734484.500000000000,6960277.989326726645,bytes/s,7.458403410246,6.842626585418
03f176b6-run-a,Tail probability,200000,77,2,57757748.000000,28878874.000000000000,6925477.773129243404,bytes/s,7.460580255895,6.840449739769
03f176b6-run-a,Tail probability,200000,78,2,57680503.000000,28840251.500000000000,6934752.285360618494,bytes/s,7.459999043308,6.841030952356
03f176b6-run-a,Tail probability,200000,79,2,57414093.000000,28707046.500000000000,6966930.575738607906,bytes/s,7.457988512777,6.843041482887
03f176b6-run-a,Tail probability,200000,80,2,57705879.000000,28852939.500000000000,6931702.747305868194,bytes/s,7.460190065103,6.840839930561
03f176b6-run-a,Tail probability,200000,81,2,58158026.000000,29079013.000000000000,6877812.530982396565,bytes/s,7.463579661612,6.837450334052
03f176b6-run-a,Tail probability,200000,82,2,57739476.000000,28869738.000000000000,6927669.381689573638,bytes/s,7.460442842569,6.840587153095
03f176b6-run-a,Tail probability,200000,83,2,58485349.000000,29242674.500000000000,6839319.707231293432,bytes/s,7.466017090156,6.835012905508
03f176b6-run-a,Tail probability,200000,84,2,57272732.000000,28636366.000000000000,6984126.407659407705,bytes/s,7.456917904478,6.844112091186
03f176b6-run-a,Tail probability,200000,85,2,57218836.000000,28609418.000000000000,6990704.948978689499,bytes/s,7.456509023064,6.844520972600
03f176b6-run-a,Tail probability,200000,86,2,57086649.000000,28543324.500000000000,7006892.277036614716,bytes/s,7.455504554901,6.845525440763
03f176b6-run-a,Tail probability,200000,87,2,57201081.000000,28600540.500000000000,6992874.837452809326,bytes/s,7.456374240610,6.844655755054
03f176b6-run-a,Tail probability,200000,88,2,57263295.000000,28631647.500000000000,6985277.392787124962,bytes/s,7.456846338576,6.844183657088
03f176b6-run-a,Tail probability,200000,89,2,57342635.000000,28671317.500000000000,6975612.474034372717,bytes/s,7.457447650039,6.843582345625
03f176b6-run-a,Tail probability,200000,90,2,57338301.000000,28669150.500000000000,6976139.735985550098,bytes/s,7.457414824491,6.843615171173
03f176b6-run-a,Tail probability,200000,91,2,57561993.000000,28780996.500000000000,6949029.718272610568,bytes/s,7.459105826674,6.841924168990
03f176b6-run-a,Tail probability,200000,92,2,57147255.000000,28573627.500000000000,6999461.303959393874,bytes/s,7.455965378753,6.845064616911
03f176b6-run-a,Tail probability,200000,93,2,57293983.000000,28646991.500000000000,6981535.914513047785,bytes/s,7.457079019199,6.843950976465
03f176b6-run-a,Tail probability,200000,94,2,57367172.000000,28683586.000000000000,6972628.875622455031,bytes/s,7.457633445554,6.843396550110
03f176b6-run-a,Tail probability,200000,95,2,57421486.000000,28710743.000000000000,6966033.585407385603,bytes/s,7.458044431668,6.842985563996
03f176b6-run-a,Tail probability,200000,96,2,57164591.000000,28582295.500000000000,6997338.614737924188,bytes/s,7.456097104894,6.844932890770
03f176b6-run-a,Tail probability,200000,97,2,57749824.000000,28874912.000000000000,6926428.035520939156,bytes/s,7.460520669334,6.840509326330
03f176b6-run-a,Tail probability,200000,98,2,57311808.000000,28655904.000000000000,6979364.531651139259,bytes/s,7.457214113580,6.843815882084
03f176b6-run-a,Tail probability,200000,99,2,57165712.000000,28582856.000000000000,6997201.399328324944,bytes/s,7.456105621343,6.844924374321
03f176b6-run-a,Dyadic multiply,8,0,2646,996118.000000,376.461829176115,21250494.419335860759,entries/s,2.575720948084,7.327369038908
03f176b6-run-a,Dyadic multiply,8,1,5292,1992236.000000,376.461829176115,21250494.419335860759,entries/s,2.575720948084,7.327369038908
03f176b6-run-a,Dyadic multiply,8,2,7938,3017414.000000,380.122700932225,21045835.937660526484,entries/s,2.579923806449,7.323166180543
03f176b6-run-a,Dyadic multiply,8,3,10584,3999843.000000,377.914115646258,21168830.876611907035,entries/s,2.577393113756,7.325696873236
03f176b6-run-a,Dyadic multiply,8,4,13230,4881119.000000,368.943235071806,21683552.480486545712,entries/s,2.566959551548,7.336130435444
03f176b6-run-a,Dyadic multiply,8,5,15876,5820470.000000,366.620685311161,21820918.241997640580,entries/s,2.564216964890,7.338873022102
03f176b6-run-a,Dyadic multiply,8,6,18522,6840541.000000,369.319781881006,21661444.613810516894,entries/s,2.567402570396,7.335687416596
03f176b6-run-a,Dyadic multiply,8,7,21168,7849919.000000,370.838955026455,21572706.673788607121,entries/s,2.569185348624,7.333904638368
03f176b6-run-a,Dyadic multiply,8,8,23814,8837563.000000,371.107877718989,21557074.048581037670,entries/s,2.569500173464,7.333589813528
03f176b6-run-a,Dyadic multiply,8,9,26460,9800256.000000,370.380045351474,21599435.769841112196,entries/s,2.568647580528,7.334442406464
03f176b6-run-a,Dyadic multiply,8,10,29106,10880919.000000,373.837662337662,21399663.024786785245,entries/s,2.572683052317,7.330406934675
03f176b6-run-a,Dyadic multiply,8,11,31752,11928735.000000,375.684523809524,21294462.489107187837,entries/s,2.574823304825,7.328266682167
03f176b6-run-a,Dyadic multiply,8,12,34398,12969632.000000,377.046107331822,21217564.230041373521,entries/s,2.576394461440,7.326695525552
03f176b6-run-a,Dyadic multiply,8,13,37044,13711692.000000,370.146096533852,21613087.575187657028,entries/s,2.568373173784,7.334716813208
03f176b6-run-a,Dyadic multiply,8,14,39690,15018021.000000,378.382993197279,21142599.281223539263,entries/s,2.577931608368,7.325158378624
03f176b6-run-a,Dyadic multiply,8,15,42336,16036274.000000,378.785761526833,21120118.052360542119,entries/s,2.578393645604,7.324696341388
03f176b6-run-a,Dyadic multiply,8,16,44982,16972411.000000,377.315615134943,21202409.015430983156,entries/s,2.576704778767,7.326385208225
03f176b6-run-a,Dyadic multiply,8,17,47628,17854035.000000,374.864260519022,21341058.197768740356,entries/s,2.573874036849,7.329215950143
03f176b6-run-a,Dyadic multiply,8,18,50274,18983759.000000,377.605899669809,21186109.663528703153,entries/s,2.577038771045,7.326051215947
03f176b6-run-a,Dyadic multiply,8,19,52920,20066589.000000,379.187244897959,21097756.076032653451,entries/s,2.578853720112,7.324236266880
03f176b6-run-a,Dyadic multiply,8,20,55566,20707871.000000,372.671615736242,21466620.107880719006,entries/s,2.571326316289,7.331763670703
03f176b6-run-a,Dyadic multiply,8,21,58212,21455104.000000,368.568405139834,21705604.410027563572,entries/s,2.566518103369,7.336571883623
03f176b6-run-a,Dyadic multiply,8,22,60858,22288437.000000,366.236764270926,21843792.815081648529,entries/s,2.563761938323,7.339328048669
03f176b6-run-a,Dyadic multiply,8,23,63504,23469667.000000,369.577774628370,21646323.315963536501,entries/s,2.567705846080,7.335384140912
03f176b6-run-a,Dyadic multiply,8,24,66150,24301042.000000,367.362690854119,21776843.972369581461,entries/s,2.565095047509,7.337994939483
03f176b6-run-a,Dyadic multiply,8,25,68796,25548037.000000,371.359337752195,21542477.020837254822,entries/s,2.569794348632,7.333295638360
03f176b6-run-a,Dyadic multiply,8,26,71442,26738073.000000,374.262660619803,21375362.390550732613,entries/s,2.573176500650,7.329913486342
03f176b6-run-a,Dyadic multiply,8,27,74088,27466505.000000,370.728120613325,21579156.139450579882,entries/s,2.569055529553,7.334034457439
03f176b6-run-a,Dyadic multiply,8,28,76734,27650098.000000,360.336982302500,22201440.298692610115,entries/s,2.556708837159,7.346381149833
03f176b6-run-a,Dyadic multiply,8,29,79380,29250651.000000,368.488926681784,21710286.037736389786,entries/s,2.566424441576,7.336665545416
03f176b6-run-a,Dyadic multiply,8,30,82026,30180986.000000,367.944139663034,21742430.813890572637,entries/s,2.565781890202,7.337308096790
03f176b6-run-a,Dyadic multiply,8,31,84672,30579832.000000,361.156368102797,22151070.025499161333,entries/s,2.557695276977,7.345394710015
03f176b6-run-a,Dyadic multiply,8,32,87318,32033971.000000,366.865606175130,21806350.514583408833,entries/s,2.564506998350,7.338582988642
03f176b6-run-a,Dyadic multiply,8,33,89964,33304098.000000,370.193610777644,21610313.541594792157,entries/s,2.568428918933,7.334661068058
03f176b6-run-a,Dyadic multiply,8,34,92610,34338076.000000,370.781513875391,21576048.698826339096,entries/s,2.569118073309,7.333971913682
03f176b6-run-a,Dyadic multiply,8,35,95256,37035366.000000,388.798248929201,20576224.358090590686,entries/s,2.589724300282,7.313365686710
03f176b6-run-a,Dyadic multiply,8,36,97902,37483551.000000,382.868082368082,20894925.350055549294,entries/s,2.583049163085,7.320040823907
03f176b6-run-a,Dyadic multiply,8,37,100548,37408842.000000,372.049588256355,21502510.021561212838,entries/s,2.570600828244,7.332489158748
03f176b6-run-a,Dyadic multiply,8,38,103194,38838241.000000,376.361426051902,21256163.480730243027,entries/s,2.575605105427,7.327484881565
03f176b6-run-a,Dyadic multiply,8,39,105840,39161049.000000,370.002352607710,21621484.143593806773,entries/s,2.568204485476,7.334885501516
03f176b6-run-a,Dyadic multiply,8,40,108486,40108088.000000,369.707501428756,21638727.829658694565,entries/s,2.567858262572,7.335231724420
03f176b6-run-a,Dyadic multiply,8,41,111132,40784174.000000,366.988572148436,21799043.913455251604,entries/s,2.564652540737,7.338437446255
03f176b6-run-a,Dyadic multiply,8,42,113778,41333626.000000,363.283112728295,22021392.461430795491,entries/s,2.560245210086,7.342844776906
03f176b6-run-a,Dyadic multiply,8,43,116424,42503955.000000,365.078978561121,21913066.678147953004,entries/s,2.562386826766,7.340703160226
03f176b6-run-a,Dyadic multiply,8,44,119070,43494604.000000,365.285999832032,21900647.721726585180,entries/s,2.562633027503,7.340456959489
03f176b6-run-a,Dyadic multiply,8,45,121716,44244128.000000,363.502974136515,22008073.026097383350,entries/s,2.560507968553,7.342582018438
03f176b6-run-a,Dyadic multiply,8,46,124362,45829907.000000,368.520183014104,21708444.662564992905,entries/s,2.566461278170,7.336628708822
03f176b6-run-a,Dyadic multiply,8,47,127008,47696555.000000,375.539769148400,21302670.601681817323,entries/s,2.574655934968,7.328434052024
03f176b6-run-a,Dyadic multiply,8,48,129654,48162694.000000,371.470945747914,21536004.609708916396,entries/s,2.569924851489,7.333165135503
03f176b6-run-a,Dyadic multiply,8,49,132300,49750638.000000,376.044126984127,21274099.037684701383,entries/s,2.575238810303,7.327851176689
03f176b6-run-a,Dyadic multiply,8,50,134946,51268627.000000,379.919575237502,21057088.187674697489,entries/s,2.579691671019,7.323398315973
03f176b6-run-a,Dyadic multiply,8,51,137592,52231863.000000,379.614098203384,21074032.913587633520,entries/s,2.579342332992,7.323747654000
03f176b6-run-a,Dyadic multiply,8,52,140238,51398475.000000,366.508899157147,21827573.678012821823,entries/s,2.564084524156,7.339005462836
03f176b6-run-a,Dyadic multiply,8,53,142884,53431103.000000,373.947418885250,21393382.053146086633,entries/s,2.572810539919,7.330279447073
03f176b6-run-a,Dyadic multiply,8,54,145530,54961113.000000,377.661739847454,21182977.135124608874,entries/s,2.577102989554,7.325986997438
03f176b6-run-a,Dyadic multiply,8,55,148176,56334368.000000,380.185509124285,21042359.079984709620,entries/s,2.579995559591,7.323094427401
03f176b6-run-a,Dyadic multiply,8,56,150822,55726361.000000,369.484299372771,21651799.585478045046,entries/s,2.567595988494,7.335493998498
03f176b6-run-a,Dyadic multiply,8,57,153468,57304522.000000,373.397203325775,21424906.048426683992,entries/s,2.572171060842,7.330918926150
03f176b6-run-a,Dyadic multiply,8,58,156114,57215209.000000,366.496336010864,21828321.906505662948,entries/s,2.564069637208,7.339020349783
03f176b6-run-a,Dyadic multiply,8,59,158760,58043634.000000,365.606160241875,21881469.378709126264,entries/s,2.563013504722,7.340076482270
03f176b6-run-a,Dyadic multiply,8,60,161406,57712096.000000,357.558554204924,22373957.792141184211,entries/s,2.553347172531,7.349742814461
03f176b6-run-a,Dyadic multiply,8,61,164052,60475240.000000,368.634579279741,21701708.004796672612,entries/s,2.566596071214,7.336493915778
03f176b6-run-a,Dyadic multiply,8,62,166698,62395352.000000,374.301743272265,21373130.485745158046,entries/s,2.573221849801,7.329868137190
03f176b6-run-a,Dyadic multiply,8,63,169344,63340598.000000,374.035088340892,21388367.694286689162,entries/s,2.572912345404,7.330177641588
03f176b6-run-a,Dyadic multiply,8,64,171990,63727053.000000,370.527664399093,21590830.506472658366,entries/s,2.568820638894,7.334269348098
03f176b6-run-a,Dyadic multiply,8,65,174636,65045984.000000,372.466066561305,21478466.679818388075,entries/s,2.571086712584,7.332003274408
03f176b6-run-a,Dyadic multiply,8,66,177282,65281566.000000,368.235726131248,21725214.128594893962,entries/s,2.566125921346,7.336964065646
03f176b6-run-a,Dyadic multiply,8,67,179928,67175508.000000,373.346605308790,21427809.671346288174,entries/s,2.572112206816,7.330977780176
03f176b6-run-a,Dyadic multiply,8,68,182574,67633112.000000,370.442187825211,21595812.418035708368,entries/s,2.568720440473,7.334369546519
03f176b6-run-a,Dyadic multiply,8,69,185220,69752432.000000,376.592333441313,21243130.275371618569,entries/s,2.575871474528,7.327218512464
03f176b6-run-a,Dyadic multiply,8,70,187866,68402890.000000,364.104680996029,21971703.242363005877,entries/s,2.561226262339,7.341863724653
03f176b6-run-a,Dyadic multiply,8,71,190512,70949974.000000,372.417349038381,21481276.370869424194,entries/s,2.571029904361,7.332060082631
03f176b6-run-a,Dyadic multiply,8,72,193158,71443429.000000,369.870411787242,21629196.997249390930,entries/s,2.568049590814,7.335040396178
03f176b6-run-a,Dyadic multiply,8,73,195804,73407116.000000,374.901003043860,21338966.647320676595,entries/s,2.573916602374,7.329173384618
03f176b6-run-a,Dyadic multiply,8,74,198450,70912236.000000,357.330491307634,22388237.764777291566,entries/s,2.553070076493,7.350019910499
03f176b6-run-a,Dyadic multiply,8,75,201096,75282957.000000,374.363274257071,21369617.561648119241,entries/s,2.573293237048,7.329796749944
03f176b6-run-a,Dyadic multiply,8,76,203742,76336887.000000,374.674279235504,21351879.334560763091,entries/s,2.573653880525,7.329436106467
03f176b6-run-a,Dyadic multiply,8,77,206388,76323188.000000,369.804387852007,21633058.619092270732,entries/s,2.567972059902,7.335117927090
03f176b6-run-a,Dyadic multiply,8,78,209034,80144058.000000,383.402020723901,20865826.384783260524,entries/s,2.583654397501,7.319435589491
03f176b6-run-a,Dyadic multiply,8,79,211680,78582653.000000,371.233243575208,21549794.202035915107,entries/s,2.569646859936,7.333443127056
03f176b6-run-a,Dyadic multiply,8,80,214326,79753830.000000,372.114582458498,21498754.354493070394,entries/s,2.570676689525,7.332413297467
03f176b6-run-a,Dyadic multiply,8,81,216972,80577475.000000,371.372688641852,21541702.566380988806,entries/s,2.569809961848,7.333280025144
03f176b6-run-a,Dyadic multiply,8,82,219618,81001947.000000,368.831093079802,21690145.299840755761,entries/s,2.566827525678,7.336262461314
03f176b6-run-a,Dyadic multiply,8,83,222264,81969902.000000,368.795225497606,21692254.798596683890,entries/s,2.566785289948,7.336304697044
03f176b6-run-a,Dyadic multiply,8,84,224910,82882789.000000,368.515357254013,21708728.937680896372,entries/s,2.566455591060,7.336634395932
03f176b6-run-a,Dyadic multiply,8,85,227556,83962139.000000,368.973523000932,21681772.542740959674,entries/s,2.566995202942,7.336094784050
03f176b6-run-a,Dyadic multiply,8,86,230202,84657689.000000,367.753924813859,21753676.739274088293,entries/s,2.565557316385,7.337532670607
03f176b6-run-a,Dyadic multiply,8,87,232848,85647378.000000,367.825267985982,21749457.408958859742,entries/s,2.565641560057,7.337448426935
03f176b6-run-a,Dyadic multiply,8,88,235494,89057619.000000,378.173622257892,21154304.608121175319,entries/s,2.577691233374,7.325398753618
03f176b6-run-a,Dyadic multiply,8,89,238140,89266146.000000,374.847341899723,21342021.419856078923,entries/s,2.573854435544,7.329235551448
03f176b6-run-a,Dyadic multiply,8,90,240786,90190798.000000,374.568280547872,21357921.680657487363,entries/s,2.573530997368,7.329558989624
03f176b6-run-a,Dyadic multiply,8,91,243432,90719876.000000,372.670298070919,21466696.008270557970,entries/s,2.571324780739,7.331765206253
03f176b6-run-a,Dyadic multiply,8,92,246078,92203129.000000,374.690663123075,21350945.692960161716,entries/s,2.573672871090,7.329417115901
03f176b6-run-a,Dyadic multiply,8,93,248724,93031303.000000,374.034282980332,21388413.747144870460,entries/s,2.572911410294,7.330178576698
03f176b6-run-a,Dyadic multiply,8,94,251370,92910966.000000,369.618355412340,21643946.743595369160,entries/s,2.567753530341,7.335336456651
03f176b6-run-a,Dyadic multiply,8,95,254016,91849524.000000,361.589521919879,22124534.907769363374,entries/s,2.558215837073,7.344874149918
03f176b6-run-a,Dyadic multiply,8,96,256662,93885824.000000,365.795575503970,21870138.776222489774,entries/s,2.563238448145,7.339851538847
03f176b6-run-a,Dyadic multiply,8,97,259308,95304575.000000,367.534264272602,21766678.042475923896,entries/s,2.565297833463,7.337792153529
03f176b6-run-a,Dyadic multiply,8,98,261954,96884195.000000,369.851939653527,21630277.260393191129,entries/s,2.568027900660,7.335062086332
03f176b6-run-a,Dyadic multiply,8,99,264600,97427530.000000,368.206840513983,21726918.459289688617,entries/s,2.566091852527,7.336998134465
03f176b6-run-a,Dyadic multiply,16,0,1401,991601.000000,707.780870806567,22605866.674196574837,entries/s,2.849898820783,7.354221161873
03f176b6-run-a,Dyadic multiply,16,1,2802,1966782.000000,701.920770877944,22794595.435589712113,entries/s,2.846288094021,7.357831888635
03f176b6-run-a,Dyadic multiply,16,2,4203,2924634.000000,695.844396859386,22993646.384470671415,entries/s,2.842512134524,7.361607848132
03f176b6-run-a,Dyadic multiply,16,3,5604,3932306.000000,701.696288365453,22801887.747291285545,entries/s,2.846149179327,7.357970803329
03f176b6-run-a,Dyadic multiply,16,4,7005,4926703.000000,703.312348322627,22749493.931337043643,entries/s,2.847148242554,7.356971740102
03f176b6-run-a,Dyadic multiply,16,5,8406,5955827.000000,708.520937425648,22582254.320012990385,entries/s,2.850352688562,7.353767294094
03f176b6-run-a,Dyadic multiply,16,6,9807,7035191.000000,717.364229631896,22303872.062606401742,entries/s,2.855739717390,7.348380265266
03f176b6-run-a,Dyadic multiply,16,7,11208,7974316.000000,711.484296930764,22488198.360837467015,entries/s,2.852165319274,7.351954663382
03f176b6-run-a,Dyadic multiply,16,8,12609,8897510.000000,705.647553334920,22674208.851689968258,entries/s,2.848587840059,7.355532142597
03f176b6-run-a,Dyadic multiply,16,9,14010,9765012.000000,697.002997858672,22955424.939569965005,entries/s,2.843234646033,7.360885336623
03f176b6-run-a,Dyadic multiply,16,10,15411,10639992.000000,690.415417558886,23174453.514626704156,entries/s,2.839110480978,7.365009501678
03f176b6-run-a,Dyadic multiply,16,11,16812,11709644.000000,696.505115393766,22971834.156529437751,entries/s,2.842924310393,7.361195672263
03f176b6-run-a,Dyadic multiply,16,12,18213,12541091.000000,688.579091857465,23236255.920637205243,entries/s,2.837953831571,7.366166151085
03f176b6-run-a,Dyadic multiply,16,13,19614,13462817.000000,686.388141123687,23310426.042335715145,entries/s,2.836569771506,7.367550211150
03f176b6-run-a,Dyadic multiply,16,14,21015,14478246.000000,688.948179871520,23223807.635261896998,entries/s,2.838186557115,7.365933425541
03f176b6-run-a,Dyadic multiply,16,15,22416,15379149.000000,686.079095289079,23320926.274919375777,entries/s,2.836374186651,7.367745796005
03f176b6-run-a,Dyadic multiply,16,16,23817,16531883.000000,694.121131964563,23050731.728503037244,entries/s,2.841435266353,7.362684716303
03f176b6-run-a,Dyadic multiply,16,17,25218,17483655.000000,693.300618605758,23078012.006070811301,entries/s,2.840921587703,7.363198394953
03f176b6-run-a,Dyadic multiply,16,18,26619,18561832.000000,697.315150832112,22945148.948659807444,entries/s,2.843429101389,7.360690881267
03f176b6-run-a,Dyadic multiply,16,19,28020,19336820.000000,690.107780157031,23184784.261321149766,entries/s,2.838916923595,7.365203059061
03f176b6-run-a,Dyadic multiply,16,20,29421,20227940.000000,687.534074300670,23271573.872574273497,entries/s,2.837294226741,7.366825755915
03f176b6-run-a,Dyadic multiply,16,21,30822,21352305.000000,692.761825968464,23095960.834205016494,entries/s,2.840583948253,7.363536034403
03f176b6-run-a,Dyadic multiply,16,22,32223,22369061.000000,694.195481488378,23048262.955695815384,entries/s,2.841481782526,7.362638200130
03f176b6-run-a,Dyadic multiply,16,23,33624,23146984.000000,688.406614323103,23242077.671976618469,entries/s,2.837845034448,7.366274948208
03f176b6-run-a,Dyadic multiply,16,24,35025,24041389.000000,686.406538187009,23309801.276457030326,entries/s,2.836581411620,7.367538571036
03f176b6-run-a,Dyadic multiply,16,25,36426,24944947.000000,684.811590622083,23364090.531040214002,entries/s,2.835571102283,7.368548880373
03f176b6-run-a,Dyadic multiply,16,26,37827,26097820.000000,689.925714436778,23190902.535154275596,entries/s,2.838802331974,7.365317650682
03f176b6-run-a,Dyadic multiply,16,27,39228,27385344.000000,698.107066381156,22919120.533961523324,entries/s,2.843922034045,7.360197948611
03f176b6-run-a,Dyadic multiply,16,28,40629,27900885.000000,686.723399542199,23299045.890479817986,entries/s,2.836781845878,7.367338136778
03f176b6-run-a,Dyadic multiply,16,29,42030,28486021.000000,677.754484891744,23607368.680940028280,entries/s,2.831072400111,7.373047582545
03f176b6-run-a,Dyadic multiply,16,30,43431,29963116.000000,689.901591029449,23191713.438615661114,entries/s,2.838787146504,7.365332836152
03f176b6-run-a,Dyadic multiply,16,31,44832,30761512.000000,686.150785153462,23318489.676320202649,entries/s,2.836419564634,7.367700418022
03f176b6-run-a,Dyadic multiply,16,32,46233,32186760.000000,696.185841282201,22982369.148059636354,entries/s,2.842725186550,7.361394796106
03f176b6-run-a,Dyadic multiply,16,33,47634,33339144.000000,699.902254692027,22860334.986405167729,entries/s,2.845037392569,7.359082590087
03f176b6-run-a,Dyadic multiply,16,34,49035,34353804.000000,700.597613949220,22837645.577764835209,entries/s,2.845468653892,7.358651328764
03f176b6-run-a,Dyadic multiply,16,35,50436,35225252.000000,698.414862399873,22909019.926954675466,entries/s,2.844113472664,7.360006509992
03f176b6-run-a,Dyadic multiply,16,36,51837,36072779.000000,695.888631672358,22992184.771791491657,entries/s,2.842539741737,7.361580240919
03f176b6-run-a,Dyadic multiply,16,37,53238,37902931.000000,711.952571471505,22473407.135717287660,entries/s,2.852451062971,7.351668919685
03f176b6-run-a,Dyadic multiply,16,38,54639,38177818.000000,698.728344222991,22898741.882000692189,entries/s,2.844308360959,7.359811621697
03f176b6-run-a,Dyadic multiply,16,39,56040,39835869.000000,710.847055674518,22508357.982601057738,entries/s,2.851776168913,7.352343813743
03f176b6-run-a,Dyadic multiply,16,40,57441,40028792.000000,696.867951463241,22959873.483066890389,entries/s,2.843150492038,7.360969490618
03f176b6-run-a,Dyadic multiply,16,41,58842,41399242.000000,703.566194215016,22741285.939486525953,entries/s,2.847304963789,7.356815018867
03f176b6-run-a,Dyadic multiply,16,42,60243,42591649.000000,706.997476885281,22630915.276372607797,entries/s,2.849417863900,7.354702118755
03f176b6-run-a,Dyadic multiply,16,43,61644,43397302.000000,703.998799558757,22727311.481252912432,entries/s,2.847571918595,7.356548064061
03f176b6-run-a,Dyadic multiply,16,44,63045,44396578.000000,704.204584027282,22720670.048038389534,entries/s,2.847698847788,7.356421134868
03f176b6-run-a,Dyadic multiply,16,45,64446,45126207.000000,700.217344753747,22850048.088464427739,entries/s,2.845232864266,7.358887118390
03f176b6-run-a,Dyadic multiply,16,46,65847,46210240.000000,701.782009810622,22799102.536580637097,entries/s,2.846202230878,7.357917751778
03f176b6-run-a,Dyadic multiply,16,47,67248,47296230.000000,703.310581727338,22749551.074155379087,entries/s,2.847147151682,7.356972830974
03f176b6-run-a,Dyadic multiply,16,48,68649,47625548.000000,693.754431965506,23062915.727499872446,entries/s,2.841205770577,7.362914212079
03f176b6-run-a,Dyadic multiply,16,49,70050,48364960.000000,690.434832262669,23173801.859858874232,entries/s,2.839122693307,7.364997289349
03f176b6-run-a,Dyadic multiply,16,50,71451,49247824.000000,689.253110523296,23213533.251743264496,entries/s,2.838378734705,7.365741247951
03f176b6-run-a,Dyadic multiply,16,51,72852,50568452.000000,694.125789271400,23050577.067298799753,entries/s,2.841438180305,7.362681802351
03f176b6-run-a,Dyadic multiply,16,52,74253,51514692.000000,693.772534443053,23062313.951134562492,entries/s,2.841217102690,7.362902879966
03f176b6-run-a,Dyadic multiply,16,53,75654,52095769.000000,688.605612393264,23235361.013674642891,entries/s,2.837970558046,7.366149424610
03f176b6-run-a,Dyadic multiply,16,54,77055,54422590.000000,706.282395691389,22653828.125416301191,entries/s,2.848978381461,7.355141601195
03f176b6-run-a,Dyadic multiply,16,55,78456,54678400.000000,696.930763740186,22957804.178615320474,entries/s,2.843189635459,7.360930347197
03f176b6-run-a,Dyadic multiply,16,56,79857,55500264.000000,694.995604643300,23021728.329076055437,entries/s,2.841982057993,7.362137924663
03f176b6-run-a,Dyadic multiply,16,57,81258,56165313.000000,691.197334416304,23148237.418351072818,entries/s,2.839602054629,7.364517928027
03f176b6-run-a,Dyadic multiply,16,58,82659,57162936.000000,691.551264835045,23136390.335164029151,entries/s,2.839824379976,7.364295602680
03f176b6-run-a,Dyadic multiply,16,59,84060,57930638.000000,689.158196526291,23216730.324979331344,entries/s,2.838318925815,7.365801056841
03f176b6-run-a,Dyadic multiply,16,60,85461,59223720.000000,692.991188963387,23088316.640697345138,entries/s,2.840727712810,7.363392269846
03f176b6-run-a,Dyadic multiply,16,61,86862,60217533.000000,693.255197900117,23079524.031647063792,entries/s,2.840893134522,7.363226848134
03f176b6-run-a,Dyadic multiply,16,62,88263,61474979.000000,696.497728379955,22972077.794447071850,entries/s,2.842919704315,7.361200278341
03f176b6-run-a,Dyadic multiply,16,63,89664,63869829.000000,712.324110010707,22461685.313107699156,entries/s,2.852677644144,7.351442338512
03f176b6-run-a,Dyadic multiply,16,64,91065,66347688.000000,728.575061769066,21960674.801509287208,entries/s,2.862474301793,7.341645680863
03f176b6-run-a,Dyadic multiply,16,65,92466,64188313.000000,694.182867216058,23048681.774827137589,entries/s,2.841473890860,7.362646091796
03f176b6-run-a,Dyadic multiply,16,66,93867,65463856.000000,697.410762035646,22942003.294153649360,entries/s,2.843488644871,7.360631337785
03f176b6-run-a,Dyadic multiply,16,67,95268,66154697.000000,694.406274929672,23041266.442502185702,entries/s,2.841613636643,7.362506346013
03f176b6-run-a,Dyadic multiply,16,68,96669,67163812.000000,694.781284589682,23028829.870466556400,entries/s,2.841848111288,7.362271871368
03f176b6-run-a,Dyadic multiply,16,69,98070,68017738.000000,693.563148771286,23069276.429039731622,entries/s,2.841086009626,7.363033973030
03f176b6-run-a,Dyadic multiply,16,70,99471,68244059.000000,686.069899769782,23321238.849523883313,entries/s,2.836368365762,7.367751616894
03f176b6-run-a,Dyadic multiply,16,71,100872,69258065.000000,686.593554207312,23303452.096156600863,entries/s,2.836699721919,7.367420260737
03f176b6-run-a,Dyadic multiply,16,72,102273,70202547.000000,686.423073538471,23309239.763053040951,entries/s,2.836591873532,7.367528109124
03f176b6-run-a,Dyadic multiply,16,73,103674,72353992.000000,697.899106815595,22925949.960024319589,entries/s,2.843792642508,7.360327340148
03f176b6-run-a,Dyadic multiply,16,74,105075,73192353.000000,696.572476802284,22969612.686177749187,entries/s,2.842966310477,7.361153672179
03f176b6-run-a,Dyadic multiply,16,75,106476,73587345.000000,691.116730530824,23150937.161817703396,entries/s,2.839551406483,7.364568576173
03f176b6-run-a,Dyadic multiply,16,76,107877,74884673.000000,694.167181141485,23049202.605184640735,entries/s,2.841464077232,7.362655905424
03f176b6-run-a,Dyadic multiply,16,77,109278,76150629.000000,696.852330752759,22960388.153852280229,entries/s,2.843140756959,7.360979225697
03f176b6-run-a,Dyadic multiply,16,78,110679,76359339.000000,689.917138752609,23191190.798547901213,entries/s,2.838796933718,7.365323048938
03f176b6-run-a,Dyadic multiply,16,79,112080,77203543.000000,688.825330121342,23227949.525580707937,entries/s,2.838109109017,7.366010873639
03f176b6-run-a,Dyadic multiply,16,80,113481,79085498.000000,696.905191177378,22958646.602946095169,entries/s,2.843173699548,7.360946283108
03f176b6-run-a,Dyadic multiply,16,81,114882,81761278.000000,711.697898713463,22481448.981264699250,entries/s,2.852295683575,7.351824299081
03f176b6-run-a,Dyadic multiply,16,82,116283,81454257.000000,700.482933876835,22841384.459500994533,entries/s,2.845397558875,7.358722423781
03f176b6-run-a,Dyadic multiply,16,83,117684,81393398.000000,691.626712212365,23133866.459291946143,entries/s,2.839871758376,7.364248224280
03f176b6-run-a,Dyadic multiply,16,84,119085,82341292.000000,691.449737582399,23139787.507827784866,entries/s,2.839760616139,7.364359366517
03f176b6-run-a,Dyadic multiply,16,85,120486,83961192.000000,696.854339923311,22960321.954457245767,entries/s,2.843142009119,7.360977973537
03f176b6-run-a,Dyadic multiply,16,86,121887,84347714.000000,692.015670251955,23120863.714219924062,entries/s,2.840115928889,7.364004053767
03f176b6-run-a,Dyadic multiply,16,87,123288,85824320.000000,696.128739212251,22984254.346553519368,entries/s,2.842689563690,7.361430418966
03f176b6-run-a,Dyadic multiply,16,88,124689,86606886.000000,694.583211029040,23035396.977556724101,entries/s,2.841724281645,7.362395701011
03f176b6-run-a,Dyadic multiply,16,89,126090,87804913.000000,696.366983900389,22976390.854119975120,entries/s,2.842838172196,7.361281810460
03f176b6-run-a,Dyadic multiply,16,90,127491,89254967.000000,700.088374865677,22854257.511517539620,entries/s,2.845152866148,7.358967116507
03f176b6-run-a,Dyadic multiply,16,91,128892,90320586.000000,700.746252676660,22832801.372657168657,entries/s,2.845560783998,7.358559198658
03f176b6-run-a,Dyadic multiply,16,92,130293,91996886.000000,706.076964994282,22660419.179840501398,entries/s,2.848852043333,7.355267939323
03f176b6-run-a,Dyadic multiply,16,93,131694,91797540.000000,697.051801904415,22953817.716683909297,entries/s,2.843265054203,7.360854928453
03f176b6-run-a,Dyadic multiply,16,94,133095,93030992.000000,698.981870092791,22890436.339752241969,entries/s,2.844465911338,7.359654071318
03f176b6-run-a,Dyadic multiply,16,95,134496,95161810.000000,707.543793123959,22613441.253376748413,entries/s,2.849753325502,7.354366657154
03f176b6-run-a,Dyadic multiply,16,96,135897,97168438.000000,715.015327785014,22377142.668486654758,entries/s,2.854315351873,7.349804630783
03f176b6-run-a,Dyadic multiply,16,97,137298,97413904.000000,709.507086774753,22550867.071296107024,entries/s,2.850956737682,7.353163244974
03f176b6-run-a,Dyadic multiply,16,98,138699,97203242.000000,700.821505562405,22830349.629696507007,entries/s,2.845607420220,7.358512562436
03f176b6-run-a,Dyadic multiply,16,99,140100,97027586.000000,692.559500356888,23102708.130860846490,entries/s,2.840457091190,7.363662891466
03f176b6-run-a,Dyadic multiply,64,0,393,992882.000000,2526.417302798982,25332315.421167872846,entries/s,3.402505087048,7.403674886935
03f176b6-run-a,Dyadic multiply,64,1,786,2016296.000000,2565.262086513995,24948717.846982784569,entries/s,3.409131742513,7.397048231471
03f176b6-run-a,Dyadic multiply,64,2,1179,3251268.000000,2757.648854961832,23208176.010098215193,entries/s,3.440538964501,7.365641009483
03f176b6-run-a,Dyadic multiply,64,3,1572,4078006.000000,2594.151399491094,24670880.817732978612,entries/s,3.413995318720,7.392184655264
03f176b6-run-a,Dyadic multiply,64,4,1965,5045246.000000,2567.555216284987,24926435.698080927134,entries/s,3.409519792043,7.396660181940
03f176b6-run-a,Dyadic multiply,64,5,2358,5989501.000000,2540.076759966073,25196088.956325408071,entries/s,3.404846841000,7.401333132984
03f176b6-run-a,Dyadic multiply,64,6,2751,6994121.000000,2542.392221010542,25173141.842984989285,entries/s,3.405242551049,7.400937422935
03f176b6-run-a,Dyadic multiply,64,7,3144,8005378.000000,2546.239821882952,25135102.927057284862,entries/s,3.405899306001,7.400280667983
03f176b6-run-a,Dyadic multiply,64,8,3537,9012304.000000,2548.007916313260,25117661.366061329842,entries/s,3.406200772959,7.399979201025
03f176b6-run-a,Dyadic multiply,64,9,3930,9996033.000000,2543.519847328244,25161981.758163463324,entries/s,3.405435130822,7.400744843162
03f176b6-run-a,Dyadic multiply,64,10,4323,11002470.000000,2545.100624566273,25146353.500623043627,entries/s,3.405704957529,7.400475016455
03f176b6-run-a,Dyadic multiply,64,11,4716,11940297.000000,2531.869592875318,25277763.191317602992,entries/s,3.403441333038,7.402738640946
03f176b6-run-a,Dyadic multiply,64,12,5109,12949038.000000,2534.554315913094,25250987.756773903966,entries/s,3.403901602661,7.402278371323
03f176b6-run-a,Dyadic multiply,64,13,5502,13985448.000000,2541.884405670665,25178170.910220395774,entries/s,3.405155796761,7.401024177223
03f176b6-run-a,Dyadic multiply,64,14,5895,14955134.000000,2536.918405428329,25227457.005734618753,entries/s,3.404306499290,7.401873474694
03f176b6-run-a,Dyadic multiply,64,15,6288,16013411.000000,2546.662054707379,25130935.563946995884,entries/s,3.405971317357,7.400208656627
03f176b6-run-a,Dyadic multiply,64,16,6681,17017822.000000,2547.196826822332,25125659.441026002169,entries/s,3.406062505034,7.400117468950
03f176b6-run-a,Dyadic multiply,64,17,7074,17858533.000000,2524.531099802092,25351242.456477247179,entries/s,3.402180725156,7.403999248828
03f176b6-run-a,Dyadic multiply,64,18,7467,18804464.000000,2518.342573992233,25413540.104094430804,entries/s,3.401114807533,7.405065166451
03f176b6-run-a,Dyadic multiply,64,19,7860,19795670.000000,2518.533078880407,25411617.793184064329,entries/s,3.401147659335,7.405032314648
03f176b6-run-a,Dyadic multiply,64,20,8253,20783732.000000,2518.324488064946,25413722.617285482585,entries/s,3.401111688558,7.405068285425
03f176b6-run-a,Dyadic multiply,64,21,8646,21773120.000000,2518.288225769142,25414088.564248029143,entries/s,3.401105434945,7.405074539039
03f176b6-run-a,Dyadic multiply,64,22,9039,22780953.000000,2520.295718552937,25393845.463796004653,entries/s,3.401451501655,7.404728472329
03f176b6-run-a,Dyadic multiply,64,23,9432,23879614.000000,2531.765691263783,25278800.570226971060,entries/s,3.403423510311,7.402756463673
03f176b6-run-a,Dyadic multiply,64,24,9825,24892339.000000,2533.571399491094,25260784.050868019462,entries/s,3.403733147809,7.402446826175
03f176b6-run-a,Dyadic multiply,64,25,10218,25991419.000000,2543.689469563516,25160303.867980428040,entries/s,3.405464092084,7.400715881900
03f176b6-run-a,Dyadic multiply,64,26,10611,27053120.000000,2549.535387805108,25102612.933369610459,entries/s,3.406461044396,7.399718929588
03f176b6-run-a,Dyadic multiply,64,27,11004,29520898.000000,2682.742457288259,23856184.862669151276,entries/s,3.428578982494,7.377600991490
03f176b6-run-a,Dyadic multiply,64,28,11397,29113502.000000,2554.488198648767,25053942.325454354286,entries/s,3.407303900648,7.398876073336
03f176b6-run-a,Dyadic multiply,64,29,11790,30602930.000000,2595.668363019508,24656462.632826335728,entries/s,3.414249203802,7.391930770182
03f176b6-run-a,Dyadic multiply,64,30,12183,31689295.000000,2601.107691044899,24604902.065508242697,entries/s,3.415158333226,7.391021640758
03f176b6-run-a,Dyadic multiply,64,31,12576,33231123.000000,2642.423902671756,24220186.600374598056,entries/s,3.422002489215,7.384177484769
03f176b6-run-a,Dyadic multiply,64,32,12969,32698386.000000,2521.272727272727,25384005.192182879895,entries/s,3.401619826059,7.404560147925
03f176b6-run-a,Dyadic multiply,64,33,13362,33960396.000000,2541.565334530759,25181331.807791642845,entries/s,3.405101278336,7.401078695648
03f176b6-run-a,Dyadic multiply,64,34,13755,34826260.000000,2531.898218829517,25277477.397802691907,entries/s,3.403446243253,7.402733730731
03f176b6-run-a,Dyadic multiply,64,35,14148,37474435.000000,2648.744345490529,24162392.308249611408,entries/s,3.423040042593,7.383139931391
03f176b6-run-a,Dyadic multiply,64,36,14541,36913611.000000,2538.588198885909,25210863.277504876256,entries/s,3.404592256818,7.401587717165
03f176b6-run-a,Dyadic multiply,64,37,14934,37909846.000000,2538.492433373510,25211814.366114806384,entries/s,3.404575873217,7.401604100767
03f176b6-run-a,Dyadic multiply,64,38,15327,38908528.000000,2538.561231813140,25211131.091877851635,entries/s,3.404587643343,7.401592330640
03f176b6-run-a,Dyadic multiply,64,39,15720,39906091.000000,2538.555407124682,25211188.938550759107,entries/s,3.404586646861,7.401593327123
03f176b6-run-a,Dyadic multiply,64,40,16113,40856703.000000,2535.636008192143,25240215.785400010645,entries/s,3.404086910495,7.402093063488
03f176b6-run-a,Dyadic multiply,64,41,16506,41859228.000000,2536.000727008361,25236585.825233086944,entries/s,3.404149373711,7.402030600273
03f176b6-run-a,Dyadic multiply,64,42,16899,42831709.000000,2534.570625480798,25250825.270595669746,entries/s,3.403904397287,7.402275576697
03f176b6-run-a,Dyadic multiply,64,43,17292,43663664.000000,2525.078880407125,25345742.858409680426,entries/s,3.402274949500,7.403905024483
03f176b6-run-a,Dyadic multiply,64,44,17685,44877024.000000,2537.575572519084,25220923.740397758782,entries/s,3.404418985006,7.401760988978
03f176b6-run-a,Dyadic multiply,64,45,18078,45756504.000000,2531.060073016927,25285847.887329854071,entries/s,3.403302452969,7.402877521014
03f176b6-run-a,Dyadic multiply,64,46,18471,46732330.000000,2530.037897244329,25296063.774265050888,entries/s,3.403127026488,7.403052947495
03f176b6-run-a,Dyadic multiply,64,47,18864,47783332.000000,2533.043469041560,25266048.838954973966,entries/s,3.403642642693,7.402537331290
03f176b6-run-a,Dyadic multiply,64,48,19257,48815610.000000,2534.954042685777,25247006.029423784465,entries/s,3.403970090222,7.402209883762
03f176b6-run-a,Dyadic multiply,64,49,19650,49817776.000000,2535.255776081425,25244001.257703676820,entries/s,3.404021780844,7.402158193140
03f176b6-run-a,Dyadic multiply,64,50,20043,50715771.000000,2530.348301152522,25292960.645318787545,entries/s,3.403180305704,7.402999668279
03f176b6-run-a,Dyadic multiply,64,51,20436,51876323.000000,2538.477343902916,25211964.232700146735,entries/s,3.404573291648,7.401606682336
03f176b6-run-a,Dyadic multiply,64,52,20829,53175562.000000,2552.957991262183,25068959.308789253235,entries/s,3.407043668579,7.399136305405
03f176b6-run-a,Dyadic multiply,64,53,21222,53842578.000000,2537.111393836585,25225538.049088213593,entries/s,3.404339535675,7.401840438309
03f176b6-run-a,Dyadic multiply,64,54,21615,54725621.000000,2531.835345824659,25278105.112777065486,entries/s,3.403435458563,7.402744515421
03f176b6-run-a,Dyadic multiply,64,55,22008,55781304.000000,2534.592148309705,25250610.849828824401,entries/s,3.403908085173,7.402271888811
03f176b6-run-a,Dyadic multiply,64,56,22401,56752938.000000,2533.500200883889,25261493.951203018427,entries/s,3.403720943062,7.402459030922
03f176b6-run-a,Dyadic multiply,64,57,22794,57847677.000000,2537.846670176362,25218229.592866797000,entries/s,3.404465379655,7.401714594329
03f176b6-run-a,Dyadic multiply,64,58,23187,58865003.000000,2538.707163496787,25209681.888574779034,entries/s,3.404612608470,7.401567365513
03f176b6-run-a,Dyadic multiply,64,59,23580,59938293.000000,2541.912340966921,25177894.205295436084,entries/s,3.405160569628,7.401019404356
03f176b6-run-a,Dyadic multiply,64,60,23973,61005854.000000,2544.773453468486,25149586.464276034385,entries/s,3.405649125656,7.400530848328
03f176b6-run-a,Dyadic multiply,64,61,24366,62148978.000000,2550.643437576951,25091707.863643389195,entries/s,3.406649751469,7.399530222515
03f176b6-run-a,Dyadic multiply,64,62,24759,63000915.000000,2544.566218344844,25151634.702448368073,entries/s,3.405613757189,7.400566216795
03f176b6-run-a,Dyadic multiply,64,63,25152,63797177.000000,2536.465370547074,25231962.850017644465,entries/s,3.404228937427,7.401951036557
03f176b6-run-a,Dyadic multiply,64,64,25545,64821622.000000,2537.546369152476,25221213.995539944619,entries/s,3.404413986954,7.401765987030
03f176b6-run-a,Dyadic multiply,64,65,25938,66047071.000000,2546.344012645539,25134074.454263079911,entries/s,3.405917076734,7.400262897250
03f176b6-run-a,Dyadic multiply,64,66,26331,68368506.000000,2596.502449584140,24648542.122596625239,entries/s,3.414388736652,7.391791237332
03f176b6-run-a,Dyadic multiply,64,67,26724,67917312.000000,2541.435114503817,25182622.068435218185,entries/s,3.405079026188,7.401100947796
03f176b6-run-a,Dyadic multiply,64,68,27117,68832835.000000,2538.364678983663,25213083.261789232492,entries/s,3.404554015983,7.401625958001
03f176b6-run-a,Dyadic multiply,64,69,27510,70178174.000000,2551.005961468557,25088142.076765917242,entries/s,3.406711473518,7.399468500466
03f176b6-run-a,Dyadic multiply,64,70,27903,70833306.000000,2538.555209117299,25211190.905024256557,entries/s,3.404586612986,7.401593360998
03f176b6-run-a,Dyadic multiply,64,71,28296,71857123.000000,2539.479891150693,25202010.940515946597,entries/s,3.404744778221,7.401435195763
03f176b6-run-a,Dyadic multiply,64,72,28689,73110098.000000,2548.366900205654,25114123.085979178548,entries/s,3.406261955556,7.399918018428
03f176b6-run-a,Dyadic multiply,64,73,29082,74217054.000000,2551.992779038580,25078440.866165343672,entries/s,3.406879441198,7.399300532786
03f176b6-run-a,Dyadic multiply,64,74,29475,75196296.000000,2551.189007633588,25086342.018761139363,entries/s,3.406742634984,7.399437339000
03f176b6-run-a,Dyadic multiply,64,75,29868,74860660.000000,2506.383420383019,25534800.254232328385,entries/s,3.399047509044,7.407132464940
03f176b6-run-a,Dyadic multiply,64,76,30261,76477965.000000,2527.278179835432,25323686.371623512357,entries/s,3.402653047744,7.403526926240
03f176b6-run-a,Dyadic multiply,64,77,30654,77670585.000000,2533.783029947152,25258674.181480672210,entries/s,3.403769423124,7.402410550860
03f176b6-run-a,Dyadic multiply,64,78,31047,78309504.000000,2522.288916803556,25373778.385826580226,entries/s,3.401794831558,7.404385142426
03f176b6-run-a,Dyadic multiply,64,79,31440,79767525.000000,2537.135019083969,25225303.154385197908,entries/s,3.404343579749,7.401836394234
03f176b6-run-a,Dyadic multiply,64,80,31833,81510176.000000,2560.555901108912,24994572.456818152219,entries/s,3.408334261630,7.397845712354
03f176b6-run-a,Dyadic multiply,64,81,32226,82449935.000000,2558.491125178427,25014743.795734949410,entries/s,3.407983914842,7.398196059142
03f176b6-run-a,Dyadic multiply,64,82,32619,83063144.000000,2546.465066372360,25132879.631909910589,entries/s,3.405937722693,7.400242251291
03f176b6-run-a,Dyadic multiply,64,83,33012,85073869.000000,2577.058917969223,24834511.758246235549,entries/s,3.411124347715,7.395055626269
03f176b6-run-a,Dyadic multiply,64,84,33405,85791457.000000,2568.222032629846,24919963.767487946898,entries/s,3.409632567441,7.396547406543
03f176b6-run-a,Dyadic multiply,64,85,33798,87025279.000000,2574.864755310965,24855674.406973175704,entries/s,3.410754422672,7.395425551311
03f176b6-run-a,Dyadic multiply,64,86,34191,88266786.000000,2581.579538475037,24791023.885247163475,entries/s,3.411885510204,7.394294463780
03f176b6-run-a,Dyadic multiply,64,87,34584,88867768.000000,2569.620865139949,24906398.009230971336,entries/s,3.409869050053,7.396310923930
03f176b6-run-a,Dyadic multiply,64,88,34977,89355162.000000,2554.683420533494,25052027.772049698979,entries/s,3.407337089506,7.398842884478
03f176b6-run-a,Dyadic multiply,64,89,35370,90229422.000000,2551.015606446141,25088047.222556740046,entries/s,3.406713115518,7.399466858466
03f176b6-run-a,Dyadic multiply,64,90,35763,90084173.000000,2518.921035707295,25407703.970374464989,entries/s,3.401214553249,7.404965420735
03f176b6-run-a,Dyadic multiply,64,91,36156,93173944.000000,2576.998119260980,24835097.674946550280,entries/s,3.411114101595,7.395065872389
03f176b6-run-a,Dyadic multiply,64,92,36549,94300514.000000,2580.112014008591,24805124.604092825204,entries/s,3.411638561006,7.394541412978
03f176b6-run-a,Dyadic multiply,64,93,36942,95262482.000000,2578.703968382870,24818668.906821053475,entries/s,3.411401488599,7.394778485385
03f176b6-run-a,Dyadic multiply,64,94,37335,96331205.000000,2580.184947100576,24804423.447210073471,entries/s,3.411650837214,7.394529136770
03f176b6-run-a,Dyadic multiply,64,95,37728,97265018.000000,2578.059213316370,24824875.887032683939,entries/s,3.411292888084,7.394887085900
03f176b6-run-a,Dyadic multiply,64,96,38121,98365598.000000,2580.351984470502,24802817.749351758510,entries/s,3.411678951888,7.394501022096
03f176b6-run-a,Dyadic multiply,64,97,38514,98956165.000000,2569.355688840422,24908968.531672582030,entries/s,3.409824229999,7.396355743985
03f176b6-run-a,Dyadic multiply,64,98,38907,99018589.000000,2545.007042434524,25147278.154003988951,entries/s,3.405688988436,7.400490985548
03f176b6-run-a,Dyadic multiply,64,99,39300,101129715.000000,2573.275190839694,24871028.263057995588,entries/s,3.410486232954,7.395693741030
03f176b6-run-a,Dyadic multiply,256,0,92,1006633.000000,10941.663043478260,23396808.966127675027,entries/s,4.039083336231,7.369156629081
03f176b6-run-a,Dyadic multiply,256,1,184,2007047.000000,10907.864130434782,23469305.900659028441,entries/s,4.037739719683,7.370500245629
03f176b6-run-a,Dyadic multiply,256,2,276,3035896.000000,10999.623188405798,23273524.521261595190,entries/s,4.041377807886,7.366862157426
03f176b6-run-a,Dyadic multiply,256,3,368,3999982.000000,10869.516304347826,23552105.984476931393,entries/s,4.036210218325,7.372029746987
03f176b6-run-a,Dyadic multiply,256,4,460,5030926.000000,10936.795652173912,23407221.652634128928,entries/s,4.038890097644,7.369349867668
03f176b6-run-a,Dyadic multiply,256,5,552,5995991.000000,10862.302536231884,23567747.183076158166,entries/s,4.035921894570,7.372318070742
03f176b6-run-a,Dyadic multiply,256,6,644,7055089.000000,10955.107142857143,23368096.419478192925,entries/s,4.039616629393,7.368623335919
03f176b6-run-a,Dyadic multiply,256,7,736,7977119.000000,10838.476902173914,23619554.879399441183,entries/s,4.034968256422,7.373271708890
03f176b6-run-a,Dyadic multiply,256,8,828,8939390.000000,10796.364734299517,23711685.025488317013,entries/s,4.033277547931,7.374962417381
03f176b6-run-a,Dyadic multiply,256,9,920,9988357.000000,10856.909782608696,23579453.557777319103,entries/s,4.035706228997,7.372533736315
03f176b6-run-a,Dyadic multiply,256,10,1012,10964740.000000,10834.723320158102,23627737.639013785869,entries/s,4.034817825479,7.373422139833
03f176b6-run-a,Dyadic multiply,256,11,1104,12020625.000000,10888.247282608696,23511589.455623146147,entries/s,4.036957975554,7.371281989758
03f176b6-run-a,Dyadic multiply,256,12,1196,13007557.000000,10875.883779264213,23538316.995266675949,entries/s,4.036464558028,7.371775407284
03f176b6-run-a,Dyadic multiply,256,13,1288,13977861.000000,10852.376552795031,23589303.112972721457,entries/s,4.035524854382,7.372715110930
03f176b6-run-a,Dyadic multiply,256,14,1380,15013276.000000,10879.185507246377,23531173.342846691608,entries/s,4.036596382223,7.371643583088
03f176b6-run-a,Dyadic multiply,256,15,1472,15985187.000000,10859.502038043478,23573824.941803935915,entries/s,4.035809911156,7.372430054156
03f176b6-run-a,Dyadic multiply,256,16,1564,16965273.000000,10847.361253196930,23600209.675376284868,entries/s,4.035324103848,7.372915861464
03f176b6-run-a,Dyadic multiply,256,17,1656,17772101.000000,10731.945048309179,23854017.034902062267,entries/s,4.030678440251,7.377561525061
03f176b6-run-a,Dyadic multiply,256,18,1748,18689800.000000,10692.105263157895,23942899.335466403514,entries/s,4.029063225710,7.379176739602
03f176b6-run-a,Dyadic multiply,256,19,1840,19441717.000000,10566.150543478261,24228312.756532769650,entries/s,4.023916794098,7.384323171214
03f176b6-run-a,Dyadic multiply,256,20,1932,20452472.000000,10586.165631469979,24182504.686964001507,entries/s,4.024738684693,7.383501280619
03f176b6-run-a,Dyadic multiply,256,21,2024,21351588.000000,10549.203557312252,24267234.830495983362,entries/s,4.023219672551,7.385020292761
03f176b6-run-a,Dyadic multiply,256,22,2116,22304706.000000,10540.976370510398,24286175.303095228970,entries/s,4.022880839784,7.385359125528
03f176b6-run-a,Dyadic multiply,256,23,2208,23427937.000000,10610.478713768116,24127092.368397608399,entries/s,4.025734978440,7.382504986872
03f176b6-run-a,Dyadic multiply,256,24,2300,24313500.000000,10571.086956521740,24216998.786682292819,entries/s,4.024119645297,7.384120320015
03f176b6-run-a,Dyadic multiply,256,25,2392,25331240.000000,10589.983277591973,24173786.991872485727,entries/s,4.024895274323,7.383344690989
03f176b6-run-a,Dyadic multiply,256,26,2484,26280655.000000,10579.973832528180,24196657.198992948979,entries/s,4.024484593559,7.383755371753
03f176b6-run-a,Dyadic multiply,256,27,2576,27347927.000000,10616.431288819876,24113564.439454585314,entries/s,4.025978553277,7.382261412035
03f176b6-run-a,Dyadic multiply,256,28,2668,28302583.000000,10608.164542728635,24132355.693471513689,entries/s,4.025640247434,7.382599717878
03f176b6-run-a,Dyadic multiply,256,29,2760,30422036.000000,11022.476811594202,23225269.998365659267,entries/s,4.042279193857,7.365960771454
03f176b6-run-a,Dyadic multiply,256,30,2852,32287824.000000,11321.116409537168,22612610.871516145766,entries/s,4.053889256057,7.354350709255
03f176b6-run-a,Dyadic multiply,256,31,2944,33318489.000000,11317.421535326086,22619993.361643742770,entries/s,4.053747492176,7.354492473136
03f176b6-run-a,Dyadic multiply,256,32,3036,34174849.000000,11256.537878787878,22742338.963955629617,entries/s,4.051404837110,7.356835128201
03f176b6-run-a,Dyadic multiply,256,33,3128,34957227.000000,11175.584079283888,22907080.129668179899,entries/s,4.048270230308,7.359969735004
03f176b6-run-a,Dyadic multiply,256,34,3220,36066695.000000,11200.836956521740,22855434.910240594298,entries/s,4.049250475529,7.358989489783
03f176b6-run-a,Dyadic multiply,256,35,3312,37106721.000000,11203.720108695652,22849553.319464687258,entries/s,4.049362250744,7.358877714568
03f176b6-run-a,Dyadic multiply,256,36,3404,37527287.000000,11024.467391304348,23221076.439658425748,entries/s,4.042357617223,7.365882348089
03f176b6-run-a,Dyadic multiply,256,37,3496,39561579.000000,11316.241132723113,22622352.864126075059,entries/s,4.053702193071,7.354537772241
03f176b6-run-a,Dyadic multiply,256,38,3588,38915394.000000,10845.984949832777,23603204.428561095148,entries/s,4.035268997462,7.372970967850
03f176b6-run-a,Dyadic multiply,256,39,3680,39773013.000000,10807.883967391304,23686412.693954065442,entries/s,4.033740673487,7.374499291825
03f176b6-run-a,Dyadic multiply,256,40,3772,40689867.000000,10787.345440084835,23731510.353671099991,entries/s,4.032914586244,7.375325379068
03f176b6-run-a,Dyadic multiply,256,41,3864,41879040.000000,10838.260869565218,23620025.673940949142,entries/s,4.034959599975,7.373280365337
03f176b6-run-a,Dyadic multiply,256,42,3956,42351650.000000,10705.674924165824,23912551.222915753722,entries/s,4.029614051976,7.378625913336
03f176b6-run-a,Dyadic multiply,256,43,4048,42927443.000000,10604.605484189724,24140454.860076338053,entries/s,4.025494516396,7.382745448916
03f176b6-run-a,Dyadic multiply,256,44,4140,43864418.000000,10595.270048309179,24161724.885988455266,entries/s,4.025112030324,7.383127934987
03f176b6-run-a,Dyadic multiply,256,45,4232,44877192.000000,10604.251417769376,24141260.888158958405,entries/s,4.025480015935,7.382759949376
03f176b6-run-a,Dyadic multiply,256,46,4324,46461777.000000,10745.091813135985,23824831.323175609112,entries/s,4.031210130741,7.377029834571
03f176b6-run-a,Dyadic multiply,256,47,4416,46978329.000000,10638.208559782608,24064202.028130885214,entries/s,4.026868500318,7.381371464994
03f176b6-run-a,Dyadic multiply,256,48,4508,48220317.000000,10696.609804791482,23932816.534574005753,entries/s,4.029246153725,7.378993811586
03f176b6-run-a,Dyadic multiply,256,49,4600,51995322.000000,11303.330869565218,22648191.312287669629,entries/s,4.053206440396,7.355033524916
03f176b6-run-a,Dyadic multiply,256,50,4692,51501894.000000,10976.533248081842,23322482.081921104342,entries/s,4.040465197221,7.367774768090
03f176b6-run-a,Dyadic multiply,256,51,4784,53492930.000000,11181.632525083613,22894689.073864527047,entries/s,4.048505215436,7.359734749876
03f176b6-run-a,Dyadic multiply,256,52,4876,54548110.000000,11187.061115668581,22883579.284415170550,entries/s,4.048716010667,7.359523954644
03f176b6-run-a,Dyadic multiply,256,53,4968,55324334.000000,11136.138083735910,22988220.698689296842,entries/s,4.046734607381,7.361505357931
03f176b6-run-a,Dyadic multiply,256,54,5060,56135419.000000,11093.956324110672,23075627.172213677317,entries/s,4.045086451769,7.363153513543
03f176b6-run-a,Dyadic multiply,256,55,5152,56990517.000000,11061.823951863355,23142657.224885325879,entries/s,4.043826742423,7.364413222889
03f176b6-run-a,Dyadic multiply,256,56,5244,58781892.000000,11209.361556064074,22838053.596505533904,entries/s,4.049580877486,7.358659087826
03f176b6-run-a,Dyadic multiply,256,57,5336,57912402.000000,10853.148800599700,23587624.633493877947,entries/s,4.035555757385,7.372684207926
03f176b6-run-a,Dyadic multiply,256,58,5428,58834500.000000,10839.075165806928,23618251.196151915938,entries/s,4.034992228003,7.373247737309
03f176b6-run-a,Dyadic multiply,256,59,5520,59954147.000000,10861.258514492754,23570012.596459757537,entries/s,4.035880150689,7.372359814623
03f176b6-run-a,Dyadic multiply,256,60,5612,61781139.000000,11008.756058446186,23254216.792603969574,entries/s,4.041738248357,7.366501716955
03f176b6-run-a,Dyadic multiply,256,61,5704,63839928.000000,11192.133239831697,22873208.754245460033,entries/s,4.048912871693,7.359327093619
03f176b6-run-a,Dyadic multiply,256,62,5796,63232910.000000,10909.749827467218,23465249.345633469522,entries/s,4.037814791854,7.370425173458
03f176b6-run-a,Dyadic multiply,256,63,5888,63791934.000000,10834.227921195652,23628818.025802448392,entries/s,4.034797967662,7.373441997650
03f176b6-run-a,Dyadic multiply,256,64,5980,64477684.000000,10782.221404682274,23742788.280050504953,entries/s,4.032708245490,7.375531719822
03f176b6-run-a,Dyadic multiply,256,65,6072,64749162.000000,10663.564229249012,24006982.515078727156,entries/s,4.027902389153,7.380337576158
03f176b6-run-a,Dyadic multiply,256,66,6164,65833607.000000,10680.338578844907,23969277.575813215226,entries/s,4.028585020538,7.379654944773
03f176b6-run-a,Dyadic multiply,256,67,6256,66448170.000000,10621.510549872122,24102033.208739984781,entries/s,4.026186284808,7.382053680504
03f176b6-run-a,Dyadic multiply,256,68,6348,69062001.000000,10879.332230623819,23530855.991270799190,entries/s,4.036602239346,7.371637725966
03f176b6-run-a,Dyadic multiply,256,69,6440,71202806.000000,11056.336335403726,23154143.672371562570,entries/s,4.043611241534,7.364628723778
03f176b6-run-a,Dyadic multiply,256,70,6532,72367172.000000,11078.868952847521,23107051.910222496837,entries/s,4.044495425319,7.363744539993
03f176b6-run-a,Dyadic multiply,256,71,6624,72923819.000000,11009.030646135267,23253636.784985162318,entries/s,4.041749080682,7.366490884630
03f176b6-run-a,Dyadic multiply,256,72,6716,73266835.000000,10909.296456223943,23466224.520275782794,entries/s,4.037796743711,7.370443221601
03f176b6-run-a,Dyadic multiply,256,73,6808,73437688.000000,10786.969447708578,23732337.543088231236,entries/s,4.032899448668,7.375340516644
03f176b6-run-a,Dyadic multiply,256,74,6900,73917156.000000,10712.631304347826,23897023.310799457133,entries/s,4.029896158096,7.378343807216
03f176b6-run-a,Dyadic multiply,256,75,6992,74642792.000000,10675.456521739130,23980239.110026858747,entries/s,4.028386456122,7.379853509190
03f176b6-run-a,Dyadic multiply,256,76,7084,75682100.000000,10683.526256352343,23962125.786678753793,entries/s,4.028714621692,7.379525343620
03f176b6-run-a,Dyadic multiply,256,77,7176,76274374.000000,10629.093366778150,24084838.769047122449,entries/s,4.026496221946,7.381743743366
03f176b6-run-a,Dyadic multiply,256,78,7268,76813345.000000,10568.704595487066,24222457.699244838208,entries/s,4.024021759161,7.384218206151
03f176b6-run-a,Dyadic multiply,256,79,7360,77989510.000000,10596.400815217392,24159146.531373254955,entries/s,4.025158377385,7.383081587927
03f176b6-run-a,Dyadic multiply,256,80,7452,79144228.000000,10620.535158346753,24104246.743047390133,entries/s,4.026146400970,7.382093564342
03f176b6-run-a,Dyadic multiply,256,81,7544,80093976.000000,10616.910922587487,24112475.075528774410,entries/s,4.025998173579,7.382241791733
03f176b6-run-a,Dyadic multiply,256,82,7636,81041418.000000,10613.072027239392,24121196.892186660320,entries/s,4.025841111646,7.382398853666
03f176b6-run-a,Dyadic multiply,256,83,7728,82231066.000000,10640.665890269151,24058644.697613429278,entries/s,4.026968806852,7.381271158460
03f176b6-run-a,Dyadic multiply,256,84,7820,83453199.000000,10671.764578005115,23988535.178861148655,entries/s,4.028236236025,7.380003729287
03f176b6-run-a,Dyadic multiply,256,85,7912,84386879.000000,10665.682381193124,24002214.846694353968,entries/s,4.027988646462,7.380251318850
03f176b6-run-a,Dyadic multiply,256,86,8004,85116581.000000,10634.255497251374,24073147.392985630780,entries/s,4.026707090407,7.381532874905
03f176b6-run-a,Dyadic multiply,256,87,8096,85993456.000000,10621.721343873518,24101554.890409335494,entries/s,4.026194903710,7.382045061601
03f176b6-run-a,Dyadic multiply,256,88,8188,85672520.000000,10463.180263800685,24466748.497651286423,entries/s,4.019663707581,7.388576257731
03f176b6-run-a,Dyadic multiply,256,89,8280,86770296.000000,10479.504347826087,24428636.269720688462,entries/s,4.020340742181,7.387899223131
03f176b6-run-a,Dyadic multiply,256,90,8372,87373046.000000,10436.340898232203,24529670.168532293290,entries/s,4.018548256688,7.389691708624
03f176b6-run-a,Dyadic multiply,256,91,8464,88185095.000000,10418.843927221173,24570864.271337460726,entries/s,4.017819532410,7.390420432901
03f176b6-run-a,Dyadic multiply,256,92,8556,88930917.000000,10393.982819074334,24629634.708478268236,entries/s,4.016781994612,7.391457970699
03f176b6-run-a,Dyadic multiply,256,93,8648,89941158.000000,10400.226410730806,24614848.743664160371,entries/s,4.017042793901,7.391197171411
03f176b6-run-a,Dyadic multiply,256,94,8740,90723027.000000,10380.209038901601,24662316.437038637698,entries/s,4.016206099517,7.392033865795
03f176b6-run-a,Dyadic multiply,256,95,8832,91607312.000000,10372.204710144928,24681348.580558720976,entries/s,4.015871079598,7.392368885713
03f176b6-run-a,Dyadic multiply,256,96,8924,92723879.000000,10390.394329896908,24638140.947489909828,entries/s,4.016632029949,7.391607935363
03f176b6-run-a,Dyadic multiply,256,97,9016,93980002.000000,10423.691437444542,24559437.655683387071,entries/s,4.018021546891,7.390218418421
03f176b6-run-a,Dyadic multiply,256,98,9108,95200864.000000,10452.444444444445,24491878.561102133244,entries/s,4.019217867920,7.389022097392
03f176b6-run-a,Dyadic multiply,256,99,9200,99354350.000000,10799.385869565218,23705051.666082058102,entries/s,4.033399059094,7.374840906218
03f176b6-run-a,Dyadic multiply,4096,0,3,1440819.000000,480273.000000000000,8528482.758764285594,entries/s,5.681488172147,6.930871775821
03f176b6-run-a,Dyadic multiply,4096,1,6,2884293.000000,480715.500000000000,8520632.265862032771,entries/s,5.681888125574,6.930471822394
03f176b6-run-a,Dyadic multiply,4096,2,9,4243309.000000,471478.777777777752,8687559.638008922338,entries/s,5.673462149032,6.938897798936
03f176b6-run-a,Dyadic multiply,4096,3,12,5719687.000000,476640.583333333314,8593477.230484815314,entries/s,5.678191017380,6.934168930588
03f176b6-run-a,Dyadic multiply,4096,4,15,7115098.000000,474339.866666666640,8635158.644336311147,entries/s,5.676089627173,6.936270320795
03f176b6-run-a,Dyadic multiply,4096,5,18,8558712.000000,475484.000000000000,8614380.294605076313,entries/s,5.677135907543,6.935224040424
03f176b6-run-a,Dyadic multiply,4096,6,21,9959224.000000,474248.761904761894,8636817.486984929070,entries/s,5.676006205773,6.936353742194
03f176b6-run-a,Dyadic multiply,4096,7,24,12086537.000000,503605.708333333314,8133347.045559865423,entries/s,5.702090644159,6.910269303808
03f176b6-run-a,Dyadic multiply,4096,8,27,12819486.000000,474795.777777777752,8626866.943027202040,entries/s,5.676506848244,6.935853099724
03f176b6-run-a,Dyadic multiply,4096,9,30,14195826.000000,473194.200000000012,8656065.522358473390,entries/s,5.675039412787,6.937320535181
03f176b6-run-a,Dyadic multiply,4096,10,33,15633572.000000,473744.606060606078,8646008.730442408472,entries/s,5.675544278234,6.936815669733
03f176b6-run-a,Dyadic multiply,4096,11,36,17072086.000000,474224.611111111124,8637257.333403779194,entries/s,5.675984089061,6.936375858907
03f176b6-run-a,Dyadic multiply,4096,12,39,18515631.000000,474759.769230769249,8627521.254879187793,entries/s,5.676473910069,6.935886037899
03f176b6-run-a,Dyadic multiply,4096,13,42,19935213.000000,474647.928571428580,8629554.146223569289,entries/s,5.676371589893,6.935988358075
03f176b6-run-a,Dyadic multiply,4096,14,45,21307711.000000,473504.688888888864,8650389.523304497823,entries/s,5.675324283970,6.937035663998
03f176b6-run-a,Dyadic multiply,4096,15,48,22710668.000000,473138.916666666686,8657076.929661424831,entries/s,5.674988671148,6.937371276819
03f176b6-run-a,Dyadic multiply,4096,16,51,24176846.000000,474055.803921568615,8640332.986362241209,entries/s,5.675829468064,6.936530479904
03f176b6-run-a,Dyadic multiply,4096,17,54,25576938.000000,473647.000000000000,8647790.443093696609,entries/s,5.675454790902,6.936905157066
03f176b6-run-a,Dyadic multiply,4096,18,57,27039903.000000,474384.263157894718,8634350.500443734229,entries/s,5.676130273659,6.936229674309
03f176b6-run-a,Dyadic multiply,4096,19,60,28423369.000000,473722.816666666651,8646406.412976590917,entries/s,5.675524302849,6.936835645119
03f176b6-run-a,Dyadic multiply,4096,20,63,29842183.000000,473685.444444444438,8647088.585979115218,entries/s,5.675490039795,6.936869908172
03f176b6-run-a,Dyadic multiply,4096,21,66,31159913.000000,472119.893939393922,8675762.348887175322,entries/s,5.674052300889,6.938307647079
03f176b6-run-a,Dyadic multiply,4096,22,69,32600840.000000,472475.942028985533,8669224.473970608786,entries/s,5.674379699596,6.937980248371
03f176b6-run-a,Dyadic multiply,4096,23,72,33985786.000000,472024.805555555562,8677510.062589107081,entries/s,5.673964822009,6.938395125959
03f176b6-run-a,Dyadic multiply,4096,24,75,35416889.000000,472225.186666666646,8673827.901710961014,entries/s,5.674149146950,6.938210801018
03f176b6-run-a,Dyadic multiply,4096,25,78,36831785.000000,472202.371794871811,8674246.985314451158,entries/s,5.674128164138,6.938231783830
03f176b6-run-a,Dyadic multiply,4096,26,81,38227400.000000,471943.209876543202,8679010.343366276473,entries/s,5.673889742022,6.938470205946
03f176b6-run-a,Dyadic multiply,4096,27,84,39755814.000000,473283.500000000000,8654432.280018212274,entries/s,5.675121363999,6.937238583969
03f176b6-run-a,Dyadic multiply,4096,28,87,41065295.000000,472014.885057471285,8677692.440782416612,entries/s,5.673955694389,6.938404253579
03f176b6-run-a,Dyadic multiply,4096,29,90,42492764.000000,472141.822222222225,8675359.409427920356,entries/s,5.674072471848,6.938287476120
03f176b6-run-a,Dyadic multiply,4096,30,93,43880346.000000,471831.677419354848,8681061.904115341604,entries/s,5.673787094809,6.938572853159
03f176b6-run-a,Dyadic multiply,4096,31,96,45294612.000000,471818.875000000000,8681297.457631384954,entries/s,5.673775310743,6.938584637225
03f176b6-run-a,Dyadic multiply,4096,32,99,46733539.000000,472055.949494949484,8676937.562978057191,entries/s,5.673993475577,6.938366472391
03f176b6-run-a,Dyadic multiply,4096,33,102,48468104.000000,475177.490196078434,8619936.938321333379,entries/s,5.676855859340,6.935504088628
03f176b6-run-a,Dyadic multiply,4096,34,105,50083211.000000,476982.961904761905,8587308.828900767490,entries/s,5.678502866078,6.933857081890
03f176b6-run-a,Dyadic multiply,4096,35,108,53028896.000000,491008.296296296292,8342017.906614537351,entries/s,5.691088830219,6.921271117749
03f176b6-run-a,Dyadic multiply,4096,36,111,52879540.000000,476392.252252252249,8597956.790093105286,entries/s,5.677964689772,6.934395258195
03f176b6-run-a,Dyadic multiply,4096,37,114,55415510.000000,486100.964912280673,8426233.016713190824,entries/s,5.686726483152,6.925633464816
03f176b6-run-a,Dyadic multiply,4096,38,117,55367169.000000,473223.666666666686,8655526.526920674369,entries/s,5.675066456255,6.937293491712
03f176b6-run-a,Dyadic multiply,4096,39,120,57804849.000000,481707.075000000012,8503092.880668194965,entries/s,5.682783024996,6.929576922972
03f176b6-run-a,Dyadic multiply,4096,40,123,58475691.000000,475412.121951219509,8615682.711641663685,entries/s,5.677070251076,6.935289696892
03f176b6-run-a,Dyadic multiply,4096,41,126,59786290.000000,474494.365079365089,8632346.981222618371,entries/s,5.676231059272,6.936128888695
03f176b6-run-a,Dyadic multiply,4096,42,129,62208392.000000,482235.596899224794,8493773.637486081570,entries/s,5.683259265283,6.929100682685
03f176b6-run-a,Dyadic multiply,4096,43,132,63278281.000000,479380.916666666686,8544353.472560355440,entries/s,5.680680741522,6.931679206446
03f176b6-run-a,Dyadic multiply,4096,44,135,63970820.000000,473857.925925925898,8643941.096893865615,entries/s,5.675648149194,6.936711798773
03f176b6-run-a,Dyadic multiply,4096,45,138,65420917.000000,474064.615942028991,8640172.377895589918,entries/s,5.675837540903,6.936522407065
03f176b6-run-a,Dyadic multiply,4096,46,141,66780480.000000,473620.425531914865,8648275.663786783814,entries/s,5.675430423665,6.936929524302
03f176b6-run-a,Dyadic multiply,4096,47,144,68038050.000000,472486.458333333314,8669031.519862782210,entries/s,5.674389365956,6.937970582012
03f176b6-run-a,Dyadic multiply,4096,48,147,69569112.000000,473259.265306122426,8654875.456797551364,entries/s,5.675099125186,6.937260822782
03f176b6-run-a,Dyadic multiply,4096,49,150,70795666.000000,471971.106666666688,8678497.353213682771,entries/s,5.673915412619,6.938444535349
03f176b6-run-a,Dyadic multiply,4096,50,153,72631655.000000,474716.699346405221,8628304.008768629283,entries/s,5.676434509381,6.935925438587
03f176b6-run-a,Dyadic multiply,4096,51,156,73879446.000000,473586.192307692312,8648900.805238848552,entries/s,5.675399031781,6.936960916187
03f176b6-run-a,Dyadic multiply,4096,52,159,76707617.000000,482437.842767295602,8490212.908061007038,entries/s,5.683441366836,6.928918581132
03f176b6-run-a,Dyadic multiply,4096,53,162,77046076.000000,475593.061728395056,8612404.867964982986,entries/s,5.677235510213,6.935124437755
03f176b6-run-a,Dyadic multiply,4096,54,165,78223450.000000,474081.515151515137,8639864.388492198661,entries/s,5.675853022131,6.936506925836
03f176b6-run-a,Dyadic multiply,4096,55,168,79596984.000000,473791.571428571420,8645151.680621467531,entries/s,5.675587330522,6.936772617446
03f176b6-run-a,Dyadic multiply,4096,56,171,81062240.000000,474048.187134502921,8640471.815237279981,entries/s,5.675822490077,6.936537457891
03f176b6-run-a,Dyadic multiply,4096,57,174,82359329.000000,473329.477011494280,8653591.628945883363,entries/s,5.675163551383,6.937196396585
03f176b6-run-a,Dyadic multiply,4096,58,177,83625147.000000,472458.457627118623,8669545.298377770931,entries/s,5.674363627837,6.937996320131
03f176b6-run-a,Dyadic multiply,4096,59,180,84965703.000000,472031.683333333349,8677383.626190911978,entries/s,5.673971149979,6.938388797988
03f176b6-run-a,Dyadic multiply,4096,60,183,87668608.000000,479063.431693989085,8550015.987478664145,entries/s,5.680393021162,6.931966926806
03f176b6-run-a,Dyadic multiply,4096,61,186,87835287.000000,472232.725806451635,8673689.425071269274,entries/s,5.674156080465,6.938203867502
03f176b6-run-a,Dyadic multiply,4096,62,189,89148599.000000,471685.708994709013,8683748.355933221057,entries/s,5.673652718309,6.938707229659
03f176b6-run-a,Dyadic multiply,4096,63,192,90627750.000000,472019.531250000000,8677607.024338571355,entries/s,5.673959969267,6.938399978701
03f176b6-run-a,Dyadic multiply,4096,64,195,92274209.000000,473201.071794871823,8655939.819543724880,entries/s,5.675045719629,6.937314228339
03f176b6-run-a,Dyadic multiply,4096,65,198,93824195.000000,473859.570707070699,8643911.093508450314,entries/s,5.675649656647,6.936710291321
03f176b6-run-a,Dyadic multiply,4096,66,201,95385638.000000,474555.412935323373,8631236.497050005943,entries/s,5.676286931467,6.936073016501
03f176b6-run-a,Dyadic multiply,4096,67,204,96504817.000000,473062.828431372531,8658469.348737277091,entries/s,5.674918824097,6.937441123871
03f176b6-run-a,Dyadic multiply,4096,68,207,97774245.000000,472339.347826086974,8671731.497389726341,entries/s,5.674254125615,6.938105822353
03f176b6-run-a,Dyadic multiply,4096,69,210,99041532.000000,471626.342857142852,8684841.425918169320,entries/s,5.673598054773,6.938761893194
03f176b6-run-a,Dyadic multiply,4096,70,213,100623088.000000,472408.863849765272,8670455.432653786615,entries/s,5.674318037724,6.938041910244
03f176b6-run-a,Dyadic multiply,4096,71,216,102130245.000000,472825.208333333314,8662820.695279836655,entries/s,5.674700622586,6.937659325382
03f176b6-run-a,Dyadic multiply,4096,72,219,103630208.000000,473197.296803652949,8656008.873397223651,entries/s,5.675042255004,6.937317692964
03f176b6-run-a,Dyadic multiply,4096,73,222,105029716.000000,473106.828828828817,8657664.084324479103,entries/s,5.674959216705,6.937400731263
03f176b6-run-a,Dyadic multiply,4096,74,225,106430761.000000,473025.604444444471,8659150.713016135618,entries/s,5.674884649338,6.937475298630
03f176b6-run-a,Dyadic multiply,4096,75,228,107644521.000000,472125.092105263146,8675666.827483026311,entries/s,5.674057082561,6.938302865407
03f176b6-run-a,Dyadic multiply,4096,76,231,109085105.000000,472229.891774891759,8673741.479187281802,entries/s,5.674153474107,6.938206473861
03f176b6-run-a,Dyadic multiply,4096,77,234,110480702.000000,472139.752136752126,8675397.446334112436,entries/s,5.674070567698,6.938289380269
03f176b6-run-a,Dyadic multiply,4096,78,237,112036939.000000,472729.700421940943,8664570.887642690912,entries/s,5.674612888794,6.937747059174
03f176b6-run-a,Dyadic multiply,4096,79,240,113792070.000000,474133.625000000000,8638914.820690052584,entries/s,5.675900756066,6.936459191902
03f176b6-run-a,Dyadic multiply,4096,80,243,118650303.000000,488272.851851851854,8388752.281568130478,entries/s,5.688662578024,6.923697369944
03f176b6-run-a,Dyadic multiply,4096,81,246,118437380.000000,481452.764227642270,8507584.345415273681,entries/s,5.682553684521,6.929806263447
03f176b6-run-a,Dyadic multiply,4096,82,249,118510520.000000,475945.863453815284,8606020.798828661442,entries/s,5.677557556627,6.934802391340
03f176b6-run-a,Dyadic multiply,4096,83,252,120678373.000000,478882.432539682544,8553247.564913723618,entries/s,5.680228905552,6.932131042416
03f176b6-run-a,Dyadic multiply,4096,84,255,121971974.000000,478321.466666666674,8563278.643010238186,entries/s,5.679719872082,6.932640075886
03f176b6-run-a,Dyadic multiply,4096,85,258,122712591.000000,475630.197674418625,8611732.434204734862,entries/s,5.677269420099,6.935090527868
03f176b6-run-a,Dyadic multiply,4096,86,261,124798647.000000,478155.735632183903,8566246.715799732134,entries/s,5.679569369646,6.932790578322
03f176b6-run-a,Dyadic multiply,4096,87,264,129775743.000000,491574.784090909117,8332404.615861070342,entries/s,5.691589597137,6.920770350830
03f176b6-run-a,Dyadic multiply,4096,88,267,127742581.000000,478436.632958801521,8561217.343808012083,entries/s,5.679824425334,6.932535522634
03f176b6-run-a,Dyadic multiply,4096,89,270,127911912.000000,473747.822222222225,8645950.034739531577,entries/s,5.675547226567,6.936812721401
03f176b6-run-a,Dyadic multiply,4096,90,273,131244049.000000,480747.432234432257,8520066.307920750231,entries/s,5.681916973265,6.930442974702
03f176b6-run-a,Dyadic multiply,4096,91,276,133850659.000000,484966.155797101441,8445950.198870519176,entries/s,5.685711431667,6.926648516300
03f176b6-run-a,Dyadic multiply,4096,92,279,134260225.000000,481219.444444444438,8511709.257153412327,entries/s,5.682343167388,6.930016780579
03f176b6-run-a,Dyadic multiply,4096,93,282,135240237.000000,479575.308510638308,8540890.090276904404,entries/s,5.680856814849,6.931503133119
03f176b6-run-a,Dyadic multiply,4096,94,285,136616760.000000,479357.052631578932,8544778.839726546779,entries/s,5.680659121394,6.931700826574
03f176b6-run-a,Dyadic multiply,4096,95,288,138202512.000000,479869.833333333314,8535648.035109521821,entries/s,5.681123449185,6.931236498783
03f176b6-run-a,Dyadic multiply,4096,96,291,138829258.000000,477076.487972508592,8585625.373003145680,entries/s,5.678588013508,6.933771934459
03f176b6-run-a,Dyadic multiply,4096,97,294,139916145.000000,475905.255102040828,8606755.138944115490,entries/s,5.677520500447,6.934839447520
03f176b6-run-a,Dyadic multiply,4096,98,297,141834108.000000,477555.919191919209,8577006.032991725951,entries/s,5.679024232411,6.933335715557
03f176b6-run-a,Dyadic multiply,4096,99,300,144907904.000000,483026.346666666679,8479868.703366242349,entries/s,5.683970819985,6.928389127983
03f176b6-run-a,Dyadic multiply,50000,0,7,53516109.000000,7645158.428571428172,6540086.836283258162,entries/s,6.883386489610,6.815583514726
03f176b6-run-a,Dyadic multiply,50000,1,7,54039949.000000,7719992.714285714552,6476690.050170105882,entries/s,6.887616890472,6.811353113864
03f176b6-run-a,Dyadic multiply,50000,2,7,53050878.000000,7578696.857142857276,6597440.291186132468,entries/s,6.879594535921,6.819375468415
03f176b6-run-a,Dyadic multiply,50000,3,7,54198729.000000,7742675.571428571828,6457716.010277657770,entries/s,6.888891062119,6.810078942217
03f176b6-run-a,Dyadic multiply,50000,4,7,55075963.000000,7867994.714285714552,6354859.378491484560,entries/s,6.895864059489,6.803105944847
03f176b6-run-a,Dyadic multiply,50000,5,7,53158594.000000,7594084.857142857276,6584071.805962362327,entries/s,6.880475445685,6.818494558651
03f176b6-run-a,Dyadic multiply,50000,6,7,53903592.000000,7700513.142857142724,6493073.782541245222,entries/s,6.886519666430,6.812450337906
03f176b6-run-a,Dyadic multiply,50000,7,7,53643455.000000,7663350.714285714552,6524561.104425506666,entries/s,6.884418701557,6.814551302779
03f176b6-run-a,Dyadic multiply,50000,8,7,53625781.000000,7660825.857142857276,6526711.471111254767,entries/s,6.884275590242,6.814694414094
03f176b6-run-a,Dyadic multiply,50000,9,7,53680407.000000,7668629.571428571828,6520069.790081881918,entries/s,6.884717759941,6.814252244395
03f176b6-run-a,Dyadic multiply,50000,10,7,53589876.000000,7655696.571428571828,6531084.341378211044,entries/s,6.883984712130,6.814985292206
03f176b6-run-a,Dyadic multiply,50000,11,7,53436685.000000,7633812.142857142724,6549807.496479244903,entries/s,6.882741468382,6.816228535954
03f176b6-run-a,Dyadic multiply,50000,12,7,53445836.000000,7635119.428571428172,6548686.037954388186,entries/s,6.882815834682,6.816154169654
03f176b6-run-a,Dyadic multiply,50000,13,7,53413493.000000,7630499.000000000000,6552651.405891017057,entries/s,6.882552939771,6.816417064565
03f176b6-run-a,Dyadic multiply,50000,14,7,53431101.000000,7633014.428571428172,6550492.006518824957,entries/s,6.882696083323,6.816273921013
03f176b6-run-a,Dyadic multiply,50000,15,7,54224821.000000,7746403.000000000000,6454608.674503508024,entries/s,6.889100087037,6.809869917299
03f176b6-run-a,Dyadic multiply,50000,16,7,53515520.000000,7645074.285714285448,6540158.817479490303,entries/s,6.883381709725,6.815588294611
03f176b6-run-a,Dyadic multiply,50000,17,7,53427993.000000,7632570.428571428172,6550873.060120375827,entries/s,6.882670820386,6.816299183950
03f176b6-run-a,Dyadic multiply,50000,18,7,53482059.000000,7640294.142857142724,6544250.661703207530,entries/s,6.883110078754,6.815859925582
03f176b6-run-a,Dyadic multiply,50000,19,7,53425059.000000,7632151.285714285448,6551232.821287104860,entries/s,6.882646970436,6.816323033900
03f176b6-run-a,Dyadic multiply,50000,20,7,53626448.000000,7660921.142857142724,6526630.292575037107,entries/s,6.884280991984,6.814689012352
03f176b6-run-a,Dyadic multiply,50000,21,7,54148611.000000,7735515.857142857276,6463693.039143700153,entries/s,6.888489280730,6.810480723606
03f176b6-run-a,Dyadic multiply,50000,22,7,54681599.000000,7811657.000000000000,6400690.660124990158,entries/s,6.892743165712,6.806226838624
03f176b6-run-a,Dyadic multiply,50000,23,7,55261600.000000,7894514.285714285448,6333511.878049133345,entries/s,6.897325414962,6.801644589374
03f176b6-run-a,Dyadic multiply,50000,24,7,54877052.000000,7839578.857142857276,6377893.623002926819,entries/s,6.894292732974,6.804677271362
03f176b6-run-a,Dyadic multiply,50000,25,7,53244345.000000,7606335.000000000000,6573468.036840343848,entries/s,6.881175448797,6.817794555539
03f176b6-run-a,Dyadic multiply,50000,26,7,53237849.000000,7605407.000000000000,6574270.121244003996,entries/s,6.881122460088,6.817847544248
03f176b6-run-a,Dyadic multiply,50000,27,7,53013826.000000,7573403.714285714552,6602051.321479796432,entries/s,6.879291108312,6.819678896024
03f176b6-run-a,Dyadic multiply,50000,28,7,52975545.000000,7567935.000000000000,6606822.072335451841,entries/s,6.878977393311,6.819992611025
03f176b6-run-a,Dyadic multiply,50000,29,7,53081934.000000,7583133.428571428172,6593580.407224801369,entries/s,6.879848697656,6.819121306680
03f176b6-run-a,Dyadic multiply,50000,30,7,53003557.000000,7571936.714285714552,6603330.414221067913,entries/s,6.879206975504,6.819763028832
03f176b6-run-a,Dyadic multiply,50000,31,7,53130064.000000,7590009.142857142724,6587607.347884994000,entries/s,6.880242299043,6.818727705293
03f176b6-run-a,Dyadic multiply,50000,32,7,53336762.000000,7619537.428571428172,6562078.140401549637,entries/s,6.881928606731,6.817041397605
03f176b6-run-a,Dyadic multiply,50000,33,7,53445124.000000,7635017.714285714552,6548773.280047025532,entries/s,6.882810049016,6.816159955320
03f176b6-run-a,Dyadic multiply,50000,34,7,53669383.000000,7667054.714285714552,6521409.049923305400,entries/s,6.884628562516,6.814341441820
03f176b6-run-a,Dyadic multiply,50000,35,7,53707594.000000,7672513.428571428172,6516769.304541924037,entries/s,6.884937657215,6.814032347121
03f176b6-run-a,Dyadic multiply,50000,36,7,54128255.000000,7732607.857142857276,6466123.838649518788,entries/s,6.888325986410,6.810644017926
03f176b6-run-a,Dyadic multiply,50000,37,7,53197239.000000,7599605.571428571828,6579288.823617330752,entries/s,6.880791052465,6.818178951871
03f176b6-run-a,Dyadic multiply,50000,38,7,53154418.000000,7593488.285714285448,6584589.074044607580,entries/s,6.880441327308,6.818528677028
03f176b6-run-a,Dyadic multiply,50000,39,7,53148970.000000,7592710.000000000000,6585264.022990473546,entries/s,6.880396812520,6.818573191816
03f176b6-run-a,Dyadic multiply,50000,40,7,53103285.000000,7586183.571428571828,6590929.355876947753,entries/s,6.880023347607,6.818946656729
03f176b6-run-a,Dyadic multiply,50000,41,7,53575289.000000,7653612.714285714552,6532862.566546304151,entries/s,6.883866482411,6.815103521925
03f176b6-run-a,Dyadic multiply,50000,42,7,53406103.000000,7629443.285714285448,6553558.120501696132,entries/s,6.882492848995,6.816477155341
03f176b6-run-a,Dyadic multiply,50000,43,7,53323466.000000,7617638.000000000000,6563714.369204732589,entries/s,6.881820330580,6.817149673756
03f176b6-run-a,Dyadic multiply,50000,44,7,53102657.000000,7586093.857142857276,6591007.301197753288,entries/s,6.880018211605,6.818951792731
03f176b6-run-a,Dyadic multiply,50000,45,7,53015408.000000,7573629.714285714552,6601854.313749693334,entries/s,6.879304068018,6.819665936318
03f176b6-run-a,Dyadic multiply,50000,46,7,53155816.000000,7593688.000000000000,6584415.899099357426,entries/s,6.880452749419,6.818517254917
03f176b6-run-a,Dyadic multiply,50000,47,7,53069895.000000,7581413.571428571828,6595076.172658717260,entries/s,6.879750188354,6.819219815982
03f176b6-run-a,Dyadic multiply,50000,48,7,53150437.000000,7592919.571428571828,6585082.263763889670,entries/s,6.880408799605,6.818561204731
03f176b6-run-a,Dyadic multiply,50000,49,7,53054736.000000,7579248.000000000000,6596960.542787358165,entries/s,6.879626117815,6.819343886521
03f176b6-run-a,Dyadic multiply,50000,50,7,53108105.000000,7586872.142857142724,6590331.174497753382,entries/s,6.880062765213,6.818907239123
03f176b6-run-a,Dyadic multiply,50000,51,7,53275405.000000,7610772.142857142724,6569635.650822363794,entries/s,6.881428719894,6.817541284442
03f176b6-run-a,Dyadic multiply,50000,52,7,53038651.000000,7576950.142857142724,6598961.199069712311,entries/s,6.879494429555,6.819475574781
03f176b6-run-a,Dyadic multiply,50000,53,7,53067431.000000,7581061.571428571828,6595382.391885523684,entries/s,6.879730023882,6.819239980454
03f176b6-run-a,Dyadic multiply,50000,54,7,54465349.000000,7780764.142857142724,6426104.053790236823,entries/s,6.891022250811,6.807947753525
03f176b6-run-a,Dyadic multiply,50000,55,7,53154819.000000,7593545.571428571828,6584539.399899000302,entries/s,6.880444603638,6.818525400698
03f176b6-run-a,Dyadic multiply,50000,56,7,53199944.000000,7599992.000000000000,6578954.293636098504,entries/s,6.880813135128,6.818156869208
03f176b6-run-a,Dyadic multiply,50000,57,7,53078817.000000,7582688.142857142724,6593967.608584796079,entries/s,6.879823194900,6.819146809436
03f176b6-run-a,Dyadic multiply,50000,58,7,53228584.000000,7604083.428571428172,6575414.442736256868,entries/s,6.881046873103,6.817923131233
03f176b6-run-a,Dyadic multiply,50000,59,7,53193727.000000,7599103.857142857276,6579723.206836024299,entries/s,6.880762380064,6.818207624272
03f176b6-run-a,Dyadic multiply,50000,60,7,53052203.000000,7578886.142857142724,6597275.517474740744,entries/s,6.879605382735,6.819364621601
03f176b6-run-a,Dyadic multiply,50000,61,7,53019581.000000,7574225.857142857276,6601334.703116571531,entries/s,6.879338251280,6.819631753056
03f176b6-run-a,Dyadic multiply,50000,62,7,53149998.000000,7592856.857142857276,6585136.654191407375,entries/s,6.880405212503,6.818564791833
03f176b6-run-a,Dyadic multiply,50000,63,7,53052901.000000,7578985.857142857276,6597188.719237050042,entries/s,6.879611096646,6.819358907690
03f176b6-run-a,Dyadic multiply,50000,64,7,53065895.000000,7580842.142857142724,6595573.296182039194,entries/s,6.879717453347,6.819252550989
03f176b6-run-a,Dyadic multiply,50000,65,7,52974245.000000,7567749.285714285448,6606984.205249173567,entries/s,6.878966735757,6.820003268579
03f176b6-run-a,Dyadic multiply,50000,66,7,53025030.000000,7575004.285714285448,6600656.331547573209,entries/s,6.879382882885,6.819587121451
03f176b6-run-a,Dyadic multiply,50000,67,7,52976551.000000,7568078.714285714552,6606696.611865124665,entries/s,6.878985640439,6.819984363897
03f176b6-run-a,Dyadic multiply,50000,68,7,53054857.000000,7579265.285714285448,6596945.497374538332,entries/s,6.879627108294,6.819342896042
03f176b6-run-a,Dyadic multiply,50000,69,7,52999743.000000,7571391.857142857276,6603805.607132849284,entries/s,6.879175723663,6.819794280673
03f176b6-run-a,Dyadic multiply,50000,70,7,53075994.000000,7582284.857142857276,6594318.327792409807,entries/s,6.879800096308,6.819169908028
03f176b6-run-a,Dyadic multiply,50000,71,7,53337821.000000,7619688.714285714552,6561947.853100335225,entries/s,6.881937229551,6.817032774785
03f176b6-run-a,Dyadic multiply,50000,72,7,53184492.000000,7597784.571428571828,6580865.715517221950,entries/s,6.880686975351,6.818283028985
03f176b6-run-a,Dyadic multiply,50000,73,7,53484444.000000,7640634.857142857276,6543958.837825817056,entries/s,6.883129445421,6.815840558915
03f176b6-run-a,Dyadic multiply,50000,74,7,53456643.000000,7636663.285714285448,6547362.130465244874,entries/s,6.882903642196,6.816066362140
03f176b6-run-a,Dyadic multiply,50000,75,7,53164444.000000,7594920.571428571828,6583347.321378927678,entries/s,6.880523236320,6.818446768016
03f176b6-run-a,Dyadic multiply,50000,76,7,53132101.000000,7590300.142857142724,6587354.789527333342,entries/s,6.880258949520,6.818711054816
03f176b6-run-a,Dyadic multiply,50000,77,7,53162698.000000,7594671.142857142724,6583563.535469926894,entries/s,6.880508973204,6.818461031132
03f176b6-run-a,Dyadic multiply,50000,78,7,53076708.000000,7582386.857142857276,6594229.619515965693,entries/s,6.879805938576,6.819164065760
03f176b6-run-a,Dyadic multiply,50000,79,7,53011743.000000,7573106.142857142724,6602310.737075746059,entries/s,6.879274043836,6.819695960500
03f176b6-run-a,Dyadic multiply,50000,80,7,53062877.000000,7580411.000000000000,6595948.425487747416,entries/s,6.879692753151,6.819277251185
03f176b6-run-a,Dyadic multiply,50000,81,7,52977446.000000,7568206.571428571828,6606584.998453870416,entries/s,6.878992977464,6.819977026872
03f176b6-run-a,Dyadic multiply,50000,82,7,52961309.000000,7565901.285714285448,6608597.986126060598,entries/s,6.878860670640,6.820109333696
03f176b6-run-a,Dyadic multiply,50000,83,7,53025086.000000,7575012.285714285448,6600649.360568693839,entries/s,6.879383341546,6.819586662790
03f176b6-run-a,Dyadic multiply,50000,84,7,53036192.000000,7576598.857142857276,6599267.157038724981,entries/s,6.879474294146,6.819495710190
03f176b6-run-a,Dyadic multiply,50000,85,7,53053167.000000,7579023.857142857276,6597155.641999656335,entries/s,6.879613274134,6.819356730202
03f176b6-run-a,Dyadic multiply,50000,86,7,52926313.000000,7560901.857142857276,6612967.731192611158,entries/s,6.878573600821,6.820396403515
03f176b6-run-a,Dyadic multiply,50000,87,7,52954952.000000,7564993.142857142724,6609391.318115064874,entries/s,6.878808538701,6.820161465635
03f176b6-run-a,Dyadic multiply,50000,88,7,53193993.000000,7599141.857142857276,6579690.304504871368,entries/s,6.880764551787,6.818205452549
03f176b6-run-a,Dyadic multiply,50000,89,7,53525392.000000,7646484.571428571828,6538952.577871825546,entries/s,6.883461816575,6.815508187761
03f176b6-run-a,Dyadic multiply,50000,90,7,55634596.000000,7947799.428571428172,6291049.547659158707,entries/s,6.900246898679,6.798723105657
03f176b6-run-a,Dyadic multiply,50000,91,7,54173959.000000,7739137.000000000000,6460668.676623763517,entries/s,6.888692534709,6.810277469627
03f176b6-run-a,Dyadic multiply,50000,92,7,54049898.000000,7721414.000000000000,6475497.881605623290,entries/s,6.887696838699,6.811273165637
03f176b6-run-a,Dyadic multiply,50000,93,7,54829325.000000,7832760.714285714552,6383445.355199976824,entries/s,6.893914859333,6.805055145003
03f176b6-run-a,Dyadic multiply,50000,94,7,53224579.000000,7603511.285714285448,6575909.224195084535,entries/s,6.881014194893,6.817955809443
03f176b6-run-a,Dyadic multiply,50000,95,7,53057489.000000,7579641.285714285448,6596618.245541171171,entries/s,6.879648652687,6.819321351649
03f176b6-run-a,Dyadic multiply,50000,96,7,52983374.000000,7569053.428571428172,6605845.826277503744,entries/s,6.879041570854,6.819928433482
03f176b6-run-a,Dyadic multiply,50000,97,7,52980301.000000,7568614.428571428172,6606228.983108269051,entries/s,6.879016381336,6.819953623000
03f176b6-run-a,Dyadic multiply,50000,98,7,53016973.000000,7573853.285714285448,6601659.434611628763,entries/s,6.879316888081,6.819653116255
03f176b6-run-a,Dyadic multiply,50000,99,7,53920740.000000,7702962.857142857276,6491008.840012210421,entries/s,6.886657803745,6.812312200591
03f176b6-run-a,Dyadic multiply,200000,0,2,82182974.000000,41091487.000000000000,4867188.184258214198,entries/s,7.613751857597,6.687278138067
03f176b6-run-a,Dyadic multiply,200000,1,2,79619646.000000,39809823.000000000000,5023885.687710794620,entries/s,7.599990246655,6.701039749009
03f176b6-run-a,Dyadic multiply,200000,2,2,79976801.000000,39988400.500000000000,5001450.358085715212,entries/s,7.601934033093,6.699095962571
03f176b6-run-a,Dyadic multiply,200000,3,2,78154139.000000,39077069.500000000000,5118091.058491476811,entries/s,7.591921987296,6.709108008368
03f176b6-run-a,Dyadic multiply,200000,4,2,78355944.000000,39177972.000000000000,5104909.462899202481,entries/s,7.593041951516,6.707988044148
03f176b6-run-a,Dyadic multiply,200000,5,2,78290492.000000,39145246.000000000000,5109177.242110063322,entries/s,7.592679026641,6.708350969023
03f176b6-run-a,Dyadic multiply,200000,6,2,78654214.000000,39327107.000000000000,5085550.788162475452,entries/s,7.594691999800,6.706337995864
03f176b6-run-a,Dyadic multiply,200000,7,2,78237473.000000,39118736.500000000000,5112639.565953261219,entries/s,7.592384819021,6.708645176643
03f176b6-run-a,Dyadic multiply,200000,8,2,79889067.000000,39944533.500000000000,5006942.940014557913,entries/s,7.601457353532,6.699572642132
03f176b6-run-a,Dyadic multiply,200000,9,2,79700954.000000,39850477.000000000000,5018760.503167878836,entries/s,7.600433524157,6.700596471507
03f176b6-run-a,Dyadic multiply,200000,10,2,78619148.000000,39309574.000000000000,5087819.064129263163,entries/s,7.594498337373,6.706531658291
03f176b6-run-a,Dyadic multiply,200000,11,2,80438806.000000,40219403.000000000000,4972724.234618797898,entries/s,7.604435619823,6.696594375841
03f176b6-run-a,Dyadic multiply,200000,12,2,79783260.000000,39891630.000000000000,5013583.049877882004,entries/s,7.600881782250,6.700148213414
03f176b6-run-a,Dyadic multiply,200000,13,2,79903417.000000,39951708.500000000000,5006043.734024541453,entries/s,7.601535356272,6.699494639392
03f176b6-run-a,Dyadic multiply,200000,14,2,80245274.000000,40122637.000000000000,4984717.230824085884,entries/s,7.603389468638,6.697640527026
03f176b6-run-a,Dyadic multiply,200000,15,2,78740724.000000,39370362.000000000000,5079963.450678965077,entries/s,7.595169408031,6.705860587633
03f176b6-run-a,Dyadic multiply,200000,16,2,78561483.000000,39280741.500000000000,5091553.579761217348,entries/s,7.594179677341,6.706850318323
03f176b6-run-a,Dyadic multiply,200000,17,2,79688271.000000,39844135.500000000000,5019559.277424904518,entries/s,7.600364408357,6.700665587307
03f176b6-run-a,Dyadic multiply,200000,18,2,81046760.000000,40523380.000000000000,4935422.464759849943,entries/s,7.607705662111,6.693324333553
03f176b6-run-a,Dyadic multiply,200000,19,2,80326302.000000,40163151.000000000000,4979688.969124956988,entries/s,7.603827778047,6.697202217617
03f176b6-run-a,Dyadic multiply,200000,20,2,78647052.000000,39323526.000000000000,5086013.904246531427,entries/s,7.594652452540,6.706377543124
03f176b6-run-a,Dyadic multiply,200000,21,2,79328392.000000,39664196.000000000000,5042330.871902710758,entries/s,7.598398655488,6.702631340176
03f176b6-run-a,Dyadic multiply,200000,22,2,77937701.000000,38968850.500000000000,5132304.325989805162,entries/s,7.590717595198,6.710312400466
03f176b6-run-a,Dyadic multiply,200000,23,2,78092564.000000,39046282.000000000000,5122126.608623069711,entries/s,7.591579686517,6.709450309147
03f176b6-run-a,Dyadic multiply,200000,24,2,78022991.000000,39011495.500000000000,5126694.002284531482,entries/s,7.591192599247,6.709837396417
03f176b6-run-a,Dyadic multiply,200000,25,2,78108239.000000,39054119.500000000000,5121098.684608674608,entries/s,7.591666850806,6.709363144858
03f176b6-run-a,Dyadic multiply,200000,26,2,79513188.000000,39756594.000000000000,5030612.028786973096,entries/s,7.599409170736,6.701620824928
03f176b6-run-a,Dyadic multiply,200000,27,2,79704793.000000,39852396.500000000000,5018518.773394217715,entries/s,7.600454442556,6.700575553108
03f176b6-run-a,Dyadic multiply,200000,28,2,79255783.000000,39627891.500000000000,5046950.327902255580,entries/s,7.598000965237,6.703029030427
03f176b6-run-a,Dyadic multiply,200000,29,2,78952275.000000,39476137.500000000000,5066351.792902737856,entries/s,7.596334653002,6.704695342662
03f176b6-run-a,Dyadic multiply,200000,30,2,77988943.000000,38994471.500000000000,5128932.187220437452,entries/s,7.591003038636,6.710026957028
03f176b6-run-a,Dyadic multiply,200000,31,2,77924050.000000,38962025.000000000000,5133203.420510099269,entries/s,7.590641520678,6.710388474986
03f176b6-run-a,Dyadic multiply,200000,32,2,78468688.000000,39234344.000000000000,5097574.716681894846,entries/s,7.593666395583,6.707363600081
03f176b6-run-a,Dyadic multiply,200000,33,2,78308377.000000,39154188.500000000000,5108010.347347640432,entries/s,7.592778227317,6.708251768347
03f176b6-run-a,Dyadic multiply,200000,34,2,78369638.000000,39184819.000000000000,5104017.451248147525,entries/s,7.593117845043,6.707912150621
03f176b6-run-a,Dyadic multiply,200000,35,2,78218407.000000,39109203.500000000000,5113885.789057299495,entries/s,7.592278971179,6.708751024485
03f176b6-run-a,Dyadic multiply,200000,36,2,78094141.000000,39047070.500000000000,5122023.174568243325,entries/s,7.591588456564,6.709441539100
03f176b6-run-a,Dyadic multiply,200000,37,2,78302300.000000,39151150.000000000000,5108406.777323271148,entries/s,7.592744523260,6.708285472404
03f176b6-run-a,Dyadic multiply,200000,38,2,78460362.000000,39230181.000000000000,5098115.657432219945,entries/s,7.593620311880,6.707409683784
03f176b6-run-a,Dyadic multiply,200000,39,2,78624502.000000,39312251.000000000000,5087472.604913923889,entries/s,7.594527912019,6.706502083645
03f176b6-run-a,Dyadic multiply,200000,40,2,78459442.000000,39229721.000000000000,5098175.436934664845,entries/s,7.593615219458,6.707414776206
03f176b6-run-a,Dyadic multiply,200000,41,2,78384351.000000,39192175.500000000000,5103059.410417265259,entries/s,7.593199371195,6.707830624469
03f176b6-run-a,Dyadic multiply,200000,42,2,78398950.000000,39199475.000000000000,5102109.148145479150,entries/s,7.593280250538,6.707749745126
03f176b6-run-a,Dyadic multiply,200000,43,2,78398111.000000,39199055.500000000000,5102163.749838309363,entries/s,7.593275602835,6.707754392829
03f176b6-run-a,Dyadic multiply,200000,44,2,78313941.000000,39156970.500000000000,5107647.436616681516,entries/s,7.592809083896,6.708220911768
03f176b6-run-a,Dyadic multiply,200000,45,2,78319807.000000,39159903.500000000000,5107264.883837111294,entries/s,7.592841612920,6.708188382744
03f176b6-run-a,Dyadic multiply,200000,46,2,78429755.000000,39214877.500000000000,5100105.183294273913,entries/s,7.593450862693,6.707579132971
03f176b6-run-a,Dyadic multiply,200000,47,2,78434854.000000,39217427.000000000000,5099773.628698282875,entries/s,7.593479096819,6.707550898845
03f176b6-run-a,Dyadic multiply,200000,48,2,78176611.000000,39088305.500000000000,5116619.854498425499,entries/s,7.592046843931,6.708983151733
03f176b6-run-a,Dyadic multiply,200000,49,2,78163129.000000,39081564.500000000000,5117502.396814231761,entries/s,7.591971940925,6.709058054739
03f176b6-run-a,Dyadic multiply,200000,50,2,78112810.000000,39056405.000000000000,5120799.008510896005,entries/s,7.591692265564,6.709337730100
03f176b6-run-a,Dyadic multiply,200000,51,2,78412621.000000,39206310.500000000000,5101219.611062357202,entries/s,7.593355975050,6.707674020614
03f176b6-run-a,Dyadic multiply,200000,52,2,78466197.000000,39233098.500000000000,5097736.545075582340,entries/s,7.593652608622,6.707377387042
03f176b6-run-a,Dyadic multiply,200000,53,2,79132235.000000,39566117.500000000000,5054830.057561245747,entries/s,7.597323436391,6.703706559273
03f176b6-run-a,Dyadic multiply,200000,54,2,78803372.000000,39401686.000000000000,5075924.923618750647,entries/s,7.595514805705,6.705515189959
03f176b6-run-a,Dyadic multiply,200000,55,2,78002590.000000,39001295.000000000000,5128034.851150454953,entries/s,7.591079027591,6.709950968073
03f176b6-run-a,Dyadic multiply,200000,56,2,78430363.000000,39215181.500000000000,5100065.646769988351,entries/s,7.593454229400,6.707575766264
03f176b6-run-a,Dyadic multiply,200000,57,2,78049671.000000,39024835.500000000000,5124941.526018732227,entries/s,7.591341081072,6.709688914592
03f176b6-run-a,Dyadic multiply,200000,58,2,77592838.000000,38796419.000000000000,5155114.960481275804,entries/s,7.588791641050,6.712238354614
03f176b6-run-a,Dyadic multiply,200000,59,2,77772987.000000,38886493.500000000000,5143173.940329693258,entries/s,7.589798783408,6.711231212256
03f176b6-run-a,Dyadic multiply,200000,60,2,78678058.000000,39339029.000000000000,5084009.572274902835,entries/s,7.594823636083,6.706206359581
03f176b6-run-a,Dyadic multiply,200000,61,2,77754475.000000,38877237.500000000000,5144398.441375882365,entries/s,7.589695397686,6.711334597978
03f176b6-run-a,Dyadic multiply,200000,62,2,77747910.000000,38873955.000000000000,5144832.832162304781,entries/s,7.589658727595,6.711371268069
03f176b6-run-a,Dyadic multiply,200000,63,2,77787595.000000,38893797.500000000000,5142208.086006515659,entries/s,7.589880348722,6.711149646942
03f176b6-run-a,Dyadic multiply,200000,64,2,77815512.000000,38907756.000000000000,5140363.273584835231,entries/s,7.590036183646,6.710993812018
03f176b6-run-a,Dyadic multiply,200000,65,2,81015283.000000,40507641.500000000000,4937340.032497324981,entries/s,7.607536957739,6.693493037925
03f176b6-run-a,Dyadic multiply,200000,66,2,78373209.000000,39186604.500000000000,5103784.891594779678,entries/s,7.593137633705,6.707892361959
03f176b6-run-a,Dyadic multiply,200000,67,2,78397517.000000,39198758.500000000000,5102202.407762480900,entries/s,7.593272312298,6.707757683366
03f176b6-run-a,Dyadic multiply,200000,68,2,78343592.000000,39171796.000000000000,5105714.325684734620,entries/s,7.592973484109,6.708056511555
03f176b6-run-a,Dyadic multiply,200000,69,2,78557059.000000,39278529.500000000000,5091840.314439469948,entries/s,7.594155220408,6.706874775256
03f176b6-run-a,Dyadic multiply,200000,70,2,78528210.000000,39264105.000000000000,5093710.909748229198,entries/s,7.593995702438,6.707034293226
03f176b6-run-a,Dyadic multiply,200000,71,2,78879075.000000,39439537.500000000000,5071053.381394241937,entries/s,7.595931813410,6.705098182254
03f176b6-run-a,Dyadic multiply,200000,72,2,77726941.000000,38863470.500000000000,5146220.793637047522,entries/s,7.589541580404,6.711488415260
03f176b6-run-a,Dyadic multiply,200000,73,2,78101067.000000,39050533.500000000000,5121568.953725049272,entries/s,7.591626971492,6.709403024172
03f176b6-run-a,Dyadic multiply,200000,74,2,77587237.000000,38793618.500000000000,5155487.106726071797,entries/s,7.588760290590,6.712269705074
03f176b6-run-a,Dyadic multiply,200000,75,2,77883618.000000,38941809.000000000000,5135868.238684032112,entries/s,7.590416122337,6.710613873327
03f176b6-run-a,Dyadic multiply,200000,76,2,80930102.000000,40465051.000000000000,4942536.709023300558,entries/s,7.607080092091,6.693949903573
03f176b6-run-a,Dyadic multiply,200000,77,2,78550482.000000,39275241.000000000000,5092266.652163891122,entries/s,7.594118858630,6.706911137034
03f176b6-run-a,Dyadic multiply,200000,78,2,78094420.000000,39047210.000000000000,5122004.875636440702,entries/s,7.591590008126,6.709439987538
03f176b6-run-a,Dyadic multiply,200000,79,2,78271634.000000,39135817.000000000000,5110408.197176515125,entries/s,7.592574404590,6.708455591074
03f176b6-run-a,Dyadic multiply,200000,80,2,78104688.000000,39052344.000000000000,5121331.513416966423,entries/s,7.591647106221,6.709382889443
03f176b6-run-a,Dyadic multiply,200000,81,2,77940398.000000,38970199.000000000000,5132126.730992572382,entries/s,7.590732623508,6.710297372156
03f176b6-run-a,Dyadic multiply,200000,82,2,78106645.000000,39053322.500000000000,5121203.195963672362,entries/s,7.591657987817,6.709372007847
03f176b6-run-a,Dyadic multiply,200000,83,2,78425517.000000,39212758.500000000000,5100380.785503779538,entries/s,7.593427394690,6.707602600974
03f176b6-run-a,Dyadic multiply,200000,84,2,78010529.000000,39005264.500000000000,5127512.979690215550,entries/s,7.591123227257,6.709906768407
03f176b6-run-a,Dyadic multiply,200000,85,2,77745651.000000,38872825.500000000000,5144982.321905054152,entries/s,7.589646108793,6.711383886871
03f176b6-run-a,Dyadic multiply,200000,86,2,77863212.000000,38931606.000000000000,5137214.221267933026,entries/s,7.590302319530,6.710727676134
03f176b6-run-a,Dyadic multiply,200000,87,2,77757177.000000,38878588.500000000000,5144219.677625385113,entries/s,7.589710489336,6.711319506328
03f176b6-run-a,Dyadic multiply,200000,88,2,77796643.000000,38898321.500000000000,5141610.030653893016,entries/s,7.589930861505,6.711099134159
03f176b6-run-a,Dyadic multiply,200000,89,2,77911563.000000,38955781.500000000000,5134026.126519884914,entries/s,7.590571921244,6.710458074420
03f176b6-run-a,Dyadic multiply,200000,90,2,77787907.000000,38893953.500000000000,5142187.461092120968,entries/s,7.589882090640,6.711147905024
03f176b6-run-a,Dyadic multiply,200000,91,2,77942908.000000,38971454.000000000000,5131961.460816935636,entries/s,7.590746609344,6.710283386320
03f176b6-run-a,Dyadic multiply,200000,92,2,77814730.000000,38907365.000000000000,5140414.931723081507,entries/s,7.590031819220,6.710998176444
03f176b6-run-a,Dyadic multiply,200000,93,2,77961907.000000,38980953.500000000000,5130710.822658558376,entries/s,7.590852458043,6.710177537621
03f176b6-run-a,Dyadic multiply,200000,94,2,78188855.000000,39094427.500000000000,5115818.616348839365,entries/s,7.592114857691,6.708915137973
03f176b6-run-a,Dyadic multiply,200000,95,2,78596578.000000,39298289.000000000000,5089280.095629608259,entries/s,7.594373642130,6.706656353534
03f176b6-run-a,Dyadic multiply,200000,96,2,78656790.000000,39328395.000000000000,5085384.237012469210,entries/s,7.594706223123,6.706323772541
03f176b6-run-a,Dyadic multiply,200000,97,2,78508704.000000,39254352.000000000000,5094976.475474617444,entries/s,7.593887812541,6.707142183123
03f176b6-run-a,Dyadic multiply,200000,98,2,78509753.000000,39254876.500000000000,5094908.399469808675,entries/s,7.593893615361,6.707136380303
03f176b6-run-a,Dyadic multiply,200000,99,2,78383042.000000,39191521.000000000000,5103144.631717661396,entries/s,7.593192118520,6.707837877144
