run,operation,size,sample_index,iterations,total_time_ns,latency_ns,throughput_per_second,throughput_unit,log10_latency_ns,log10_throughput
candidate-modules-run-a,Tail probability,8,0,9428,967518.000000,102.621764955452,77956172.391624748707,bytes/s,2.011239479661,7.891850507331
candidate-modules-run-a,Tail probability,8,1,18856,1854352.000000,98.342808655070,81348093.565838634968,bytes/s,1.992742607513,7.910347379479
candidate-modules-run-a,Tail probability,8,2,28284,2828088.000000,99.988969028426,80008825.750825285912,bytes/s,1.999952090457,7.903137896535
candidate-modules-run-a,Tail probability,8,3,37712,3946288.000000,104.642766228256,76450578.366302713752,bytes/s,2.019709211693,7.883380775299
candidate-modules-run-a,Tail probability,8,4,47140,4772417.000000,101.239223589308,79020756.149347394705,bytes/s,2.005348805864,7.897741181128
candidate-modules-run-a,Tail probability,8,5,56568,5997499.000000,106.022822090228,75455452.347720280290,bytes/s,2.025399359991,7.877690627001
candidate-modules-run-a,Tail probability,8,6,65996,6619994.000000,100.309018728408,79753546.604422912002,bytes/s,2.001339981953,7.901750005039
candidate-modules-run-a,Tail probability,8,7,75424,7737775.000000,102.590355854900,77980039.481633931398,bytes/s,2.011106536255,7.891983450737
candidate-modules-run-a,Tail probability,8,8,84852,8917589.000000,105.095802102484,76121023.294525012374,bytes/s,2.021585369119,7.881504617873
candidate-modules-run-a,Tail probability,8,9,94280,10251507.000000,108.734694526941,73573573.134174317122,bytes/s,2.036368138727,7.866721848265
candidate-modules-run-a,Tail probability,8,10,103708,11374318.000000,109.676379835693,72941867.811327248812,bytes/s,2.040113106959,7.862976880033
candidate-modules-run-a,Tail probability,8,11,113136,11940997.000000,105.545511596662,75796685.988615527749,bytes/s,2.023439769332,7.879650217659
candidate-modules-run-a,Tail probability,8,12,122564,13262272.000000,108.206912307040,73932430.280422538519,bytes/s,2.034255004587,7.868834982405
candidate-modules-run-a,Tail probability,8,13,131992,15312573.000000,116.011371901327,68958756.963966801763,bytes/s,2.064500562606,7.838589424386
candidate-modules-run-a,Tail probability,8,14,141420,15096995.000000,106.752899165606,74939416.751479357481,bytes/s,2.028379678306,7.874710308686
candidate-modules-run-a,Tail probability,8,15,150848,16268775.000000,107.848794813322,74177926.733881324530,bytes/s,2.032815296320,7.870274690672
candidate-modules-run-a,Tail probability,8,16,160276,22594392.000000,140.971773690384,56748949.031246341765,bytes/s,2.149132164019,7.753957822973
candidate-modules-run-a,Tail probability,8,17,169704,23524886.000000,138.623049545090,57710460.318489953876,bytes/s,2.141835448587,7.761254538405
candidate-modules-run-a,Tail probability,8,18,179132,25058665.000000,139.889383248108,57188042.539377093315,bytes/s,2.145784755437,7.757305231555
candidate-modules-run-a,Tail probability,8,19,188560,21179999.000000,112.324984089945,71221910.822564244270,bytes/s,2.050476365750,7.852613621242
candidate-modules-run-a,Tail probability,8,20,197988,21731379.000000,109.761091581308,72885572.517050117254,bytes/s,2.040448417471,7.862641569520
candidate-modules-run-a,Tail probability,8,21,207416,22397461.000000,107.983284799630,74085540.320842623711,bytes/s,2.033356534366,7.869733452626
candidate-modules-run-a,Tail probability,8,22,216844,23185021.000000,106.920279094649,74822101.735426500440,bytes/s,2.029060083727,7.874029903264
candidate-modules-run-a,Tail probability,8,23,226272,24346182.000000,107.596971786169,74351534.873106583953,bytes/s,2.031800048700,7.871289938292
candidate-modules-run-a,Tail probability,8,24,235700,25573219.000000,108.499019940602,73733384.913334533572,bytes/s,2.035425815269,7.867664171723
candidate-modules-run-a,Tail probability,8,25,245128,27874166.000000,113.712697039914,70352741.674854055047,bytes/s,2.055808960259,7.847281026733
candidate-modules-run-a,Tail probability,8,26,254556,26943951.000000,105.846850987602,75580897.545426800847,bytes/s,2.024677942005,7.878412044987
candidate-modules-run-a,Tail probability,8,27,263984,26977063.000000,102.192038153828,78283985.176592424512,bytes/s,2.009417060960,7.893672926032
candidate-modules-run-a,Tail probability,8,28,273412,27710212.000000,101.349655465013,78934654.126789078116,bytes/s,2.005822276661,7.897267710331
candidate-modules-run-a,Tail probability,8,29,282840,28880315.000000,102.108312119926,78348175.911516189575,bytes/s,2.009061097238,7.894028889754
candidate-modules-run-a,Tail probability,8,30,292268,29653281.000000,101.459212093011,78849419.732002004981,bytes/s,2.006291485372,7.896798501620
candidate-modules-run-a,Tail probability,8,31,301696,30814444.000000,102.137396584641,78325865.623277187347,bytes/s,2.009184783779,7.893905203213
candidate-modules-run-a,Tail probability,8,32,311124,32494781.000000,104.443183425258,76596669.477477014065,bytes/s,2.018880100636,7.884209886356
candidate-modules-run-a,Tail probability,8,33,320552,33109662.000000,103.289519329157,77452195.072242051363,bytes/s,2.014056256385,7.889033730607
candidate-modules-run-a,Tail probability,8,34,329980,34383503.000000,104.198748408994,76776354.055606260896,bytes/s,2.017862502434,7.885227484558
candidate-modules-run-a,Tail probability,8,35,339408,35307570.000000,104.026923348890,76903168.357380583882,bytes/s,2.017145754189,7.885944232802
candidate-modules-run-a,Tail probability,8,36,348836,36975404.000000,105.996525587955,75474171.965774863958,bytes/s,2.025291629956,7.877798357036
candidate-modules-run-a,Tail probability,8,37,358264,37513511.000000,104.709127905678,76402126.156626597047,bytes/s,2.019984542484,7.883105444508
candidate-modules-run-a,Tail probability,8,38,367692,37744110.000000,102.651431089064,77933643.156508386135,bytes/s,2.011365008356,7.891724978636
candidate-modules-run-a,Tail probability,8,39,377120,39421094.000000,104.531963300806,76531615.281909734011,bytes/s,2.019249107314,7.883840879678
candidate-modules-run-a,Tail probability,8,40,386548,40091371.000000,103.716410381117,77133406.088806495070,bytes/s,2.015847477451,7.887242509541
candidate-modules-run-a,Tail probability,8,41,395976,41832625.000000,105.644344606744,75725776.233262911439,bytes/s,2.023846253193,7.879243733799
candidate-modules-run-a,Tail probability,8,42,405404,42639961.000000,105.178935086975,76060857.560352832079,bytes/s,2.021928769366,7.881161217626
candidate-modules-run-a,Tail probability,8,43,414832,44323862.000000,106.847740772168,74872898.034020587802,bytes/s,2.028765343715,7.874324643277
candidate-modules-run-a,Tail probability,8,44,424260,43941046.000000,103.571031914392,77241675.129900187254,bytes/s,2.015238303296,7.887851683696
candidate-modules-run-a,Tail probability,8,45,433688,44907516.000000,103.547979192415,77258871.321228280663,bytes/s,2.015141627767,7.887948359225
candidate-modules-run-a,Tail probability,8,46,443116,46267421.000000,104.413790068515,76618232.081706047058,bytes/s,2.018757860306,7.884332126686
candidate-modules-run-a,Tail probability,8,47,452544,46820897.000000,103.461535231933,77323422.488039895892,bytes/s,2.014778918475,7.888311068517
candidate-modules-run-a,Tail probability,8,48,461972,48039341.000000,103.987559852112,76932279.316654235125,bytes/s,2.016981387272,7.886108599719
candidate-modules-run-a,Tail probability,8,49,471400,48346355.000000,102.559089944845,78003812.283263131976,bytes/s,2.010974158492,7.892115828500
candidate-modules-run-a,Tail probability,8,50,480828,49833940.000000,103.641926010964,77188839.573993146420,bytes/s,2.015535475022,7.887554511970
candidate-modules-run-a,Tail probability,8,51,490256,50454409.000000,102.914414102020,77734494.917976334691,bytes/s,2.012476205924,7.890613781068
candidate-modules-run-a,Tail probability,8,52,499684,51613056.000000,103.291392159845,77450790.745659396052,bytes/s,2.014064130878,7.889025856114
candidate-modules-run-a,Tail probability,8,53,509112,52162549.000000,102.457905136787,78080846.854320704937,bytes/s,2.010545472008,7.892544514983
candidate-modules-run-a,Tail probability,8,54,518540,53355077.000000,102.894814286265,77749302.095468819141,bytes/s,2.012393487653,7.890696499339
candidate-modules-run-a,Tail probability,8,55,527968,54396223.000000,103.029393826899,77647744.035463646054,bytes/s,2.012961144663,7.890128842329
candidate-modules-run-a,Tail probability,8,56,537396,55613619.000000,103.487221713597,77304230.102342367172,bytes/s,2.014886727746,7.888203259246
candidate-modules-run-a,Tail probability,8,57,546824,56693676.000000,103.678104838120,77161904.266006663442,bytes/s,2.015687050005,7.887402936987
candidate-modules-run-a,Tail probability,8,58,556252,58854699.000000,105.805820024018,75610207.436452955008,bytes/s,2.024509557442,7.878580429550
candidate-modules-run-a,Tail probability,8,59,565680,58546769.000000,103.498035992080,77296152.756098285317,bytes/s,2.014932108577,7.888157878415
candidate-modules-run-a,Tail probability,8,60,575108,67243182.000000,116.922703214005,68421271.319373309612,bytes/s,2.067898847545,7.835191139447
candidate-modules-run-a,Tail probability,8,61,584536,64501440.000000,110.346394405135,72498970.565618380904,bytes/s,2.042758147053,7.860331839939
candidate-modules-run-a,Tail probability,8,62,593964,66025786.000000,111.161258931518,71967518.872096419334,bytes/s,2.045953456636,7.857136530356
candidate-modules-run-a,Tail probability,8,63,603392,64529173.000000,106.944031409101,74805483.715094253421,bytes/s,2.029156551428,7.873933435564
candidate-modules-run-a,Tail probability,8,64,612820,63312825.000000,103.313901308704,77433916.430043995380,bytes/s,2.014158761553,7.888931225439
candidate-modules-run-a,Tail probability,8,65,622248,64068956.000000,102.963699361026,77697286.030382633209,bytes/s,2.012684137851,7.890405849141
candidate-modules-run-a,Tail probability,8,66,631676,73752156.000000,116.756305447730,68518783.369532957673,bytes/s,2.067280344032,7.835809642960
candidate-modules-run-a,Tail probability,8,67,641104,65070461.000000,101.497512104120,78819665.961794868112,bytes/s,2.006455397001,7.896634589991
candidate-modules-run-a,Tail probability,8,68,650532,69237701.000000,106.432429150295,75165060.723203390837,bytes/s,2.027073974342,7.876016012650
candidate-modules-run-a,Tail probability,8,69,659960,65726975.000000,99.592361658282,80327445.466644406319,bytes/s,1.998226031025,7.904863955967
candidate-modules-run-a,Tail probability,8,70,669388,66244684.000000,98.963058794003,80838245.073370724916,bytes/s,1.995473110194,7.907616876797
candidate-modules-run-a,Tail probability,8,71,678816,67535149.000000,99.489624581624,80410394.889333859086,bytes/s,1.997777792083,7.905312194908
candidate-modules-run-a,Tail probability,8,72,688244,68361905.000000,99.328007218370,80541231.260304987431,bytes/s,1.997071722467,7.906018264525
candidate-modules-run-a,Tail probability,8,73,697672,70158484.000000,100.560842344253,79553828.443613469601,bytes/s,2.002428902545,7.900661084447
candidate-modules-run-a,Tail probability,8,74,707100,73837774.000000,104.423382831283,76611193.614802092314,bytes/s,2.018797758221,7.884292228771
candidate-modules-run-a,Tail probability,8,75,716528,72769314.000000,101.558228010629,78772544.152333214879,bytes/s,2.006715114692,7.896374872300
candidate-modules-run-a,Tail probability,8,76,725956,74091983.000000,102.061258533575,78384296.989324733615,bytes/s,2.008860919383,7.894229067609
candidate-modules-run-a,Tail probability,8,77,735384,77719090.000000,105.685043460287,75696614.564066559076,bytes/s,2.024013530332,7.879076456660
candidate-modules-run-a,Tail probability,8,78,744812,76774626.000000,103.079201194395,77610225.024085432291,bytes/s,2.013171044355,7.889918942637
candidate-modules-run-a,Tail probability,8,79,754240,75217516.000000,99.726235680950,80219612.676387771964,bytes/s,1.998809426241,7.904280560751
candidate-modules-run-a,Tail probability,8,80,763668,78908531.000000,103.328319374388,77423111.577124670148,bytes/s,2.014219365687,7.888870621305
candidate-modules-run-a,Tail probability,8,81,773096,79046399.000000,102.246550234382,78242248.581115007401,bytes/s,2.009648663971,7.893441323021
candidate-modules-run-a,Tail probability,8,82,782524,80958730.000000,103.458462615843,77325718.918762683868,bytes/s,2.014766020541,7.888323966451
candidate-modules-run-a,Tail probability,8,83,791952,81589746.000000,103.023599915146,77652110.842458069324,bytes/s,2.012936721199,7.890153265792
candidate-modules-run-a,Tail probability,8,84,801380,81928831.000000,102.234683920238,78251330.108689084649,bytes/s,2.009598258614,7.893491728378
candidate-modules-run-a,Tail probability,8,85,810808,83330928.000000,102.775167487247,77839814.768413484097,bytes/s,2.011888193200,7.891201793792
candidate-modules-run-a,Tail probability,8,86,820236,84720938.000000,103.288490141862,77452966.821495771408,bytes/s,2.014051929009,7.889038057983
candidate-modules-run-a,Tail probability,8,87,829664,85173052.000000,102.659693562695,77927370.736932158470,bytes/s,2.011399963566,7.891690023426
candidate-modules-run-a,Tail probability,8,88,839092,86601134.000000,103.208151192003,77513257.505380928516,bytes/s,2.013713998434,7.889375988558
candidate-modules-run-a,Tail probability,8,89,848520,88570607.000000,104.382462405129,76641227.038220480084,bytes/s,2.018627537742,7.884462449250
candidate-modules-run-a,Tail probability,8,90,857948,89843398.000000,104.718931683505,76394973.395819246769,bytes/s,2.020025203001,7.883064783991
candidate-modules-run-a,Tail probability,8,91,867376,90512696.000000,104.352317795281,76663366.650795608759,bytes/s,2.018502099731,7.884587887261
candidate-modules-run-a,Tail probability,8,92,876804,95872016.000000,109.342585115944,73164540.526612058282,bytes/s,2.038789337420,7.864300649572
candidate-modules-run-a,Tail probability,8,93,886232,92894837.000000,104.819998600818,76321313.745348408818,bytes/s,2.020444149569,7.882645837423
candidate-modules-run-a,Tail probability,8,94,895660,91365253.000000,102.008857155617,78424562.563187986612,bytes/s,2.008637882025,7.894452104967
candidate-modules-run-a,Tail probability,8,95,905088,92477233.000000,102.174852611017,78297152.338024646044,bytes/s,2.009344019907,7.893745967085
candidate-modules-run-a,Tail probability,8,96,914516,94348067.000000,103.167213039466,77544015.819635182619,bytes/s,2.013541698663,7.889548288329
candidate-modules-run-a,Tail probability,8,97,923944,96714885.000000,104.676132969098,76426208.850891977549,bytes/s,2.019847670204,7.883242316788
candidate-modules-run-a,Tail probability,8,98,933372,97902519.000000,104.891210578419,76269498.234258919954,bytes/s,2.020739097753,7.882350889239
candidate-modules-run-a,Tail probability,8,99,942800,96906642.000000,102.786001272804,77831610.345140218735,bytes/s,2.011933970846,7.891156016145
candidate-modules-run-a,Tail probability,16,0,5282,954521.000000,180.712040893601,88538649.228251650929,bytes/s,2.256987090687,7.947132891969
candidate-modules-run-a,Tail probability,16,1,10564,1895141.000000,179.396156758803,89188086.796708002687,bytes/s,2.253813134827,7.950306847829
candidate-modules-run-a,Tail probability,16,2,15846,2932652.000000,185.072068660861,86452807.902199104428,bytes/s,2.267340879359,7.936779103297
candidate-modules-run-a,Tail probability,16,3,21128,3917141.000000,185.400463839455,86299676.217935487628,bytes/s,2.268110816338,7.936009166317
candidate-modules-run-a,Tail probability,16,4,26410,4747317.000000,179.754524801212,89010276.752110719681,bytes/s,2.254679831302,7.949440151354
candidate-modules-run-a,Tail probability,16,5,31692,5718184.000000,180.429887668812,88677104.479324206710,bytes/s,2.256308478741,7.947811503915
candidate-modules-run-a,Tail probability,16,6,36974,6708402.000000,181.435657489046,88185532.113311037421,bytes/s,2.258722642861,7.945397339794
candidate-modules-run-a,Tail probability,16,7,42256,7650559.000000,181.052607913669,88372104.574319332838,bytes/s,2.257804784852,7.946315197804
candidate-modules-run-a,Tail probability,16,8,47538,8577067.000000,180.425491185999,88679265.301297053695,bytes/s,2.256297896284,7.947822086372
candidate-modules-run-a,Tail probability,16,9,52820,9707488.000000,183.784324119652,87058567.571754917502,bytes/s,2.264308465490,7.939811517166
candidate-modules-run-a,Tail probability,16,10,58102,10550588.000000,181.587346390830,88111866.371807903051,bytes/s,2.259085582158,7.945034400498
candidate-modules-run-a,Tail probability,16,11,63384,11605283.000000,183.094834658589,87386408.414167925715,bytes/s,2.262676092467,7.941443890189
candidate-modules-run-a,Tail probability,16,12,68666,12363158.000000,180.047738327557,88865320.656744822860,bytes/s,2.255387670345,7.948732312311
candidate-modules-run-a,Tail probability,16,13,73948,13379013.000000,180.924609184833,88434625.184981882572,bytes/s,2.257497643180,7.946622339476
candidate-modules-run-a,Tail probability,16,14,79230,14472898.000000,182.669418149691,87589921.520900651813,bytes/s,2.261665845434,7.942454137222
candidate-modules-run-a,Tail probability,16,15,84512,15469333.000000,183.043035308595,87411137.894568562508,bytes/s,2.262553208855,7.941566773801
candidate-modules-run-a,Tail probability,16,16,89794,16164546.000000,180.018108114128,88879947.509815618396,bytes/s,2.255316193206,7.948803789450
candidate-modules-run-a,Tail probability,16,17,95076,17204153.000000,180.951586099541,88421441.032290279865,bytes/s,2.257562394193,7.946557588463
candidate-modules-run-a,Tail probability,16,18,100358,18241314.000000,181.762430498814,88026991.915165767074,bytes/s,2.259504121388,7.944615861268
candidate-modules-run-a,Tail probability,16,19,105640,19266740.000000,182.381105641802,87728385.808912143111,bytes/s,2.260979844187,7.943140138469
candidate-modules-run-a,Tail probability,16,20,110922,19992200.000000,180.236562629596,88772221.166254848242,bytes/s,2.255842896175,7.948277086481
candidate-modules-run-a,Tail probability,16,21,116204,20964954.000000,180.415080375891,88684382.517605334520,bytes/s,2.256272836146,7.947847146510
candidate-modules-run-a,Tail probability,16,22,121486,21986398.000000,180.978861761849,88408114.871749341488,bytes/s,2.257627852459,7.946492130197
candidate-modules-run-a,Tail probability,16,23,126768,22874904.000000,180.446989776600,88668699.986675351858,bytes/s,2.256349641539,7.947770341117
candidate-modules-run-a,Tail probability,16,24,132050,23936096.000000,181.265399469898,88268362.560043200850,bytes/s,2.258314912461,7.945805070195
candidate-modules-run-a,Tail probability,16,25,137332,24912552.000000,181.403838872222,88201000.042067155242,bytes/s,2.258646473371,7.945473509285
candidate-modules-run-a,Tail probability,16,26,142614,25917092.000000,181.728946667228,88043211.020742595196,bytes/s,2.259424109348,7.944695873308
candidate-modules-run-a,Tail probability,16,27,147896,26703397.000000,180.555234759561,88615542.060060754418,bytes/s,2.256610084257,7.947509898399
candidate-modules-run-a,Tail probability,16,28,153178,27669724.000000,180.637715598846,88575079.390022099018,bytes/s,2.256808432392,7.947311550264
candidate-modules-run-a,Tail probability,16,29,158460,28784566.000000,181.651937397450,88080535.937210232019,bytes/s,2.259240034164,7.944879948492
candidate-modules-run-a,Tail probability,16,30,163742,29785262.000000,181.903616665242,87958668.955136269331,bytes/s,2.259841333930,7.944278648726
candidate-modules-run-a,Tail probability,16,31,169024,30634999.000000,181.246444291935,88277593.872289672494,bytes/s,2.258269495301,7.945850487355
candidate-modules-run-a,Tail probability,16,32,174306,31405238.000000,180.173017566808,88803530.162707254291,bytes/s,2.255689752241,7.948430230415
candidate-modules-run-a,Tail probability,16,33,179588,32655462.000000,181.835434438827,87991650.523884803057,bytes/s,2.259678518499,7.944441464157
candidate-modules-run-a,Tail probability,16,34,184870,33327344.000000,180.274484773084,88753547.237367600203,bytes/s,2.255934263015,7.948185719641
candidate-modules-run-a,Tail probability,16,35,190152,34410119.000000,180.961120577222,88416782.284304216504,bytes/s,2.257585276899,7.946534705756
candidate-modules-run-a,Tail probability,16,36,195434,35335984.000000,180.807761187920,88491776.541442856193,bytes/s,2.257217068666,7.946902913990
candidate-modules-run-a,Tail probability,16,37,200716,36190959.000000,180.309287749856,88736416.186153009534,bytes/s,2.256018097852,7.948101884804
candidate-modules-run-a,Tail probability,16,38,205998,37568252.000000,182.371925941029,87732801.621965259314,bytes/s,2.260957984501,7.943161998155
candidate-modules-run-a,Tail probability,16,39,211280,38356095.000000,181.541532563423,88134102.285438597202,bytes/s,2.258975997414,7.945143985241
candidate-modules-run-a,Tail probability,16,40,216562,39153438.000000,180.795513524995,88497771.255745142698,bytes/s,2.257187649173,7.946932333483
candidate-modules-run-a,Tail probability,16,41,221844,40182774.000000,181.130767566398,88333971.168839663267,bytes/s,2.257992227505,7.946127755150
candidate-modules-run-a,Tail probability,16,42,227126,41009318.000000,180.557567165362,88614397.342574685812,bytes/s,2.256615694421,7.947504288235
candidate-modules-run-a,Tail probability,16,43,232408,41912914.000000,180.341958968710,88720340.465948030353,bytes/s,2.256096782899,7.948023199757
candidate-modules-run-a,Tail probability,16,44,237690,43065966.000000,181.185434810047,88307319.055608779192,bytes/s,2.258123282547,7.945996700109
candidate-modules-run-a,Tail probability,16,45,242972,44349791.000000,182.530460299952,87656602.485454767942,bytes/s,2.261335348992,7.942784633664
candidate-modules-run-a,Tail probability,16,46,248254,44901449.000000,180.868984991178,88461822.245424643159,bytes/s,2.257364101398,7.946755881258
candidate-modules-run-a,Tail probability,16,47,253536,47471822.000000,187.238979868737,85452292.098668560386,bytes/s,2.272396266302,7.931723716354
candidate-modules-run-a,Tail probability,16,48,258818,47438780.000000,183.290111197830,87293307.289942950010,bytes/s,2.263139034695,7.940980947961
candidate-modules-run-a,Tail probability,16,49,264100,48142097.000000,182.287379780386,87773492.708470925689,bytes/s,2.260756602383,7.943363380273
candidate-modules-run-a,Tail probability,16,50,269382,51946068.000000,192.834220549257,82972824.815152511001,bytes/s,2.285184106729,7.918935875927
candidate-modules-run-a,Tail probability,16,51,274664,49716524.000000,181.008519500189,88393629.450039595366,bytes/s,2.257699016222,7.946420966434
candidate-modules-run-a,Tail probability,16,52,279946,58025059.000000,207.272327520307,77193131.333136603236,bytes/s,2.316541324248,7.887578658408
candidate-modules-run-a,Tail probability,16,53,285228,52629405.000000,184.516965375068,86712893.676073282957,bytes/s,2.266036303449,7.938083679207
candidate-modules-run-a,Tail probability,16,54,290510,54688988.000000,188.251653987815,84992613.138133034110,bytes/s,2.274738800621,7.929381182035
candidate-modules-run-a,Tail probability,16,55,295792,53339707.000000,180.328430113052,88726996.569366231561,bytes/s,2.256064201863,7.948055780793
candidate-modules-run-a,Tail probability,16,56,301074,54543756.000000,181.163953048088,88317790.215987324715,bytes/s,2.258071788541,7.946048194115
candidate-modules-run-a,Tail probability,16,57,306356,55675912.000000,181.735993419421,88039797.174763843417,bytes/s,2.259440949297,7.944679033359
candidate-modules-run-a,Tail probability,16,58,311638,57901316.000000,185.796712852733,86115624.729496642947,bytes/s,2.269038026113,7.935081956543
candidate-modules-run-a,Tail probability,16,59,316920,57324440.000000,180.879843493626,88456511.742635428905,bytes/s,2.257390173564,7.946729809092
candidate-modules-run-a,Tail probability,16,60,322202,60884400.000000,188.963445292084,84672461.254442840815,bytes/s,2.276377798653,7.927742184003
candidate-modules-run-a,Tail probability,16,61,327484,60188839.000000,183.791693639995,87055076.772622242570,bytes/s,2.264325879804,7.939794102852
candidate-modules-run-a,Tail probability,16,62,332766,62317648.000000,187.271680400041,85437370.807062551379,bytes/s,2.272472107456,7.931647875200
candidate-modules-run-a,Tail probability,16,63,338048,61242835.000000,181.166091797615,88316747.583615288138,bytes/s,2.258076915619,7.946043067037
candidate-modules-run-a,Tail probability,16,64,343330,61993304.000000,180.564774415286,88610860.295492559671,bytes/s,2.256633029647,7.947486953008
candidate-modules-run-a,Tail probability,16,65,348612,63598258.000000,182.432784872580,87703534.269759401679,bytes/s,2.261102887774,7.943017094882
candidate-modules-run-a,Tail probability,16,66,353894,65550750.000000,185.227073643520,86380460.940568938851,bytes/s,2.267704465470,7.936415517186
candidate-modules-run-a,Tail probability,16,67,359176,68549692.000000,190.852651624830,83834308.110385090113,bytes/s,2.280698198228,7.923421784428
candidate-modules-run-a,Tail probability,16,68,364458,66648057.000000,182.868964325107,87494343.608546614647,bytes/s,2.262140005279,7.941979977377
candidate-modules-run-a,Tail probability,16,69,369740,68288988.000000,184.694617839563,86629487.026517361403,bytes/s,2.266454239909,7.937665742747
candidate-modules-run-a,Tail probability,16,70,375022,68564152.000000,182.827012815248,87514420.071876630187,bytes/s,2.262040363443,7.942079619213
candidate-modules-run-a,Tail probability,16,71,380304,68793142.000000,180.889872312676,88451607.574487581849,bytes/s,2.257414252201,7.946705730455
candidate-modules-run-a,Tail probability,16,72,385586,70194186.000000,182.045473642715,87890128.108330786228,bytes/s,2.260179885157,7.943940097499
candidate-modules-run-a,Tail probability,16,73,390868,70712008.000000,180.910199862869,88441668.917109519243,bytes/s,2.257463053423,7.946656929233
candidate-modules-run-a,Tail probability,16,74,396150,71731276.000000,181.070998359207,88363129.076359942555,bytes/s,2.257848896139,7.946271086517
candidate-modules-run-a,Tail probability,16,75,401432,73048840.000000,181.970645090576,87926269.602638453245,bytes/s,2.260001334670,7.944118647986
candidate-modules-run-a,Tail probability,16,76,406714,73798610.000000,181.450872111607,88178137.772513598204,bytes/s,2.258759059901,7.945360922755
candidate-modules-run-a,Tail probability,16,77,411996,75085508.000000,182.248148040272,87792387.313940793276,bytes/s,2.260663123821,7.943456858835
candidate-modules-run-a,Tail probability,16,78,417278,75149775.000000,180.095224286926,88841889.413507893682,bytes/s,2.255502196477,7.948617786179
candidate-modules-run-a,Tail probability,16,79,422560,76389100.000000,180.776931086710,88506868.126473546028,bytes/s,2.257143009430,7.946976973225
candidate-modules-run-a,Tail probability,16,80,427842,85597240.000000,200.067408061855,79973045.859889864922,bytes/s,2.301176345749,7.902943636907
candidate-modules-run-a,Tail probability,16,81,433124,83570561.000000,192.948349664299,82923746.317797243595,bytes/s,2.285441068294,7.918678914362
candidate-modules-run-a,Tail probability,16,82,438406,79953599.000000,182.373414141230,87732085.706360757351,bytes/s,2.260961528437,7.943158454219
candidate-modules-run-a,Tail probability,16,83,443688,81290304.000000,183.215015957159,87329086.627600744367,bytes/s,2.262961064747,7.941158917909
candidate-modules-run-a,Tail probability,16,84,448970,81526629.000000,181.585916653674,88112560.130506560206,bytes/s,2.259082162705,7.945037819951
candidate-modules-run-a,Tail probability,16,85,454252,83223444.000000,183.209857083733,87331545.663983821869,bytes/s,2.262948835936,7.941171146720
candidate-modules-run-a,Tail probability,16,86,459534,84106325.000000,183.025249491877,87419632.233366504312,bytes/s,2.262511007537,7.941608975119
candidate-modules-run-a,Tail probability,16,87,464816,84855184.000000,182.556504079033,87644097.265760451555,bytes/s,2.261397310500,7.942722672156
candidate-modules-run-a,Tail probability,16,88,470098,85335517.000000,181.527079460027,88141119.482524484396,bytes/s,2.258941420462,7.945178562194
candidate-modules-run-a,Tail probability,16,89,475380,88208925.000000,185.554556354916,86228009.240561544895,bytes/s,2.268471623064,7.935648359592
candidate-modules-run-a,Tail probability,16,90,480662,89033021.000000,185.229997378615,86379097.481146901846,bytes/s,2.267711320581,7.936408662075
candidate-modules-run-a,Tail probability,16,91,485944,90378388.000000,185.985191709333,86028354.477842643857,bytes/s,2.269478366718,7.934641615938
candidate-modules-run-a,Tail probability,16,92,491226,115607134.000000,235.344086021505,67985562.205875635147,bytes/s,2.371703289362,7.832416693294
candidate-modules-run-a,Tail probability,16,93,496508,101047991.000000,203.517347152513,78617376.964971035719,bytes/s,2.308601432979,7.895518549677
candidate-modules-run-a,Tail probability,16,94,501790,93478061.000000,186.289206640228,85887960.384629726410,bytes/s,2.270187693155,7.933932289501
candidate-modules-run-a,Tail probability,16,95,507072,95508649.000000,188.353229916067,84946777.961438864470,bytes/s,2.274973071965,7.929146910691
candidate-modules-run-a,Tail probability,16,96,512354,93559926.000000,182.607974174106,87619393.799007505178,bytes/s,2.261519738501,7.942600244155
candidate-modules-run-a,Tail probability,16,97,517636,94085419.000000,181.759806118585,88028262.912874951959,bytes/s,2.259497850773,7.944622131882
candidate-modules-run-a,Tail probability,16,98,522918,95297219.000000,182.241229026348,87795720.460635900497,bytes/s,2.260646635607,7.943473347049
candidate-modules-run-a,Tail probability,16,99,528200,99288958.000000,187.976065884135,85117219.177584692836,bytes/s,2.274102556093,7.930017426563
candidate-modules-run-a,Tail probability,64,0,1488,954726.000000,641.616935483871,99747990.522935375571,bytes/s,2.807275818634,7.998904155350
candidate-modules-run-a,Tail probability,64,1,2976,1890591.000000,635.279233870968,100743100.966840535402,bytes/s,2.802964659266,8.003215314718
candidate-modules-run-a,Tail probability,64,2,4464,2864107.000000,641.601030465950,99750463.233391761780,bytes/s,2.807265052791,7.998914921193
candidate-modules-run-a,Tail probability,64,3,5952,3803256.000000,638.987903225806,100158390.600054264069,bytes/s,2.805492636543,8.000687337441
candidate-modules-run-a,Tail probability,64,4,7440,4837547.000000,650.207930107527,98430051.428957700729,bytes/s,2.813052261963,7.993127712021
candidate-modules-run-a,Tail probability,64,5,8928,5705721.000000,639.081653225806,100143697.877971947193,bytes/s,2.805556349989,8.000623623995
candidate-modules-run-a,Tail probability,64,6,10416,6649829.000000,638.424443164363,100246788.300872102380,bytes/s,2.805109506363,8.001070467621
candidate-modules-run-a,Tail probability,64,7,11904,7733719.000000,649.673975134409,98510949.259987339377,bytes/s,2.812695469995,7.993484503989
candidate-modules-run-a,Tail probability,64,8,13392,8589808.000000,641.413381123059,99779645.831431850791,bytes/s,2.807138015909,7.999041958075
candidate-modules-run-a,Tail probability,64,9,14880,9581417.000000,643.912432795699,99392396.761355862021,bytes/s,2.808826810622,7.997353163362
candidate-modules-run-a,Tail probability,64,10,16368,10535165.000000,643.644000488759,99433848.449454754591,bytes/s,2.808645725477,7.997534248507
candidate-modules-run-a,Tail probability,64,11,17856,11478156.000000,642.817876344086,99561636.904046267271,bytes/s,2.808087945704,7.998092028280
candidate-modules-run-a,Tail probability,64,12,19344,12509583.000000,646.690601736973,98965409.158722564578,bytes/s,2.810696549453,7.995483424531
candidate-modules-run-a,Tail probability,64,13,20832,13944361.000000,669.372167818740,95611982.506763845682,bytes/s,2.825667650636,7.980512323348
candidate-modules-run-a,Tail probability,64,14,22320,14495667.000000,649.447446236559,98545310.126122519374,bytes/s,2.812544013403,7.993635960581
candidate-modules-run-a,Tail probability,64,15,23808,15518713.000000,651.827662970430,98185461.642341092229,bytes/s,2.814132787581,7.992047186403
candidate-modules-run-a,Tail probability,64,16,25296,17259601.000000,682.305542378242,93799619.122133821249,bytes/s,2.833978899075,7.972201074909
candidate-modules-run-a,Tail probability,64,17,26784,17341123.000000,647.443361708483,98850345.505305498838,bytes/s,2.811201782370,7.994978191614
candidate-modules-run-a,Tail probability,64,18,28272,18318412.000000,647.934776457272,98775374.197283044457,bytes/s,2.811531290361,7.994648683623
candidate-modules-run-a,Tail probability,64,19,29760,19323644.000000,649.315994623656,98565260.258365347981,bytes/s,2.812456100996,7.993723872988
candidate-modules-run-a,Tail probability,64,20,31248,20175752.000000,645.665386584741,99122550.673699796200,bytes/s,2.810007504978,7.996172469006
candidate-modules-run-a,Tail probability,64,21,32736,21330406.000000,651.588648582600,98221477.828410774469,bytes/s,2.813973509797,7.992206464187
candidate-modules-run-a,Tail probability,64,22,34224,22208779.000000,648.924117578308,98624782.569091260433,bytes/s,2.812193915223,7.993986058761
candidate-modules-run-a,Tail probability,64,23,35712,23216735.000000,650.110187051971,98444850.234109133482,bytes/s,2.812986971371,7.993193002613
candidate-modules-run-a,Tail probability,64,24,37200,24021969.000000,645.751854838710,99109277.844792813063,bytes/s,2.810065662302,7.996114311682
candidate-modules-run-a,Tail probability,64,25,38688,24980257.000000,645.684889371381,99119556.696314200759,bytes/s,2.810020622956,7.996159351028
candidate-modules-run-a,Tail probability,64,26,40176,26005398.000000,647.286887694146,98874241.417108863592,bytes/s,2.811096809459,7.995083164525
candidate-modules-run-a,Tail probability,64,27,41664,26921633.000000,646.160546274962,99046592.010224640369,bytes/s,2.810340437033,7.995839536951
candidate-modules-run-a,Tail probability,64,28,43152,27838357.000000,645.123215609937,99205854.713336706161,bytes/s,2.809642670835,7.996537303149
candidate-modules-run-a,Tail probability,64,29,44640,28832831.000000,645.896751792115,99087044.210122823715,bytes/s,2.810163100486,7.996016873498
candidate-modules-run-a,Tail probability,64,30,46128,29924894.000000,648.735995490808,98653382.030359074473,bytes/s,2.812067995679,7.994111978305
candidate-modules-run-a,Tail probability,64,31,47616,30858453.000000,648.068989415323,98754918.141878336668,bytes/s,2.811621240635,7.994558733349
candidate-modules-run-a,Tail probability,64,32,49104,31697846.000000,645.524723036820,99144150.047293424606,bytes/s,2.809912880023,7.996267093961
candidate-modules-run-a,Tail probability,64,33,50592,32601437.000000,644.399055186591,99317339.907440274954,bytes/s,2.809154894988,7.997025078996
candidate-modules-run-a,Tail probability,64,34,52080,33644656.000000,646.018740399386,99068333.467282295227,bytes/s,2.810245116655,7.995934857329
candidate-modules-run-a,Tail probability,64,35,53568,34550483.000000,644.983628285544,99227324.839424088597,bytes/s,2.809548691014,7.996631282970
candidate-modules-run-a,Tail probability,64,36,55056,35577369.000000,646.203302092415,99040038.626802340150,bytes/s,2.810369172928,7.995810801056
candidate-modules-run-a,Tail probability,64,37,56544,36562622.000000,646.622488681381,98975833.844739034772,bytes/s,2.810650804730,7.995529169254
candidate-modules-run-a,Tail probability,64,38,58032,37535649.000000,646.809501654260,98947216.817804321647,bytes/s,2.810776391082,7.995403582901
candidate-modules-run-a,Tail probability,64,39,59520,38459639.000000,646.163289650538,99046171.494225412607,bytes/s,2.810342280894,7.995837693089
candidate-modules-run-a,Tail probability,64,40,61008,39327113.000000,644.622229871492,99282955.247693881392,bytes/s,2.809305278130,7.996874695854
candidate-modules-run-a,Tail probability,64,41,62496,42539174.000000,680.670346902202,94024956.855062589049,bytes/s,2.832936831173,7.973243142811
candidate-modules-run-a,Tail probability,64,42,63984,41553432.000000,649.434733683421,98547239.130572900176,bytes/s,2.812535512260,7.993644461724
candidate-modules-run-a,Tail probability,64,43,65472,42381578.000000,647.323710899316,98868616.925967216492,bytes/s,2.811121515135,7.995058458849
candidate-modules-run-a,Tail probability,64,44,66960,43865185.000000,655.095355436081,97695701.044005617499,bytes/s,2.816304520336,7.989875453648
candidate-modules-run-a,Tail probability,64,45,68448,46178615.000000,674.652509934549,94863650.631358250976,bytes/s,2.829080140422,7.977099833562
candidate-modules-run-a,Tail probability,64,46,69936,47020033.000000,672.329458361931,95191426.173605605960,bytes/s,2.827582140444,7.978597833540
candidate-modules-run-a,Tail probability,64,47,71424,45793357.000000,641.148031474014,99820941.277574375272,bytes/s,2.806958313185,7.999221660799
candidate-modules-run-a,Tail probability,64,48,72912,48259562.000000,661.887782532368,96693127.882097244263,bytes/s,2.820784364730,7.985395609254
candidate-modules-run-a,Tail probability,64,49,74400,48409265.000000,650.662163978495,98361336.409466251731,bytes/s,2.813355553233,7.992824420751
candidate-modules-run-a,Tail probability,64,50,75888,49965731.000000,658.414123445077,97203261.171141475439,bytes/s,2.818499138226,7.987680835758
candidate-modules-run-a,Tail probability,64,51,77376,50235516.000000,649.238988833747,98576951.016089886427,bytes/s,2.812404592681,7.993775381303
candidate-modules-run-a,Tail probability,64,52,78864,53439263.000000,677.612890545750,94449206.756462931633,bytes/s,2.830981659188,7.975198314796
candidate-modules-run-a,Tail probability,64,53,80352,52583175.000000,654.410282258065,97797974.352062240243,bytes/s,2.815850114460,7.990329859523
candidate-modules-run-a,Tail probability,64,54,81840,53497872.000000,653.688563049853,97905950.352567285299,bytes/s,2.815370886606,7.990809087378
candidate-modules-run-a,Tail probability,64,55,83328,53969053.000000,647.670086885561,98815741.680699869990,bytes/s,2.811353839310,7.994826134674
candidate-modules-run-a,Tail probability,64,56,84816,54972524.000000,648.138605923411,98744310.885197848082,bytes/s,2.811667890671,7.994512083313
candidate-modules-run-a,Tail probability,64,57,86304,56494332.000000,654.596913236930,97770091.342968702316,bytes/s,2.815973953054,7.990206020930
candidate-modules-run-a,Tail probability,64,58,87792,57238511.000000,651.978665482048,98162721.248985677958,bytes/s,2.814233384666,7.991946589318
candidate-modules-run-a,Tail probability,64,59,89280,57617201.000000,645.353953853047,99170384.899467781186,bytes/s,2.809797975166,7.996381998818
candidate-modules-run-a,Tail probability,64,60,90768,58910938.000000,649.027608848934,98609056.267275854945,bytes/s,2.812263171555,7.993916802429
candidate-modules-run-a,Tail probability,64,61,92256,59565701.000000,645.656661897329,99123890.105817779899,bytes/s,2.810001636444,7.996178337540
candidate-modules-run-a,Tail probability,64,62,93744,60458742.000000,644.934523809524,99234879.878909811378,bytes/s,2.809515625656,7.996664348328
candidate-modules-run-a,Tail probability,64,63,95232,62478355.000000,656.064715641801,97551351.984219178557,bytes/s,2.816946681235,7.989233292749
candidate-modules-run-a,Tail probability,64,64,96720,65413225.000000,676.315394954508,94630405.395850762725,bytes/s,2.830149273375,7.976030700609
candidate-modules-run-a,Tail probability,64,65,98208,64383404.000000,655.582070707071,97623170.095200315118,bytes/s,2.816627067688,7.989552906296
candidate-modules-run-a,Tail probability,64,66,99696,64265628.000000,644.615912373616,99283928.260998249054,bytes/s,2.809301021888,7.996878952096
candidate-modules-run-a,Tail probability,64,67,101184,65377598.000000,646.125849936749,99051910.717184811831,bytes/s,2.810317116462,7.995862857521
candidate-modules-run-a,Tail probability,64,68,102672,68333984.000000,665.556178899797,96160177.050411701202,bytes/s,2.823184719700,7.982995254284
candidate-modules-run-a,Tail probability,64,69,104160,67653234.000000,649.512615207373,98535422.563834860921,bytes/s,2.812587590608,7.993592383376
candidate-modules-run-a,Tail probability,64,70,105648,68199580.000000,645.535930637589,99142428.736364647746,bytes/s,2.809920420179,7.996259553805
candidate-modules-run-a,Tail probability,64,71,107136,69251615.000000,646.389775612306,99011467.097193330526,bytes/s,2.810494478289,7.995685495695
candidate-modules-run-a,Tail probability,64,72,108624,70546169.000000,649.452874134629,98544486.519175842404,bytes/s,2.812547643098,7.993632330886
candidate-modules-run-a,Tail probability,64,73,110112,70936656.000000,644.222755013078,99344519.425894558430,bytes/s,2.809036060754,7.997143913230
candidate-modules-run-a,Tail probability,64,74,111600,71890053.000000,644.176102150538,99351714.207249224186,bytes/s,2.809004609188,7.997175364796
candidate-modules-run-a,Tail probability,64,75,113088,73189728.000000,647.192699490662,98888630.929192692041,bytes/s,2.811033609672,7.995146364312
candidate-modules-run-a,Tail probability,64,76,114576,73894367.000000,644.937569822651,99234411.196728959680,bytes/s,2.809517676815,7.996662297168
candidate-modules-run-a,Tail probability,64,77,116064,76709083.000000,660.920552453819,96834634.302693992853,bytes/s,2.820149257209,7.986030716775
candidate-modules-run-a,Tail probability,64,78,117552,75981600.000000,646.365863617803,99015129.978836983442,bytes/s,2.810478412071,7.995701561913
candidate-modules-run-a,Tail probability,64,79,119040,76416524.000000,641.939885752688,99697808.814229756594,bytes/s,2.807494360611,7.998685613373
candidate-modules-run-a,Tail probability,64,80,120528,77853257.000000,645.935027545467,99081172.673353925347,bytes/s,2.810188835956,7.995991138028
candidate-modules-run-a,Tail probability,64,81,122016,78888875.000000,646.545330120640,98987645.596416473389,bytes/s,2.810598979226,7.995580994758
candidate-modules-run-a,Tail probability,64,82,123504,80245413.000000,649.739384959192,98501032.077683985233,bytes/s,2.812739192996,7.993440780988
candidate-modules-run-a,Tail probability,64,83,124992,80968075.000000,647.786058307732,98798050.960208699107,bytes/s,2.811431596862,7.994748377122
candidate-modules-run-a,Tail probability,64,84,126480,83259427.000000,658.281364642631,97222864.625287413597,bytes/s,2.818411560777,7.987768413207
candidate-modules-run-a,Tail probability,64,85,127968,87940186.000000,687.204504251063,93130937.885439544916,bytes/s,2.837085997396,7.969093976588
candidate-modules-run-a,Tail probability,64,86,129456,85059026.000000,657.049700284266,97405112.539144292474,bytes/s,2.817598221528,7.988581752456
candidate-modules-run-a,Tail probability,64,87,130944,84901571.000000,648.380765823558,98707431.456127002835,bytes/s,2.811830123048,7.994349850936
candidate-modules-run-a,Tail probability,64,88,132432,85725384.000000,647.316237767307,98869758.343689650297,bytes/s,2.811116501324,7.995063472660
candidate-modules-run-a,Tail probability,64,89,133920,87267948.000000,651.642383512545,98213378.410135179758,bytes/s,2.814009323529,7.992170650455
candidate-modules-run-a,Tail probability,64,90,135408,90849613.000000,670.932389519083,95389641.340574562550,bytes/s,2.826678758115,7.979501215869
candidate-modules-run-a,Tail probability,64,91,136896,89418540.000000,653.185922159888,97981291.128215685487,bytes/s,2.815036816000,7.991143157984
candidate-modules-run-a,Tail probability,64,92,138384,89043133.000000,643.449625679269,99463885.665388703346,bytes/s,2.808514552568,7.997665421416
candidate-modules-run-a,Tail probability,64,93,139872,90432921.000000,646.540558510638,98988376.146779552102,bytes/s,2.810595774050,7.995584199934
candidate-modules-run-a,Tail probability,64,94,141360,91502838.000000,647.303607809847,98871687.455202206969,bytes/s,2.811108027607,7.995071946377
candidate-modules-run-a,Tail probability,64,95,142848,92705830.000000,648.982344870072,98615933.863059103489,bytes/s,2.812232882271,7.993947091713
candidate-modules-run-a,Tail probability,64,96,144336,96025867.000000,665.293946070280,96198079.627856940031,bytes/s,2.823013571544,7.983166402440
candidate-modules-run-a,Tail probability,64,97,145824,95608244.000000,655.641348474874,97614343.800729155540,bytes/s,2.816666334844,7.989513639140
candidate-modules-run-a,Tail probability,64,98,147312,95513519.000000,648.375685619637,98708204.856319874525,bytes/s,2.811826720243,7.994353253741
candidate-modules-run-a,Tail probability,64,99,148800,97151296.000000,652.898494623656,98024425.736945390701,bytes/s,2.814845667261,7.991334306723
candidate-modules-run-a,Tail probability,256,0,324,951578.000000,2936.969135802469,87164688.548915579915,bytes/s,3.467899382607,7.940340582705
candidate-modules-run-a,Tail probability,256,1,648,1895474.000000,2925.114197530864,87517950.655086800456,bytes/s,3.466142825765,7.942097139547
candidate-modules-run-a,Tail probability,256,2,972,2873736.000000,2956.518518518519,86588329.616916790605,bytes/s,3.470780603601,7.937459361711
candidate-modules-run-a,Tail probability,256,3,1296,3766916.000000,2906.570987654321,88076293.710823386908,bytes/s,3.463380934266,7.944859031045
candidate-modules-run-a,Tail probability,256,4,1620,4770607.000000,2944.819135802469,86932333.768008977175,bytes/s,3.469058626548,7.939181338764
candidate-modules-run-a,Tail probability,256,5,1944,5713803.000000,2939.199074074074,87098557.650657549500,bytes/s,3.468229002147,7.940010963164
candidate-modules-run-a,Tail probability,256,6,2268,6675720.000000,2943.439153439153,86973090.543042555451,bytes/s,3.468855062537,7.939384902775
candidate-modules-run-a,Tail probability,256,7,2592,7576234.000000,2922.929783950617,87583356.057904243469,bytes/s,3.465818382648,7.942421582664
candidate-modules-run-a,Tail probability,256,8,2916,8527463.000000,2924.370027434842,87540221.517232030630,bytes/s,3.466032324068,7.942207641244
candidate-modules-run-a,Tail probability,256,9,3240,9531714.000000,2941.887037037037,87018976.859775692225,bytes/s,3.468625992615,7.939613972696
candidate-modules-run-a,Tail probability,256,10,3564,10517870.000000,2951.141975308642,86746080.717863976955,bytes/s,3.469990103302,7.938249862010
candidate-modules-run-a,Tail probability,256,11,3888,12098153.000000,3111.664866255144,82271070.633674412966,bytes/s,3.492992816282,7.915247149029
candidate-modules-run-a,Tail probability,256,12,4212,13169814.000000,3126.736467236467,81874504.833553448319,bytes/s,3.495091278861,7.913148686451
candidate-modules-run-a,Tail probability,256,13,4536,13653149.000000,3009.953483245150,85051148.273559451103,bytes/s,3.478559783924,7.929680181388
candidate-modules-run-a,Tail probability,256,14,4860,14518594.000000,2987.365020576132,85694248.354902684689,bytes/s,3.475288291481,7.932951673830
candidate-modules-run-a,Tail probability,256,15,5184,15530599.000000,2995.871720679012,85450921.757750615478,bytes/s,3.476523213502,7.931716751810
candidate-modules-run-a,Tail probability,256,16,5508,16268767.000000,2953.661401597676,86672087.688022091985,bytes/s,3.470360707683,7.937879257628
candidate-modules-run-a,Tail probability,256,17,5832,17145599.000000,2939.917524005487,87077272.715873032808,bytes/s,3.468335146952,7.939904818359
candidate-modules-run-a,Tail probability,256,18,6156,18143423.000000,2947.274691358024,86859905.101699948311,bytes/s,3.469420614771,7.938819350540
candidate-modules-run-a,Tail probability,256,19,6480,19065941.000000,2942.274845679012,87007507.261246636510,bytes/s,3.468683238883,7.939556726429
candidate-modules-run-a,Tail probability,256,20,6804,20393625.000000,2997.299382716049,85410220.105547681451,bytes/s,3.476730124250,7.931509841062
candidate-modules-run-a,Tail probability,256,21,7128,21392286.000000,3001.162457912458,85300280.671266272664,bytes/s,3.477289505143,7.930950460168
candidate-modules-run-a,Tail probability,256,22,7452,22287281.000000,2990.778448738594,85596443.998709395528,bytes/s,3.475784242502,7.932455722810
candidate-modules-run-a,Tail probability,256,23,7776,22843406.000000,2937.680812757202,87143572.197596102953,bytes/s,3.468004606707,7.940235358605
candidate-modules-run-a,Tail probability,256,24,8100,23736864.000000,2930.477037037037,87357790.818534418941,bytes/s,3.466938322637,7.941301642675
candidate-modules-run-a,Tail probability,256,25,8424,24638426.000000,2924.789411206078,87527669.178217798471,bytes/s,3.466094601754,7.942145363558
candidate-modules-run-a,Tail probability,256,26,8748,25682145.000000,2935.773319615912,87200192.974535420537,bytes/s,3.467722519282,7.940517446030
candidate-modules-run-a,Tail probability,256,27,9072,26577908.000000,2929.663580246914,87382046.773583531380,bytes/s,3.466817752221,7.941422213091
candidate-modules-run-a,Tail probability,256,28,9396,27953443.000000,2975.036504895700,86049364.294766843319,bytes/s,3.473492299065,7.934747666246
candidate-modules-run-a,Tail probability,256,29,9720,29634807.000000,3048.848456790123,83966128.073653399944,bytes/s,3.484135838267,7.924104127045
candidate-modules-run-a,Tail probability,256,30,10044,29691530.000000,2956.145957785743,86599242.275490686297,bytes/s,3.470725873260,7.937514092052
candidate-modules-run-a,Tail probability,256,31,10368,30679155.000000,2959.023437500000,86515029.504560992122,bytes/s,3.471148405085,7.937091560227
candidate-modules-run-a,Tail probability,256,32,10692,31677258.000000,2962.706509539843,86407478.829133510590,bytes/s,3.471688631703,7.936551333609
candidate-modules-run-a,Tail probability,256,33,11016,33220446.000000,3015.654139433551,84890371.429691210389,bytes/s,3.479381531512,7.928858433800
candidate-modules-run-a,Tail probability,256,34,11340,33570425.000000,2960.354938271605,86476116.998816668987,bytes/s,3.471343784874,7.936896180438
candidate-modules-run-a,Tail probability,256,35,11664,34443626.000000,2952.985768175583,86691917.976347789168,bytes/s,3.470261353901,7.937978611411
candidate-modules-run-a,Tail probability,256,36,11988,35442147.000000,2956.468718718719,86589788.141220673919,bytes/s,3.470773288253,7.937466677059
candidate-modules-run-a,Tail probability,256,37,12312,35982554.000000,2922.559616634178,87594449.243375003338,bytes/s,3.465763378999,7.942476586312
candidate-modules-run-a,Tail probability,256,38,12636,36790368.000000,2911.551756885090,87925622.271568477154,bytes/s,3.464124514702,7.944115450610
candidate-modules-run-a,Tail probability,256,39,12960,38140825.000000,2942.964891975309,86987106.335534170270,bytes/s,3.468785081226,7.939454884086
candidate-modules-run-a,Tail probability,256,40,13284,41095804.000000,3093.631737428485,82750637.997008159757,bytes/s,3.490468614495,7.917771350816
candidate-modules-run-a,Tail probability,256,41,13608,40940444.000000,3008.557025279248,85090625.788034930825,bytes/s,3.478358247681,7.929881717631
candidate-modules-run-a,Tail probability,256,42,13932,41063181.000000,2947.400301464255,86856203.371092945337,bytes/s,3.469439123604,7.938800841708
candidate-modules-run-a,Tail probability,256,43,14256,43384986.000000,3043.279040404040,84119792.040499910712,bytes/s,3.483341774952,7.924898190360
candidate-modules-run-a,Tail probability,256,44,14580,42817807.000000,2936.749451303155,87171208.931835293770,bytes/s,3.467866896282,7.940373069030
candidate-modules-run-a,Tail probability,256,45,14904,43952128.000000,2949.015566290929,86808629.607194438577,bytes/s,3.469677064968,7.938562900343
candidate-modules-run-a,Tail probability,256,46,15228,44988722.000000,2954.342132913055,86652116.946109294891,bytes/s,3.470460788143,7.937779177169
candidate-modules-run-a,Tail probability,256,47,15552,45839707.000000,2947.512024176955,86852911.167167797685,bytes/s,3.469455585446,7.938784379866
candidate-modules-run-a,Tail probability,256,48,15876,46758034.000000,2945.202443940539,86921019.818754568696,bytes/s,3.469115152184,7.939124813128
candidate-modules-run-a,Tail probability,256,49,16200,49418360.000000,3050.516049382716,83920227.219195455313,bytes/s,3.484373314246,7.923866651066
candidate-modules-run-a,Tail probability,256,50,16524,48677327.000000,2945.856148632292,86901731.477572709322,bytes/s,3.469211535656,7.939028429655
candidate-modules-run-a,Tail probability,256,51,16848,49955971.000000,2965.097993827160,86337787.328765973449,bytes/s,3.472039050980,7.936200914332
candidate-modules-run-a,Tail probability,256,52,17172,51117607.000000,2976.799848590729,85998391.904378458858,bytes/s,3.473749634924,7.934490330388
candidate-modules-run-a,Tail probability,256,53,17496,51715714.000000,2955.859282121628,86607641.151391625404,bytes/s,3.470683755009,7.937556210302
candidate-modules-run-a,Tail probability,256,54,17820,52245221.000000,2931.830583613917,87317460.098407849669,bytes/s,3.467138870905,7.941101094407
candidate-modules-run-a,Tail probability,256,55,18144,53330224.000000,2939.276014109347,87096277.712990671396,bytes/s,3.468240370617,7.939999594695
candidate-modules-run-a,Tail probability,256,56,18468,55007397.000000,2978.524853801170,85948586.151058912277,bytes/s,3.474001228347,7.934238736964
candidate-modules-run-a,Tail probability,256,57,18792,56113287.000000,2986.019955300128,85732849.690305978060,bytes/s,3.475092705749,7.933147259563
candidate-modules-run-a,Tail probability,256,58,19116,60274259.000000,3153.079043732998,81190479.670600354671,bytes/s,3.498734858102,7.909505107210
candidate-modules-run-a,Tail probability,256,59,19440,57143314.000000,2939.470884773662,87090503.711422830820,bytes/s,3.468269162894,7.939970802418
candidate-modules-run-a,Tail probability,256,60,19764,58009877.000000,2935.128364703501,87219354.042071148753,bytes/s,3.467627099404,7.940612865908
candidate-modules-run-a,Tail probability,256,61,20088,60475584.000000,3010.532855436081,85034780.317293003201,bytes/s,3.478643371240,7.929596594072
candidate-modules-run-a,Tail probability,256,62,20412,61403062.000000,3008.184499314129,85101163.196063414216,bytes/s,3.478304469079,7.929935496232
candidate-modules-run-a,Tail probability,256,63,20736,62963974.000000,3036.457079475309,84308782.669912159443,bytes/s,3.482367146720,7.925872818592
candidate-modules-run-a,Tail probability,256,64,21060,62929809.000000,2988.120085470086,85672594.366208866239,bytes/s,3.475398046761,7.932841918551
candidate-modules-run-a,Tail probability,256,65,21384,65230025.000000,3050.412691732136,83923070.702487096190,bytes/s,3.484358599221,7.923881366091
candidate-modules-run-a,Tail probability,256,66,21708,67317112.000000,3101.027823843744,82553274.121444791555,bytes/s,3.491505662944,7.916734302368
candidate-modules-run-a,Tail probability,256,67,22032,67352319.000000,3057.022467320262,83741615.489141508937,bytes/s,3.485298630547,7.922941334765
candidate-modules-run-a,Tail probability,256,68,22356,65767497.000000,2941.827563070317,87020736.094000965357,bytes/s,3.468617212714,7.939622752597
candidate-modules-run-a,Tail probability,256,69,22680,67057807.000000,2956.693430335097,86583207.231933474541,bytes/s,3.470806296316,7.937433668995
candidate-modules-run-a,Tail probability,256,70,23004,69291381.000000,3012.144887845592,84989271.609408393502,bytes/s,3.478875858126,7.929364107186
candidate-modules-run-a,Tail probability,256,71,23328,71669347.000000,3072.245670438957,83326669.629067495465,bytes/s,3.487455940868,7.920784024444
candidate-modules-run-a,Tail probability,256,72,23652,94107221.000000,3978.827202773550,64340567.446997508407,bytes/s,3.599755078500,7.808484886812
candidate-modules-run-a,Tail probability,256,73,23976,72197878.000000,3011.256172839506,85014354.577014014125,bytes/s,3.478747703277,7.929492262035
candidate-modules-run-a,Tail probability,256,74,24300,73011211.000000,3004.576584362140,85203353.222014084458,bytes/s,3.477783278325,7.930456686987
candidate-modules-run-a,Tail probability,256,75,24624,73383822.000000,2980.174707602339,85901004.175007402897,bytes/s,3.474241724588,7.933998240724
candidate-modules-run-a,Tail probability,256,76,24948,73663735.000000,2952.690997274331,86700572.540884599090,bytes/s,3.470217999894,7.938021965418
candidate-modules-run-a,Tail probability,256,77,25272,73955365.000000,2926.375633111744,87480225.403525486588,bytes/s,3.466330071932,7.941909893380
candidate-modules-run-a,Tail probability,256,78,25596,76178100.000000,2976.172058134083,86016532.310467183590,bytes/s,3.473658034985,7.934581930327
candidate-modules-run-a,Tail probability,256,79,25920,75888896.000000,2927.812345679012,87437297.809682205319,bytes/s,3.466543237739,7.941696727573
candidate-modules-run-a,Tail probability,256,80,26244,77243752.000000,2943.291876238378,86977442.525060147047,bytes/s,3.468833331741,7.939406633571
candidate-modules-run-a,Tail probability,256,81,26568,78826198.000000,2966.960177657332,86283598.252449005842,bytes/s,3.472311717284,7.935928248028
candidate-modules-run-a,Tail probability,256,82,26892,80391670.000000,2989.426967127770,85635141.053793266416,bytes/s,3.475587947901,7.932652017410
candidate-modules-run-a,Tail probability,256,83,27216,81744639.000000,3003.550815696649,85232451.757478564978,bytes/s,3.477634983974,7.930604981337
candidate-modules-run-a,Tail probability,256,84,27540,81508946.000000,2959.656717501815,86496517.817811071873,bytes/s,3.471241341349,7.936998623962
candidate-modules-run-a,Tail probability,256,85,27864,82909696.000000,2975.513063451048,86035582.617502301931,bytes/s,3.473561861296,7.934678104016
candidate-modules-run-a,Tail probability,256,86,28188,83149932.000000,2949.834397616007,86784532.788313046098,bytes/s,3.469797635565,7.938442329747
candidate-modules-run-a,Tail probability,256,87,28512,84489069.000000,2963.281039562290,86390725.881948113441,bytes/s,3.471772842213,7.936467123098
candidate-modules-run-a,Tail probability,256,88,28836,85259021.000000,2956.686815092246,86583400.951789021492,bytes/s,3.470805324634,7.937434640678
candidate-modules-run-a,Tail probability,256,89,29160,86058794.000000,2951.261796982167,86742558.813919708133,bytes/s,3.470007736081,7.938232229230
candidate-modules-run-a,Tail probability,256,90,29484,87312821.000000,2961.362806946140,86446685.762220427394,bytes/s,3.471491617589,7.936748347722
candidate-modules-run-a,Tail probability,256,91,29808,87884521.000000,2948.353495705851,86828123.009283959866,bytes/s,3.469579552467,7.938660412844
candidate-modules-run-a,Tail probability,256,92,30132,90761467.000000,3012.128866321519,84989723.667644113302,bytes/s,3.478873548118,7.929366417194
candidate-modules-run-a,Tail probability,256,93,30456,90092666.000000,2958.125361176780,86541295.159364029765,bytes/s,3.471016574838,7.937223390474
candidate-modules-run-a,Tail probability,256,94,30780,90404363.000000,2937.113807667316,87160395.123850375414,bytes/s,3.467920774948,7.940319190364
candidate-modules-run-a,Tail probability,256,95,31104,94436236.000000,3036.144418724280,84317464.749442145228,bytes/s,3.482322425578,7.925917539734
candidate-modules-run-a,Tail probability,256,96,31428,92824591.000000,2953.563414789360,86674963.103257849813,bytes/s,3.470346299859,7.937893665453
candidate-modules-run-a,Tail probability,256,97,31752,94169108.000000,2965.769337364576,86318243.558174088597,bytes/s,3.472137370763,7.936102594548
candidate-modules-run-a,Tail probability,256,98,32076,96495937.000000,3008.353192418007,85096391.156862899661,bytes/s,3.478328822782,7.929911142530
candidate-modules-run-a,Tail probability,256,99,32400,96498382.000000,2978.345123456790,85953772.779319763184,bytes/s,3.473975021330,7.934264943982
candidate-modules-run-a,Tail probability,4096,0,7,1101765.000000,157395.000000000000,26023698.338574923575,bytes/s,5.196990931918,7.415369016050
candidate-modules-run-a,Tail probability,4096,1,14,2197801.000000,156985.785714285710,26091534.219886150211,bytes/s,5.195860330974,7.416499616994
candidate-modules-run-a,Tail probability,4096,2,21,3268760.000000,155655.238095238106,26314565.768058832735,bytes/s,5.192163740101,7.420196207867
candidate-modules-run-a,Tail probability,4096,3,28,4393577.000000,156913.464285714290,26103559.810150135309,bytes/s,5.195660210726,7.416699737242
candidate-modules-run-a,Tail probability,4096,4,35,5463068.000000,156087.657142857148,26241664.939920205623,bytes/s,5.193368561956,7.418991386012
candidate-modules-run-a,Tail probability,4096,5,42,6573634.000000,156515.095238095237,26169999.729221310467,bytes/s,5.194556229822,7.417803718146
candidate-modules-run-a,Tail probability,4096,6,49,7635861.000000,155833.897959183669,26284396.743209443986,bytes/s,5.192661934051,7.419698013917
candidate-modules-run-a,Tail probability,4096,7,56,8725052.000000,155804.500000000000,26289356.212432887405,bytes/s,5.192579996963,7.419779951005
candidate-modules-run-a,Tail probability,4096,8,63,9846935.000000,156300.555555555562,26205920.928695071489,bytes/s,5.193960521681,7.418399426287
candidate-modules-run-a,Tail probability,4096,9,70,10932073.000000,156172.471428571414,26227413.593012049794,bytes/s,5.193604483060,7.418755464907
candidate-modules-run-a,Tail probability,4096,10,77,12036353.000000,156316.272727272735,26203285.995350915939,bytes/s,5.194004190993,7.418355756975
candidate-modules-run-a,Tail probability,4096,11,84,13112132.000000,156096.809523809527,26240126.319655720145,bytes/s,5.193394026571,7.418965921397
candidate-modules-run-a,Tail probability,4096,12,91,14162971.000000,155637.043956043955,26317641.969329740852,bytes/s,5.192112973572,7.420246974395
candidate-modules-run-a,Tail probability,4096,13,98,15294984.000000,156071.265306122456,26244421.046795472503,bytes/s,5.193322951315,7.419036996652
candidate-modules-run-a,Tail probability,4096,14,105,16411418.000000,156299.219047619059,26206145.014403995126,bytes/s,5.193956808063,7.418403139905
candidate-modules-run-a,Tail probability,4096,15,112,17489781.000000,156158.758928571420,26229716.655685968697,bytes/s,5.193566348782,7.418793599186
candidate-modules-run-a,Tail probability,4096,16,119,18589310.000000,156212.689075630245,26220661.229491572827,bytes/s,5.193716308489,7.418643639478
candidate-modules-run-a,Tail probability,4096,17,126,19686953.000000,156245.658730158728,26215128.364455383271,bytes/s,5.193807959355,7.418551988612
candidate-modules-run-a,Tail probability,4096,18,133,20754559.000000,156049.315789473680,26248112.523132871836,bytes/s,5.193261868807,7.419098079161
candidate-modules-run-a,Tail probability,4096,19,140,21855486.000000,156110.614285714284,26237805.922046300024,bytes/s,5.193432432652,7.418927515315
candidate-modules-run-a,Tail probability,4096,20,147,22941392.000000,156063.891156462574,26245661.117686320096,bytes/s,5.193302431022,7.419057516946
candidate-modules-run-a,Tail probability,4096,21,154,24090590.000000,156432.402597402601,26183833.604739442468,bytes/s,5.194326715551,7.418033232417
candidate-modules-run-a,Tail probability,4096,22,161,25331576.000000,157338.981366459629,26032963.760328214616,bytes/s,5.196836334162,7.415523613806
candidate-modules-run-a,Tail probability,4096,23,168,26235919.000000,156166.184523809527,26228469.450603198260,bytes/s,5.193586999678,7.418772948290
candidate-modules-run-a,Tail probability,4096,24,175,27295001.000000,155971.434285714291,26261219.041538044810,bytes/s,5.193045065867,7.419314882101
candidate-modules-run-a,Tail probability,4096,25,182,28377835.000000,155922.170329670334,26269516.332024622709,bytes/s,5.192907871233,7.419452076735
candidate-modules-run-a,Tail probability,4096,26,189,29468981.000000,155920.534391534398,26269791.955140896142,bytes/s,5.192903314584,7.419456633384
candidate-modules-run-a,Tail probability,4096,27,196,30567323.000000,155955.729591836745,26263863.538197308779,bytes/s,5.193001334748,7.419358613220
candidate-modules-run-a,Tail probability,4096,28,203,31947253.000000,157375.630541871913,26026901.280056849122,bytes/s,5.196937483166,7.415422464802
candidate-modules-run-a,Tail probability,4096,29,210,32736621.000000,155888.671428571426,26275161.385776497424,bytes/s,5.192814555761,7.419545392207
candidate-modules-run-a,Tail probability,4096,30,217,34183543.000000,157527.847926267277,26001751.778626341373,bytes/s,5.197357339914,7.415002608054
candidate-modules-run-a,Tail probability,4096,31,224,35176961.000000,157040.004464285710,26082526.003312226385,bytes/s,5.196010298938,7.416349649030
candidate-modules-run-a,Tail probability,4096,32,231,36080335.000000,156191.926406926417,26224146.754734952003,bytes/s,5.193658581350,7.418701366618
candidate-modules-run-a,Tail probability,4096,33,238,37415977.000000,157209.987394957978,26054324.333158534020,bytes/s,5.196480132879,7.415879815089
candidate-modules-run-a,Tail probability,4096,34,245,38523818.000000,157240.073469387746,26049339.138711538166,bytes/s,5.196563238069,7.415796709898
candidate-modules-run-a,Tail probability,4096,35,252,39502077.000000,156754.273809523816,26130069.059406671673,bytes/s,5.195219390438,7.417140557530
candidate-modules-run-a,Tail probability,4096,36,259,40645475.000000,156932.335907335917,26100420.772546019405,bytes/s,5.195712439184,7.416647508784
candidate-modules-run-a,Tail probability,4096,37,266,42043707.000000,158059.048872180458,25914365.733735132962,bytes/s,5.198819364223,7.413540583744
candidate-modules-run-a,Tail probability,4096,38,273,42840482.000000,156924.842490842479,26101667.110094606876,bytes/s,5.195691701411,7.416668246556
candidate-modules-run-a,Tail probability,4096,39,280,43916749.000000,156845.532142857148,26114865.651826821268,bytes/s,5.195472152021,7.416887795947
candidate-modules-run-a,Tail probability,4096,40,287,44901575.000000,156451.480836236937,26180640.656814377755,bytes/s,5.194379678163,7.417980269805
candidate-modules-run-a,Tail probability,4096,41,294,46009067.000000,156493.425170068018,26173623.559895273298,bytes/s,5.194496096053,7.417863851915
candidate-modules-run-a,Tail probability,4096,42,301,48586534.000000,161417.056478405313,25375261.384152244776,bytes/s,5.207949423466,7.404410524502
candidate-modules-run-a,Tail probability,4096,43,308,49151246.000000,159581.967532467534,25667060.403717942536,bytes/s,5.202983815313,7.409376132655
candidate-modules-run-a,Tail probability,4096,44,315,49567726.000000,157357.860317460319,26029840.465144596994,bytes/s,5.196888441607,7.415471506360
candidate-modules-run-a,Tail probability,4096,45,322,50591323.000000,157115.909937888209,26069925.073910400271,bytes/s,5.196220164979,7.416139782989
candidate-modules-run-a,Tail probability,4096,46,329,52454863.000000,159437.273556230997,25690354.009694010019,bytes/s,5.202589859139,7.409770088828
candidate-modules-run-a,Tail probability,4096,47,336,52885664.000000,157397.809523809527,26023233.820038639009,bytes/s,5.196998684069,7.415361263899
candidate-modules-run-a,Tail probability,4096,48,343,55540583.000000,161925.897959183669,25295521.294762067497,bytes/s,5.209316314110,7.403043633857
candidate-modules-run-a,Tail probability,4096,49,350,54657253.000000,156163.579999999987,26228906.893656000495,bytes/s,5.193579756498,7.418780191469
candidate-modules-run-a,Tail probability,4096,50,357,55541766.000000,155579.176470588223,26327430.784249823540,bytes/s,5.191951468302,7.420408479666
candidate-modules-run-a,Tail probability,4096,51,364,57536705.000000,158067.870879120892,25912919.413789857179,bytes/s,5.198843603532,7.413516344436
candidate-modules-run-a,Tail probability,4096,52,371,58727046.000000,158293.924528301897,25875914.140139110386,bytes/s,5.199464246546,7.412895701422
candidate-modules-run-a,Tail probability,4096,53,378,59587109.000000,157637.854497354507,25983606.622029606253,bytes/s,5.197660515344,7.414699432624
candidate-modules-run-a,Tail probability,4096,54,385,63817569.000000,165759.919480519486,24710436.713751975447,bytes/s,5.219479527102,7.392880420865
candidate-modules-run-a,Tail probability,4096,55,392,64433976.000000,164372.387755102041,24919027.191492885351,bytes/s,5.215828863978,7.396531083990
candidate-modules-run-a,Tail probability,4096,56,399,66475787.000000,166605.982456140337,24584951.510239362717,bytes/s,5.221690591915,7.390669356053
candidate-modules-run-a,Tail probability,4096,57,406,63712716.000000,156927.871921182261,26101163.227761317044,bytes/s,5.195700085375,7.416659862593
candidate-modules-run-a,Tail probability,4096,58,413,65552715.000000,158723.280871670693,25805918.183556549251,bytes/s,5.200640631938,7.411719316030
candidate-modules-run-a,Tail probability,4096,59,420,67366238.000000,160395.804761904757,25536827.512915298343,bytes/s,5.205193004892,7.407166943076
candidate-modules-run-a,Tail probability,4096,60,427,66416271.000000,155541.618266978912,26333787.996016822755,bytes/s,5.191846613076,7.420513334892
candidate-modules-run-a,Tail probability,4096,61,434,67682823.000000,155951.205069124437,26264625.516580473632,bytes/s,5.192988734995,7.419371212973
candidate-modules-run-a,Tail probability,4096,62,441,68733872.000000,155859.120181405888,26280143.216724354774,bytes/s,5.192732220335,7.419627727633
candidate-modules-run-a,Tail probability,4096,63,448,69893547.000000,156012.381696428580,26254326.454486563802,bytes/s,5.193159066874,7.419200881094
candidate-modules-run-a,Tail probability,4096,64,455,72416360.000000,159156.835164835153,25735621.066841803491,bytes/s,5.201825294610,7.410534653357
candidate-modules-run-a,Tail probability,4096,65,462,72040744.000000,155932.346320346318,26267802.009374029934,bytes/s,5.192936213786,7.419423734182
candidate-modules-run-a,Tail probability,4096,66,469,72939996.000000,155522.379530916834,26337045.590186215937,bytes/s,5.191792892446,7.420567055522
candidate-modules-run-a,Tail probability,4096,67,476,74344234.000000,156185.365546218498,26225248.349455047399,bytes/s,5.193640338374,7.418719609593
candidate-modules-run-a,Tail probability,4096,68,483,75173701.000000,155639.132505175978,26317288.808222971857,bytes/s,5.192118801486,7.420241146482
candidate-modules-run-a,Tail probability,4096,69,490,77210412.000000,157572.269387755106,25994421.581379465759,bytes/s,5.197479789857,7.414880158111
candidate-modules-run-a,Tail probability,4096,70,497,81872020.000000,164732.434607645875,24864563.009438388050,bytes/s,5.216779116986,7.395580830982
candidate-modules-run-a,Tail probability,4096,71,504,80245361.000000,159216.986111111124,25725898.348192363977,bytes/s,5.201989398708,7.410370549260
candidate-modules-run-a,Tail probability,4096,72,511,80334078.000000,157209.545988258324,26054397.487452335656,bytes/s,5.196478913486,7.415881034482
candidate-modules-run-a,Tail probability,4096,73,518,82137681.000000,158566.951737451745,25831359.908980142325,bytes/s,5.200212677473,7.412147270495
candidate-modules-run-a,Tail probability,4096,74,525,84996734.000000,161898.540952380950,25299795.636853531003,bytes/s,5.209242934861,7.403117013107
candidate-modules-run-a,Tail probability,4096,75,532,91832668.000000,172617.796992481191,23728723.638956021518,bytes/s,5.237085569694,7.375274378274
candidate-modules-run-a,Tail probability,4096,76,539,86062791.000000,159671.226345083502,25652712.099471651018,bytes/s,5.203226660876,7.409133287092
candidate-modules-run-a,Tail probability,4096,77,546,86511730.000000,158446.391941391950,25851014.654313348234,bytes/s,5.199882354111,7.412477593856
candidate-modules-run-a,Tail probability,4096,78,553,87188352.000000,157664.289330922242,25979250.072303235531,bytes/s,5.197733337573,7.414626610395
candidate-modules-run-a,Tail probability,4096,79,560,88829750.000000,158624.553571428580,25821979.685859747231,bytes/s,5.200370412838,7.411989535130
candidate-modules-run-a,Tail probability,4096,80,567,89600468.000000,158025.516754850076,25919864.614992860705,bytes/s,5.198727219176,7.413632728791
candidate-modules-run-a,Tail probability,4096,81,574,91612729.000000,159604.057491289190,25663507.960776936263,bytes/s,5.203043927890,7.409316020078
candidate-modules-run-a,Tail probability,4096,82,581,91329255.000000,157193.209982788307,26057105.141172997653,bytes/s,5.196433782602,7.415926165365
candidate-modules-run-a,Tail probability,4096,83,588,104412586.000000,177572.425170068018,23066644.475216809660,bytes/s,5.249375526047,7.362984421921
candidate-modules-run-a,Tail probability,4096,84,595,98722496.000000,165920.161344537803,24686571.944048095495,bytes/s,5.219899161363,7.392460786605
candidate-modules-run-a,Tail probability,4096,85,602,98969086.000000,164400.475083056488,24914769.850456129760,bytes/s,5.215903068226,7.396456879742
candidate-modules-run-a,Tail probability,4096,86,609,96375905.000000,158252.717569786531,25882651.893126193434,bytes/s,5.199351176607,7.413008771361
candidate-modules-run-a,Tail probability,4096,87,616,97545407.000000,158352.933441558445,25866271.694371011108,bytes/s,5.199626112960,7.412733835008
candidate-modules-run-a,Tail probability,4096,88,623,99165624.000000,159174.356340288912,25732788.208946280181,bytes/s,5.201873102365,7.410486845602
candidate-modules-run-a,Tail probability,4096,89,630,100427495.000000,159408.722222222219,25694955.350623849779,bytes/s,5.202512080607,7.409847867361
candidate-modules-run-a,Tail probability,4096,90,637,99488217.000000,156182.444270015694,26225738.873177312315,bytes/s,5.193632215296,7.418727732672
candidate-modules-run-a,Tail probability,4096,91,644,100106159.000000,155444.346273291914,26350266.820246297866,bytes/s,5.191574930773,7.420785017195
candidate-modules-run-a,Tail probability,4096,92,651,101096851.000000,155294.701996927790,26375658.327874131501,bytes/s,5.191156639677,7.421203308290
candidate-modules-run-a,Tail probability,4096,93,658,103612421.000000,157465.685410334350,26012016.455054167658,bytes/s,5.197185927900,7.415174020068
candidate-modules-run-a,Tail probability,4096,94,665,104949877.000000,157819.363909774431,25953722.651814065874,bytes/s,5.198160288628,7.414199659340
candidate-modules-run-a,Tail probability,4096,95,672,104313073.000000,155227.787202380947,26387028.210740182549,bytes/s,5.190969466590,7.421390481378
candidate-modules-run-a,Tail probability,4096,96,679,106436823.000000,156755.262150220922,26129904.309526409954,bytes/s,5.195222128670,7.417137819298
candidate-modules-run-a,Tail probability,4096,97,686,106613038.000000,155412.591836734704,26355650.797606948763,bytes/s,5.191486203292,7.420873744676
candidate-modules-run-a,Tail probability,4096,98,693,114339128.000000,164991.526695526700,24825517.297980442643,bytes/s,5.217461641160,7.394898306808
candidate-modules-run-a,Tail probability,4096,99,700,111822161.000000,159745.944285714271,25640713.561241231859,bytes/s,5.203429840873,7.408930107095
candidate-modules-run-a,Tail probability,50000,0,12,50802172.000000,4233514.333333333023,11810518.652627687901,bytes/s,6.626701034493,7.072268969843
candidate-modules-run-a,Tail probability,50000,1,12,50839196.000000,4236599.666666666977,11801917.559829229489,bytes/s,6.627017427708,7.071952576628
candidate-modules-run-a,Tail probability,50000,2,12,51168913.000000,4264076.083333333023,11725869.572410108522,bytes/s,6.629824945145,7.069145059191
candidate-modules-run-a,Tail probability,50000,3,12,52302039.000000,4358503.250000000000,11471828.086855275556,bytes/s,6.639337374162,7.059632630174
candidate-modules-run-a,Tail probability,50000,4,12,53799042.000000,4483253.500000000000,11152614.948050562292,bytes/s,6.651593296202,7.047376708134
candidate-modules-run-a,Tail probability,50000,5,12,51594822.000000,4299568.500000000000,11629073.940791966394,bytes/s,6.633424872447,7.065545131889
candidate-modules-run-a,Tail probability,50000,6,12,51677252.000000,4306437.666666666977,11610524.491511274129,bytes/s,6.634118165422,7.064851838914
candidate-modules-run-a,Tail probability,50000,7,12,51947313.000000,4328942.750000000000,11550164.298199601471,bytes/s,6.636381842333,7.062588162003
candidate-modules-run-a,Tail probability,50000,8,12,51047994.000000,4253999.500000000000,11753645.011006701738,bytes/s,6.628797434521,7.070172569815
candidate-modules-run-a,Tail probability,50000,9,12,52890920.000000,4407576.666666666977,11344102.163471536711,bytes/s,6.644199875281,7.054770129055
candidate-modules-run-a,Tail probability,50000,10,12,50970105.000000,4247508.750000000000,11771606.120882034302,bytes/s,6.628134282202,7.070835722134
candidate-modules-run-a,Tail probability,50000,11,12,52055239.000000,4337936.583333333023,11526217.370743414387,bytes/s,6.637283198736,7.061686805600
candidate-modules-run-a,Tail probability,50000,12,12,53079809.000000,4423317.416666666977,11303733.214262319729,bytes/s,6.645748105402,7.053221898934
candidate-modules-run-a,Tail probability,50000,13,12,52975655.000000,4414637.916666666977,11325957.177877271548,bytes/s,6.644895089059,7.054074915277
candidate-modules-run-a,Tail probability,50000,14,12,54645115.000000,4553759.583333333023,10979938.462934885174,bytes/s,6.658370098219,7.040599906117
candidate-modules-run-a,Tail probability,50000,15,12,52333036.000000,4361086.333333333023,11465033.291781505570,bytes/s,6.639594684178,7.059375320158
candidate-modules-run-a,Tail probability,50000,16,12,51519640.000000,4293303.333333333023,11646044.110556673259,bytes/s,6.632791573627,7.066178430709
candidate-modules-run-a,Tail probability,50000,17,12,51054821.000000,4254568.416666666977,11752073.325259527192,bytes/s,6.628855511832,7.070114492504
candidate-modules-run-a,Tail probability,50000,18,12,52311172.000000,4359264.333333333023,11469825.222038611770,bytes/s,6.639413204193,7.059556800143
candidate-modules-run-a,Tail probability,50000,19,12,51393900.000000,4282825.000000000000,11674537.250529732555,bytes/s,6.631730329104,7.067239675232
candidate-modules-run-a,Tail probability,50000,20,12,51492466.000000,4291038.833333333023,11652190.050482338294,bytes/s,6.632562444858,7.066407559478
candidate-modules-run-a,Tail probability,50000,21,12,52172020.000000,4347668.333333333023,11500417.273473406211,bytes/s,6.638256406045,7.060713598291
candidate-modules-run-a,Tail probability,50000,22,12,53535458.000000,4461288.166666666977,11207525.300334593281,bytes/s,6.649460276403,7.049509727933
candidate-modules-run-a,Tail probability,50000,23,12,51214791.000000,4267899.250000000000,11715365.586476765573,bytes/s,6.630214158717,7.068755845619
candidate-modules-run-a,Tail probability,50000,24,12,52205480.000000,4350456.666666666977,11493046.323872512206,bytes/s,6.638534847162,7.060435157174
candidate-modules-run-a,Tail probability,50000,25,12,50859995.000000,4238332.916666666977,11797091.210881950334,bytes/s,6.627195067097,7.071774937239
candidate-modules-run-a,Tail probability,50000,26,12,50780778.000000,4231731.500000000000,11815494.437678761780,bytes/s,6.626518104262,7.072451900074
candidate-modules-run-a,Tail probability,50000,27,12,51271583.000000,4272631.916666666977,11702388.826184671372,bytes/s,6.630695480356,7.068274523980
candidate-modules-run-a,Tail probability,50000,28,12,51069422.000000,4255785.166666666977,11748713.349448129535,bytes/s,6.628979696522,7.069990307814
candidate-modules-run-a,Tail probability,50000,29,12,50907427.000000,4242285.583333333023,11786099.501748537645,bytes/s,6.627599901119,7.071370103217
candidate-modules-run-a,Tail probability,50000,30,12,51357994.000000,4279832.833333333023,11682699.289228470996,bytes/s,6.631426806168,7.067543198168
candidate-modules-run-a,Tail probability,50000,31,12,50974558.000000,4247879.833333333023,11770577.785098206252,bytes/s,6.628172222655,7.070797781681
candidate-modules-run-a,Tail probability,50000,32,12,51515169.000000,4292930.750000000000,11647054.870381964371,bytes/s,6.632753882857,7.066216121479
candidate-modules-run-a,Tail probability,50000,33,12,52227826.000000,4352318.833333333023,11488128.952562566847,bytes/s,6.638720702519,7.060249301817
candidate-modules-run-a,Tail probability,50000,34,12,51345542.000000,4278795.166666666977,11685532.504457738250,bytes/s,6.631321496553,7.067648507783
candidate-modules-run-a,Tail probability,50000,35,12,50949253.000000,4245771.083333333023,11776423.885939996690,bytes/s,6.627956574869,7.071013429467
candidate-modules-run-a,Tail probability,50000,36,12,51351130.000000,4279260.833333333023,11684260.891629844904,bytes/s,6.631368758796,7.067601245540
candidate-modules-run-a,Tail probability,50000,37,12,50908807.000000,4242400.583333333023,11785780.012483891100,bytes/s,6.627611673826,7.071358330510
candidate-modules-run-a,Tail probability,50000,38,12,50564698.000000,4213724.833333333023,11865986.028434304520,bytes/s,6.624666171693,7.074303832643
candidate-modules-run-a,Tail probability,50000,39,12,50709508.000000,4225792.333333333023,11832100.599359000102,bytes/s,6.625908150856,7.073061853480
candidate-modules-run-a,Tail probability,50000,40,12,50826727.000000,4235560.583333333023,11804812.849743405357,bytes/s,6.626910898052,7.072059106284
candidate-modules-run-a,Tail probability,50000,41,12,50951558.000000,4245963.166666666977,11775891.131729474291,bytes/s,6.627976222382,7.070993781954
candidate-modules-run-a,Tail probability,50000,42,12,51207089.000000,4267257.416666666977,11717127.681286470965,bytes/s,6.630148841890,7.068821162446
candidate-modules-run-a,Tail probability,50000,43,12,50468228.000000,4205685.666666666977,11888667.856537383050,bytes/s,6.623836810354,7.075133193982
candidate-modules-run-a,Tail probability,50000,44,12,50565537.000000,4213794.750000000000,11865789.144096303731,bytes/s,6.624673377709,7.074296626627
candidate-modules-run-a,Tail probability,50000,45,12,50718660.000000,4226555.000000000000,11829965.539310384542,bytes/s,6.625986524806,7.072983479530
candidate-modules-run-a,Tail probability,50000,46,12,50636510.000000,4219709.166666666977,11849157.850728653371,bytes/s,6.625282519288,7.073687485048
candidate-modules-run-a,Tail probability,50000,47,12,50513075.000000,4209422.916666666977,11878112.746056342497,bytes/s,6.624222561088,7.074747443248
candidate-modules-run-a,Tail probability,50000,48,12,50699659.000000,4224971.583333333023,11834399.122881675139,bytes/s,6.625823792281,7.073146212055
candidate-modules-run-a,Tail probability,50000,49,12,51065562.000000,4255463.500000000000,11749601.424145689234,bytes/s,6.628946869833,7.070023134503
candidate-modules-run-a,Tail probability,50000,50,12,51378723.000000,4281560.250000000000,11677985.846397934482,bytes/s,6.631602059781,7.067367944555
candidate-modules-run-a,Tail probability,50000,51,12,51110200.000000,4259183.333333333023,11739339.701272936538,bytes/s,6.629326334354,7.069643669982
candidate-modules-run-a,Tail probability,50000,52,12,52926300.000000,4410525.000000000000,11336518.895142868161,bytes/s,6.644490288115,7.054479716221
candidate-modules-run-a,Tail probability,50000,53,12,51115564.000000,4259630.333333333023,11738107.790417807177,bytes/s,6.629371911037,7.069598093299
candidate-modules-run-a,Tail probability,50000,54,12,50284701.000000,4190391.750000000000,11932058.619578944519,bytes/s,6.622254626048,7.076715378289
candidate-modules-run-a,Tail probability,50000,55,12,50294760.000000,4191230.000000000000,11929672.196467384696,bytes/s,6.622341494045,7.076628510291
candidate-modules-run-a,Tail probability,50000,56,12,50238457.000000,4186538.083333333489,11943041.960862770677,bytes/s,6.621855046173,7.077114958163
candidate-modules-run-a,Tail probability,50000,57,12,50575927.000000,4214660.583333333023,11863351.511085502803,bytes/s,6.624762605599,7.074207398737
candidate-modules-run-a,Tail probability,50000,58,12,50319839.000000,4193319.916666666511,11923726.544514579698,bytes/s,6.622557996852,7.076412007484
candidate-modules-run-a,Tail probability,50000,59,12,50523396.000000,4210283.000000000000,11875686.266220109537,bytes/s,6.624311288522,7.074658715814
candidate-modules-run-a,Tail probability,50000,60,12,50305657.000000,4192138.083333333489,11927088.041012961417,bytes/s,6.622435579282,7.076534425055
candidate-modules-run-a,Tail probability,50000,61,12,50562725.000000,4213560.416666666977,11866449.049176046625,bytes/s,6.624649225488,7.074320778848
candidate-modules-run-a,Tail probability,50000,62,12,51316884.000000,4276407.000000000000,11692058.309697836637,bytes/s,6.631079031767,7.067890972569
candidate-modules-run-a,Tail probability,50000,63,12,52152494.000000,4346041.166666666977,11504723.053129538894,bytes/s,6.638093835738,7.060876168598
candidate-modules-run-a,Tail probability,50000,64,12,52350045.000000,4362503.750000000000,11461308.199448538944,bytes/s,6.639735813286,7.059234191050
candidate-modules-run-a,Tail probability,50000,65,12,52448890.000000,4370740.833333333023,11439708.256933560595,bytes/s,6.640555055405,7.058414948931
candidate-modules-run-a,Tail probability,50000,66,12,50570130.000000,4214177.500000000000,11864711.441319214180,bytes/s,6.624712824022,7.074257180314
candidate-modules-run-a,Tail probability,50000,67,12,50605896.000000,4217158.000000000000,11856325.990157352760,bytes/s,6.625019872592,7.073950131744
candidate-modules-run-a,Tail probability,50000,68,12,50664435.000000,4222036.250000000000,11842626.884124929085,bytes/s,6.625521957799,7.073448046537
candidate-modules-run-a,Tail probability,50000,69,12,50594370.000000,4216197.500000000000,11859027.002411533147,bytes/s,6.624920946405,7.074049057931
candidate-modules-run-a,Tail probability,50000,70,12,50737643.000000,4228136.916666666977,11825539.471748813987,bytes/s,6.626149042304,7.072820962032
candidate-modules-run-a,Tail probability,50000,71,12,51207351.000000,4267279.250000000000,11717067.731154458597,bytes/s,6.630151063943,7.068818940393
candidate-modules-run-a,Tail probability,50000,72,12,51002950.000000,4250245.833333333023,11764025.414216237143,bytes/s,6.628414050279,7.070555954057
candidate-modules-run-a,Tail probability,50000,73,12,51048832.000000,4254069.333333333023,11753452.067228492349,bytes/s,6.628804563808,7.070165440528
candidate-modules-run-a,Tail probability,50000,74,12,51373729.000000,4281144.083333333023,11679121.054264914244,bytes/s,6.631559844406,7.067410159930
candidate-modules-run-a,Tail probability,50000,75,12,51710990.000000,4309249.166666666977,11602949.392382547259,bytes/s,6.634401606314,7.064568398022
candidate-modules-run-a,Tail probability,50000,76,12,51211176.000000,4267598.000000000000,11716192.574839523062,bytes/s,6.630183502926,7.068786501410
candidate-modules-run-a,Tail probability,50000,77,12,53023922.000000,4418660.166666666977,11315647.303494447842,bytes/s,6.645290601830,7.053679402506
candidate-modules-run-a,Tail probability,50000,78,12,51354100.000000,4279508.333333333023,11683585.147047655657,bytes/s,6.631393876400,7.067576127936
candidate-modules-run-a,Tail probability,50000,79,12,52410382.000000,4367531.833333333023,11448113.467289745808,bytes/s,6.640236079079,7.058733925257
candidate-modules-run-a,Tail probability,50000,80,12,51034092.000000,4252841.000000000000,11756846.776072748005,bytes/s,6.628679146148,7.070290858188
candidate-modules-run-a,Tail probability,50000,81,12,51450639.000000,4287553.250000000000,11661662.744363583624,bytes/s,6.632209526879,7.066760477457
candidate-modules-run-a,Tail probability,50000,82,12,51180649.000000,4265054.083333333023,11723180.767012158409,bytes/s,6.629924542642,7.069045461694
candidate-modules-run-a,Tail probability,50000,83,12,50856101.000000,4238008.416666666977,11797994.502173887566,bytes/s,6.627161814883,7.071808189453
candidate-modules-run-a,Tail probability,50000,84,12,50878664.000000,4239888.666666666977,11792762.482914252207,bytes/s,6.627354452799,7.071615551537
candidate-modules-run-a,Tail probability,50000,85,12,50861619.000000,4238468.250000000000,11796714.532425718382,bytes/s,6.627208934243,7.071761070093
candidate-modules-run-a,Tail probability,50000,86,12,50998466.000000,4249872.166666666977,11765059.756895432249,bytes/s,6.628375866957,7.070594137379
candidate-modules-run-a,Tail probability,50000,87,12,51017886.000000,4251490.500000000000,11760581.377284036949,bytes/s,6.628541212978,7.070428791358
candidate-modules-run-a,Tail probability,50000,88,12,52159113.000000,4346592.750000000000,11503263.101885953918,bytes/s,6.638148951276,7.060821053060
candidate-modules-run-a,Tail probability,50000,89,12,50720861.000000,4226738.416666666977,11829452.185364123434,bytes/s,6.626005371152,7.072964633184
candidate-modules-run-a,Tail probability,50000,90,12,50852747.000000,4237728.916666666977,11798772.640541914850,bytes/s,6.627133171874,7.071836832462
candidate-modules-run-a,Tail probability,50000,91,12,50494599.000000,4207883.250000000000,11882458.953679382801,bytes/s,6.624063681577,7.074906322759
candidate-modules-run-a,Tail probability,50000,92,12,50459799.000000,4204983.250000000000,11890653.785600692034,bytes/s,6.623764270182,7.075205734154
candidate-modules-run-a,Tail probability,50000,93,12,50773025.000000,4231085.416666666977,11817298.654157398269,bytes/s,6.626451792907,7.072518211429
candidate-modules-run-a,Tail probability,50000,94,12,50605862.000000,4217155.166666666977,11856333.955935776234,bytes/s,6.625019580808,7.073950423528
candidate-modules-run-a,Tail probability,50000,95,12,50709946.000000,4225828.833333333023,11831998.401260375977,bytes/s,6.625911902029,7.073058102307
candidate-modules-run-a,Tail probability,50000,96,12,50536426.000000,4211368.833333333023,11872624.312609681860,bytes/s,6.624423278767,7.074546725569
candidate-modules-run-a,Tail probability,50000,97,12,50663841.000000,4221986.750000000000,11842765.731086200103,bytes/s,6.625516866013,7.073453138323
candidate-modules-run-a,Tail probability,50000,98,12,50808303.000000,4234025.250000000000,11809093.486157173291,bytes/s,6.626753443646,7.072216560690
candidate-modules-run-a,Tail probability,50000,99,12,50583368.000000,4215280.666666666977,11861606.368322487921,bytes/s,6.624826496618,7.074143507718
candidate-modules-run-a,Tail probability,200000,0,2,59073508.000000,29536754.000000000000,6771224.759497946128,bytes/s,7.470362765947,6.830667229717
candidate-modules-run-a,Tail probability,200000,1,2,60146415.000000,30073207.500000000000,6650437.935494575649,bytes/s,7.478179750856,6.822850244808
candidate-modules-run-a,Tail probability,200000,2,2,59914425.000000,29957212.500000000000,6676188.580629790202,bytes/s,7.476501400076,6.824528595588
candidate-modules-run-a,Tail probability,200000,3,2,59104314.000000,29552157.000000000000,6767695.501888407394,bytes/s,7.470589185353,6.830440810311
candidate-modules-run-a,Tail probability,200000,4,2,59842474.000000,29921237.000000000000,6684215.629186721519,bytes/s,7.475979544111,6.825050451553
candidate-modules-run-a,Tail probability,200000,5,2,58392208.000000,29196104.000000000000,6850229.057959239930,bytes/s,7.465324901990,6.835705093674
candidate-modules-run-a,Tail probability,200000,6,2,59238418.000000,29619209.000000000000,6752374.784890440293,bytes/s,7.471573456227,6.829456539437
candidate-modules-run-a,Tail probability,200000,7,2,58585410.000000,29292705.000000000000,6827638.485418126918,bytes/s,7.466759477941,6.834270517723
candidate-modules-run-a,Tail probability,200000,8,2,59434291.000000,29717145.500000000000,6730121.505108893849,bytes/s,7.473007090649,6.828022905015
candidate-modules-run-a,Tail probability,200000,9,2,59256370.000000,29628185.000000000000,6750329.120734192431,bytes/s,7.471705047746,6.829324947918
candidate-modules-run-a,Tail probability,200000,10,2,59358289.000000,29679144.500000000000,6738738.712633715011,bytes/s,7.472451378269,6.828578617395
candidate-modules-run-a,Tail probability,200000,11,2,60667446.000000,30333723.000000000000,6593321.894579178654,bytes/s,7.481925716579,6.819104279085
candidate-modules-run-a,Tail probability,200000,12,2,58928749.000000,29464374.500000000000,6787858.333799008280,bytes/s,7.469297225880,6.831732769784
candidate-modules-run-a,Tail probability,200000,13,2,59012994.000000,29506497.000000000000,6778168.211563711055,bytes/s,7.469917653286,6.831112342378
candidate-modules-run-a,Tail probability,200000,14,2,61336938.000000,30668469.000000000000,6521355.859009460546,bytes/s,7.486692096118,6.814337899546
candidate-modules-run-a,Tail probability,200000,15,2,64066251.000000,32033125.500000000000,6243536.866235547699,bytes/s,7.505599315223,6.795430680441
candidate-modules-run-a,Tail probability,200000,16,2,64162722.000000,32081361.000000000000,6234149.480129599571,bytes/s,7.506252784246,6.794777211418
candidate-modules-run-a,Tail probability,200000,17,2,61955436.000000,30977718.000000000000,6456253.491622591391,bytes/s,7.491049421928,6.809980573736
candidate-modules-run-a,Tail probability,200000,18,2,58606297.000000,29303148.500000000000,6825205.148177166469,bytes/s,7.466914285976,6.834115709688
candidate-modules-run-a,Tail probability,200000,19,2,57934220.000000,28967110.000000000000,6904382.245933405124,bytes/s,7.461905168533,6.839124827131
candidate-modules-run-a,Tail probability,200000,20,2,57708239.000000,28854119.500000000000,6931419.272731576115,bytes/s,7.460207826102,6.840822169562
candidate-modules-run-a,Tail probability,200000,21,2,57948331.000000,28974165.500000000000,6902700.959584150463,bytes/s,7.462010936475,6.839019059189
candidate-modules-run-a,Tail probability,200000,22,2,58143638.000000,29071819.000000000000,6879514.487896337174,bytes/s,7.463472206072,6.837557789592
candidate-modules-run-a,Tail probability,200000,23,2,58097803.000000,29048901.500000000000,6884941.931453070603,bytes/s,7.463129713955,6.837900281709
candidate-modules-run-a,Tail probability,200000,24,2,59276399.000000,29638199.500000000000,6748048.240919628181,bytes/s,7.471851817021,6.829178178643
candidate-modules-run-a,Tail probability,200000,25,2,60153502.000000,30076751.000000000000,6649654.412472942844,bytes/s,7.478230920384,6.822799075280
candidate-modules-run-a,Tail probability,200000,26,2,59946800.000000,29973400.000000000000,6672583.023614271544,bytes/s,7.476736009462,6.824293986202
candidate-modules-run-a,Tail probability,200000,27,2,60588630.000000,30294315.000000000000,6601898.739086855203,bytes/s,7.481361136893,6.819668858771
candidate-modules-run-a,Tail probability,200000,28,2,61074961.000000,30537480.500000000000,6549328.783034343272,bytes/s,7.484833202659,6.816196793005
candidate-modules-run-a,Tail probability,200000,29,2,68559318.000000,34279659.000000000000,5834363.754901995882,bytes/s,7.535036493089,6.765993502575
candidate-modules-run-a,Tail probability,200000,30,2,59256281.000000,29628140.500000000000,6750339.259394290857,bytes/s,7.471704395458,6.829325600206
candidate-modules-run-a,Tail probability,200000,31,2,58023896.000000,29011948.000000000000,6893711.514993753284,bytes/s,7.462576890376,6.838453105288
candidate-modules-run-a,Tail probability,200000,32,2,58079571.000000,29039785.500000000000,6887103.212246523239,bytes/s,7.462993404159,6.838036591505
candidate-modules-run-a,Tail probability,200000,33,2,57789462.000000,28894731.000000000000,6921677.173599574715,bytes/s,7.460818655689,6.840211339975
candidate-modules-run-a,Tail probability,200000,34,2,58040731.000000,29020365.500000000000,6891711.960002709180,bytes/s,7.462702877903,6.838327117761
candidate-modules-run-a,Tail probability,200000,35,2,58134896.000000,29067448.000000000000,6880548.990747313015,bytes/s,7.463406904210,6.837623091454
candidate-modules-run-a,Tail probability,200000,36,2,58364580.000000,29182290.000000000000,6853471.746048716828,bytes/s,7.465119368960,6.835910626704
candidate-modules-run-a,Tail probability,200000,37,2,57879155.000000,28939577.500000000000,6910950.928706543520,bytes/s,7.461492186397,6.839537809267
candidate-modules-run-a,Tail probability,200000,38,2,58434924.000000,29217462.000000000000,6845221.532246708870,bytes/s,7.465642487873,6.835387507791
candidate-modules-run-a,Tail probability,200000,39,2,58097862.000000,29048931.000000000000,6884934.939602424391,bytes/s,7.463130154993,6.837899840671
candidate-modules-run-a,Tail probability,200000,40,2,57743478.000000,28871739.000000000000,6927189.248974576592,bytes/s,7.460472943055,6.840557052609
candidate-modules-run-a,Tail probability,200000,41,2,58158767.000000,29079383.500000000000,6877724.900873499922,bytes/s,7.463585194987,6.837444800677
candidate-modules-run-a,Tail probability,200000,42,2,57847772.000000,28923886.000000000000,6914700.189317576587,bytes/s,7.461256641146,6.839773354518
candidate-modules-run-a,Tail probability,200000,43,2,57969600.000000,28984800.000000000000,6900168.364108084701,bytes/s,7.462170308012,6.838859687652
candidate-modules-run-a,Tail probability,200000,44,2,58045811.000000,29022905.500000000000,6891108.817482109182,bytes/s,7.462740887752,6.838289107912
candidate-modules-run-a,Tail probability,200000,45,2,57928664.000000,28964332.000000000000,6905044.452604672872,bytes/s,7.461863516883,6.839166478781
candidate-modules-run-a,Tail probability,200000,46,2,58277591.000000,29138795.500000000000,6863701.692817055620,bytes/s,7.464471595529,6.836558400135
candidate-modules-run-a,Tail probability,200000,47,2,58838808.000000,29419404.000000000000,6798234.253827847540,bytes/s,7.468633870222,6.832396125442
candidate-modules-run-a,Tail probability,200000,48,2,57843511.000000,28921755.500000000000,6915209.555657850578,bytes/s,7.461224650338,6.839805345326
candidate-modules-run-a,Tail probability,200000,49,2,57787557.000000,28893778.500000000000,6921905.350662253797,bytes/s,7.460804339158,6.840225656506
candidate-modules-run-a,Tail probability,200000,50,2,58532912.000000,29266456.000000000000,6833762.174689002335,bytes/s,7.466370135046,6.834659860618
candidate-modules-run-a,Tail probability,200000,51,2,59187036.000000,29593518.000000000000,6758236.719270753674,bytes/s,7.471196596021,6.829833399643
candidate-modules-run-a,Tail probability,200000,52,2,58626169.000000,29313084.500000000000,6822891.668053561822,bytes/s,7.467061519934,6.833968475730
candidate-modules-run-a,Tail probability,200000,53,2,59887683.000000,29943841.500000000000,6679169.738458573818,bytes/s,7.476307515287,6.824722480377
candidate-modules-run-a,Tail probability,200000,54,2,57949621.000000,28974810.500000000000,6902547.300525054336,bytes/s,7.462020604288,6.839009391376
candidate-modules-run-a,Tail probability,200000,55,2,58179374.000000,29089687.000000000000,6875288.826586549170,bytes/s,7.463739048339,6.837290947325
candidate-modules-run-a,Tail probability,200000,56,2,57839802.000000,28919901.000000000000,6915652.996184185147,bytes/s,7.461196801927,6.839833193737
candidate-modules-run-a,Tail probability,200000,57,2,57751144.000000,28875572.000000000000,6926269.720301991329,bytes/s,7.460530595982,6.840499399682
candidate-modules-run-a,Tail probability,200000,58,2,57920823.000000,28960411.500000000000,6905979.219252461568,bytes/s,7.461804728482,6.839225267182
candidate-modules-run-a,Tail probability,200000,59,2,57779226.000000,28889613.000000000000,6922903.397840601392,bytes/s,7.460741724153,6.840288271511
candidate-modules-run-a,Tail probability,200000,60,2,58056691.000000,29028345.500000000000,6889817.402786527760,bytes/s,7.462822283482,6.838207712181
candidate-modules-run-a,Tail probability,200000,61,2,57827566.000000,28913783.000000000000,6917116.310930326581,bytes/s,7.461104917286,6.839925078378
candidate-modules-run-a,Tail probability,200000,62,2,57877931.000000,28938965.500000000000,6911097.081200086512,bytes/s,7.461483002054,6.839546993610
candidate-modules-run-a,Tail probability,200000,63,2,58041393.000000,29020696.500000000000,6891633.355526115745,bytes/s,7.462707831344,6.838322164320
candidate-modules-run-a,Tail probability,200000,64,2,57976986.000000,28988493.000000000000,6899289.314556641504,bytes/s,7.462225638646,6.838804357018
candidate-modules-run-a,Tail probability,200000,65,2,57879259.000000,28939629.500000000000,6910938.510805744678,bytes/s,7.461492966758,6.839537028906
candidate-modules-run-a,Tail probability,200000,66,2,58189555.000000,29094777.500000000000,6874085.907685666345,bytes/s,7.463815040310,6.837214955354
candidate-modules-run-a,Tail probability,200000,67,2,58702712.000000,29351356.000000000000,6813995.237562448718,bytes/s,7.467628169969,6.833401825695
candidate-modules-run-a,Tail probability,200000,68,2,59247931.000000,29623965.500000000000,6751290.606249187142,bytes/s,7.471643193263,6.829386802401
candidate-modules-run-a,Tail probability,200000,69,2,57768468.000000,28884234.000000000000,6924192.623560659587,bytes/s,7.460660854689,6.840369140975
candidate-modules-run-a,Tail probability,200000,70,2,57933886.000000,28966943.000000000000,6904422.051025543362,bytes/s,7.461902664749,6.839127330915
candidate-modules-run-a,Tail probability,200000,71,2,58519271.000000,29259635.500000000000,6835355.143094656989,bytes/s,7.466268911628,6.834761084036
candidate-modules-run-a,Tail probability,200000,72,2,59752914.000000,29876457.000000000000,6694234.192494779825,bytes/s,7.475329093927,6.825700901737
candidate-modules-run-a,Tail probability,200000,73,2,58882025.000000,29441012.500000000000,6793244.627711088397,bytes/s,7.468952741657,6.832077254007
candidate-modules-run-a,Tail probability,200000,74,2,58187162.000000,29093581.000000000000,6874368.610725507140,bytes/s,7.463797179921,6.837232815743
candidate-modules-run-a,Tail probability,200000,75,2,58251708.000000,29125854.000000000000,6866751.443579989485,bytes/s,7.464278668182,6.836751327482
candidate-modules-run-a,Tail probability,200000,76,2,59847199.000000,29923599.500000000000,6683687.903255088255,bytes/s,7.476013833476,6.825016162188
candidate-modules-run-a,Tail probability,200000,77,2,58417055.000000,29208527.500000000000,6847315.394451158121,bytes/s,7.465509663282,6.835520332382
candidate-modules-run-a,Tail probability,200000,78,2,58580027.000000,29290013.500000000000,6828265.886596467346,bytes/s,7.466719571851,6.834310423813
candidate-modules-run-a,Tail probability,200000,79,2,58689490.000000,29344745.000000000000,6815530.344530170783,bytes/s,7.467530339933,6.833499655731
candidate-modules-run-a,Tail probability,200000,80,2,59369949.000000,29684974.500000000000,6737415.253632776439,bytes/s,7.472536680194,6.828493315470
candidate-modules-run-a,Tail probability,200000,81,2,72104261.000000,36052130.500000000000,5547522.357936655171,bytes/s,7.556930934438,6.744099061226
candidate-modules-run-a,Tail probability,200000,82,2,58125410.000000,29062705.000000000000,6881671.888421948068,bytes/s,7.463336033634,6.837693962030
candidate-modules-run-a,Tail probability,200000,83,2,58086780.000000,29043390.000000000000,6886248.471683230251,bytes/s,7.463047306669,6.837982688995
candidate-modules-run-a,Tail probability,200000,84,2,59232194.000000,29616097.000000000000,6753084.310873239301,bytes/s,7.471527823832,6.829502171832
candidate-modules-run-a,Tail probability,200000,85,2,59691702.000000,29845851.000000000000,6701098.923264074139,bytes/s,7.474883966519,6.826146029145
candidate-modules-run-a,Tail probability,200000,86,2,61264491.000000,30632245.500000000000,6529067.547463995405,bytes/s,7.486178833976,6.814851161687
candidate-modules-run-a,Tail probability,200000,87,2,59668579.000000,29834289.500000000000,6703695.759203516878,bytes/s,7.474715699633,6.826314296031
candidate-modules-run-a,Tail probability,200000,88,2,58551526.000000,29275763.000000000000,6831589.666851722635,bytes/s,7.466508222698,6.834521772966
candidate-modules-run-a,Tail probability,200000,89,2,60218759.000000,30109379.500000000000,6642448.410469568335,bytes/s,7.478701805579,6.822328190085
candidate-modules-run-a,Tail probability,200000,90,2,58984478.000000,29492239.000000000000,6781445.111712271348,bytes/s,7.469707744693,6.831322250971
candidate-modules-run-a,Tail probability,200000,91,2,59013320.000000,29506660.000000000000,6778130.767765650526,bytes/s,7.469920052412,6.831109943252
candidate-modules-run-a,Tail probability,200000,92,2,58724679.000000,29362339.500000000000,6811446.342686692253,bytes/s,7.467790655858,6.833239339806
candidate-modules-run-a,Tail probability,200000,93,2,57819706.000000,28909853.000000000000,6918056.622425579466,bytes/s,7.461045883388,6.839984112276
candidate-modules-run-a,Tail probability,200000,94,2,59097985.000000,29548992.500000000000,6768420.276934991591,bytes/s,7.470542677801,6.830487317863
candidate-modules-run-a,Tail probability,200000,95,2,58158364.000000,29079182.000000000000,6877772.559076799080,bytes/s,7.463582185616,6.837447810048
candidate-modules-run-a,Tail probability,200000,96,2,58486333.000000,29243166.500000000000,6839204.639483894221,bytes/s,7.466024396980,6.835005598684
candidate-modules-run-a,Tail probability,200000,97,2,58131539.000000,29065769.500000000000,6880946.331044151448,bytes/s,7.463381825148,6.837648170516
candidate-modules-run-a,Tail probability,200000,98,2,59019887.000000,29509943.500000000000,6777376.581558009610,bytes/s,7.469968377997,6.831061617667
candidate-modules-run-a,Tail probability,200000,99,2,57838427.000000,28919213.500000000000,6915817.402848801576,bytes/s,7.461186477514,6.839843518150
candidate-modules-run-a,Tail probability (batch-balanced),8,0,10085,894214.000000,88.667724343084,90224487.650607123971,bytes/s,1.947765562441,7.955324424551
candidate-modules-run-a,Tail probability (batch-balanced),8,1,20170,1870997.000000,92.761378284581,86242789.272243633866,bytes/s,1.967367192930,7.935722794062
candidate-modules-run-a,Tail probability (batch-balanced),8,2,30255,2781557.000000,91.937101305569,87016012.974028572440,bytes/s,1.963490806714,7.939599180278
candidate-modules-run-a,Tail probability (batch-balanced),8,3,40340,3726416.000000,92.375210708974,86603320.724256232381,bytes/s,1.965555442035,7.937534544957
candidate-modules-run-a,Tail probability (batch-balanced),8,4,50425,4592480.000000,91.075458601884,87839250.252586841583,bytes/s,1.959401366768,7.943688620224
candidate-modules-run-a,Tail probability (batch-balanced),8,5,60510,5663286.000000,93.592563212692,85476876.852060809731,bytes/s,1.971241341430,7.931848645562
candidate-modules-run-a,Tail probability (batch-balanced),8,6,70595,6498963.000000,92.059820100574,86900017.741291970015,bytes/s,1.964070121879,7.939019865113
candidate-modules-run-a,Tail probability (batch-balanced),8,7,80680,7368588.000000,91.331036192365,87593443.954255551100,bytes/s,1.960618384945,7.942471602047
candidate-modules-run-a,Tail probability (batch-balanced),8,8,90765,8461190.000000,93.220845039387,85817715.947756752372,bytes/s,1.969513035459,7.933576951533
candidate-modules-run-a,Tail probability (batch-balanced),8,9,100850,9200886.000000,91.233376301438,87687207.514580667019,bytes/s,1.960153747230,7.942936239762
candidate-modules-run-a,Tail probability (batch-balanced),8,10,110935,9930730.000000,89.518456753955,89367045.524347156286,bytes/s,1.951912586601,7.951177400391
candidate-modules-run-a,Tail probability (batch-balanced),8,11,121020,10933011.000000,90.340530490828,88553830.230299785733,bytes/s,1.955882636464,7.947207350528
candidate-modules-run-a,Tail probability (batch-balanced),8,12,131105,11950029.000000,91.148537431829,87768824.661429688334,bytes/s,1.959749704364,7.943340282628
candidate-modules-run-a,Tail probability (batch-balanced),8,13,141190,13101939.000000,92.796508251293,86210140.346402168274,bytes/s,1.967531634886,7.935558352106
candidate-modules-run-a,Tail probability (batch-balanced),8,14,151275,15496709.000000,102.440647826805,78094000.474552363157,bytes/s,2.010472316250,7.892617670742
candidate-modules-run-a,Tail probability (batch-balanced),8,15,161360,14639868.000000,90.727987109569,88175658.414406463504,bytes/s,1.957741275730,7.945348711262
candidate-modules-run-a,Tail probability (batch-balanced),8,16,171445,15517177.000000,90.508192131587,88389788.941635444760,bytes/s,1.956687890106,7.946402096886
candidate-modules-run-a,Tail probability (batch-balanced),8,17,181530,16480198.000000,90.784983198369,88120300.496389672160,bytes/s,1.958014017536,7.945075969456
candidate-modules-run-a,Tail probability (batch-balanced),8,18,191615,17259012.000000,90.071299219790,88818525.649092778563,bytes/s,1.954586427204,7.948503559788
candidate-modules-run-a,Tail probability (batch-balanced),8,19,201700,18169782.000000,90.083202776401,88806789.206386730075,bytes/s,1.954643818486,7.948446168506
candidate-modules-run-a,Tail probability (batch-balanced),8,20,211785,19405238.000000,91.627065184031,87310446.797921270132,bytes/s,1.962023776330,7.941066210661
candidate-modules-run-a,Tail probability (batch-balanced),8,21,221870,20376293.000000,91.838883129761,87109073.274515628815,bytes/s,1.963026593548,7.940063393444
candidate-modules-run-a,Tail probability (batch-balanced),8,22,231955,20712016.000000,89.293250846069,89592437.549295052886,bytes/s,1.950818634352,7.952271352640
candidate-modules-run-a,Tail probability (batch-balanced),8,23,242040,22355146.000000,92.361370021484,86616298.547099635005,bytes/s,1.965490366302,7.937599620690
candidate-modules-run-a,Tail probability (batch-balanced),8,24,252125,22263286.000000,88.302572136837,90597587.436104446650,bytes/s,1.945973354184,7.957116632808
candidate-modules-run-a,Tail probability (batch-balanced),8,25,262210,24005052.000000,91.548956942908,87384938.803715139627,bytes/s,1.961653400560,7.941436586432
candidate-modules-run-a,Tail probability (batch-balanced),8,26,272295,38129249.000000,140.029192603610,57130944.278498642147,bytes/s,2.146218584714,7.756871402278
candidate-modules-run-a,Tail probability (batch-balanced),8,27,282380,27098791.000000,95.965688079892,83363128.635517358780,bytes/s,1.982115981569,7.920974005423
candidate-modules-run-a,Tail probability (batch-balanced),8,28,292465,26049290.000000,89.068059425914,89818954.758459821343,bytes/s,1.949721990210,7.953367996782
candidate-modules-run-a,Tail probability (batch-balanced),8,29,302550,26929532.000000,89.008534126591,89879022.034248501062,bytes/s,1.949431648739,7.953658338253
candidate-modules-run-a,Tail probability (batch-balanced),8,30,312635,27908551.000000,89.268799078798,89616977.964925527573,bytes/s,1.950699692308,7.952390294684
candidate-modules-run-a,Tail probability (batch-balanced),8,31,322720,30847352.000000,95.585498264750,83694704.167800202966,bytes/s,1.980392008371,7.922697978621
candidate-modules-run-a,Tail probability (batch-balanced),8,32,332805,29882374.000000,89.789438259642,89097338.785733699799,bytes/s,1.953225254537,7.949864732455
candidate-modules-run-a,Tail probability (batch-balanced),8,33,342890,32238375.000000,94.019583539911,85088655.988398924470,bytes/s,1.973218323147,7.929871663844
candidate-modules-run-a,Tail probability (batch-balanced),8,34,352975,32950687.000000,93.351333663857,85697757.986047446728,bytes/s,1.970120526878,7.932969460114
candidate-modules-run-a,Tail probability (batch-balanced),8,35,363060,34417084.000000,94.797234616868,84390647.388953685760,bytes/s,1.976795668476,7.926294318516
candidate-modules-run-a,Tail probability (batch-balanced),8,36,373145,35300118.000000,94.601610633936,84565156.411091893911,bytes/s,1.975898530519,7.927191456473
candidate-modules-run-a,Tail probability (batch-balanced),8,37,383230,35189530.000000,91.823526341883,87123641.605898112059,bytes/s,1.962953967165,7.940136019827
candidate-modules-run-a,Tail probability (batch-balanced),8,38,393315,36089821.000000,91.758059062075,87185802.334680467844,bytes/s,1.962644218455,7.940445768537
candidate-modules-run-a,Tail probability (batch-balanced),8,39,403400,36908591.000000,91.493780366882,87437637.486622020602,bytes/s,1.961391572272,7.941698414719
candidate-modules-run-a,Tail probability (batch-balanced),8,40,413485,37399323.000000,90.449044100753,88447590.348092660308,bytes/s,1.956403981434,7.946686005558
candidate-modules-run-a,Tail probability (batch-balanced),8,41,423570,40362083.000000,95.290230658451,83954041.717817202210,bytes/s,1.979048378198,7.924041608794
candidate-modules-run-a,Tail probability (batch-balanced),8,42,433655,39460395.000000,90.994903782961,87917011.474416315556,bytes/s,1.959017070113,7.944072916879
candidate-modules-run-a,Tail probability (batch-balanced),8,43,443740,40786453.000000,91.915204849687,87036742.322260767221,bytes/s,1.963387359440,7.939702627552
candidate-modules-run-a,Tail probability (batch-balanced),8,44,453825,43393790.000000,95.617892359390,83666349.493787020445,bytes/s,1.980539166605,7.922550820387
candidate-modules-run-a,Tail probability (batch-balanced),8,45,463910,42616304.000000,91.863301071328,87085919.041688829660,bytes/s,1.963142047562,7.939947939429
candidate-modules-run-a,Tail probability (batch-balanced),8,46,473995,46429271.000000,97.953081783563,81671754.010524958372,bytes/s,1.991018104246,7.912071882746
candidate-modules-run-a,Tail probability (batch-balanced),8,47,484080,46527765.000000,96.115858948934,83232882.559478193521,bytes/s,1.982795051412,7.920294935580
candidate-modules-run-a,Tail probability (batch-balanced),8,48,494165,47782920.000000,96.694262037983,82735002.381604135036,bytes/s,1.985400703254,7.917689283738
candidate-modules-run-a,Tail probability (batch-balanced),8,49,504250,45739312.000000,90.707609320773,88195467.391376584768,bytes/s,1.957643720879,7.945446266113
candidate-modules-run-a,Tail probability (batch-balanced),8,50,514335,46998448.000000,91.377114137673,87549273.967514842749,bytes/s,1.960837438094,7.942252548898
candidate-modules-run-a,Tail probability (batch-balanced),8,51,524420,47941351.000000,91.417854010145,87510258.106827244163,bytes/s,1.961031022220,7.942058964772
candidate-modules-run-a,Tail probability (batch-balanced),8,52,534505,52307290.000000,97.861179970253,81748452.271184384823,bytes/s,1.990610448001,7.912479538990
candidate-modules-run-a,Tail probability (batch-balanced),8,53,544590,53315577.000000,97.900396628656,81715705.712047338486,bytes/s,1.990784451285,7.912305535707
candidate-modules-run-a,Tail probability (batch-balanced),8,54,554675,50913123.000000,91.789107134809,87156311.350219070911,bytes/s,1.962791145341,7.940298841651
candidate-modules-run-a,Tail probability (batch-balanced),8,55,564760,50442720.000000,89.317090445499,89568524.457047522068,bytes/s,1.950934567243,7.952155419749
candidate-modules-run-a,Tail probability (batch-balanced),8,56,574845,52547801.000000,91.412121528412,87515745.901526883245,bytes/s,1.961003788336,7.942086198656
candidate-modules-run-a,Tail probability (batch-balanced),8,57,584930,52116586.000000,89.098842596550,89787922.792947337031,bytes/s,1.949872062542,7.953217924450
candidate-modules-run-a,Tail probability (batch-balanced),8,58,595015,53841653.000000,90.487891901885,88409618.478838309646,bytes/s,1.956590470564,7.946499516428
candidate-modules-run-a,Tail probability (batch-balanced),8,59,605100,54858168.000000,90.659672781358,88242100.975738018751,bytes/s,1.957414147223,7.945675839769
candidate-modules-run-a,Tail probability (batch-balanced),8,60,615185,55621893.000000,90.414904459634,88480987.153745383024,bytes/s,1.956240027721,7.946849959271
candidate-modules-run-a,Tail probability (batch-balanced),8,61,625270,56044795.000000,89.632950565356,89252891.370197713375,bytes/s,1.952467692899,7.950622294093
candidate-modules-run-a,Tail probability (batch-balanced),8,62,635355,57350874.000000,90.265873409354,88627071.315425813198,bytes/s,1.955523588726,7.947566398266
candidate-modules-run-a,Tail probability (batch-balanced),8,63,645440,58557828.000000,90.725440009916,88178133.929421022534,bytes/s,1.957729083165,7.945360903827
candidate-modules-run-a,Tail probability (batch-balanced),8,64,655525,59273144.000000,90.420874871286,88475144.831190332770,bytes/s,1.956268704755,7.946821282237
candidate-modules-run-a,Tail probability (batch-balanced),8,65,665610,61711921.000000,92.714834512703,86286084.012844130397,bytes/s,1.967149227473,7.935940759519
candidate-modules-run-a,Tail probability (batch-balanced),8,66,675695,60354359.000000,89.321896713754,89563704.918148502707,bytes/s,1.950957936562,7.952132050430
candidate-modules-run-a,Tail probability (batch-balanced),8,67,685780,61535048.000000,89.730012540465,89156345.502485021949,bytes/s,1.952937728447,7.950152258545
candidate-modules-run-a,Tail probability (batch-balanced),8,68,695865,62598311.000000,89.957550674341,88930833.932564094663,bytes/s,1.954037622140,7.949052364852
candidate-modules-run-a,Tail probability (batch-balanced),8,69,705950,63590811.000000,90.078349741483,88811573.735079422593,bytes/s,1.954620421194,7.948469565798
candidate-modules-run-a,Tail probability (batch-balanced),8,70,716035,64762977.000000,90.446663920060,88449917.921469226480,bytes/s,1.956392552757,7.946697434235
candidate-modules-run-a,Tail probability (batch-balanced),8,71,726120,66026444.000000,90.930485319231,87979295.083648607135,bytes/s,1.958709509034,7.944380477958
candidate-modules-run-a,Tail probability (batch-balanced),8,72,736205,68486457.000000,93.026340489402,85997148.312110811472,bytes/s,1.968605936828,7.934484050164
candidate-modules-run-a,Tail probability (batch-balanced),8,73,746290,70080199.000000,93.904780983264,85192680.460282370448,bytes/s,1.972687704106,7.930402282886
candidate-modules-run-a,Tail probability (batch-balanced),8,74,756375,70954923.000000,93.809185919683,85279494.983033105731,bytes/s,1.972245367152,7.930844619840
candidate-modules-run-a,Tail probability (batch-balanced),8,75,766460,72689261.000000,94.837644495473,84354688.927158027887,bytes/s,1.976980758768,7.926109228224
candidate-modules-run-a,Tail probability (batch-balanced),8,76,776545,71587858.000000,92.187649138170,86779520.627646103501,bytes/s,1.964672740246,7.938417246746
candidate-modules-run-a,Tail probability (batch-balanced),8,77,786630,70059221.000000,89.062482997089,89824578.551908239722,bytes/s,1.949694798777,7.953395188214
candidate-modules-run-a,Tail probability (batch-balanced),8,78,796715,72620593.000000,91.150026044445,87767391.268754854798,bytes/s,1.959756797083,7.943333189909
candidate-modules-run-a,Tail probability (batch-balanced),8,79,806800,76810285.000000,95.203625433813,84030413.374979674816,bytes/s,1.978653486997,7.924436499995
candidate-modules-run-a,Tail probability (batch-balanced),8,80,816885,75447555.000000,92.360069042766,86617518.619390651584,bytes/s,1.965484248897,7.937605738095
candidate-modules-run-a,Tail probability (batch-balanced),8,81,826970,74524770.000000,90.117864009577,88772632.240260511637,bytes/s,1.954810889445,7.948279097547
candidate-modules-run-a,Tail probability (batch-balanced),8,82,837055,76343025.000000,91.204311544642,87715151.449657648802,bytes/s,1.960015369423,7.943074617569
candidate-modules-run-a,Tail probability (batch-balanced),8,83,847140,75885825.000000,89.578847652100,89306797.415722891688,bytes/s,1.952205471353,7.950884515639
candidate-modules-run-a,Tail probability (batch-balanced),8,84,857225,77076502.000000,89.913968911313,88973939.165012970567,bytes/s,1.953827168372,7.949262818620
candidate-modules-run-a,Tail probability (batch-balanced),8,85,867310,77132246.000000,88.932729935087,89955632.823138594627,bytes/s,1.949061623897,7.954028363095
candidate-modules-run-a,Tail probability (batch-balanced),8,86,877395,79461421.000000,90.565162783011,88334186.724397987127,bytes/s,1.956961172063,7.946128814929
candidate-modules-run-a,Tail probability (batch-balanced),8,87,887480,80480325.000000,90.684099923379,88218331.623288050294,bytes/s,1.957531146808,7.945558840184
candidate-modules-run-a,Tail probability (batch-balanced),8,88,897565,83458085.000000,92.982775620707,86037440.231225058436,bytes/s,1.968402506127,7.934687480865
candidate-modules-run-a,Tail probability (batch-balanced),8,89,907650,81669792.000000,89.979388530821,88909250.558639839292,bytes/s,1.954143037523,7.948946949469
candidate-modules-run-a,Tail probability (batch-balanced),8,90,917735,84481313.000000,92.054147439076,86905372.789364680648,bytes/s,1.964043360133,7.939046626859
candidate-modules-run-a,Tail probability (batch-balanced),8,91,927820,84283484.000000,90.840339721067,88066601.518276110291,bytes/s,1.958278749708,7.944811237284
candidate-modules-run-a,Tail probability (batch-balanced),8,92,937905,86353216.000000,92.070322687266,86890104.938303619623,bytes/s,1.964119665266,7.938970321726
candidate-modules-run-a,Tail probability (batch-balanced),8,93,947990,86055215.000000,90.776500806971,88128534.685550436378,bytes/s,1.957973437831,7.945116549161
candidate-modules-run-a,Tail probability (batch-balanced),8,94,958075,86078268.000000,89.845020483783,89042219.111564829946,bytes/s,1.953494012037,7.949595974955
candidate-modules-run-a,Tail probability (batch-balanced),8,95,968160,86578708.000000,89.426032887126,89459408.426376610994,bytes/s,1.951463965031,7.951626021961
candidate-modules-run-a,Tail probability (batch-balanced),8,96,978245,87618918.000000,89.567458049875,89318153.871747195721,bytes/s,1.952150248988,7.950939738004
candidate-modules-run-a,Tail probability (batch-balanced),8,97,988330,88480789.000000,89.525552194105,89359962.646806865931,bytes/s,1.951947008423,7.951142978569
candidate-modules-run-a,Tail probability (batch-balanced),8,98,998415,90064331.000000,90.207309585693,88684609.226709291339,bytes/s,1.955241730270,7.947848256721
candidate-modules-run-a,Tail probability (batch-balanced),8,99,1008500,93238534.000000,92.452686167576,86530747.040703147650,bytes/s,1.965919533892,7.937170453100
candidate-modules-run-a,Tail probability (batch-balanced),16,0,4571,1258645.000000,275.354408225771,58106932.455140247941,bytes/s,2.439892033615,7.764227949041
candidate-modules-run-a,Tail probability (batch-balanced),16,1,9142,2494167.000000,272.825092977467,58645631.988555699587,bytes/s,2.435884311881,7.768235670775
candidate-modules-run-a,Tail probability (batch-balanced),16,2,13713,3088912.000000,225.254284255816,71030835.452741935849,bytes/s,2.352673059855,7.851446922801
candidate-modules-run-a,Tail probability (batch-balanced),16,3,18284,3861156.000000,211.176766571866,75765910.520061865449,bytes/s,2.324646135904,7.879473846752
candidate-modules-run-a,Tail probability (batch-balanced),16,4,22855,5134192.000000,224.641960183767,71224449.728409066796,bytes/s,2.351490880039,7.852629102617
candidate-modules-run-a,Tail probability (batch-balanced),16,5,27426,5834487.000000,212.735615838985,75210725.467380419374,bytes/s,2.327840204841,7.876279777814
candidate-modules-run-a,Tail probability (batch-balanced),16,6,31997,6761809.000000,211.326343094665,75712283.502831861377,bytes/s,2.324953637836,7.879166344820
candidate-modules-run-a,Tail probability (batch-balanced),16,7,36568,7686827.000000,210.206382629622,76115671.654897406697,bytes/s,2.322645898651,7.881474084005
candidate-modules-run-a,Tail probability (batch-balanced),16,8,41139,8646703.000000,210.182624759960,76124275.345180705190,bytes/s,2.322596811203,7.881523171453
candidate-modules-run-a,Tail probability (batch-balanced),16,9,45710,9603225.000000,210.090242835266,76157749.089498579502,bytes/s,2.322405883052,7.881714099604
candidate-modules-run-a,Tail probability (batch-balanced),16,10,50281,10541935.000000,209.660408504206,76313883.551738843322,bytes/s,2.321516427645,7.882603555011
candidate-modules-run-a,Tail probability (batch-balanced),16,11,54852,11513475.000000,209.900732881208,76226508.504165768623,bytes/s,2.322013954951,7.882106027705
candidate-modules-run-a,Tail probability (batch-balanced),16,12,59423,12477472.000000,209.977146895983,76198768.468484640121,bytes/s,2.322172030367,7.881947952289
candidate-modules-run-a,Tail probability (batch-balanced),16,13,63994,13506434.000000,211.057817920430,75808610.918322339654,bytes/s,2.324401443753,7.879718538903
candidate-modules-run-a,Tail probability (batch-balanced),16,14,68565,15104923.000000,220.300780281485,72627976.984722137451,bytes/s,2.343016035377,7.861103947278
candidate-modules-run-a,Tail probability (batch-balanced),16,15,73136,16571804.000000,226.588875519580,70612469.227852314711,bytes/s,2.355238584172,7.848881398484
candidate-modules-run-a,Tail probability (batch-balanced),16,16,77707,16794502.000000,216.125986075900,74030894.158100068569,bytes/s,2.334706987757,7.869412994899
candidate-modules-run-a,Tail probability (batch-balanced),16,17,82278,18058944.000000,219.486910231168,72897285.688465505838,bytes/s,2.341408624879,7.862711357777
candidate-modules-run-a,Tail probability (batch-balanced),16,18,86849,18973554.000000,218.466004214211,73237939.502530738711,bytes/s,2.339383865422,7.864736117234
candidate-modules-run-a,Tail probability (batch-balanced),16,19,91420,20391189.000000,223.049540581930,71732943.086349695921,bytes/s,2.348401333057,7.855718649599
candidate-modules-run-a,Tail probability (batch-balanced),16,20,95991,20538232.000000,213.959975414362,74780341.365313231945,bytes/s,2.330332539319,7.873787443337
candidate-modules-run-a,Tail probability (batch-balanced),16,21,100562,21395981.000000,212.764075893479,75200665.022089898586,bytes/s,2.327898301451,7.876221681205
candidate-modules-run-a,Tail probability (batch-balanced),16,22,105133,23752883.000000,225.931753112724,70817845.564262658358,bytes/s,2.353977272233,7.850142710423
candidate-modules-run-a,Tail probability (batch-balanced),16,23,109704,22804324.000000,207.871399402027,76970665.738655537367,bytes/s,2.317794739758,7.886325242898
candidate-modules-run-a,Tail probability (batch-balanced),16,24,114275,24627675.000000,215.512360533800,74241681.360501959920,bytes/s,2.333472183813,7.870647798843
candidate-modules-run-a,Tail probability (batch-balanced),16,25,118846,25013903.000000,210.473242683809,76019164.222392648458,bytes/s,2.323196892127,7.880923090529
candidate-modules-run-a,Tail probability (batch-balanced),16,26,123417,25949957.000000,210.262419277733,76095386.208154410124,bytes/s,2.322761657095,7.881358325561
candidate-modules-run-a,Tail probability (batch-balanced),16,27,127988,26727232.000000,208.826077444760,76618783.419098541141,bytes/s,2.319784730840,7.884335251816
candidate-modules-run-a,Tail probability (batch-balanced),16,28,132559,27997053.000000,211.204467444685,75755973.316191524267,bytes/s,2.324703100254,7.879416882402
candidate-modules-run-a,Tail probability (batch-balanced),16,29,137130,28745968.000000,209.625669073142,76326530.385061308742,bytes/s,2.321444461777,7.882675520879
candidate-modules-run-a,Tail probability (batch-balanced),16,30,141701,29554048.000000,208.566262764554,76714228.791940793395,bytes/s,2.319244059219,7.884875923437
candidate-modules-run-a,Tail probability (batch-balanced),16,31,146272,30787895.000000,210.483858838329,76015330.050982698798,bytes/s,2.323218797149,7.880901185507
candidate-modules-run-a,Tail probability (batch-balanced),16,32,150843,31421478.000000,208.305841172610,76810136.047705963254,bytes/s,2.318701448313,7.885418534343
candidate-modules-run-a,Tail probability (batch-balanced),16,33,155414,32122821.000000,206.691938950159,77409888.751675948501,bytes/s,2.315323539338,7.888796443318
candidate-modules-run-a,Tail probability (batch-balanced),16,34,159985,33368263.000000,208.571197299747,76712413.828673079610,bytes/s,2.319254334208,7.884865648448
candidate-modules-run-a,Tail probability (batch-balanced),16,35,164556,34666515.000000,210.666976591555,75949255.354915261269,bytes/s,2.323596462480,7.880523520176
candidate-modules-run-a,Tail probability (batch-balanced),16,36,169127,36084429.000000,213.356997995589,74991681.314951658249,bytes/s,2.329106892056,7.875013090600
candidate-modules-run-a,Tail probability (batch-balanced),16,37,173698,36661709.000000,211.065809623600,75805740.534354239702,bytes/s,2.324417888000,7.879702094656
candidate-modules-run-a,Tail probability (batch-balanced),16,38,178269,38077876.000000,213.597854927105,74907119.294153898954,bytes/s,2.329596886943,7.874523095713
candidate-modules-run-a,Tail probability (batch-balanced),16,39,182840,39119692.000000,213.955873988186,74781774.866734638810,bytes/s,2.330324214193,7.873795768463
candidate-modules-run-a,Tail probability (batch-balanced),16,40,187411,39414619.000000,210.311129015906,76077761.908595398068,bytes/s,2.322862254818,7.881257727838
candidate-modules-run-a,Tail probability (batch-balanced),16,41,191982,40677304.000000,211.880822160411,75514149.118633821607,bytes/s,2.326091649458,7.878028333198
candidate-modules-run-a,Tail probability (batch-balanced),16,42,196553,41656249.000000,211.933926218374,75495227.618790164590,bytes/s,2.326200483799,7.877919498857
candidate-modules-run-a,Tail probability (batch-balanced),16,43,201124,41997420.000000,208.813567749249,76623373.531040713191,bytes/s,2.319758713713,7.884361268943
candidate-modules-run-a,Tail probability (batch-balanced),16,44,205695,43708375.000000,212.491188410025,75297239.945433795452,bytes/s,2.327340925425,7.876779057231
candidate-modules-run-a,Tail probability (batch-balanced),16,45,210266,44479431.000000,211.538865056643,75636219.357212543488,bytes/s,2.325390169957,7.878729812699
candidate-modules-run-a,Tail probability (batch-balanced),16,46,214837,45713068.000000,212.780238040933,75194953.005560681224,bytes/s,2.327931290407,7.876188692249
candidate-modules-run-a,Tail probability (batch-balanced),16,47,219408,46503755.000000,211.951045540728,75489129.856287941337,bytes/s,2.326235563256,7.877884419400
candidate-modules-run-a,Tail probability (batch-balanced),16,48,223979,47974129.000000,214.190299090540,74699928.371810570359,bytes/s,2.330799797276,7.873320185380
candidate-modules-run-a,Tail probability (batch-balanced),16,49,228550,48466606.000000,212.061281995187,75449888.114715516567,bytes/s,2.326461382563,7.877658600093
candidate-modules-run-a,Tail probability (batch-balanced),16,50,233121,49287889.000000,211.426207849143,75676521.670465543866,bytes/s,2.325158820336,7.878961162320
candidate-modules-run-a,Tail probability (batch-balanced),16,51,237692,51407005.000000,216.275705534894,73979645.381013736129,bytes/s,2.335007737448,7.869112245208
candidate-modules-run-a,Tail probability (batch-balanced),16,52,242263,50874432.000000,209.996706059118,76191671.289814099669,bytes/s,2.322212482584,7.881907500072
candidate-modules-run-a,Tail probability (batch-balanced),16,53,246834,53386341.000000,216.284389508739,73976675.045026972890,bytes/s,2.335025175034,7.869094807622
candidate-modules-run-a,Tail probability (batch-balanced),16,54,251405,53196755.000000,211.597840138422,75615138.554973885417,bytes/s,2.325511230373,7.878608752283
candidate-modules-run-a,Tail probability (batch-balanced),16,55,255976,54035014.000000,211.094063505954,75795594.315937444568,bytes/s,2.324476020030,7.879643962626
candidate-modules-run-a,Tail probability (batch-balanced),16,56,260547,54761923.000000,210.180593136747,76125011.168800622225,bytes/s,2.322592613297,7.881527369359
candidate-modules-run-a,Tail probability (batch-balanced),16,57,265118,55801711.000000,210.478771716745,76017167.287218123674,bytes/s,2.323208300689,7.880911681967
candidate-modules-run-a,Tail probability (batch-balanced),16,58,269689,56564317.000000,209.739058693532,76285266.557713404298,bytes/s,2.321679314564,7.882440668092
candidate-modules-run-a,Tail probability (batch-balanced),16,59,274260,57638754.000000,210.160993218114,76132110.697604611516,bytes/s,2.322552112253,7.881567870403
candidate-modules-run-a,Tail probability (batch-balanced),16,60,278831,58452842.000000,209.635377701905,76322995.552551567554,bytes/s,2.321464575278,7.882655407378
candidate-modules-run-a,Tail probability (batch-balanced),16,61,283402,59273411.000000,209.149586100310,76500270.922488331795,bytes/s,2.320457009464,7.883662973192
candidate-modules-run-a,Tail probability (batch-balanced),16,62,287973,60265908.000000,209.276244647936,76453971.290036812425,bytes/s,2.320719933528,7.883400049128
candidate-modules-run-a,Tail probability (batch-balanced),16,63,292544,61406147.000000,209.903970001094,76225332.945901975036,bytes/s,2.322020652652,7.882099330004
candidate-modules-run-a,Tail probability (batch-balanced),16,64,297115,62802894.000000,211.375709742019,75694600.952624887228,bytes/s,2.325055078851,7.879064903805
candidate-modules-run-a,Tail probability (batch-balanced),16,65,301686,63768009.000000,211.372118692946,75695886.945443138480,bytes/s,2.325047700586,7.879072282070
candidate-modules-run-a,Tail probability (batch-balanced),16,66,306257,65576759.000000,214.123298406241,74723302.504169195890,bytes/s,2.330663924738,7.873456057917
candidate-modules-run-a,Tail probability (batch-balanced),16,67,310828,67482188.000000,217.104598041361,73697195.473270669580,bytes/s,2.336669021441,7.867450961215
candidate-modules-run-a,Tail probability (batch-balanced),16,68,315399,68080774.000000,215.856023639897,74123481.616116762161,bytes/s,2.334164172506,7.869955810150
candidate-modules-run-a,Tail probability (batch-balanced),16,69,319970,66967218.000000,209.292177391630,76448151.093868046999,bytes/s,2.320752996236,7.883366986420
candidate-modules-run-a,Tail probability (batch-balanced),16,70,324541,68334068.000000,210.556040685152,75989270.827546820045,bytes/s,2.323367705498,7.880752277158
candidate-modules-run-a,Tail probability (batch-balanced),16,71,329112,68924760.000000,209.426456646977,76399134.360424324870,bytes/s,2.321031544821,7.883088437835
candidate-modules-run-a,Tail probability (batch-balanced),16,72,333683,70287628.000000,210.641920625264,75958289.558441206813,bytes/s,2.323544805997,7.880575176659
candidate-modules-run-a,Tail probability (batch-balanced),16,73,338254,71320989.000000,210.850393491282,75883187.766787707806,bytes/s,2.323974415837,7.880145566819
candidate-modules-run-a,Tail probability (batch-balanced),16,74,342825,71715599.000000,209.190108656020,76485451.930757761002,bytes/s,2.320541145503,7.883578837153
candidate-modules-run-a,Tail probability (batch-balanced),16,75,347396,73128902.000000,210.505883775288,76007376.673042356968,bytes/s,2.323264239152,7.880855743504
candidate-modules-run-a,Tail probability (batch-balanced),16,76,351967,73750241.000000,209.537374242472,76358692.848203703761,bytes/s,2.321261497372,7.882858485284
candidate-modules-run-a,Tail probability (batch-balanced),16,77,356538,74847030.000000,209.927216734261,76216891.972867861390,bytes/s,2.322068747831,7.882051234825
candidate-modules-run-a,Tail probability (batch-balanced),16,78,361109,75712181.000000,209.665726968865,76311947.743256792426,bytes/s,2.321527444272,7.882592538384
candidate-modules-run-a,Tail probability (batch-balanced),16,79,365680,76653964.000000,209.620334718880,76328472.719297334552,bytes/s,2.321433410124,7.882686572532
candidate-modules-run-a,Tail probability (batch-balanced),16,80,370251,78785024.000000,212.788146419591,75192158.347251370549,bytes/s,2.327947431480,7.876172551176
candidate-modules-run-a,Tail probability (batch-balanced),16,81,374822,78933884.000000,210.590317537391,75976902.390866771340,bytes/s,2.323438399438,7.880681583217
candidate-modules-run-a,Tail probability (batch-balanced),16,82,379393,79791701.000000,210.314109643562,76076683.714262470603,bytes/s,2.322868409799,7.881251572857
candidate-modules-run-a,Tail probability (batch-balanced),16,83,383964,80906094.000000,210.712707441323,75932772.134568750858,bytes/s,2.323690727375,7.880429255281
candidate-modules-run-a,Tail probability (batch-balanced),16,84,388535,81790037.000000,210.508801008918,76006323.361853957176,bytes/s,2.323270257652,7.880849725003
candidate-modules-run-a,Tail probability (batch-balanced),16,85,393106,82645689.000000,210.237668720396,76104344.656138092279,bytes/s,2.322710532110,7.881409450546
candidate-modules-run-a,Tail probability (batch-balanced),16,86,397677,83205016.000000,209.227629458078,76471735.790544167161,bytes/s,2.320619034540,7.883500948116
candidate-modules-run-a,Tail probability (batch-balanced),16,87,402248,84329538.000000,209.645636522742,76319260.755347669125,bytes/s,2.321485827609,7.882634155047
candidate-modules-run-a,Tail probability (batch-balanced),16,88,406819,85302466.000000,209.681617623562,76306164.466570049524,bytes/s,2.321560358388,7.882559624268
candidate-modules-run-a,Tail probability (batch-balanced),16,89,411390,86507726.000000,210.281547922896,76088464.052332162857,bytes/s,2.322801165283,7.881318817373
candidate-modules-run-a,Tail probability (batch-balanced),16,90,415961,87896300.000000,211.308992910393,75718500.096136018634,bytes/s,2.324917980196,7.879202002460
candidate-modules-run-a,Tail probability (batch-balanced),16,91,420532,89035840.000000,211.721914146843,75570826.309944391251,bytes/s,2.325765811730,7.878354170926
candidate-modules-run-a,Tail probability (batch-balanced),16,92,425103,89236953.000000,209.918426828322,76220083.399754807353,bytes/s,2.322050563016,7.882069419640
candidate-modules-run-a,Tail probability (batch-balanced),16,93,429674,90310899.000000,210.184695839171,76123525.245828852057,bytes/s,2.322601090595,7.881518892061
candidate-modules-run-a,Tail probability (batch-balanced),16,94,434245,90912768.000000,209.358237861115,76424028.800883054733,bytes/s,2.320890054252,7.883229928404
candidate-modules-run-a,Tail probability (batch-balanced),16,95,438816,92007462.000000,209.672076679064,76309636.711857140064,bytes/s,2.321540596647,7.882579386009
candidate-modules-run-a,Tail probability (batch-balanced),16,96,443387,93185074.000000,210.166455038150,76130132.171167239547,bytes/s,2.322563398874,7.881556583782
candidate-modules-run-a,Tail probability (batch-balanced),16,97,447958,94835812.000000,211.706927881632,75576175.801605403423,bytes/s,2.325735070072,7.878384912584
candidate-modules-run-a,Tail probability (batch-balanced),16,98,452529,95792193.000000,211.681887790617,75585115.793308958411,bytes/s,2.325683699923,7.878436282733
candidate-modules-run-a,Tail probability (batch-balanced),16,99,457100,97910040.000000,214.198293590024,74697140.354554042220,bytes/s,2.330816006704,7.873303975952
candidate-modules-run-a,Tail probability (batch-balanced),64,0,1402,999200.000000,712.696148359486,89799839.871897518635,bytes/s,2.852904411735,7.953275562248
candidate-modules-run-a,Tail probability (batch-balanced),64,1,2804,1973673.000000,703.877674750357,90924889.786707326770,bytes/s,2.847497190681,7.958682783303
candidate-modules-run-a,Tail probability (batch-balanced),64,2,4206,2966447.000000,705.289348549691,90742898.828126713634,bytes/s,2.848367325074,7.957812648910
candidate-modules-run-a,Tail probability (batch-balanced),64,3,5608,3899355.000000,695.320078459344,92043940.600432634354,bytes/s,2.842184770502,7.963995203482
candidate-modules-run-a,Tail probability (batch-balanced),64,4,7010,4868589.000000,694.520542082739,92149902.158510401845,bytes/s,2.841685095547,7.964494878437
candidate-modules-run-a,Tail probability (batch-balanced),64,5,8412,5881901.000000,699.227413219211,91529592.218570142984,bytes/s,2.844618446481,7.961561527503
candidate-modules-run-a,Tail probability (batch-balanced),64,6,9814,6854277.000000,698.418280008152,91635631.299989759922,bytes/s,2.844115597826,7.962064376158
candidate-modules-run-a,Tail probability (batch-balanced),64,7,11216,7824977.000000,697.662000713267,91734966.121945157647,bytes/s,2.843645069074,7.962534904910
candidate-modules-run-a,Tail probability (batch-balanced),64,8,12618,8736370.000000,692.373593279442,92435645.468312352896,bytes/s,2.840340495784,7.965839478200
candidate-modules-run-a,Tail probability (batch-balanced),64,9,14020,9753175.000000,695.661554921541,91998759.378356277943,bytes/s,2.842398003147,7.963781970837
candidate-modules-run-a,Tail probability (batch-balanced),64,10,15422,10801274.000000,700.380884450785,91378850.309694945812,bytes/s,2.845334284341,7.960845689643
candidate-modules-run-a,Tail probability (batch-balanced),64,11,16824,12021215.000000,714.527757964812,89569648.325897172093,bytes/s,2.854019104921,7.952160869063
candidate-modules-run-a,Tail probability (batch-balanced),64,12,18226,12753501.000000,699.742181498958,91462258.088974937797,bytes/s,2.844938054618,7.961241919366
candidate-modules-run-a,Tail probability (batch-balanced),64,13,19628,13875087.000000,706.902740982270,90535792.676471143961,bytes/s,2.849359665621,7.956820308363
candidate-modules-run-a,Tail probability (batch-balanced),64,14,21030,14725707.000000,700.223823109843,91399346.734251871705,bytes/s,2.845236882306,7.960943091678
candidate-modules-run-a,Tail probability (batch-balanced),64,15,22432,15790432.000000,703.924393723252,90918855.164950519800,bytes/s,2.847526015460,7.958653958524
candidate-modules-run-a,Tail probability (batch-balanced),64,16,23834,16834829.000000,706.336703868423,90608345.353552445769,bytes/s,2.849011774386,7.957168199598
candidate-modules-run-a,Tail probability (batch-balanced),64,17,25236,17745314.000000,703.174591852909,91015802.819831758738,bytes/s,2.847063169777,7.959116804207
candidate-modules-run-a,Tail probability (batch-balanced),64,18,26638,18612489.000000,698.719460920489,91596132.038009539247,bytes/s,2.844302839508,7.961877134476
candidate-modules-run-a,Tail probability (batch-balanced),64,19,28040,19711932.000000,702.993295292439,91039275.094901904464,bytes/s,2.846951183012,7.959228790972
candidate-modules-run-a,Tail probability (batch-balanced),64,20,29442,21112238.000000,717.078934854969,89250983.244883835316,bytes/s,2.855566964713,7.950613009271
candidate-modules-run-a,Tail probability (batch-balanced),64,21,30844,22072669.000000,715.622779146674,89432591.953424394131,bytes/s,2.854684156239,7.951495817745
candidate-modules-run-a,Tail probability (batch-balanced),64,22,32246,22450024.000000,696.211126961484,91926137.807246878743,bytes/s,2.842740959970,7.963439014014
candidate-modules-run-a,Tail probability (batch-balanced),64,23,33648,23512094.000000,698.766464574417,91589970.676367670298,bytes/s,2.844332054010,7.961847919974
candidate-modules-run-a,Tail probability (batch-balanced),64,24,35050,24752363.000000,706.201512125535,90625690.969383418560,bytes/s,2.848928643144,7.957251330840
candidate-modules-run-a,Tail probability (batch-balanced),64,25,36452,25634906.000000,703.251015033469,91005912.016997456551,bytes/s,2.847110367674,7.959069606310
candidate-modules-run-a,Tail probability (batch-balanced),64,26,37854,26516193.000000,700.485893168489,91365151.852681115270,bytes/s,2.845399393611,7.960780580373
candidate-modules-run-a,Tail probability (batch-balanced),64,27,39256,27555210.000000,701.936264520073,91176369.187532961369,bytes/s,2.846297680187,7.959882293797
candidate-modules-run-a,Tail probability (batch-balanced),64,28,40658,28575577.000000,702.827905947169,91060698.441889733076,bytes/s,2.846848996930,7.959330977054
candidate-modules-run-a,Tail probability (batch-balanced),64,29,42060,29591194.000000,703.547170708512,90967603.402552798390,bytes/s,2.847293220878,7.958886753106
candidate-modules-run-a,Tail probability (batch-balanced),64,30,43462,30529342.000000,702.437577654043,91111298.763006433845,bytes/s,2.846607736570,7.959572237414
candidate-modules-run-a,Tail probability (batch-balanced),64,31,44864,32053149.000000,714.451430991441,89579217.318086281419,bytes/s,2.853972710427,7.952207263557
candidate-modules-run-a,Tail probability (batch-balanced),64,32,46266,32427703.000000,700.897051830718,91311555.431477829814,bytes/s,2.845654233223,7.960525740761
candidate-modules-run-a,Tail probability (batch-balanced),64,33,47668,32788153.000000,687.844109255685,93044338.301093086600,bytes/s,2.837490022303,7.968689951681
candidate-modules-run-a,Tail probability (batch-balanced),64,34,49070,33683828.000000,686.444426329733,93234058.789280131459,bytes/s,2.836605383065,7.969574590918
candidate-modules-run-a,Tail probability (batch-balanced),64,35,50472,35161463.000000,696.652857029640,91867849.753578215837,bytes/s,2.843016422527,7.963163551457
candidate-modules-run-a,Tail probability (batch-balanced),64,36,51874,35718834.000000,688.569109765971,92946371.093748480082,bytes/s,2.837947535709,7.968232438274
candidate-modules-run-a,Tail probability (batch-balanced),64,37,53276,36664106.000000,688.191793678204,92997330.959058433771,bytes/s,2.837709489585,7.968470484399
candidate-modules-run-a,Tail probability (batch-balanced),64,38,54678,38217534.000000,698.956326127510,91565091.562422633171,bytes/s,2.844450039960,7.961729934024
candidate-modules-run-a,Tail probability (batch-balanced),64,39,56080,38832813.000000,692.453869472183,92424929.401843741536,bytes/s,2.840390846472,7.965789127512
candidate-modules-run-a,Tail probability (batch-balanced),64,40,57482,39831594.000000,692.940294353015,92360049.663089051843,bytes/s,2.840695816213,7.965484157770
candidate-modules-run-a,Tail probability (batch-balanced),64,41,58884,40616900.000000,689.778208002174,92783447.284258529544,bytes/s,2.838709469686,7.967470504297
candidate-modules-run-a,Tail probability (batch-balanced),64,42,60286,42963038.000000,712.653650930564,89805194.874719992280,bytes/s,2.852878514375,7.953301459609
candidate-modules-run-a,Tail probability (batch-balanced),64,43,61688,42255759.000000,684.991554273116,93431808.904438331723,bytes/s,2.835685216813,7.970494757171
candidate-modules-run-a,Tail probability (batch-balanced),64,44,63090,43958326.000000,696.755840862260,91854271.247726768255,bytes/s,2.843080618065,7.963099355919
candidate-modules-run-a,Tail probability (batch-balanced),64,45,64492,44136176.000000,684.366681138746,93517118.474423334002,bytes/s,2.835288857459,7.970891116525
candidate-modules-run-a,Tail probability (batch-balanced),64,46,65894,45598023.000000,691.990515069657,92486816.807825192809,bytes/s,2.840100141738,7.966079832246
candidate-modules-run-a,Tail probability (batch-balanced),64,47,67296,46278617.000000,687.687485140276,93065529.594369679689,bytes/s,2.837391120919,7.968788853065
candidate-modules-run-a,Tail probability (batch-balanced),64,48,68698,47038705.000000,684.717240676584,93469239.852585241199,bytes/s,2.835511263221,7.970668710763
candidate-modules-run-a,Tail probability (batch-balanced),64,49,70100,49391688.000000,704.588987161198,90833097.261223390698,bytes/s,2.847935850806,7.958244123178
candidate-modules-run-a,Tail probability (batch-balanced),64,50,71502,49887447.000000,697.707015188386,91729047.589867651463,bytes/s,2.843673089673,7.962506884311
candidate-modules-run-a,Tail probability (batch-balanced),64,51,72904,50844665.000000,697.419414572589,91766874.656367585063,bytes/s,2.843494032980,7.962685941004
candidate-modules-run-a,Tail probability (batch-balanced),64,52,74306,51792032.000000,697.010093397572,91820765.016518369317,bytes/s,2.843239067158,7.962940906825
candidate-modules-run-a,Tail probability (batch-balanced),64,53,75708,52632175.000000,695.199648650077,92059885.421797603369,bytes/s,2.842109543951,7.964070430033
candidate-modules-run-a,Tail probability (batch-balanced),64,54,77110,53541961.000000,694.358202567760,92171446.615487232804,bytes/s,2.841583570261,7.964596403723
candidate-modules-run-a,Tail probability (batch-balanced),64,55,78512,54882110.000000,699.028301406154,91555663.585091754794,bytes/s,2.844494759287,7.961685214696
candidate-modules-run-a,Tail probability (batch-balanced),64,56,79914,55763324.000000,697.791676051756,91717918.393817409873,bytes/s,2.843725784450,7.962454189534
candidate-modules-run-a,Tail probability (batch-balanced),64,57,81316,56878693.000000,699.477261547543,91496898.495891958475,bytes/s,2.844773601108,7.961406372876
candidate-modules-run-a,Tail probability (batch-balanced),64,58,82718,57896404.000000,699.925094900747,91438355.998759433627,bytes/s,2.845051564854,7.961128409130
candidate-modules-run-a,Tail probability (batch-balanced),64,59,84120,59073314.000000,702.250523062292,91135567.576249390841,bytes/s,2.846492071352,7.959687902631
candidate-modules-run-a,Tail probability (batch-balanced),64,60,85522,60008039.000000,701.667863239868,91211245.879906192422,bytes/s,2.846131586067,7.960048387917
candidate-modules-run-a,Tail probability (batch-balanced),64,61,86924,60650422.000000,697.740808062215,91724604.982962861657,bytes/s,2.843694123865,7.962485850119
candidate-modules-run-a,Tail probability (batch-balanced),64,62,88326,63927441.000000,723.766965559405,88426251.881410360336,bytes/s,2.859598756995,7.946581216989
candidate-modules-run-a,Tail probability (batch-balanced),64,63,89728,64666712.000000,720.697129101284,88802906.818580791354,bytes/s,2.857752792050,7.948427181934
candidate-modules-run-a,Tail probability (batch-balanced),64,64,91130,67446786.000000,740.116163722155,86472912.141432508826,bytes/s,2.869299889061,7.936880084923
candidate-modules-run-a,Tail probability (batch-balanced),64,65,92532,65440911.000000,707.224646608741,90494583.732185512781,bytes/s,2.849557387327,7.956622586657
candidate-modules-run-a,Tail probability (batch-balanced),64,66,93934,67087733.000000,714.200747333234,89610659.522509127855,bytes/s,2.853820300299,7.952359673685
candidate-modules-run-a,Tail probability (batch-balanced),64,67,95336,67543464.000000,708.478056557859,90334484.473582819104,bytes/s,2.850326403541,7.955853570443
candidate-modules-run-a,Tail probability (batch-balanced),64,68,96738,70150229.000000,725.156908350390,88256761.072013035417,bytes/s,2.860431988720,7.945747985264
candidate-modules-run-a,Tail probability (batch-balanced),64,69,98140,69488356.000000,708.053352353780,90388668.858419969678,bytes/s,2.850065983339,7.956113990645
candidate-modules-run-a,Tail probability (batch-balanced),64,70,99542,71880806.000000,722.115348295192,88628499.797289416194,bytes/s,2.858606575862,7.947573398122
candidate-modules-run-a,Tail probability (batch-balanced),64,71,100944,72175994.000000,715.010243303218,89509207.174895301461,bytes/s,2.854312263589,7.951867710395
candidate-modules-run-a,Tail probability (batch-balanced),64,72,102346,72123114.000000,704.698903718758,90818929.421156167984,bytes/s,2.848003595877,7.958176378106
candidate-modules-run-a,Tail probability (batch-balanced),64,73,103748,71763084.000000,691.705709989590,92524897.620063275099,bytes/s,2.839921360769,7.966258613215
candidate-modules-run-a,Tail probability (batch-balanced),64,74,105150,74228950.000000,705.933903946743,90660045.709928542376,bytes/s,2.848764040294,7.957415933690
candidate-modules-run-a,Tail probability (batch-balanced),64,75,106552,78516695.000000,736.886168255875,86851949.130054444075,bytes/s,2.867400404662,7.938779569322
candidate-modules-run-a,Tail probability (batch-balanced),64,76,107954,76449139.000000,708.164023565593,90374543.001720398664,bytes/s,2.850133859779,7.956046114205
candidate-modules-run-a,Tail probability (batch-balanced),64,77,109356,76304610.000000,697.763360035115,91721640.409406453371,bytes/s,2.843708160652,7.962471813332
candidate-modules-run-a,Tail probability (batch-balanced),64,78,110758,77473487.000000,699.484344246014,91495972.034923374653,bytes/s,2.844777998622,7.961401975361
candidate-modules-run-a,Tail probability (batch-balanced),64,79,112160,78361967.000000,698.662330599144,91603621.945835024118,bytes/s,2.844267328264,7.961912645720
candidate-modules-run-a,Tail probability (batch-balanced),64,80,113562,79543418.000000,700.440446628274,91371079.879921674728,bytes/s,2.845371216281,7.960808757703
candidate-modules-run-a,Tail probability (batch-balanced),64,81,114964,80090798.000000,696.659806548137,91866933.327346801758,bytes/s,2.843020754846,7.963159219137
candidate-modules-run-a,Tail probability (batch-balanced),64,82,116366,80807367.000000,694.424204664593,92162686.107567399740,bytes/s,2.841624850085,7.964555123899
candidate-modules-run-a,Tail probability (batch-balanced),64,83,117768,83425794.000000,708.391023028327,90345583.045934200287,bytes/s,2.850273049026,7.955906924958
candidate-modules-run-a,Tail probability (batch-balanced),64,84,119170,84720600.000000,710.922211966099,90023913.900515332818,bytes/s,2.851822083484,7.954357890500
candidate-modules-run-a,Tail probability (batch-balanced),64,85,120572,85475168.000000,708.913910360614,90278945.108361765742,bytes/s,2.850593498194,7.955586475790
candidate-modules-run-a,Tail probability (batch-balanced),64,86,121974,84365040.000000,691.664125141424,92530460.484579861164,bytes/s,2.839895250513,7.966284723471
candidate-modules-run-a,Tail probability (batch-balanced),64,87,123376,85270774.000000,691.145555051226,92599886.568403840065,bytes/s,2.839569519297,7.966610454687
candidate-modules-run-a,Tail probability (batch-balanced),64,88,124778,86392918.000000,692.372998445239,92435724.881986275315,bytes/s,2.840340122671,7.965839851313
candidate-modules-run-a,Tail probability (batch-balanced),64,89,126180,91816217.000000,727.660619749564,87953090.029836446047,bytes/s,2.861928871983,7.944251102001
candidate-modules-run-a,Tail probability (batch-balanced),64,90,127582,120845121.000000,947.195693749902,67567874.751021191478,bytes/s,2.976439714944,7.829740259040
candidate-modules-run-a,Tail probability (batch-balanced),64,91,128984,89613353.000000,694.763327234386,92117700.361016511917,bytes/s,2.841836886344,7.964343087640
candidate-modules-run-a,Tail probability (batch-balanced),64,92,130386,89689215.000000,687.874580092955,93040216.708329990506,bytes/s,2.837509260708,7.968670713276
candidate-modules-run-a,Tail probability (batch-balanced),64,93,131788,92581264.000000,702.501472061189,91103011.944187760353,bytes/s,2.846647238623,7.959532735361
candidate-modules-run-a,Tail probability (batch-balanced),64,94,133190,95606243.000000,717.818477363165,89159031.173309475183,bytes/s,2.856014633314,7.950165340670
candidate-modules-run-a,Tail probability (batch-balanced),64,95,134592,96591311.000000,717.660120958155,89178704.697361439466,bytes/s,2.855918813964,7.950261160020
candidate-modules-run-a,Tail probability (batch-balanced),64,96,135994,93801251.000000,689.745510831360,92787845.654638439417,bytes/s,2.838688882580,7.967491091404
candidate-modules-run-a,Tail probability (batch-balanced),64,97,137396,93172141.000000,678.128482634138,94377395.492070958018,bytes/s,2.831311985921,7.974867988063
candidate-modules-run-a,Tail probability (batch-balanced),64,98,138798,94541011.000000,681.141017882102,93959985.259730309248,bytes/s,2.833237034010,7.972942939974
candidate-modules-run-a,Tail probability (batch-balanced),64,99,140200,99100627.000000,706.851833095578,90542313.117756560445,bytes/s,2.849328388602,7.956851585382
candidate-modules-run-a,Tail probability (batch-balanced),256,0,330,1029515.000000,3119.742424242424,82058056.463480383158,bytes/s,3.494118738779,7.914121226533
candidate-modules-run-a,Tail probability (batch-balanced),256,1,660,2005522.000000,3038.669696969697,84247392.948070377111,bytes/s,3.482683494888,7.925556470424
candidate-modules-run-a,Tail probability (batch-balanced),256,2,990,2975312.000000,3005.365656565657,85180982.700301676989,bytes/s,3.477897319256,7.930342646055
candidate-modules-run-a,Tail probability (batch-balanced),256,3,1320,4024876.000000,3049.148484848485,83957866.031152263284,bytes/s,3.484178573785,7.924061391527
candidate-modules-run-a,Tail probability (batch-balanced),256,4,1650,4949679.000000,2999.805454545455,85338867.429584816098,bytes/s,3.477093090467,7.931146874845
candidate-modules-run-a,Tail probability (batch-balanced),256,5,1980,5975772.000000,3018.066666666667,84822513.308740690351,bytes/s,3.479728828762,7.928511136550
candidate-modules-run-a,Tail probability (batch-balanced),256,6,2310,6920064.000000,2995.698701298702,85455857.055657282472,bytes/s,3.476498131142,7.931741834169
candidate-modules-run-a,Tail probability (batch-balanced),256,7,2640,7942525.000000,3008.532196969697,85091328.009669467807,bytes/s,3.478354663623,7.929885301689
candidate-modules-run-a,Tail probability (batch-balanced),256,8,2970,8967011.000000,3019.195622895623,84790795.951962143183,bytes/s,3.479891253199,7.928348712113
candidate-modules-run-a,Tail probability (batch-balanced),256,9,3300,10287749.000000,3117.499696969697,82117088.976412624121,bytes/s,3.493806419936,7.914433545376
candidate-modules-run-a,Tail probability (batch-balanced),256,10,3630,10876972.000000,2996.411019283747,85435542.171111598611,bytes/s,3.476601385517,7.931638579795
candidate-modules-run-a,Tail probability (batch-balanced),256,11,3960,12585193.000000,3178.079040404040,80551804.012858599424,bytes/s,3.502164694125,7.906075271187
candidate-modules-run-a,Tail probability (batch-balanced),256,12,4290,13541571.000000,3156.543356643357,81101372.950007051229,bytes/s,3.499211758948,7.909028206364
candidate-modules-run-a,Tail probability (batch-balanced),256,13,4620,14393935.000000,3115.570346320346,82167940.872318789363,bytes/s,3.493537561617,7.914702403695
candidate-modules-run-a,Tail probability (batch-balanced),256,14,4950,14777856.000000,2985.425454545455,85749922.045525416732,bytes/s,3.475006231410,7.933233733902
candidate-modules-run-a,Tail probability (batch-balanced),256,15,5280,15728017.000000,2978.791098484849,85940904.056754261255,bytes/s,3.474040047372,7.934199917940
candidate-modules-run-a,Tail probability (batch-balanced),256,16,5610,16867762.000000,3006.731194295900,85142296.885621234775,bytes/s,3.478094603341,7.930145361971
candidate-modules-run-a,Tail probability (batch-balanced),256,17,5940,18048443.000000,3038.458417508417,84253251.097615465522,bytes/s,3.482653297234,7.925586668078
candidate-modules-run-a,Tail probability (batch-balanced),256,18,6270,19050366.000000,3038.335885167464,84256648.927374929190,bytes/s,3.482635783026,7.925604182286
candidate-modules-run-a,Tail probability (batch-balanced),256,19,6600,20250954.000000,3068.326363636364,83433106.410690575838,bytes/s,3.486901551622,7.921338413689
candidate-modules-run-a,Tail probability (batch-balanced),256,20,6930,21479275.000000,3099.462481962482,82594966.543330729008,bytes/s,3.491286383719,7.916953581593
candidate-modules-run-a,Tail probability (batch-balanced),256,21,7260,22631177.000000,3117.242011019284,82123877.162906721234,bytes/s,3.493770520586,7.914469444726
candidate-modules-run-a,Tail probability (batch-balanced),256,22,7590,23161860.000000,3051.628458498024,83889635.806450784206,bytes/s,3.484531656332,7.923708308980
candidate-modules-run-a,Tail probability (batch-balanced),256,23,7920,24941055.000000,3149.123106060606,81292471.389041081071,bytes/s,3.498189638483,7.910050326829
candidate-modules-run-a,Tail probability (batch-balanced),256,24,8250,24710884.000000,2995.258666666667,85468411.409320682287,bytes/s,3.476434333455,7.931805631857
candidate-modules-run-a,Tail probability (batch-balanced),256,25,8580,25749970.000000,3001.162004662005,85300293.553740069270,bytes/s,3.477289439554,7.930950525758
candidate-modules-run-a,Tail probability (batch-balanced),256,26,8910,26442157.000000,2967.694388327722,86262251.600729852915,bytes/s,3.472419175483,7.935820789829
candidate-modules-run-a,Tail probability (batch-balanced),256,27,9240,28015351.000000,3031.964393939394,84433709.218920722604,bytes/s,3.481724096826,7.926515868486
candidate-modules-run-a,Tail probability (batch-balanced),256,28,9570,28517394.000000,2979.873981191222,85909673.233115211129,bytes/s,3.474197898160,7.934042067152
candidate-modules-run-a,Tail probability (batch-balanced),256,29,9900,29464342.000000,2976.196161616162,86015835.683688446879,bytes/s,3.473661552243,7.934578413068
candidate-modules-run-a,Tail probability (batch-balanced),256,30,10230,31131000.000000,3043.108504398827,84124506.119302302599,bytes/s,3.483317437742,7.924922527570
candidate-modules-run-a,Tail probability (batch-balanced),256,31,10560,31706531.000000,3002.512405303030,85261929.159011438489,bytes/s,3.477484810427,7.930755154884
candidate-modules-run-a,Tail probability (batch-balanced),256,32,10890,33115357.000000,3040.895959595960,84185714.802953809500,bytes/s,3.483001561563,7.925238403749
candidate-modules-run-a,Tail probability (batch-balanced),256,33,11220,35090352.000000,3127.482352941176,81854978.257271394134,bytes/s,3.495194867832,7.913045097479
candidate-modules-run-a,Tail probability (batch-balanced),256,34,11550,34068311.000000,2949.637316017316,86790331.343400031328,bytes/s,3.469768618915,7.938471346397
candidate-modules-run-a,Tail probability (batch-balanced),256,35,11880,34574966.000000,2910.350673400673,87961908.624870374799,bytes/s,3.463945321064,7.944294644248
candidate-modules-run-a,Tail probability (batch-balanced),256,36,12210,35543777.000000,2911.038247338247,87941132.423827663064,bytes/s,3.464047911553,7.944192053759
candidate-modules-run-a,Tail probability (batch-balanced),256,37,12540,36584470.000000,2917.421850079745,87748708.673379719257,bytes/s,3.464999231287,7.943240734025
candidate-modules-run-a,Tail probability (batch-balanced),256,38,12870,37658692.000000,2926.083294483295,87488965.362896829844,bytes/s,3.466286684680,7.941953280631
candidate-modules-run-a,Tail probability (batch-balanced),256,39,13200,38635607.000000,2926.939924242424,87463359.900104582310,bytes/s,3.466413808584,7.941826156728
candidate-modules-run-a,Tail probability (batch-balanced),256,40,13530,39531769.000000,2921.786326681449,87617632.289614960551,bytes/s,3.465648452346,7.942591512966
candidate-modules-run-a,Tail probability (batch-balanced),256,41,13860,40331804.000000,2909.942568542569,87974244.841614320874,bytes/s,3.463884417711,7.944355547601
candidate-modules-run-a,Tail probability (batch-balanced),256,42,14190,41446891.000000,2920.852078928823,87645657.185722321272,bytes/s,3.465509563502,7.942730401810
candidate-modules-run-a,Tail probability (batch-balanced),256,43,14520,43429151.000000,2990.988360881543,85590436.709204837680,bytes/s,3.475814723023,7.932425242289
candidate-modules-run-a,Tail probability (batch-balanced),256,44,14850,44604313.000000,3003.657441077441,85229426.131952762604,bytes/s,3.477650401058,7.930589564254
candidate-modules-run-a,Tail probability (batch-balanced),256,45,15180,44712028.000000,2945.456389986825,86913525.819048061967,bytes/s,3.469152597017,7.939087368295
candidate-modules-run-a,Tail probability (batch-balanced),256,46,15510,45204433.000000,2914.534687298517,87835633.288443192840,bytes/s,3.464569228437,7.943670736875
candidate-modules-run-a,Tail probability (batch-balanced),256,47,15840,46217531.000000,2917.773421717172,87738135.557262882590,bytes/s,3.465051563939,7.943188401373
candidate-modules-run-a,Tail probability (batch-balanced),256,48,16170,47200453.000000,2919.013790970934,87700853.210031688213,bytes/s,3.465236146831,7.943003818481
candidate-modules-run-a,Tail probability (batch-balanced),256,49,16500,50985308.000000,3090.018666666667,82847395.959636047482,bytes/s,3.489961102987,7.918278862325
candidate-modules-run-a,Tail probability (batch-balanced),256,50,16830,53021496.000000,3150.415686274510,81259117.999990046024,bytes/s,3.498367861201,7.909872104111
candidate-modules-run-a,Tail probability (batch-balanced),256,51,17160,51285613.000000,2988.672086247086,85656770.837466642261,bytes/s,3.475478267349,7.932761697963
candidate-modules-run-a,Tail probability (batch-balanced),256,52,17490,51946087.000000,2970.044997141224,86193980.308853670955,bytes/s,3.472763029069,7.935476936243
candidate-modules-run-a,Tail probability (batch-balanced),256,53,17820,53181533.000000,2984.373344556678,85780152.294594451785,bytes/s,3.474853152359,7.933386812953
candidate-modules-run-a,Tail probability (batch-balanced),256,54,18150,55645999.000000,3065.895261707989,83499264.700055077672,bytes/s,3.486557314237,7.921682651075
candidate-modules-run-a,Tail probability (batch-balanced),256,55,18480,55385302.000000,2997.040151515152,85417607.725602000952,bytes/s,3.476692561252,7.931547404060
candidate-modules-run-a,Tail probability (batch-balanced),256,56,18810,57538845.000000,3058.949760765550,83688854.025484874845,bytes/s,3.485572344326,7.922667620985
candidate-modules-run-a,Tail probability (batch-balanced),256,57,19140,56651344.000000,2959.840334378265,86491151.913359731436,bytes/s,3.471268284110,7.936971681202
candidate-modules-run-a,Tail probability (batch-balanced),256,58,19470,58778762.000000,3018.940010272214,84797975.159803465009,bytes/s,3.479854483190,7.928385482122
candidate-modules-run-a,Tail probability (batch-balanced),256,59,19800,58798391.000000,2969.615707070707,86206440.581001609564,bytes/s,3.472700251641,7.935539713670
candidate-modules-run-a,Tail probability (batch-balanced),256,60,20130,59745403.000000,2967.978291107799,86254000.161317855120,bytes/s,3.472460720028,7.935779245284
candidate-modules-run-a,Tail probability (batch-balanced),256,61,20460,61893838.000000,3025.114271749756,84624902.401431307197,bytes/s,3.480741784494,7.927498180818
candidate-modules-run-a,Tail probability (batch-balanced),256,62,20790,63015909.000000,3031.068253968254,84458672.174355208874,bytes/s,3.481595715974,7.926644249337
candidate-modules-run-a,Tail probability (batch-balanced),256,63,21120,64583164.000000,3057.914962121212,83717174.339739680290,bytes/s,3.485425403903,7.922814561409
candidate-modules-run-a,Tail probability (batch-balanced),256,64,21450,65000195.000000,3030.312121212121,84479746.560760319233,bytes/s,3.481487363004,7.926752602308
candidate-modules-run-a,Tail probability (batch-balanced),256,65,21780,65335776.000000,2999.806060606061,85338850.188294991851,bytes/s,3.477093178209,7.931146787103
candidate-modules-run-a,Tail probability (batch-balanced),256,66,22110,67983539.000000,3074.786928991407,83257801.568700328469,bytes/s,3.487815026203,7.920424939109
candidate-modules-run-a,Tail probability (batch-balanced),256,67,22440,68032717.000000,3031.761007130125,84439373.485554024577,bytes/s,3.481694962997,7.926545002315
candidate-modules-run-a,Tail probability (batch-balanced),256,68,22770,68529521.000000,3009.640799297321,85059984.586788520217,bytes/s,3.478514665630,7.929725299682
candidate-modules-run-a,Tail probability (batch-balanced),256,69,23100,69480939.000000,3007.832857142857,85111112.272100985050,bytes/s,3.478253699194,7.929986266117
candidate-modules-run-a,Tail probability (batch-balanced),256,70,23430,70585547.000000,3012.614041826718,84976036.241526901722,bytes/s,3.478943496014,7.929296469298
candidate-modules-run-a,Tail probability (batch-balanced),256,71,23760,71122170.000000,2993.357323232323,85522699.883875861764,bytes/s,3.476158562562,7.932081402750
candidate-modules-run-a,Tail probability (batch-balanced),256,72,24090,73941215.000000,3069.373806558738,83404634.343647181988,bytes/s,3.487049782612,7.921190182700
candidate-modules-run-a,Tail probability (batch-balanced),256,73,24420,74076803.000000,3033.448116298116,84392410.941384702921,bytes/s,3.481936571227,7.926303394085
candidate-modules-run-a,Tail probability (batch-balanced),256,74,24750,73230586.000000,2958.811555555556,86521224.888190850616,bytes/s,3.471117306158,7.937122659154
candidate-modules-run-a,Tail probability (batch-balanced),256,75,25080,74009172.000000,2950.923923444976,86752490.623729720712,bytes/s,3.469958013277,7.938281952035
candidate-modules-run-a,Tail probability (batch-balanced),256,76,25410,75386975.000000,2966.823101141283,86287584.824832141399,bytes/s,3.472291651983,7.935948313329
candidate-modules-run-a,Tail probability (batch-balanced),256,77,25740,76736144.000000,2981.202175602175,85871398.489869400859,bytes/s,3.474391429495,7.933848535817
candidate-modules-run-a,Tail probability (batch-balanced),256,78,26070,80590432.000000,3091.309244342156,82812808.349259138107,bytes/s,3.490142452619,7.918097512693
candidate-modules-run-a,Tail probability (batch-balanced),256,79,26400,79767826.000000,3021.508560606061,84725889.357947394252,bytes/s,3.480223829039,7.928016136273
candidate-modules-run-a,Tail probability (batch-balanced),256,80,26730,81490785.000000,3048.663860830527,83971212.205159142613,bytes/s,3.484109542622,7.924130422689
candidate-modules-run-a,Tail probability (batch-balanced),256,81,27060,80128205.000000,2961.131005173688,86453452.938325524330,bytes/s,3.471457621697,7.936782343615
candidate-modules-run-a,Tail probability (batch-balanced),256,82,27390,80762274.000000,2948.604381161007,86820735.136804103851,bytes/s,3.469616506494,7.938623458818
candidate-modules-run-a,Tail probability (batch-balanced),256,83,27720,89675211.000000,3235.036471861472,79133574.606253221631,bytes/s,3.509879181276,7.898360784035
candidate-modules-run-a,Tail probability (batch-balanced),256,84,28050,95700645.000000,3411.787700534760,75033977.043728381395,bytes/s,3.532981999238,7.875257966074
candidate-modules-run-a,Tail probability (batch-balanced),256,85,28380,84253947.000000,2968.778964059197,86230737.653157055378,bytes/s,3.472577864062,7.935662101250
candidate-modules-run-a,Tail probability (batch-balanced),256,86,28710,85278293.000000,2970.334134447928,86185590.042239695787,bytes/s,3.472805306080,7.935434659232
candidate-modules-run-a,Tail probability (batch-balanced),256,87,29040,85809316.000000,2954.866253443526,86636746.993764638901,bytes/s,3.470537828126,7.937702137186
candidate-modules-run-a,Tail probability (batch-balanced),256,88,29370,87012479.000000,2962.631222335717,86409674.639886990190,bytes/s,3.471677595431,7.936562369880
candidate-modules-run-a,Tail probability (batch-balanced),256,89,29700,88094105.000000,2966.131481481481,86307704.698288276792,bytes/s,3.472190398350,7.936049566962
candidate-modules-run-a,Tail probability (batch-balanced),256,90,30030,88704632.000000,2953.867199467199,86666049.186698615551,bytes/s,3.470390966320,7.937848998992
candidate-modules-run-a,Tail probability (batch-balanced),256,91,30360,90011119.000000,2964.793115942029,86346665.682491958141,bytes/s,3.471994393572,7.936245571740
candidate-modules-run-a,Tail probability (batch-balanced),256,92,30690,91867921.000000,2993.415477354187,85521038.404689714313,bytes/s,3.476166999834,7.932072965478
candidate-modules-run-a,Tail probability (batch-balanced),256,93,31020,91794293.000000,2959.197066408768,86509953.293065831065,bytes/s,3.471173887771,7.937066077541
candidate-modules-run-a,Tail probability (batch-balanced),256,94,31350,92911684.000000,2963.690079744817,86378802.476553976536,bytes/s,3.471832786455,7.936407178857
candidate-modules-run-a,Tail probability (batch-balanced),256,95,31680,93991773.000000,2966.912026515151,86284998.581737577915,bytes/s,3.472304669011,7.935935296301
candidate-modules-run-a,Tail probability (batch-balanced),256,96,32010,94615154.000000,2955.799875039050,86609381.833273768425,bytes/s,3.470675026438,7.937564938873
candidate-modules-run-a,Tail probability (batch-balanced),256,97,32340,94363470.000000,2917.856215213358,87735646.007930815220,bytes/s,3.465063887119,7.943176078192
candidate-modules-run-a,Tail probability (batch-balanced),256,98,32670,95386474.000000,2919.696173859810,87680356.021965965629,bytes/s,3.465337660736,7.942902304576
candidate-modules-run-a,Tail probability (batch-balanced),256,99,33000,98981802.000000,2999.448545454546,85349022.035383835435,bytes/s,3.477041416160,7.931198549152
candidate-modules-run-a,Tail probability (batch-balanced),4096,0,6,1008137.000000,168022.833333333343,24377639.150234539062,bytes/s,5.225368303850,7.386991644118
candidate-modules-run-a,Tail probability (batch-balanced),4096,1,12,2010546.000000,167545.500000000000,24447090.491836544126,bytes/s,5.224132767884,7.388227180084
candidate-modules-run-a,Tail probability (batch-balanced),4096,2,18,3013026.000000,167390.333333333343,24469752.335359867662,bytes/s,5.223730374200,7.388629573768
candidate-modules-run-a,Tail probability (batch-balanced),4096,3,24,4035763.000000,168156.791666666657,24358219.251229569316,bytes/s,5.225714412678,7.386645535290
candidate-modules-run-a,Tail probability (batch-balanced),4096,4,30,5011977.000000,167065.899999999994,24517271.328260287642,bytes/s,5.222887814626,7.389472133341
candidate-modules-run-a,Tail probability (batch-balanced),4096,5,36,6026541.000000,167403.916666666657,24467766.833412401378,bytes/s,5.223765614749,7.388594333218
candidate-modules-run-a,Tail probability (batch-balanced),4096,6,42,7017703.000000,167088.166666666657,24514004.083672393113,bytes/s,5.222945693859,7.389414254109
candidate-modules-run-a,Tail probability (batch-balanced),4096,7,48,8045750.000000,167619.791666666657,24436255.165770750493,bytes/s,5.224325296539,7.388034651429
candidate-modules-run-a,Tail probability (batch-balanced),4096,8,54,9036493.000000,167342.462962962949,24476752.209070488811,bytes/s,5.223606156686,7.388753791282
candidate-modules-run-a,Tail probability (batch-balanced),4096,9,60,10074458.000000,167907.633333333331,24394364.441243391484,bytes/s,5.225070440267,7.387289507701
candidate-modules-run-a,Tail probability (batch-balanced),4096,10,66,11240536.000000,170311.151515151520,24050098.678568352014,bytes/s,5.231243085326,7.381116862642
candidate-modules-run-a,Tail probability (batch-balanced),4096,11,72,12229323.000000,169851.708333333343,24115153.389930088073,bytes/s,5.230069919272,7.382290028696
candidate-modules-run-a,Tail probability (batch-balanced),4096,12,78,13343779.000000,171074.089743589750,23942842.578552898020,bytes/s,5.233184237867,7.379175710101
candidate-modules-run-a,Tail probability (batch-balanced),4096,13,84,16018711.000000,190698.940476190473,21478881.790176499635,bytes/s,5.280348280111,7.332011667856
candidate-modules-run-a,Tail probability (batch-balanced),4096,14,90,15675935.000000,174177.055555555562,23516300.622578494251,bytes/s,5.240990944576,7.371369003392
candidate-modules-run-a,Tail probability (batch-balanced),4096,15,96,16409825.000000,170935.677083333343,23962229.944560650736,bytes/s,5.232832716573,7.379527231395
candidate-modules-run-a,Tail probability (batch-balanced),4096,16,102,18496233.000000,181335.617647058825,22587950.746511466801,bytes/s,5.258483115890,7.353876832078
candidate-modules-run-a,Tail probability (batch-balanced),4096,17,108,18759095.000000,173695.324074074073,23581521.390024412423,bytes/s,5.239788127277,7.372571820690
candidate-modules-run-a,Tail probability (batch-balanced),4096,18,114,19762761.000000,173357.552631578961,23627467.842170432210,bytes/s,5.238942767220,7.373417180748
candidate-modules-run-a,Tail probability (batch-balanced),4096,19,120,20806175.000000,173384.791666666657,23623755.928228039294,bytes/s,5.239011000955,7.373348947013
candidate-modules-run-a,Tail probability (batch-balanced),4096,20,126,21959679.000000,174283.166666666657,23501982.884176041931,bytes/s,5.241255442320,7.371104505647
candidate-modules-run-a,Tail probability (batch-balanced),4096,21,132,23689552.000000,179466.303030303039,22823226.036524455994,bytes/s,5.253982916525,7.358377031442
candidate-modules-run-a,Tail probability (batch-balanced),4096,22,138,25228302.000000,182813.782608695648,22405312.890261106193,bytes/s,5.262008934753,7.350351013215
candidate-modules-run-a,Tail probability (batch-balanced),4096,23,144,24663810.000000,171276.458333333343,23914553.347597144544,bytes/s,5.233697674007,7.378662273960
candidate-modules-run-a,Tail probability (batch-balanced),4096,24,150,25611663.000000,170744.420000000013,23989070.916636686772,bytes/s,5.232346519658,7.380013428310
candidate-modules-run-a,Tail probability (batch-balanced),4096,25,156,28200463.000000,180772.198717948719,22658351.389478959143,bytes/s,5.257131640344,7.355228307624
candidate-modules-run-a,Tail probability (batch-balanced),4096,26,162,28089115.000000,173389.598765432107,23623100.977015472949,bytes/s,5.239023041616,7.373336906352
candidate-modules-run-a,Tail probability (batch-balanced),4096,27,168,29173744.000000,173653.238095238106,23587236.523361552507,bytes/s,5.239682885970,7.372677061998
candidate-modules-run-a,Tail probability (batch-balanced),4096,28,174,29789788.000000,171205.678160919546,23924440.147073216736,bytes/s,5.233518164273,7.378841783695
candidate-modules-run-a,Tail probability (batch-balanced),4096,29,180,30516274.000000,169534.855555555550,24160223.492553513497,bytes/s,5.229259000588,7.383100947380
candidate-modules-run-a,Tail probability (batch-balanced),4096,30,186,31262387.000000,168077.349462365586,24369732.228060513735,bytes/s,5.225509190737,7.386850757231
candidate-modules-run-a,Tail probability (batch-balanced),4096,31,192,32285194.000000,168152.052083333343,24358905.819181386381,bytes/s,5.225702171698,7.386657776269
candidate-modules-run-a,Tail probability (batch-balanced),4096,32,198,33765891.000000,170534.803030303039,24018557.662227835506,bytes/s,5.231813023924,7.380546924043
candidate-modules-run-a,Tail probability (batch-balanced),4096,33,204,36159446.000000,177252.186274509790,23108318.639616329223,bytes/s,5.248591600589,7.363768347379
candidate-modules-run-a,Tail probability (batch-balanced),4096,34,210,36418745.000000,173422.595238095237,23618606.297388885170,bytes/s,5.239105681075,7.373254266893
candidate-modules-run-a,Tail probability (batch-balanced),4096,35,216,37788378.000000,174946.194444444438,23412912.827324844897,bytes/s,5.242904499835,7.369455448132
candidate-modules-run-a,Tail probability (batch-balanced),4096,36,222,37156755.000000,167372.770270270266,24472320.039788190275,bytes/s,5.223684804414,7.388675143553
candidate-modules-run-a,Tail probability (batch-balanced),4096,37,228,38444939.000000,168618.153508771939,24291571.902351047844,bytes/s,5.226904329152,7.385455618816
candidate-modules-run-a,Tail probability (batch-balanced),4096,38,234,39340331.000000,168121.072649572656,24363394.400519914925,bytes/s,5.225622152237,7.386737795731
candidate-modules-run-a,Tail probability (batch-balanced),4096,39,240,40104048.000000,167100.200000000012,24512238.764525715262,bytes/s,5.222976969695,7.389382978273
candidate-modules-run-a,Tail probability (batch-balanced),4096,40,246,41139079.000000,167232.028455284541,24492915.847727172077,bytes/s,5.223319457608,7.389040490359
candidate-modules-run-a,Tail probability (batch-balanced),4096,41,252,42132546.000000,167192.642857142870,24498685.647907435894,bytes/s,5.223217162835,7.389142785133
candidate-modules-run-a,Tail probability (batch-balanced),4096,42,258,43138588.000000,167203.829457364336,24497046.588543880731,bytes/s,5.223246219832,7.389113728135
candidate-modules-run-a,Tail probability (batch-balanced),4096,43,264,44186472.000000,167373.000000000000,24472286.450024794787,bytes/s,5.223685400511,7.388674547457
candidate-modules-run-a,Tail probability (batch-balanced),4096,44,270,45109178.000000,167071.029629629629,24516518.567463144660,bytes/s,5.222901149099,7.389458798869
candidate-modules-run-a,Tail probability (batch-balanced),4096,45,276,46068417.000000,166914.554347826081,24539501.758873112500,bytes/s,5.222494207245,7.389865740723
candidate-modules-run-a,Tail probability (batch-balanced),4096,46,282,47417863.000000,168148.450354609929,24359427.585338462144,bytes/s,5.225692869239,7.386667078729
candidate-modules-run-a,Tail probability (batch-balanced),4096,47,288,48060731.000000,166877.538194444438,24544945.019666887820,bytes/s,5.222397884344,7.389962063623
candidate-modules-run-a,Tail probability (batch-balanced),4096,48,294,49886164.000000,169680.829931972781,24139438.742974907160,bytes/s,5.229632779707,7.382727168261
candidate-modules-run-a,Tail probability (batch-balanced),4096,49,300,52231312.000000,174104.373333333322,23526117.819900829345,bytes/s,5.240809680311,7.371550267656
candidate-modules-run-a,Tail probability (batch-balanced),4096,50,306,58257641.000000,190384.447712418303,21514362.382095079869,bytes/s,5.279631468478,7.332728479489
candidate-modules-run-a,Tail probability (batch-balanced),4096,51,312,58980704.000000,189040.717948717938,21667289.695287462324,bytes/s,5.276555358014,7.335804589954
candidate-modules-run-a,Tail probability (batch-balanced),4096,52,318,54844561.000000,172467.172955974849,23749447.096495129168,bytes/s,5.236706444564,7.375653503404
candidate-modules-run-a,Tail probability (batch-balanced),4096,53,324,57465703.000000,177363.280864197528,23093844.340510375798,bytes/s,5.248863713756,7.363496234212
candidate-modules-run-a,Tail probability (batch-balanced),4096,54,330,59102033.000000,179097.069696969702,22870279.267719943076,bytes/s,5.253088480183,7.359271467785
candidate-modules-run-a,Tail probability (batch-balanced),4096,55,336,58464048.000000,174000.142857142870,23540210.558119408786,bytes/s,5.240549604846,7.371810343122
candidate-modules-run-a,Tail probability (batch-balanced),4096,56,342,58610114.000000,171374.602339181292,23900857.793929558247,bytes/s,5.233946460054,7.378413487914
candidate-modules-run-a,Tail probability (batch-balanced),4096,57,348,61355247.000000,176308.181034482754,23232047.293363515288,bytes/s,5.246272464856,7.366087483112
candidate-modules-run-a,Tail probability (batch-balanced),4096,58,354,62097169.000000,175415.731638418074,23350243.229284737259,bytes/s,5.244068539186,7.368291408782
candidate-modules-run-a,Tail probability (batch-balanced),4096,59,360,62591249.000000,173864.580555555556,23558564.872223589569,bytes/s,5.240211117161,7.372148830807
candidate-modules-run-a,Tail probability (batch-balanced),4096,60,366,63087563.000000,172370.390710382519,23762781.897281400859,bytes/s,5.236462666039,7.375897281929
candidate-modules-run-a,Tail probability (batch-balanced),4096,61,372,62770565.000000,168738.077956989233,24274307.551636666059,bytes/s,5.227213097886,7.385146850082
candidate-modules-run-a,Tail probability (batch-balanced),4096,62,378,63702491.000000,168525.108465608471,24304983.615161925554,bytes/s,5.226664615330,7.385695332638
candidate-modules-run-a,Tail probability (batch-balanced),4096,63,384,64637560.000000,168326.979166666657,24333591.800185527653,bytes/s,5.226153729548,7.386206218420
candidate-modules-run-a,Tail probability (batch-balanced),4096,64,390,65504102.000000,167959.235897435894,24386869.695580285043,bytes/s,5.225203890220,7.387156057748
candidate-modules-run-a,Tail probability (batch-balanced),4096,65,396,66514754.000000,167966.550505050516,24385807.696139112115,bytes/s,5.225222803289,7.387137144679
candidate-modules-run-a,Tail probability (batch-balanced),4096,66,402,67604550.000000,168170.522388059704,24356230.460819575936,bytes/s,5.225749873233,7.386610074735
candidate-modules-run-a,Tail probability (batch-balanced),4096,67,408,68769720.000000,168553.235294117650,24300927.792057316750,bytes/s,5.226737093000,7.385622854968
candidate-modules-run-a,Tail probability (batch-balanced),4096,68,414,70925842.000000,171318.458937198069,23908690.431902099401,bytes/s,5.233804159128,7.378555788840
candidate-modules-run-a,Tail probability (batch-balanced),4096,69,420,70776703.000000,168515.959523809521,24306303.163062002510,bytes/s,5.226641037581,7.385718910387
candidate-modules-run-a,Tail probability (batch-balanced),4096,70,426,72186835.000000,169452.664319248812,24171942.155380550772,bytes/s,5.229048401678,7.383311546290
candidate-modules-run-a,Tail probability (batch-balanced),4096,71,432,75039614.000000,173702.810185185197,23580505.091617342085,bytes/s,5.239806844573,7.372553103395
candidate-modules-run-a,Tail probability (batch-balanced),4096,72,438,76741194.000000,175208.205479452066,23377900.531492900103,bytes/s,5.243554441507,7.368805506461
candidate-modules-run-a,Tail probability (batch-balanced),4096,73,444,75372190.000000,169757.184684684675,24128581.111945930868,bytes/s,5.229828164118,7.382531783850
candidate-modules-run-a,Tail probability (batch-balanced),4096,74,450,77661314.000000,172580.697777777765,23733824.539718709886,bytes/s,5.236992220595,7.375367727373
candidate-modules-run-a,Tail probability (batch-balanced),4096,75,456,78248649.000000,171597.914473684214,23869753.968531776220,bytes/s,5.234512005319,7.377847942649
candidate-modules-run-a,Tail probability (batch-balanced),4096,76,462,77648950.000000,168071.320346320339,24370606.428032834083,bytes/s,5.225493611845,7.386866336122
candidate-modules-run-a,Tail probability (batch-balanced),4096,77,468,79401594.000000,169661.525641025655,24142185.357135269791,bytes/s,5.229583367973,7.382776579994
candidate-modules-run-a,Tail probability (batch-balanced),4096,78,474,82173131.000000,173361.035864978912,23626993.110436547548,bytes/s,5.238951493311,7.373408454657
candidate-modules-run-a,Tail probability (batch-balanced),4096,79,480,83272707.000000,173484.806249999994,23610136.752249449492,bytes/s,5.239261445405,7.373098502563
candidate-modules-run-a,Tail probability (batch-balanced),4096,80,486,85294289.000000,175502.652263374475,23338678.630640793592,bytes/s,5.244283684076,7.368076263892
candidate-modules-run-a,Tail probability (batch-balanced),4096,81,492,88226422.000000,179321.995934959356,22841592.737377472222,bytes/s,5.253633564115,7.358726383853
candidate-modules-run-a,Tail probability (batch-balanced),4096,82,498,87498183.000000,175699.162650602404,23312575.530854165554,bytes/s,5.244769691734,7.367590256234
candidate-modules-run-a,Tail probability (batch-balanced),4096,83,504,86826734.000000,172275.265873015887,23775902.937913104892,bytes/s,5.236222928835,7.376137019132
candidate-modules-run-a,Tail probability (batch-balanced),4096,84,510,89284486.000000,175067.619607843139,23396673.863363001496,bytes/s,5.243205826688,7.369154121279
candidate-modules-run-a,Tail probability (batch-balanced),4096,85,516,92777478.000000,179801.313953488367,22780701.152493067086,bytes/s,5.254792861150,7.357567086818
candidate-modules-run-a,Tail probability (batch-balanced),4096,86,522,88955192.000000,170412.245210727968,24035831.432975828648,bytes/s,5.231500798391,7.380859149577
candidate-modules-run-a,Tail probability (batch-balanced),4096,87,528,90017745.000000,170488.153409090912,24025129.711925130337,bytes/s,5.231694206860,7.380665741107
candidate-modules-run-a,Tail probability (batch-balanced),4096,88,534,89677276.000000,167934.973782771529,24390392.946369156241,bytes/s,5.225141150808,7.387218797159
candidate-modules-run-a,Tail probability (batch-balanced),4096,89,540,90830989.000000,168205.535185185174,24351160.593440197408,bytes/s,5.225840283143,7.386519664824
candidate-modules-run-a,Tail probability (batch-balanced),4096,90,546,92739547.000000,169852.650183150196,24115019.669009163976,bytes/s,5.230072327485,7.382287620483
candidate-modules-run-a,Tail probability (batch-balanced),4096,91,552,92998496.000000,168475.536231884063,24312135.112378589809,bytes/s,5.226536847339,7.385823100629
candidate-modules-run-a,Tail probability (batch-balanced),4096,92,558,94590475.000000,169516.980286738341,24162771.145826257765,bytes/s,5.229213207409,7.383146740559
candidate-modules-run-a,Tail probability (batch-balanced),4096,93,564,96926111.000000,171854.806737588660,23834072.946556165814,bytes/s,5.235161683755,7.377198264213
candidate-modules-run-a,Tail probability (batch-balanced),4096,94,570,99219415.000000,174069.149122807023,23530878.508001685143,bytes/s,5.240721806425,7.371638141543
candidate-modules-run-a,Tail probability (batch-balanced),4096,95,576,99373584.000000,172523.583333333343,23741681.692792724818,bytes/s,5.236848469911,7.375511478057
candidate-modules-run-a,Tail probability (batch-balanced),4096,96,582,100080019.000000,171958.795532646036,23819659.746467474848,bytes/s,5.235424394485,7.376935553482
candidate-modules-run-a,Tail probability (batch-balanced),4096,97,588,99856207.000000,169823.481292517012,24119161.666134584695,bytes/s,5.229997739446,7.382362208522
candidate-modules-run-a,Tail probability (batch-balanced),4096,98,594,100003668.000000,168356.343434343435,24329347.599530048668,bytes/s,5.226229484648,7.386130463320
candidate-modules-run-a,Tail probability (batch-balanced),4096,99,600,101508189.000000,169180.315000000002,24210854.554798528552,bytes/s,5.228349829245,7.384010118722
candidate-modules-run-a,Tail probability (batch-balanced),50000,0,11,50803324.000000,4618484.000000000000,10826063.270978095010,bytes/s,6.664499443418,7.034470560918
candidate-modules-run-a,Tail probability (batch-balanced),50000,1,11,50757919.000000,4614356.272727272473,10835747.619992066175,bytes/s,6.664111123195,7.034858881141
candidate-modules-run-a,Tail probability (batch-balanced),50000,2,11,49224830.000000,4474984.545454545878,11173222.944599300623,bytes/s,6.650791539800,7.048178464536
candidate-modules-run-a,Tail probability (batch-balanced),50000,3,11,49657289.000000,4514299.000000000000,11075916.770244948566,bytes/s,6.654590320747,7.044379683589
candidate-modules-run-a,Tail probability (batch-balanced),50000,4,11,50453135.000000,4586648.636363636702,10901205.643613621593,bytes/s,6.661495471954,7.037474532382
candidate-modules-run-a,Tail probability (batch-balanced),50000,5,11,51238784.000000,4658071.272727272473,10734056.452237430960,bytes/s,6.668206129350,7.030763874986
candidate-modules-run-a,Tail probability (batch-balanced),50000,6,11,50158910.000000,4559900.909090909176,10965150.558494990692,bytes/s,6.658955405142,7.040014599194
candidate-modules-run-a,Tail probability (batch-balanced),50000,7,11,48827838.000000,4438894.363636363298,11264066.207477793097,bytes/s,6.647274809852,7.051695194484
candidate-modules-run-a,Tail probability (batch-balanced),50000,8,11,48789558.000000,4435414.363636363298,11272903.927516622469,bytes/s,6.646934198561,7.052035805775
candidate-modules-run-a,Tail probability (batch-balanced),50000,9,11,48786694.000000,4435154.000000000000,11273565.698056932539,bytes/s,6.646908704255,7.052061300081
candidate-modules-run-a,Tail probability (batch-balanced),50000,10,11,49303825.000000,4482165.909090909176,11155321.113524153829,bytes/s,6.651487928073,7.047482076263
candidate-modules-run-a,Tail probability (batch-balanced),50000,11,11,48587820.000000,4417074.545454545878,11319709.342794138938,bytes/s,6.645134728759,7.053835275577
candidate-modules-run-a,Tail probability (batch-balanced),50000,12,11,49238022.000000,4476183.818181818351,11170229.380863429978,bytes/s,6.650907912884,7.048062091452
candidate-modules-run-a,Tail probability (batch-balanced),50000,13,11,49396381.000000,4490580.090909090824,11134418.936480388045,bytes/s,6.652302446573,7.046667557763
candidate-modules-run-a,Tail probability (batch-balanced),50000,14,11,48864233.000000,4442203.000000000000,11255676.519060475752,bytes/s,6.647598401075,7.051371603261
candidate-modules-run-a,Tail probability (batch-balanced),50000,15,11,50693154.000000,4608468.545454545878,10849591.248553995043,bytes/s,6.663556627612,7.035413376725
candidate-modules-run-a,Tail probability (batch-balanced),50000,16,11,52228199.000000,4748018.090909090824,10530709.665098734200,bytes/s,6.676512365036,7.022457639301
candidate-modules-run-a,Tail probability (batch-balanced),50000,17,11,49763605.000000,4523964.090909090824,11052253.951457094401,bytes/s,6.655519149043,7.043450855293
candidate-modules-run-a,Tail probability (batch-balanced),50000,18,11,62029574.000000,5639052.181818181649,8866738.307762680575,bytes/s,6.751206113416,6.947763890920
candidate-modules-run-a,Tail probability (batch-balanced),50000,19,11,52422952.000000,4765722.909090909176,10491587.730503996834,bytes/s,6.678128787790,7.020841216546
candidate-modules-run-a,Tail probability (batch-balanced),50000,20,11,50720747.000000,4610977.000000000000,10843688.875481270254,bytes/s,6.663792955922,7.035177048414
candidate-modules-run-a,Tail probability (batch-balanced),50000,21,11,49581006.000000,4507364.181818181649,11092957.653985479847,bytes/s,6.653922649210,7.045047355126
candidate-modules-run-a,Tail probability (batch-balanced),50000,22,11,49757946.000000,4523449.636363636702,11053510.930696375668,bytes/s,6.655469759288,7.043500245048
candidate-modules-run-a,Tail probability (batch-balanced),50000,23,11,49615993.000000,4510544.818181818351,11085135.391727421433,bytes/s,6.654229002463,7.044741001873
candidate-modules-run-a,Tail probability (batch-balanced),50000,24,11,49802434.000000,4527494.000000000000,11043636.943527700379,bytes/s,6.655857883444,7.043112120892
candidate-modules-run-a,Tail probability (batch-balanced),50000,25,11,50018422.000000,4547129.272727272473,10995948.652678407729,bytes/s,6.657737301167,7.041232703169
candidate-modules-run-a,Tail probability (batch-balanced),50000,26,11,51118206.000000,4647109.636363636702,10759376.023485643789,bytes/s,6.667182918639,7.031787085697
candidate-modules-run-a,Tail probability (batch-balanced),50000,27,11,50548196.000000,4595290.545454545878,10880704.822779431939,bytes/s,6.662312975635,7.036657028701
candidate-modules-run-a,Tail probability (batch-balanced),50000,28,11,50725207.000000,4611382.454545454122,10842735.447092410177,bytes/s,6.663831142825,7.035138861511
candidate-modules-run-a,Tail probability (batch-balanced),50000,29,11,49148179.000000,4468016.272727272473,11190648.589442145079,bytes/s,6.650114746168,7.048855258168
candidate-modules-run-a,Tail probability (batch-balanced),50000,30,11,49011126.000000,4455556.909090909176,11221941.728088434786,bytes/s,6.648901995113,7.050068009223
candidate-modules-run-a,Tail probability (batch-balanced),50000,31,11,49868236.000000,4533476.000000000000,11029064.673552921042,bytes/s,6.656431320938,7.042538683398
candidate-modules-run-a,Tail probability (batch-balanced),50000,32,11,49834986.000000,4530453.272727272473,11036423.287045771256,bytes/s,6.656141655434,7.042828348902
candidate-modules-run-a,Tail probability (batch-balanced),50000,33,11,51179538.000000,4652685.272727272473,10746482.314865758643,bytes/s,6.667703676015,7.031266328321
candidate-modules-run-a,Tail probability (batch-balanced),50000,34,11,50410584.000000,4582780.363636363298,10910407.227180706337,bytes/s,6.661129043554,7.037840960782
candidate-modules-run-a,Tail probability (batch-balanced),50000,35,11,49939766.000000,4539978.727272727527,11013267.463047383353,bytes/s,6.657053817912,7.041916186424
candidate-modules-run-a,Tail probability (batch-balanced),50000,36,11,50632441.000000,4602949.181818181649,10862600.916278162971,bytes/s,6.663036180156,7.035933824180
candidate-modules-run-a,Tail probability (batch-balanced),50000,37,11,50111748.000000,4555613.454545454122,10975470.262981049716,bytes/s,6.658546866926,7.040423137410
candidate-modules-run-a,Tail probability (batch-balanced),50000,38,11,49816754.000000,4528795.818181818351,11040462.411501158029,bytes/s,6.655982740856,7.042987263480
candidate-modules-run-a,Tail probability (batch-balanced),50000,39,11,48977456.000000,4452496.000000000000,11229656.354548100382,bytes/s,6.648603537977,7.050366466359
candidate-modules-run-a,Tail probability (batch-balanced),50000,40,11,49003372.000000,4454852.000000000000,11223717.420915441588,bytes/s,6.648833280393,7.050136723943
candidate-modules-run-a,Tail probability (batch-balanced),50000,41,11,49385405.000000,4489582.272727272473,11136893.582223331556,bytes/s,6.652205934525,7.046764069811
candidate-modules-run-a,Tail probability (batch-balanced),50000,42,11,49513307.000000,4501209.727272727527,11108124.932959940284,bytes/s,6.653329248725,7.045640755611
candidate-modules-run-a,Tail probability (batch-balanced),50000,43,11,48787164.000000,4435196.727272727527,11273457.092115458101,bytes/s,6.646912888130,7.052057116206
candidate-modules-run-a,Tail probability (batch-balanced),50000,44,11,48503417.000000,4409401.545454545878,11339407.283408505842,bytes/s,6.644379649980,7.054590354356
candidate-modules-run-a,Tail probability (batch-balanced),50000,45,11,48473659.000000,4406696.272727272473,11346368.550391461700,bytes/s,6.644113118215,7.054856886121
candidate-modules-run-a,Tail probability (batch-balanced),50000,46,11,48917931.000000,4447084.636363636702,11243320.981829749420,bytes/s,6.648075394966,7.050894609370
candidate-modules-run-a,Tail probability (batch-balanced),50000,47,11,50304325.000000,4573120.454545454122,10933453.535058865324,bytes/s,6.660212640711,7.038757363625
candidate-modules-run-a,Tail probability (batch-balanced),50000,48,11,48829217.000000,4439019.727272727527,11263748.095735386014,bytes/s,6.647287075061,7.051682929275
candidate-modules-run-a,Tail probability (batch-balanced),50000,49,11,49018521.000000,4456229.181818181649,11220248.770867649466,bytes/s,6.648967518306,7.050002486030
candidate-modules-run-a,Tail probability (batch-balanced),50000,50,11,49688701.000000,4517154.636363636702,11068914.842430675402,bytes/s,6.654864958077,7.044105046259
candidate-modules-run-a,Tail probability (batch-balanced),50000,51,11,49625903.000000,4511445.727272727527,11082921.755600094795,bytes/s,6.654315737169,7.044654267167
candidate-modules-run-a,Tail probability (batch-balanced),50000,52,11,49294375.000000,4481306.818181818351,11157459.649300755933,bytes/s,6.651404679437,7.047565324899
candidate-modules-run-a,Tail probability (batch-balanced),50000,53,11,49370795.000000,4488254.090909090824,11140189.255611540750,bytes/s,6.652077435404,7.046892568932
candidate-modules-run-a,Tail probability (batch-balanced),50000,54,11,49077268.000000,4461569.818181818351,11206817.787819810212,bytes/s,6.649487693560,7.049482310776
candidate-modules-run-a,Tail probability (batch-balanced),50000,55,11,49475157.000000,4497741.545454545878,11116690.342185270041,bytes/s,6.652994495873,7.045975508463
candidate-modules-run-a,Tail probability (batch-balanced),50000,56,11,49212646.000000,4473876.909090909176,11175989.195947723463,bytes/s,6.650684031071,7.048285973265
candidate-modules-run-a,Tail probability (batch-balanced),50000,57,11,49274187.000000,4479471.545454545878,11162030.943301001564,bytes/s,6.651226782206,7.047743222130
candidate-modules-run-a,Tail probability (batch-balanced),50000,58,11,49105559.000000,4464141.727272727527,11200361.246269490570,bytes/s,6.649737974101,7.049232030235
candidate-modules-run-a,Tail probability (batch-balanced),50000,59,11,49274257.000000,4479477.909090909176,11162015.086295466870,bytes/s,6.651227399174,7.047742605162
candidate-modules-run-a,Tail probability (batch-balanced),50000,60,11,49259308.000000,4478118.909090909176,11165402.485962653533,bytes/s,6.651095621373,7.047874382963
candidate-modules-run-a,Tail probability (batch-balanced),50000,61,11,49179325.000000,4470847.727272727527,11183561.384789237753,bytes/s,6.650389878472,7.048580125864
candidate-modules-run-a,Tail probability (batch-balanced),50000,62,11,49123232.000000,4465748.363636363298,11196331.707164546475,bytes/s,6.649894247763,7.049075756573
candidate-modules-run-a,Tail probability (batch-balanced),50000,63,11,49212848.000000,4473895.272727272473,11175943.322768071666,bytes/s,6.650685813688,7.048284190648
candidate-modules-run-a,Tail probability (batch-balanced),50000,64,11,48850093.000000,4440917.545454545878,11258934.553103102371,bytes/s,6.647472709700,7.051497294636
candidate-modules-run-a,Tail probability (batch-balanced),50000,65,11,48910936.000000,4446448.727272727527,11244928.945951882750,bytes/s,6.648013288760,7.050956715576
candidate-modules-run-a,Tail probability (batch-balanced),50000,66,11,48800636.000000,4436421.454545454122,11270344.919275233522,bytes/s,6.647032796875,7.051937207461
candidate-modules-run-a,Tail probability (batch-balanced),50000,67,11,49030037.000000,4457276.090909090824,11217613.398904839531,bytes/s,6.649069535824,7.049900468512
candidate-modules-run-a,Tail probability (batch-balanced),50000,68,11,49854456.000000,4532223.272727272473,11032113.157548043877,bytes/s,6.656311296541,7.042658707795
candidate-modules-run-a,Tail probability (batch-balanced),50000,69,11,49723339.000000,4520303.545454545878,11061204.075615275651,bytes/s,6.655167599344,7.043802404992
candidate-modules-run-a,Tail probability (batch-balanced),50000,70,11,49534384.000000,4503125.818181818351,11103398.398978777230,bytes/s,6.653514081402,7.045455922934
candidate-modules-run-a,Tail probability (batch-balanced),50000,71,11,49381124.000000,4489193.090909090824,11137859.073438668624,bytes/s,6.652168285846,7.046801718490
candidate-modules-run-a,Tail probability (batch-balanced),50000,72,11,49472982.000000,4497543.818181818351,11117179.069577815011,bytes/s,6.652975403235,7.045994601101
candidate-modules-run-a,Tail probability (batch-balanced),50000,73,11,49096678.000000,4463334.363636363298,11202387.257239686325,bytes/s,6.649659422544,7.049310581792
candidate-modules-run-a,Tail probability (batch-balanced),50000,74,11,49132583.000000,4466598.454545454122,11194200.801533272490,bytes/s,6.649976911323,7.048993093013
candidate-modules-run-a,Tail probability (batch-balanced),50000,75,11,49850124.000000,4531829.454545454122,11033071.853542432189,bytes/s,6.656273557779,7.042696446557
candidate-modules-run-a,Tail probability (batch-balanced),50000,76,11,49510424.000000,4500947.636363636702,11108771.760872012004,bytes/s,6.653303960423,7.045666043913
candidate-modules-run-a,Tail probability (batch-balanced),50000,77,11,49262093.000000,4478372.090909090824,11164771.257282957435,bytes/s,6.651120174619,7.047849829717
candidate-modules-run-a,Tail probability (batch-balanced),50000,78,11,49595576.000000,4508688.727272727527,11089698.807006495073,bytes/s,6.654050253338,7.044919750998
candidate-modules-run-a,Tail probability (batch-balanced),50000,79,11,50871950.000000,4624722.727272727527,10811458.967073209584,bytes/s,6.665085699967,7.033884304369
candidate-modules-run-a,Tail probability (batch-balanced),50000,80,11,52893947.000000,4808540.636363636702,10398165.219169596210,bytes/s,6.682013290565,7.016956713771
candidate-modules-run-a,Tail probability (batch-balanced),50000,81,11,48920994.000000,4447363.090909090824,11242617.024502813816,bytes/s,6.648102587497,7.050867416839
candidate-modules-run-a,Tail probability (batch-balanced),50000,82,11,49105620.000000,4464147.272727272473,11200347.332952929661,bytes/s,6.649738513590,7.049231490746
candidate-modules-run-a,Tail probability (batch-balanced),50000,83,11,51710404.000000,4700945.818181818351,10636157.474228976294,bytes/s,6.672185245657,7.026784758679
candidate-modules-run-a,Tail probability (batch-balanced),50000,84,11,49368191.000000,4488017.363636363298,11140776.861765099689,bytes/s,6.652054528488,7.046915475848
candidate-modules-run-a,Tail probability (batch-balanced),50000,85,11,49392570.000000,4490233.636363636702,11135278.038781944662,bytes/s,6.652268938853,7.046701065483
candidate-modules-run-a,Tail probability (batch-balanced),50000,86,11,48879981.000000,4443634.636363636702,11252050.200265010819,bytes/s,6.647738343263,7.051231661073
candidate-modules-run-a,Tail probability (batch-balanced),50000,87,11,49937432.000000,4539766.545454545878,11013782.206501927227,bytes/s,6.657033520120,7.041936484216
candidate-modules-run-a,Tail probability (batch-balanced),50000,88,11,50713022.000000,4610274.727272727527,10845340.670094557106,bytes/s,6.663726805863,7.035243198473
candidate-modules-run-a,Tail probability (batch-balanced),50000,89,11,50106759.000000,4555159.909090909176,10976563.062081106007,bytes/s,6.658503627504,7.040466376832
candidate-modules-run-a,Tail probability (batch-balanced),50000,90,11,50180105.000000,4561827.727272727527,10960519.114099102095,bytes/s,6.659138880566,7.039831123770
candidate-modules-run-a,Tail probability (batch-balanced),50000,91,11,50206650.000000,4564240.909090909176,10954724.125190587714,bytes/s,6.659368559218,7.039601445118
candidate-modules-run-a,Tail probability (batch-balanced),50000,92,11,49454042.000000,4495822.000000000000,11121436.747273357585,bytes/s,6.652809108178,7.046160896158
candidate-modules-run-a,Tail probability (batch-balanced),50000,93,11,49029329.000000,4457211.727272727527,11217775.385014956817,bytes/s,6.649063264511,7.049906739825
candidate-modules-run-a,Tail probability (batch-balanced),50000,94,11,49923531.000000,4538502.818181818351,11016848.948444772512,bytes/s,6.656912609457,7.042057394879
candidate-modules-run-a,Tail probability (batch-balanced),50000,95,11,49165126.000000,4469556.909090909176,11186791.222705297172,bytes/s,6.650264471348,7.048705532988
candidate-modules-run-a,Tail probability (batch-balanced),50000,96,11,49139419.000000,4467219.909090909176,11192643.527185374871,bytes/s,6.650037332135,7.048932672201
candidate-modules-run-a,Tail probability (batch-balanced),50000,97,11,48882775.000000,4443888.636363636702,11251407.065167637542,bytes/s,6.647763167006,7.051206837330
candidate-modules-run-a,Tail probability (batch-balanced),50000,98,11,49243152.000000,4476650.181818181649,11169065.700749618933,bytes/s,6.650953158703,7.048016845633
candidate-modules-run-a,Tail probability (batch-balanced),50000,99,11,48935166.000000,4448651.454545454122,11239361.076245252043,bytes/s,6.648228380732,7.050741623604
candidate-modules-run-a,Tail probability (batch-balanced),200000,0,2,59801611.000000,29900805.500000000000,6688783.016230114736,bytes/s,7.475682887973,6.825347107691
candidate-modules-run-a,Tail probability (batch-balanced),200000,1,2,61949413.000000,30974706.500000000000,6456881.197566795163,bytes/s,7.491007199922,6.810022795742
candidate-modules-run-a,Tail probability (batch-balanced),200000,2,2,60705661.000000,30352830.500000000000,6589171.313034545630,bytes/s,7.482199196670,6.818830798994
candidate-modules-run-a,Tail probability (batch-balanced),200000,3,2,59091474.000000,29545737.000000000000,6769166.056003273465,bytes/s,7.470494827656,6.830535168008
candidate-modules-run-a,Tail probability (batch-balanced),200000,4,2,59108658.000000,29554329.000000000000,6767198.131955558434,bytes/s,7.470621103597,6.830408892067
candidate-modules-run-a,Tail probability (batch-balanced),200000,5,2,60949592.000000,30474796.000000000000,6562800.289130729623,bytes/s,7.483940807108,6.817089188556
candidate-modules-run-a,Tail probability (batch-balanced),200000,6,2,60142918.000000,30071459.000000000000,6650824.624106199481,bytes/s,7.478154499610,6.822875496054
candidate-modules-run-a,Tail probability (batch-balanced),200000,7,2,61980218.000000,30990109.000000000000,6453672.040972814895,bytes/s,7.491223103765,6.809806891899
candidate-modules-run-a,Tail probability (batch-balanced),200000,8,2,59967933.000000,29983966.500000000000,6670231.571930284612,bytes/s,7.476889083986,6.824140911678
candidate-modules-run-a,Tail probability (batch-balanced),200000,9,2,59961786.000000,29980893.000000000000,6670915.372667518444,bytes/s,7.476844564443,6.824185431221
candidate-modules-run-a,Tail probability (batch-balanced),200000,10,2,60195867.000000,30097933.500000000000,6644974.479726323858,bytes/s,7.478536678306,6.822493317358
candidate-modules-run-a,Tail probability (batch-balanced),200000,11,2,60435536.000000,30217768.000000000000,6618622.526984785683,bytes/s,7.480262382535,6.820767613129
candidate-modules-run-a,Tail probability (batch-balanced),200000,12,2,61279021.000000,30639510.500000000000,6527519.426264985465,bytes/s,7.486281822682,6.814748172982
candidate-modules-run-a,Tail probability (batch-balanced),200000,13,2,60324178.000000,30162089.000000000000,6630840.456707093865,bytes/s,7.479461417097,6.821568578567
candidate-modules-run-a,Tail probability (batch-balanced),200000,14,2,59131210.000000,29565605.000000000000,6764617.196231905371,bytes/s,7.470786770380,6.830243225284
candidate-modules-run-a,Tail probability (batch-balanced),200000,15,2,59119195.000000,29559597.500000000000,6765991.992955925874,bytes/s,7.470698516167,6.830331479497
candidate-modules-run-a,Tail probability (batch-balanced),200000,16,2,59273573.000000,29636786.500000000000,6748369.969193522818,bytes/s,7.471831111555,6.829198884109
candidate-modules-run-a,Tail probability (batch-balanced),200000,17,2,59214336.000000,29607168.000000000000,6755120.922068601474,bytes/s,7.471396868018,6.829633127646
candidate-modules-run-a,Tail probability (batch-balanced),200000,18,2,58990595.000000,29495297.500000000000,6780741.913181245327,bytes/s,7.469752780975,6.831277214689
candidate-modules-run-a,Tail probability (batch-balanced),200000,19,2,59272944.000000,29636472.000000000000,6748441.582385379821,bytes/s,7.471826502879,6.829203492785
candidate-modules-run-a,Tail probability (batch-balanced),200000,20,2,61233397.000000,30616698.500000000000,6532382.973951290362,bytes/s,7.485958357475,6.815071638189
candidate-modules-run-a,Tail probability (batch-balanced),200000,21,2,59958002.000000,29979001.000000000000,6671336.379754615948,bytes/s,7.476817156617,6.824212839047
candidate-modules-run-a,Tail probability (batch-balanced),200000,22,2,61038155.000000,30519077.500000000000,6553278.027489527129,bytes/s,7.484571402064,6.816458593600
candidate-modules-run-a,Tail probability (batch-balanced),200000,23,2,60456411.000000,30228205.500000000000,6616337.182172457688,bytes/s,7.480412366014,6.820617629650
candidate-modules-run-a,Tail probability (batch-balanced),200000,24,2,59476149.000000,29738074.500000000000,6725384.994243659079,bytes/s,7.473312845117,6.827717150547
candidate-modules-run-a,Tail probability (batch-balanced),200000,25,2,63090816.000000,31545408.000000000000,6340066.991683861241,bytes/s,7.498936148829,6.802093846835
candidate-modules-run-a,Tail probability (batch-balanced),200000,26,2,59693745.000000,29846872.500000000000,6700869.580221512355,bytes/s,7.474898830368,6.826131165296
candidate-modules-run-a,Tail probability (batch-balanced),200000,27,2,60388652.000000,30194326.000000000000,6623761.033778333105,bytes/s,7.479925339699,6.821104655965
candidate-modules-run-a,Tail probability (batch-balanced),200000,28,2,60219257.000000,30109628.500000000000,6642393.478883340955,bytes/s,7.478705397114,6.822324598550
candidate-modules-run-a,Tail probability (batch-balanced),200000,29,2,61068256.000000,30534128.000000000000,6550047.867749817669,bytes/s,7.484785521837,6.816244473827
candidate-modules-run-a,Tail probability (batch-balanced),200000,30,2,59773647.000000,29886823.500000000000,6691912.240188389085,bytes/s,7.475479758809,6.825550236855
candidate-modules-run-a,Tail probability (batch-balanced),200000,31,2,60240691.000000,30120345.500000000000,6640030.075352223590,bytes/s,7.478859949198,6.822170046466
candidate-modules-run-a,Tail probability (batch-balanced),200000,32,2,59958830.000000,29979415.000000000000,6671244.252097647637,bytes/s,7.476823154038,6.824206841626
candidate-modules-run-a,Tail probability (batch-balanced),200000,33,2,63830976.000000,31915488.000000000000,6266549.958440240473,bytes/s,7.504001489345,6.797028506319
candidate-modules-run-a,Tail probability (batch-balanced),200000,34,2,64090624.000000,32045312.000000000000,6241162.513880345039,bytes/s,7.505764504324,6.795265491340
candidate-modules-run-a,Tail probability (batch-balanced),200000,35,2,63917246.000000,31958623.000000000000,6258091.908402937464,bytes/s,7.504588058615,6.796441937049
candidate-modules-run-a,Tail probability (batch-balanced),200000,36,2,60656741.000000,30328370.500000000000,6594485.516457272694,bytes/s,7.481849076916,6.819180918748
candidate-modules-run-a,Tail probability (batch-balanced),200000,37,2,59162634.000000,29581317.000000000000,6761024.196454809979,bytes/s,7.471017505465,6.830012490199
candidate-modules-run-a,Tail probability (batch-balanced),200000,38,2,59940108.000000,29970054.000000000000,6673327.982658957131,bytes/s,7.476687525458,6.824342470206
candidate-modules-run-a,Tail probability (batch-balanced),200000,39,2,59118486.000000,29559243.000000000000,6766073.136582016014,bytes/s,7.470693307763,6.830336687901
candidate-modules-run-a,Tail probability (batch-balanced),200000,40,2,59275168.000000,29637584.000000000000,6748188.381347143091,bytes/s,7.471842797882,6.829187197782
candidate-modules-run-a,Tail probability (batch-balanced),200000,41,2,59201682.000000,29600841.000000000000,6756564.788142336532,bytes/s,7.471304050129,6.829725945535
candidate-modules-run-a,Tail probability (batch-balanced),200000,42,2,60024562.000000,30012281.000000000000,6663938.672305514105,bytes/s,7.477299004024,6.823730991640
candidate-modules-run-a,Tail probability (batch-balanced),200000,43,2,58960337.000000,29480168.500000000000,6784221.738759735599,bytes/s,7.469529961494,6.831500034170
candidate-modules-run-a,Tail probability (batch-balanced),200000,44,2,58969698.000000,29484849.000000000000,6783144.794127994217,bytes/s,7.469598907978,6.831431087686
candidate-modules-run-a,Tail probability (batch-balanced),200000,45,2,59077551.000000,29538775.500000000000,6770761.367545516230,bytes/s,7.470392488111,6.830637507552
candidate-modules-run-a,Tail probability (batch-balanced),200000,46,2,59155847.000000,29577923.500000000000,6761799.894438160583,bytes/s,7.470967681353,6.830062314311
candidate-modules-run-a,Tail probability (batch-balanced),200000,47,2,58927146.000000,29463573.000000000000,6788042.984467634000,bytes/s,7.469285411892,6.831744583772
candidate-modules-run-a,Tail probability (batch-balanced),200000,48,2,59014323.000000,29507161.500000000000,6778015.567508924752,bytes/s,7.469927433689,6.831102561975
candidate-modules-run-a,Tail probability (batch-balanced),200000,49,2,59191472.000000,29595736.000000000000,6757730.235193340108,bytes/s,7.471229144672,6.829800850992
candidate-modules-run-a,Tail probability (batch-balanced),200000,50,2,59136219.000000,29568109.500000000000,6764044.214595457539,bytes/s,7.470823557872,6.830206437792
candidate-modules-run-a,Tail probability (batch-balanced),200000,51,2,59295066.000000,29647533.000000000000,6745923.851404432207,bytes/s,7.471988561138,6.829041434526
candidate-modules-run-a,Tail probability (batch-balanced),200000,52,2,59154869.000000,29577434.500000000000,6761911.686424324289,bytes/s,7.470960501276,6.830069494388
candidate-modules-run-a,Tail probability (batch-balanced),200000,53,2,59088578.000000,29544289.000000000000,6769497.820712490007,bytes/s,7.470473542899,6.830556452765
candidate-modules-run-a,Tail probability (batch-balanced),200000,54,2,58938532.000000,29469266.000000000000,6786731.641025602818,bytes/s,7.469369318879,6.831660676785
candidate-modules-run-a,Tail probability (batch-balanced),200000,55,2,60206730.000000,30103365.000000000000,6643775.538050314412,bytes/s,7.478615044406,6.822414951258
candidate-modules-run-a,Tail probability (batch-balanced),200000,56,2,59069578.000000,29534789.000000000000,6771675.260656170547,bytes/s,7.470333872554,6.830696123110
candidate-modules-run-a,Tail probability (batch-balanced),200000,57,2,59030809.000000,29515404.500000000000,6776122.617597871460,bytes/s,7.470048739477,6.830981256187
candidate-modules-run-a,Tail probability (batch-balanced),200000,58,2,59708671.000000,29854335.500000000000,6699194.493878452107,bytes/s,7.475007409067,6.826022586597
candidate-modules-run-a,Tail probability (batch-balanced),200000,59,2,59211171.000000,29605585.500000000000,6755482.001867518760,bytes/s,7.471373654403,6.829656341261
candidate-modules-run-a,Tail probability (batch-balanced),200000,60,2,59217458.000000,29608729.000000000000,6754764.785749499686,bytes/s,7.471419765034,6.829610230630
candidate-modules-run-a,Tail probability (batch-balanced),200000,61,2,59442947.000000,29721473.500000000000,6729141.474092797376,bytes/s,7.473070336618,6.827959659046
candidate-modules-run-a,Tail probability (batch-balanced),200000,62,2,59354510.000000,29677255.000000000000,6739167.756586652249,bytes/s,7.472423728363,6.828606267301
candidate-modules-run-a,Tail probability (batch-balanced),200000,63,2,60545581.000000,30272790.500000000000,6606592.808152258396,bytes/s,7.481052455410,6.819977540254
candidate-modules-run-a,Tail probability (batch-balanced),200000,64,2,60873127.000000,30436563.500000000000,6571044.066785003059,bytes/s,7.483395615995,6.817634379669
candidate-modules-run-a,Tail probability (batch-balanced),200000,65,2,66390333.000000,33195166.500000000000,6024973.545470844023,bytes/s,7.521074851319,6.779955144345
candidate-modules-run-a,Tail probability (batch-balanced),200000,66,2,63622788.000000,31811394.000000000000,6287055.512248221785,bytes/s,7.502582700646,6.798447295018
candidate-modules-run-a,Tail probability (batch-balanced),200000,67,2,60946333.000000,30473166.500000000000,6563151.223552695476,bytes/s,7.483917584581,6.817112411083
candidate-modules-run-a,Tail probability (batch-balanced),200000,68,2,61489588.000000,30744794.000000000000,6505166.370605703443,bytes/s,7.487771587478,6.813258408186
candidate-modules-run-a,Tail probability (batch-balanced),200000,69,2,59270746.000000,29635373.000000000000,6748691.842009210028,bytes/s,7.471810397775,6.829219597889
candidate-modules-run-a,Tail probability (batch-balanced),200000,70,2,60138123.000000,30069061.500000000000,6651354.915084396489,bytes/s,7.478119873337,6.822910122327
candidate-modules-run-a,Tail probability (batch-balanced),200000,71,2,60819338.000000,30409669.000000000000,6576855.538940591738,bytes/s,7.483011693006,6.818018302657
candidate-modules-run-a,Tail probability (batch-balanced),200000,72,2,59736114.000000,29868057.000000000000,6696116.858220807277,bytes/s,7.475206971462,6.825823024202
candidate-modules-run-a,Tail probability (batch-balanced),200000,73,2,60708202.000000,30354101.000000000000,6588895.516951729544,bytes/s,7.482217374863,6.818812620801
candidate-modules-run-a,Tail probability (batch-balanced),200000,74,2,59076622.000000,29538311.000000000000,6770867.840073862113,bytes/s,7.470385658737,6.830644336927
candidate-modules-run-a,Tail probability (batch-balanced),200000,75,2,59915708.000000,29957854.000000000000,6676045.620624227449,bytes/s,7.476510699904,6.824519295760
candidate-modules-run-a,Tail probability (batch-balanced),200000,76,2,59642649.000000,29821324.500000000000,6706610.231212232262,bytes/s,7.474526928529,6.826503067135
candidate-modules-run-a,Tail probability (batch-balanced),200000,77,2,60245699.000000,30122849.500000000000,6639478.114445978776,bytes/s,7.478896051977,6.822133943687
candidate-modules-run-a,Tail probability (batch-balanced),200000,78,2,59460469.000000,29730234.500000000000,6727158.509294637479,bytes/s,7.473198334757,6.827831660907
candidate-modules-run-a,Tail probability (batch-balanced),200000,79,2,59603034.000000,29801517.000000000000,6711067.762087413110,bytes/s,7.474238371726,6.826791623938
candidate-modules-run-a,Tail probability (batch-balanced),200000,80,2,59183418.000000,29591709.000000000000,6758649.863716894761,bytes/s,7.471170047548,6.829859948116
candidate-modules-run-a,Tail probability (batch-balanced),200000,81,2,61100071.000000,30550035.500000000000,6546637.237131851725,bytes/s,7.485011719241,6.816018276423
candidate-modules-run-a,Tail probability (batch-balanced),200000,82,2,61271213.000000,30635606.500000000000,6528351.250366138294,bytes/s,7.486226482579,6.814803513085
candidate-modules-run-a,Tail probability (batch-balanced),200000,83,2,61400793.000000,30700396.500000000000,6514573.842718936503,bytes/s,7.487143984489,6.813886011175
candidate-modules-run-a,Tail probability (batch-balanced),200000,84,2,61617130.000000,30808565.000000000000,6491701.252557527274,bytes/s,7.488671470239,6.812358525425
candidate-modules-run-a,Tail probability (batch-balanced),200000,85,2,60358711.000000,30179355.500000000000,6627046.757178097963,bytes/s,7.479709960894,6.821320034770
candidate-modules-run-a,Tail probability (batch-balanced),200000,86,2,58884583.000000,29442291.500000000000,6792949.522967667319,bytes/s,7.468971608216,6.832058387448
candidate-modules-run-a,Tail probability (batch-balanced),200000,87,2,59135638.000000,29567819.000000000000,6764110.670455605723,bytes/s,7.470819291006,6.830210704658
candidate-modules-run-a,Tail probability (batch-balanced),200000,88,2,59313975.000000,29656987.500000000000,6743773.284457836300,bytes/s,7.472127034131,6.828902961533
candidate-modules-run-a,Tail probability (batch-balanced),200000,89,2,59607502.000000,29803751.000000000000,6710564.720527962781,bytes/s,7.474270926361,6.826759069303
candidate-modules-run-a,Tail probability (batch-balanced),200000,90,2,60551228.000000,30275614.000000000000,6605976.678127815947,bytes/s,7.481092959548,6.819937036116
candidate-modules-run-a,Tail probability (batch-balanced),200000,91,2,61524713.000000,30762356.500000000000,6501452.513886574656,bytes/s,7.488019600822,6.813010394842
candidate-modules-run-a,Tail probability (batch-balanced),200000,92,2,61074085.000000,30537042.500000000000,6549422.721601150930,bytes/s,7.484826973515,6.816203022149
candidate-modules-run-a,Tail probability (batch-balanced),200000,93,2,59989323.000000,29994661.500000000000,6667853.211145590059,bytes/s,7.477043965140,6.823986030524
candidate-modules-run-a,Tail probability (batch-balanced),200000,94,2,59717242.000000,29858621.000000000000,6698232.982695349492,bytes/s,7.475069746258,6.825960249406
candidate-modules-run-a,Tail probability (batch-balanced),200000,95,2,60460557.000000,30230278.500000000000,6615883.475899833255,bytes/s,7.480442148185,6.820587847479
candidate-modules-run-a,Tail probability (batch-balanced),200000,96,2,60470536.000000,30235268.000000000000,6614791.706162485294,bytes/s,7.480513822468,6.820516173196
candidate-modules-run-a,Tail probability (batch-balanced),200000,97,2,60050924.000000,30025462.000000000000,6661013.242693817243,bytes/s,7.477489698590,6.823540297074
candidate-modules-run-a,Tail probability (batch-balanced),200000,98,2,60390134.000000,30195067.000000000000,6623598.483818565495,bytes/s,7.479935997604,6.821093998060
candidate-modules-run-a,Tail probability (batch-balanced),200000,99,2,59571935.000000,29785967.500000000000,6714571.215455734171,bytes/s,7.474011711304,6.827018284360
candidate-modules-run-a,Dyadic multiply,8,0,2592,990331.000000,382.072145061728,20938453.910864144564,entries/s,2.582145376639,7.320944610353
candidate-modules-run-a,Dyadic multiply,8,1,5184,1998469.000000,385.507137345679,20751885.568402614444,entries/s,2.586032423064,7.317057563928
candidate-modules-run-a,Dyadic multiply,8,2,7776,2822092.000000,362.923353909465,22043221.836850110441,entries/s,2.559814915700,7.343275071292
candidate-modules-run-a,Dyadic multiply,8,3,10368,4157431.000000,400.986786265432,19950782.105583954602,entries/s,2.603130061532,7.299959925460
candidate-modules-run-a,Dyadic multiply,8,4,12960,4721179.000000,364.288503086420,21960616.193539790809,entries/s,2.561445465162,7.341644521830
candidate-modules-run-a,Dyadic multiply,8,5,15552,5709205.000000,367.104230967078,21792175.968457955867,entries/s,2.564789389884,7.338300597108
candidate-modules-run-a,Dyadic multiply,8,6,18144,6572496.000000,362.240740740741,22084760.492817338556,entries/s,2.558997293255,7.344092693737
candidate-modules-run-a,Dyadic multiply,8,7,20736,7597537.000000,366.393566743827,21834444.504844136536,entries/s,2.563947839580,7.339142147411
candidate-modules-run-a,Dyadic multiply,8,8,23328,9059147.000000,388.337920096022,20600615.046869203448,entries/s,2.589209800241,7.313880186751
candidate-modules-run-a,Dyadic multiply,8,9,25920,10012881.000000,386.299421296296,20709324.319344252348,entries/s,2.586924057542,7.316165929450
candidate-modules-run-a,Dyadic multiply,8,10,28512,11447392.000000,401.493827160494,19925586.544079210609,entries/s,2.603678872527,7.299411114465
candidate-modules-run-a,Dyadic multiply,8,11,31104,11515207.000000,370.216274434156,21608990.615626797080,entries/s,2.568455506101,7.334634480891
candidate-modules-run-a,Dyadic multiply,8,12,33696,12997560.000000,385.730056980057,20739892.718325592577,entries/s,2.586283481417,7.316806505575
candidate-modules-run-a,Dyadic multiply,8,13,36288,13530299.000000,372.858768738977,21455845.136903479695,entries/s,2.571544361106,7.331545625886
candidate-modules-run-a,Dyadic multiply,8,14,38880,14361115.000000,369.370241769547,21658485.430971063673,entries/s,2.567461903676,7.335628083316
candidate-modules-run-a,Dyadic multiply,8,15,41472,15017610.000000,362.114438657407,22092463.447912152857,entries/s,2.558845841868,7.344244145124
candidate-modules-run-a,Dyadic multiply,8,16,44064,16124014.000000,365.922612563544,21862546.137704916298,entries/s,2.563389247989,7.339700739003
candidate-modules-run-a,Dyadic multiply,8,17,46656,16701451.000000,357.970057441701,22348237.886636316776,entries/s,2.553846701416,7.349243285576
candidate-modules-run-a,Dyadic multiply,8,18,49248,17822940.000000,361.901803118908,22105443.882995735854,entries/s,2.558590746918,7.344499240074
candidate-modules-run-a,Dyadic multiply,8,19,51840,19016644.000000,366.833410493827,21808264.381454478949,entries/s,2.564468883520,7.338621103472
candidate-modules-run-a,Dyadic multiply,8,20,54432,19434147.000000,357.035328483245,22406746.228687062860,entries/s,2.552711191480,7.350378795512
candidate-modules-run-a,Dyadic multiply,8,21,57024,20745113.000000,363.796173540965,21990335.747990384698,entries/s,2.560858126781,7.342231860211
candidate-modules-run-a,Dyadic multiply,8,22,59616,21799276.000000,365.661500268384,21878157.788359578699,entries/s,2.563079236791,7.340010750201
candidate-modules-run-a,Dyadic multiply,8,23,62208,22934176.000000,368.669238683128,21699667.779649026692,entries/s,2.566636902110,7.336453084882
candidate-modules-run-a,Dyadic multiply,8,24,64800,24339005.000000,375.601929012346,21299145.137609362602,entries/s,2.574727814045,7.328362172947
candidate-modules-run-a,Dyadic multiply,8,25,67392,24760000.000000,367.402659069326,21774474.959612276405,entries/s,2.565142295179,7.337947691813
candidate-modules-run-a,Dyadic multiply,8,26,69984,25427461.000000,363.332490283493,22018399.713600978255,entries/s,2.560304235517,7.342785751475
candidate-modules-run-a,Dyadic multiply,8,27,72576,26667049.000000,367.436191027337,21772487.836955636740,entries/s,2.565181930384,7.337908056608
candidate-modules-run-a,Dyadic multiply,8,28,75168,27347291.000000,363.815599723286,21989161.559000488371,entries/s,2.560881316851,7.342208670141
candidate-modules-run-a,Dyadic multiply,8,29,77760,28255209.000000,363.364313271605,22016471.369933947921,entries/s,2.560342272146,7.342747714846
candidate-modules-run-a,Dyadic multiply,8,30,80352,29367551.000000,365.486248008761,21888648.461017400026,entries/s,2.562871040593,7.340218946399
candidate-modules-run-a,Dyadic multiply,8,31,82944,30141866.000000,363.400197723765,22014297.323198240250,entries/s,2.560385159269,7.342704827723
candidate-modules-run-a,Dyadic multiply,8,32,85536,32380934.000000,378.564978488590,21132435.525176636875,entries/s,2.578140434370,7.324949552622
candidate-modules-run-a,Dyadic multiply,8,33,88128,33840519.000000,383.992817265795,20833723.028893262148,entries/s,2.584323100797,7.318766886195
candidate-modules-run-a,Dyadic multiply,8,34,90720,34980236.000000,385.584611992945,20747715.938794694841,entries/s,2.586119693644,7.316970293348
candidate-modules-run-a,Dyadic multiply,8,35,93312,34270803.000000,367.271122685185,21782273.382972672582,entries/s,2.564986782548,7.338103204444
candidate-modules-run-a,Dyadic multiply,8,36,95904,34472569.000000,359.448709125792,22256304.715787209570,entries/s,2.555636928285,7.347453058707
candidate-modules-run-a,Dyadic multiply,8,37,98496,36201667.000000,367.544539879792,21766069.501716591418,entries/s,2.565309975398,7.337780011594
candidate-modules-run-a,Dyadic multiply,8,38,101088,43553786.000000,430.850209718265,18567938.043319586664,entries/s,2.634326308676,7.268763678316
candidate-modules-run-a,Dyadic multiply,8,39,103680,39849057.000000,384.346614583333,20814545.247582644224,entries/s,2.584723060053,7.318366926939
candidate-modules-run-a,Dyadic multiply,8,40,106272,40347225.000000,379.659976287263,21071486.328985452652,entries/s,2.579394816277,7.323695170715
candidate-modules-run-a,Dyadic multiply,8,41,108864,41074541.000000,377.301412771899,21203207.115570690483,entries/s,2.576688431381,7.326401555610
candidate-modules-run-a,Dyadic multiply,8,42,111456,43026498.000000,386.040213178295,20723229.671166826040,entries/s,2.586632546775,7.316457440217
candidate-modules-run-a,Dyadic multiply,8,43,114048,42817188.000000,375.431292087542,21308825.792109467089,entries/s,2.574530468111,7.328559518881
candidate-modules-run-a,Dyadic multiply,8,44,116640,42907700.000000,367.864368998628,21747145.617220219225,entries/s,2.565687724508,7.337402262484
candidate-modules-run-a,Dyadic multiply,8,45,119232,43959839.000000,368.691618022008,21698350.624077580869,entries/s,2.566663264299,7.336426722692
candidate-modules-run-a,Dyadic multiply,8,46,121824,46328531.000000,380.290673430523,21036540.096641529351,entries/s,2.580115674538,7.322974312454
candidate-modules-run-a,Dyadic multiply,8,47,124416,45951185.000000,369.335013181584,21660551.300254825503,entries/s,2.567420480981,7.335669506011
candidate-modules-run-a,Dyadic multiply,8,48,127008,47327032.000000,372.630322499370,21468998.943352289498,entries/s,2.571278192370,7.331811794622
candidate-modules-run-a,Dyadic multiply,8,49,129600,50047437.000000,386.168495370370,20716345.574299838394,entries/s,2.586776840016,7.316313146976
candidate-modules-run-a,Dyadic multiply,8,50,132192,51203288.000000,387.340292907286,20653673.646895486861,entries/s,2.588092676633,7.314997310359
candidate-modules-run-a,Dyadic multiply,8,51,134784,51146648.000000,379.471213200380,21081968.069539964199,entries/s,2.579178835772,7.323911151220
candidate-modules-run-a,Dyadic multiply,8,52,137376,52467530.000000,381.926464593524,20946440.589065276086,entries/s,2.581979752714,7.321110234278
candidate-modules-run-a,Dyadic multiply,8,53,139968,53784083.000000,384.259852251943,20819244.979969259351,entries/s,2.584625011432,7.318464975560
candidate-modules-run-a,Dyadic multiply,8,54,142560,52676422.000000,369.503521324355,21650673.236690219492,entries/s,2.567618581525,7.335471405467
candidate-modules-run-a,Dyadic multiply,8,55,145152,54892932.000000,378.175512566138,21154198.868444483727,entries/s,2.577693404198,7.325396582794
candidate-modules-run-a,Dyadic multiply,8,56,147744,56123651.000000,379.870932152913,21059784.581726517528,entries/s,2.579636062471,7.323453924521
candidate-modules-run-a,Dyadic multiply,8,57,150336,58136647.000000,386.711413101320,20687261.169361900538,entries/s,2.587386989693,7.315702997299
candidate-modules-run-a,Dyadic multiply,8,58,152928,58488222.000000,382.455940050220,20917442.147583149374,entries/s,2.582581410483,7.320508576509
candidate-modules-run-a,Dyadic multiply,8,59,155520,57593781.000000,370.330381944444,21602332.376823808998,entries/s,2.568589343077,7.334500643915
candidate-modules-run-a,Dyadic multiply,8,60,158112,60396738.000000,381.987059805707,20943117.822025422007,entries/s,2.582048651000,7.321041335992
candidate-modules-run-a,Dyadic multiply,8,61,160704,59581431.000000,370.752632168459,21577729.477494422346,entries/s,2.569084242997,7.334005743995
candidate-modules-run-a,Dyadic multiply,8,62,163296,61555876.000000,376.958872232020,21222474.358093775809,entries/s,2.576293969471,7.326796017521
candidate-modules-run-a,Dyadic multiply,8,63,165888,64231654.000000,387.198917341821,20661214.796056784689,entries/s,2.587934134295,7.315155852697
candidate-modules-run-a,Dyadic multiply,8,64,168480,65206340.000000,387.027184235518,20670382.665243901312,entries/s,2.587741470313,7.315348516679
candidate-modules-run-a,Dyadic multiply,8,65,171072,64330617.000000,376.044104236813,21274100.324577953666,entries/s,2.575238784032,7.327851202960
candidate-modules-run-a,Dyadic multiply,8,66,173664,67357061.000000,387.858514142252,20626078.088531803340,entries/s,2.588673329374,7.314416657618
candidate-modules-run-a,Dyadic multiply,8,67,176256,66882359.000000,379.461459468046,21082509.963501736522,entries/s,2.579167672747,7.323922314245
candidate-modules-run-a,Dyadic multiply,8,68,178848,64860074.000000,362.654734746824,22059549.299928333610,entries/s,2.559493351896,7.343596635096
candidate-modules-run-a,Dyadic multiply,8,69,181440,66689880.000000,367.558862433862,21765221.349925957620,entries/s,2.565326898749,7.337763088243
candidate-modules-run-a,Dyadic multiply,8,70,184032,69121917.000000,375.597271126761,21299409.274195909500,entries/s,2.574722428272,7.328367558720
candidate-modules-run-a,Dyadic multiply,8,71,186624,69314465.000000,371.412385330933,21539400.181477271020,entries/s,2.569856381879,7.333233605113
candidate-modules-run-a,Dyadic multiply,8,72,189216,68961703.000000,364.460209496026,21950269.992607347667,entries/s,2.561650120474,7.341439866518
candidate-modules-run-a,Dyadic multiply,8,73,191808,71455269.000000,372.535394769770,21474469.573405425996,entries/s,2.571167541575,7.331922445417
candidate-modules-run-a,Dyadic multiply,8,74,194400,75322655.000000,387.462217078189,20647174.478913415223,entries/s,2.588229359192,7.314860627800
candidate-modules-run-a,Dyadic multiply,8,75,196992,74297895.000000,377.161991349903,21211045.077387455851,entries/s,2.576527920071,7.326562066921
candidate-modules-run-a,Dyadic multiply,8,76,199584,74542899.000000,373.491357022607,21419505.028909593821,entries/s,2.572280556243,7.330809430749
candidate-modules-run-a,Dyadic multiply,8,77,202176,74883439.000000,370.387380302311,21599008.026327423751,entries/s,2.568656181146,7.334433805846
candidate-modules-run-a,Dyadic multiply,8,78,204768,76312364.000000,372.677195655571,21466298.698334123939,entries/s,2.571332818823,7.331757168169
candidate-modules-run-a,Dyadic multiply,8,79,207360,76155014.000000,367.259905478395,21782938.678207058460,entries/s,2.564973518109,7.338116468883
candidate-modules-run-a,Dyadic multiply,8,80,209952,77749250.000000,370.319168190825,21602986.523985762149,entries/s,2.568576192266,7.334513794726
candidate-modules-run-a,Dyadic multiply,8,81,212544,77449288.000000,364.391787112316,21954391.627202562988,entries/s,2.561568580013,7.341521406979
candidate-modules-run-a,Dyadic multiply,8,82,215136,77879223.000000,361.999958165997,22099450.067702908069,entries/s,2.558708520345,7.344381466647
candidate-modules-run-a,Dyadic multiply,8,83,217728,82693710.000000,379.802827380952,21063560.940729346126,entries/s,2.579558193448,7.323531793544
candidate-modules-run-a,Dyadic multiply,8,84,220320,80318453.000000,364.553617465505,21944645.771501600742,entries/s,2.561761412097,7.341328574895
candidate-modules-run-a,Dyadic multiply,8,85,222912,84292416.000000,378.142118863049,21156066.994212146848,entries/s,2.577655053377,7.325434933615
candidate-modules-run-a,Dyadic multiply,8,86,225504,85947203.000000,381.133829111679,20990002.432074490935,entries/s,2.581077498089,7.322012488903
candidate-modules-run-a,Dyadic multiply,8,87,228096,84931172.000000,372.348362093154,21485256.320258948952,entries/s,2.570949447785,7.332140539207
candidate-modules-run-a,Dyadic multiply,8,88,230688,83974159.000000,364.016156020252,21977046.534041501582,entries/s,2.561120659239,7.341969327753
candidate-modules-run-a,Dyadic multiply,8,89,233280,85373825.000000,365.971472050754,21859627.350654605776,entries/s,2.563447232898,7.339642754094
candidate-modules-run-a,Dyadic multiply,8,90,235872,86285516.000000,365.815001356668,21868977.407517619431,entries/s,2.563261511072,7.339828475920
candidate-modules-run-a,Dyadic multiply,8,91,238464,89278227.000000,374.388700181159,21368166.283140905201,entries/s,2.573322732366,7.329767254626
candidate-modules-run-a,Dyadic multiply,8,92,241056,92497570.000000,383.718181667330,20848634.185741309077,entries/s,2.584012377803,7.319077609189
candidate-modules-run-a,Dyadic multiply,8,93,243648,97509984.000000,400.208431836091,19989583.835845980793,entries/s,2.602286234378,7.300803752614
candidate-modules-run-a,Dyadic multiply,8,94,246240,92200540.000000,374.433641975309,21365601.546368382871,entries/s,2.573374862149,7.329715124843
candidate-modules-run-a,Dyadic multiply,8,95,248832,91687566.000000,368.471764081790,21711297.254853509367,entries/s,2.566404213570,7.336685773422
candidate-modules-run-a,Dyadic multiply,8,96,251424,91802662.000000,365.130862606593,21909952.894394282252,entries/s,2.562448543148,7.340641443844
candidate-modules-run-a,Dyadic multiply,8,97,254016,93127945.000000,366.622358434114,21820818.659748155624,entries/s,2.564218946847,7.338871040145
candidate-modules-run-a,Dyadic multiply,8,98,256608,94732309.000000,369.171300193291,21670156.904968924820,entries/s,2.567227931107,7.335862055884
candidate-modules-run-a,Dyadic multiply,8,99,259200,95243123.000000,367.450320216049,21771650.641905140132,entries/s,2.565198630183,7.337891356808
candidate-modules-run-a,Dyadic multiply,16,0,1398,1005486.000000,719.231759656652,22245958.670732364058,entries/s,2.856868856616,7.347251126040
candidate-modules-run-a,Dyadic multiply,16,1,2796,1933729.000000,691.605507868383,23134575.734241977334,entries/s,2.839858443288,7.364261539368
candidate-modules-run-a,Dyadic multiply,16,2,4194,2878805.000000,686.410348116357,23309671.895109258592,entries/s,2.836583822183,7.367536160473
candidate-modules-run-a,Dyadic multiply,16,3,5592,3886875.000000,695.077789699571,23019006.271104678512,entries/s,2.842033411420,7.362086571236
candidate-modules-run-a,Dyadic multiply,16,4,6990,5788968.000000,828.178540772532,19319505.652821019292,entries/s,2.918123973154,7.285996009502
candidate-modules-run-a,Dyadic multiply,16,5,8388,6093609.000000,726.467453505007,22024386.533497635275,entries/s,2.861216162227,7.342903820429
candidate-modules-run-a,Dyadic multiply,16,6,9786,7005091.000000,715.827815246270,22351743.895975083113,entries/s,2.854808569960,7.349311412696
candidate-modules-run-a,Dyadic multiply,16,7,11184,7988648.000000,714.292560801145,22399785.295334078372,entries/s,2.853876127067,7.350243855589
candidate-modules-run-a,Dyadic multiply,16,8,12582,8692076.000000,690.834207598156,23160404.948138970882,entries/s,2.839373834112,7.364746148544
candidate-modules-run-a,Dyadic multiply,16,9,13980,9540982.000000,682.473676680973,23444127.658976819366,entries/s,2.834085905101,7.370034077555
candidate-modules-run-a,Dyadic multiply,16,10,15378,10370122.000000,674.347899596827,23726625.395535364747,entries/s,2.828884009138,7.375235973518
candidate-modules-run-a,Dyadic multiply,16,11,16776,11307305.000000,674.016750119218,23738282.464300733060,entries/s,2.828670689405,7.375449293251
candidate-modules-run-a,Dyadic multiply,16,12,18174,12383399.000000,681.379938373501,23481759.733333311975,entries/s,2.833389342643,7.370730640013
candidate-modules-run-a,Dyadic multiply,16,13,19572,13515435.000000,690.549509503372,23169953.464316908270,entries/s,2.839194821124,7.364925161532
candidate-modules-run-a,Dyadic multiply,16,14,20970,14679459.000000,700.021888412017,22856428.155833266675,entries/s,2.845111619826,7.359008362830
candidate-modules-run-a,Dyadic multiply,16,15,22368,15712462.000000,702.452700286123,22777334.322272349149,entries/s,2.846617086305,7.357502896351
candidate-modules-run-a,Dyadic multiply,16,16,23766,16305823.000000,686.098754523269,23320258.045239422470,entries/s,2.836386630951,7.367733351705
candidate-modules-run-a,Dyadic multiply,16,17,25164,17464817.000000,694.039779049436,23053433.654644079506,entries/s,2.841384362856,7.362735619800
candidate-modules-run-a,Dyadic multiply,16,18,26562,18259038.000000,687.412017167382,23275705.981881413609,entries/s,2.837217120097,7.366902862559
candidate-modules-run-a,Dyadic multiply,16,19,27960,19525656.000000,698.342489270386,22911394.116540819407,entries/s,2.844068466635,7.360051516020
candidate-modules-run-a,Dyadic multiply,16,20,29358,20461931.000000,696.979732951836,22956191.182542838156,entries/s,2.843220149698,7.360899832958
candidate-modules-run-a,Dyadic multiply,16,21,30756,21982349.000000,714.733677981532,22385960.663257598877,entries/s,2.854144246376,7.349975736280
candidate-modules-run-a,Dyadic multiply,16,22,32154,22271906.000000,692.663618834360,23099235.422419615090,entries/s,2.840522377540,7.363597605116
candidate-modules-run-a,Dyadic multiply,16,23,33552,22912478.000000,682.894551740582,23429678.797727599740,entries/s,2.834353647850,7.369766334806
candidate-modules-run-a,Dyadic multiply,16,24,34950,23678413.000000,677.493934191702,23616447.605673570186,entries/s,2.830905411194,7.373214571462
candidate-modules-run-a,Dyadic multiply,16,25,36348,25440826.000000,699.923682183339,22859635.139204990119,entries/s,2.845050688281,7.359069294375
candidate-modules-run-a,Dyadic multiply,16,26,37746,27003915.000000,715.411301859800,22364757.110219020396,entries/s,2.854555796725,7.349564185931
candidate-modules-run-a,Dyadic multiply,16,27,39144,27327623.000000,698.130569180462,22918348.954096741974,entries/s,2.843936654961,7.360183327695
candidate-modules-run-a,Dyadic multiply,16,28,40542,27933207.000000,688.994302205121,23222252.998017735779,entries/s,2.838215630426,7.365904352230
candidate-modules-run-a,Dyadic multiply,16,29,41940,30676242.000000,731.431616595136,21874908.927892796695,entries/s,2.864173729062,7.339946253594
candidate-modules-run-a,Dyadic multiply,16,30,43338,29803661.000000,687.702732013475,23265866.565855786204,entries/s,2.837400749653,7.366719233003
candidate-modules-run-a,Dyadic multiply,16,31,44736,33418929.000000,747.025415772532,21418280.639693751931,entries/s,2.873335377909,7.330784604747
candidate-modules-run-a,Dyadic multiply,16,32,46134,37454074.000000,811.854033901244,19707976.227098818868,entries/s,2.909477952924,7.294642029732
candidate-modules-run-a,Dyadic multiply,16,33,47532,36199469.000000,761.581019102920,21008926.954149521887,entries/s,2.881716111582,7.322403871074
candidate-modules-run-a,Dyadic multiply,16,34,48930,33074547.000000,675.956407112201,23670165.459862533957,entries/s,2.829918688899,7.374201293757
candidate-modules-run-a,Dyadic multiply,16,35,50328,35395541.000000,703.297190430774,22749984.242365445942,entries/s,2.847138882474,7.356981100182
candidate-modules-run-a,Dyadic multiply,16,36,51726,35734823.000000,690.848374125198,23159930.021200891584,entries/s,2.839382739839,7.364737242817
candidate-modules-run-a,Dyadic multiply,16,37,53124,36863437.000000,693.913052480988,23057643.811129167676,entries/s,2.841305056632,7.362814926024
candidate-modules-run-a,Dyadic multiply,16,38,54522,37442132.000000,686.734382451121,23298673.269994348288,entries/s,2.836788791584,7.367331191072
candidate-modules-run-a,Dyadic multiply,16,39,55920,38848430.000000,694.714413447783,23031046.557093810290,entries/s,2.841806309405,7.362313673251
candidate-modules-run-a,Dyadic multiply,16,40,57318,39931090.000000,696.658815729788,22966765.996119815856,entries/s,2.843020137174,7.361099845481
candidate-modules-run-a,Dyadic multiply,16,41,58716,44266268.000000,753.904693780230,21222841.735833708197,entries/s,2.877316447221,7.326803535435
candidate-modules-run-a,Dyadic multiply,16,42,60114,40947472.000000,681.163655720797,23489215.646816976368,entries/s,2.833251467621,7.370868515034
candidate-modules-run-a,Dyadic multiply,16,43,61512,41663680.000000,677.326050201587,23622301.246553353965,entries/s,2.830797779048,7.373322203608
candidate-modules-run-a,Dyadic multiply,16,44,62910,43726754.000000,695.068415196312,23019316.732268761843,entries/s,2.842027554058,7.362092428598
candidate-modules-run-a,Dyadic multiply,16,45,64308,46183027.000000,718.153682279032,22279353.841401517391,entries/s,2.856217391629,7.347902591027
candidate-modules-run-a,Dyadic multiply,16,46,65706,44758500.000000,681.193498310657,23488186.601427663118,entries/s,2.833270494162,7.370849488493
candidate-modules-run-a,Dyadic multiply,16,47,67104,47444686.000000,707.032159036719,22629805.158790595829,entries/s,2.849439167933,7.354680814722
candidate-modules-run-a,Dyadic multiply,16,48,68502,47553008.000000,694.184228197717,23048636.586774911731,entries/s,2.841474742317,7.362645240339
candidate-modules-run-a,Dyadic multiply,16,49,69900,49347549.000000,705.973519313305,22663739.591200366616,entries/s,2.848788411205,7.355331571451
candidate-modules-run-a,Dyadic multiply,16,50,71298,49779372.000000,698.187494740385,22916480.344508964568,entries/s,2.843972065885,7.360147916771
candidate-modules-run-a,Dyadic multiply,16,51,72696,49559934.000000,681.742241663915,23469280.649163093418,entries/s,2.833620204301,7.370499778355
candidate-modules-run-a,Dyadic multiply,16,52,74094,52195138.000000,704.444867330688,22712920.119111478329,entries/s,2.847847009154,7.356272973502
candidate-modules-run-a,Dyadic multiply,16,53,75492,52434968.000000,694.576484925555,23035620.046530779451,entries/s,2.841720076067,7.362399906589
candidate-modules-run-a,Dyadic multiply,16,54,76890,52135214.000000,678.049343217584,23597102.718327768147,entries/s,2.831261299630,7.372858683026
candidate-modules-run-a,Dyadic multiply,16,55,78288,54971138.000000,702.165568158594,22786648.513625457883,entries/s,2.846439529309,7.357680453347
candidate-modules-run-a,Dyadic multiply,16,56,79686,55664161.000000,698.543796902844,22904791.468966901302,entries/s,2.844193640453,7.359926342203
candidate-modules-run-a,Dyadic multiply,16,57,81084,55678059.000000,686.671340831730,23300812.264306843281,entries/s,2.836748921898,7.367371060758
candidate-modules-run-a,Dyadic multiply,16,58,82482,58589619.000000,710.332181566887,22524672.843494679779,entries/s,2.851461490809,7.352658491847
candidate-modules-run-a,Dyadic multiply,16,59,83880,57766973.000000,688.685896518836,23232652.332328371704,entries/s,2.838021189234,7.366098793422
candidate-modules-run-a,Dyadic multiply,16,60,85278,60272553.000000,706.777281362133,22637965.907964773476,entries/s,2.849282581104,7.354837401552
candidate-modules-run-a,Dyadic multiply,16,61,86676,62824857.000000,724.824138169736,22074320.041826758534,entries/s,2.860232647830,7.343887334826
candidate-modules-run-a,Dyadic multiply,16,62,88074,61154354.000000,694.351954038649,23043069.018438164145,entries/s,2.841579662028,7.362540320628
candidate-modules-run-a,Dyadic multiply,16,63,89472,64033647.000000,715.683644045064,22356246.552691273391,entries/s,2.854721092131,7.349398890525
candidate-modules-run-a,Dyadic multiply,16,64,90870,62256847.000000,685.119918564983,23353575.872546195984,entries/s,2.835766593993,7.368353388663
candidate-modules-run-a,Dyadic multiply,16,65,92268,63635070.000000,689.676485888932,23199283.036853734404,entries/s,2.838645419228,7.365474563428
candidate-modules-run-a,Dyadic multiply,16,66,93666,64882273.000000,692.698236286379,23098081.042875919491,entries/s,2.840544081859,7.363575900797
candidate-modules-run-a,Dyadic multiply,16,67,95064,66263923.000000,697.045390473786,22954028.846133969724,entries/s,2.843261059576,7.360858923080
candidate-modules-run-a,Dyadic multiply,16,68,96462,67219823.000000,696.852885073915,22960369.889697566628,entries/s,2.843141102425,7.360978880231
candidate-modules-run-a,Dyadic multiply,16,69,97860,68456970.000000,699.539852851012,22872177.953537818044,entries/s,2.844812461330,7.359307521326
candidate-modules-run-a,Dyadic multiply,16,70,99258,68239209.000000,687.493290213383,23272954.409538950771,entries/s,2.837268463902,7.366851518754
candidate-modules-run-a,Dyadic multiply,16,71,100656,68693727.000000,682.460330233667,23444586.141031481326,entries/s,2.834077411960,7.370042570696
candidate-modules-run-a,Dyadic multiply,16,72,102054,70108476.000000,686.974307719443,23290536.225605588406,entries/s,2.836940495103,7.367179487553
candidate-modules-run-a,Dyadic multiply,16,73,103452,72312488.000000,698.995553493408,22889988.241035215557,entries/s,2.844474413086,7.359645569570
candidate-modules-run-a,Dyadic multiply,16,74,104850,74402240.000000,709.606485455412,22547708.241042207927,entries/s,2.851017576080,7.353102406575
candidate-modules-run-a,Dyadic multiply,16,75,106248,77328397.000000,727.810377607108,21983748.091920230538,entries/s,2.862018243756,7.342101738900
candidate-modules-run-a,Dyadic multiply,16,76,107646,77445449.000000,719.445673782584,22239344.238290876150,entries/s,2.856998005406,7.347121977249
candidate-modules-run-a,Dyadic multiply,16,77,109044,77516546.000000,710.874014159422,22507504.397835269570,entries/s,2.851792638981,7.352327343675
candidate-modules-run-a,Dyadic multiply,16,78,110442,77400471.000000,700.824604769924,22830248.668641824275,entries/s,2.845609340775,7.358510641881
candidate-modules-run-a,Dyadic multiply,16,79,111840,77756376.000000,695.246566523605,23013418.217947814614,entries/s,2.842138852777,7.361981129878
candidate-modules-run-a,Dyadic multiply,16,80,113238,82760904.000000,730.858051184231,21892075.997623227537,entries/s,2.863833035544,7.340286947112
candidate-modules-run-a,Dyadic multiply,16,81,114636,79889227.000000,696.894753829513,22958990.453118290752,entries/s,2.843167195197,7.360952787459
candidate-modules-run-a,Dyadic multiply,16,82,116034,81103256.000000,698.961132081976,22891115.493562921882,entries/s,2.844453026115,7.359666956541
candidate-modules-run-a,Dyadic multiply,16,83,117432,83341139.000000,709.697007629948,22544832.270650874823,entries/s,2.851072974071,7.353047008585
candidate-modules-run-a,Dyadic multiply,16,84,118830,85144758.000000,716.525776319111,22329971.270809181035,entries/s,2.855231818337,7.348888164319
candidate-modules-run-a,Dyadic multiply,16,85,120228,83651509.000000,695.773937851416,22995974.884326353669,entries/s,2.842468157008,7.361651825648
candidate-modules-run-a,Dyadic multiply,16,86,121626,86018248.000000,707.235689737392,22623292.676223769784,entries/s,2.849564168669,7.354555813987
candidate-modules-run-a,Dyadic multiply,16,87,123024,84557334.000000,687.323888021849,23278690.409042462707,entries/s,2.837161438127,7.366958544529
candidate-modules-run-a,Dyadic multiply,16,88,124422,85251962.000000,685.183986754754,23351392.194352079183,entries/s,2.835807204636,7.368312778020
candidate-modules-run-a,Dyadic multiply,16,89,125820,86425624.000000,686.898934986489,23293091.872845489532,entries/s,2.836892843018,7.367227139638
candidate-modules-run-a,Dyadic multiply,16,90,127218,88334212.000000,694.353094687859,23043031.164414532483,entries/s,2.841580375466,7.362539607190
candidate-modules-run-a,Dyadic multiply,16,91,128616,87196448.000000,677.959569571437,23600227.385409094393,entries/s,2.831203795290,7.372916187366
candidate-modules-run-a,Dyadic multiply,16,92,130014,90956290.000000,699.588428938422,22870589.818472146988,entries/s,2.844842617717,7.359277364939
candidate-modules-run-a,Dyadic multiply,16,93,131412,91467103.000000,696.033109609472,22987412.206550370902,entries/s,2.842629899063,7.361490083593
candidate-modules-run-a,Dyadic multiply,16,94,132810,91672852.000000,690.255643400346,23179817.728371754289,entries/s,2.839009966036,7.365110016620
candidate-modules-run-a,Dyadic multiply,16,95,134208,93817918.000000,699.048626013352,22888250.408626634628,entries/s,2.844507386439,7.359612596217
candidate-modules-run-a,Dyadic multiply,16,96,135606,96764189.000000,713.568640030677,22422510.046562783420,entries/s,2.853435755380,7.350684227276
candidate-modules-run-a,Dyadic multiply,16,97,137004,94803012.000000,691.972584742051,23122303.329349912703,entries/s,2.840088888487,7.364031094169
candidate-modules-run-a,Dyadic multiply,16,98,138402,93822667.000000,677.899647403939,23602313.500638388097,entries/s,2.831165408020,7.372954574636
candidate-modules-run-a,Dyadic multiply,16,99,139800,96322102.000000,688.999298998569,23222084.584491312504,entries/s,2.838218780048,7.365901202608
candidate-modules-run-a,Dyadic multiply,64,0,378,980903.000000,2594.981481481481,24662989.102898046374,entries/s,3.414134262948,7.392045711036
candidate-modules-run-a,Dyadic multiply,64,1,756,1924513.000000,2545.652116402116,25140905.777201816440,entries/s,3.405799053579,7.400380920405
candidate-modules-run-a,Dyadic multiply,64,2,1134,2882788.000000,2542.141093474427,25175628.592876065522,entries/s,3.405199651024,7.400980322960
candidate-modules-run-a,Dyadic multiply,64,3,1512,3862085.000000,2554.289021164021,25055895.973289038986,entries/s,3.407270036700,7.398909937284
candidate-modules-run-a,Dyadic multiply,64,4,1890,4827903.000000,2554.446031746032,25054355.897374078631,entries/s,3.407296731695,7.398883242289
candidate-modules-run-a,Dyadic multiply,64,5,2268,5769907.000000,2544.050705467372,25156731.295669063926,entries/s,3.405525762985,7.400654210999
candidate-modules-run-a,Dyadic multiply,64,6,2646,6730836.000000,2543.777777777778,25159430.418450247496,entries/s,3.405479169044,7.400700804940
candidate-modules-run-a,Dyadic multiply,64,7,3024,7724241.000000,2554.312500000000,25055665.663461301476,entries/s,3.407274028684,7.398905945300
candidate-modules-run-a,Dyadic multiply,64,8,3402,8715550.000000,2561.890064667843,24981555.954586915672,entries/s,3.408560489448,7.397619484536
candidate-modules-run-a,Dyadic multiply,64,9,3780,9672989.000000,2558.991798941799,25009849.592509616166,entries/s,3.408068894062,7.398111079922
candidate-modules-run-a,Dyadic multiply,64,10,4158,10847977.000000,2608.941077441078,24531025.462166815996,entries/s,3.416464270733,7.389715703251
candidate-modules-run-a,Dyadic multiply,64,11,4536,12250156.000000,2700.651675485009,23697983.927714876831,entries/s,3.431468573388,7.374711400596
candidate-modules-run-a,Dyadic multiply,64,12,4914,12739875.000000,2592.567155067155,24685956.494863569736,entries/s,3.413730014703,7.392449959281
candidate-modules-run-a,Dyadic multiply,64,13,5292,13714772.000000,2591.604686318972,24695124.352049015462,entries/s,3.413568756595,7.392611217389
candidate-modules-run-a,Dyadic multiply,64,14,5670,14674585.000000,2588.110229276896,24728467.619356866926,entries/s,3.412982769271,7.393197204712
candidate-modules-run-a,Dyadic multiply,64,15,6048,15672878.000000,2591.415013227513,24696931.858973190188,entries/s,3.413536970501,7.392643003483
candidate-modules-run-a,Dyadic multiply,64,16,6426,16483442.000000,2565.117024587613,24950128.741315070540,entries/s,3.409107183083,7.397072790901
candidate-modules-run-a,Dyadic multiply,64,17,6804,17771851.000000,2611.971046443269,24502568.696980409324,entries/s,3.416968358499,7.389211615485
candidate-modules-run-a,Dyadic multiply,64,18,7182,20432618.000000,2844.976051239209,22495795.692945465446,entries/s,3.454078614893,7.352101359091
candidate-modules-run-a,Dyadic multiply,64,19,7560,20440510.000000,2703.771164021164,23670642.268710516393,entries/s,3.431969931941,7.374210042043
candidate-modules-run-a,Dyadic multiply,64,20,7938,20019165.000000,2521.940665154951,25377282.219313345850,entries/s,3.401734864513,7.404445109470
candidate-modules-run-a,Dyadic multiply,64,21,8316,20958443.000000,2520.255291005291,25394252.807806383818,entries/s,3.401444535170,7.404735438814
candidate-modules-run-a,Dyadic multiply,64,22,8694,21977131.000000,2527.850356567748,25317954.377211473882,entries/s,3.402751361050,7.403428612934
candidate-modules-run-a,Dyadic multiply,64,23,9072,22891477.000000,2523.310956790123,25363501.009567886591,entries/s,3.401970773505,7.404209200479
candidate-modules-run-a,Dyadic multiply,64,24,9450,23891796.000000,2528.232380952381,25314128.749466970563,entries/s,3.402816989360,7.403362984624
candidate-modules-run-a,Dyadic multiply,64,25,9828,25042691.000000,2548.096357346357,25116789.565466426313,entries/s,3.406215847004,7.399964126980
candidate-modules-run-a,Dyadic multiply,64,26,10206,26015702.000000,2549.059572800314,25107298.661400716752,entries/s,3.406379985268,7.399799988716
candidate-modules-run-a,Dyadic multiply,64,27,10584,26842120.000000,2536.103552532124,25235562.615769542754,entries/s,3.404166982402,7.402012991582
candidate-modules-run-a,Dyadic multiply,64,28,10962,27559097.000000,2514.057380040138,25456857.312850274146,entries/s,3.400375185661,7.405804788323
candidate-modules-run-a,Dyadic multiply,64,29,11340,28668438.000000,2528.080952380953,25315645.030957039446,entries/s,3.402790976497,7.403388997487
candidate-modules-run-a,Dyadic multiply,64,30,11718,30055880.000000,2564.932582351937,24951922.884972926229,entries/s,3.409075954439,7.397104019545
candidate-modules-run-a,Dyadic multiply,64,31,12096,30668238.000000,2535.403273809524,25242532.681531947106,entries/s,3.404047046770,7.402132927214
candidate-modules-run-a,Dyadic multiply,64,32,12474,31597879.000000,2533.099166265833,25265493.294660694897,entries/s,3.403652191969,7.402527782014
candidate-modules-run-a,Dyadic multiply,64,33,12852,33964619.000000,2642.749688764395,24217200.846563301980,entries/s,3.422056030352,7.384123943632
candidate-modules-run-a,Dyadic multiply,64,34,13230,33585247.000000,2538.567422524565,25211069.610415551811,entries/s,3.404588702443,7.401591271541
candidate-modules-run-a,Dyadic multiply,64,35,13608,34387291.000000,2526.990814226926,25326566.143288224936,entries/s,3.402603663235,7.403576310749
candidate-modules-run-a,Dyadic multiply,64,36,13986,35527499.000000,2540.218718718719,25194680.886487394571,entries/s,3.404871111991,7.401308861993
candidate-modules-run-a,Dyadic multiply,64,37,14364,36401269.000000,2534.201406293511,25254504.176763728261,entries/s,3.403841127582,7.402338846402
candidate-modules-run-a,Dyadic multiply,64,38,14742,37288028.000000,2529.373762040429,25302705.737080011517,entries/s,3.403013009178,7.403166964806
candidate-modules-run-a,Dyadic multiply,64,39,15120,38913486.000000,2573.643253968254,24867471.395392332226,entries/s,3.410548346931,7.395631627053
candidate-modules-run-a,Dyadic multiply,64,40,15498,39471089.000000,2546.850496838302,25129076.119485832751,entries/s,3.406003452108,7.400176521876
candidate-modules-run-a,Dyadic multiply,64,41,15876,40504093.000000,2551.278218694885,25085464.819567743689,entries/s,3.406757821313,7.399422152671
candidate-modules-run-a,Dyadic multiply,64,42,16254,41090750.000000,2528.039251876461,25316062.617499072105,entries/s,3.402783812783,7.403396161201
candidate-modules-run-a,Dyadic multiply,64,43,16632,42026327.000000,2526.835437710438,25328123.487926982343,entries/s,3.402576959046,7.403603014938
candidate-modules-run-a,Dyadic multiply,64,44,17010,44251711.000000,2601.511522633745,24601082.656442370266,entries/s,3.415225753817,7.390954220167
candidate-modules-run-a,Dyadic multiply,64,45,17388,44097437.000000,2536.084483551875,25235752.363567072898,entries/s,3.404163716926,7.402016257058
candidate-modules-run-a,Dyadic multiply,64,46,17766,46319190.000000,2607.181695373185,24547579.523735195398,entries/s,3.416171298352,7.390008675632
candidate-modules-run-a,Dyadic multiply,64,47,18144,48275969.000000,2660.712577160494,24053706.721039611846,entries/s,3.424997962528,7.381182011456
candidate-modules-run-a,Dyadic multiply,64,48,18522,49729271.000000,2684.875877335061,23837228.581130821258,entries/s,3.428924212928,7.377255761056
candidate-modules-run-a,Dyadic multiply,64,49,18900,49453402.000000,2616.582116402116,24459389.062859620899,entries/s,3.417734368787,7.388445605196
candidate-modules-run-a,Dyadic multiply,64,50,19278,48884904.000000,2535.787114845939,25238711.729903366417,entries/s,3.404112790721,7.402067183263
candidate-modules-run-a,Dyadic multiply,64,51,19656,49714115.000000,2529.208129833130,25304362.754923827946,entries/s,3.402984569130,7.403195404853
candidate-modules-run-a,Dyadic multiply,64,52,20034,50941904.000000,2542.772486772487,25169377.257669832557,entries/s,3.405307503644,7.400872470340
candidate-modules-run-a,Dyadic multiply,64,53,20412,51920922.000000,2543.646972369194,25160724.225968100131,entries/s,3.405456836304,7.400723137680
candidate-modules-run-a,Dyadic multiply,64,54,20790,53275470.000000,2562.552669552670,24975096.418670732528,entries/s,3.408672800449,7.397507173535
candidate-modules-run-a,Dyadic multiply,64,55,21168,55065191.000000,2601.341222600151,24602693.196869146079,entries/s,3.415197323120,7.390982650864
candidate-modules-run-a,Dyadic multiply,64,56,21546,55057579.000000,2555.350366657384,25045489.195956110954,entries/s,3.407450455106,7.398729518878
candidate-modules-run-a,Dyadic multiply,64,57,21924,57136718.000000,2606.126528005838,24557518.336982533336,entries/s,3.415995496979,7.390184477005
candidate-modules-run-a,Dyadic multiply,64,58,22302,56687785.000000,2541.825172630257,25178757.645937304944,entries/s,3.405145676362,7.401034297622
candidate-modules-run-a,Dyadic multiply,64,59,22680,59172486.000000,2609.016137566138,24530319.716497965157,entries/s,3.416476765353,7.389703208631
candidate-modules-run-a,Dyadic multiply,64,60,23058,60910177.000000,2641.607121172695,24227675.450688645244,entries/s,3.421868226680,7.384311747304
candidate-modules-run-a,Dyadic multiply,64,61,23436,59538867.000000,2540.487583205325,25192014.486940100789,entries/s,3.404917076610,7.401262897374
candidate-modules-run-a,Dyadic multiply,64,62,23814,60304104.000000,2532.296296296296,25273503.773474525660,entries/s,3.403514519796,7.402665454188
candidate-modules-run-a,Dyadic multiply,64,63,24192,62035371.000000,2564.292782738095,24958148.473070304841,entries/s,3.408967610031,7.397212363953
candidate-modules-run-a,Dyadic multiply,64,64,24570,63013275.000000,2564.642857142857,24954741.679431833327,entries/s,3.409026895385,7.397153078599
candidate-modules-run-a,Dyadic multiply,64,65,24948,65017266.000000,2606.111351611351,24557661.344911061227,entries/s,3.415992967922,7.390187006062
candidate-modules-run-a,Dyadic multiply,64,66,25326,64638244.000000,2552.248440337993,25075928.733460023999,entries/s,3.406922947093,7.399257026891
candidate-modules-run-a,Dyadic multiply,64,67,25704,65690874.000000,2555.667366946779,25042382.599446006119,entries/s,3.407504327538,7.398675646446
candidate-modules-run-a,Dyadic multiply,64,68,26082,67553230.000000,2590.032589525343,24710113.787305209786,entries/s,3.413305228700,7.392874745284
candidate-modules-run-a,Dyadic multiply,64,69,26460,70544689.000000,2666.088019652305,24005208.953433759511,entries/s,3.425874483344,7.380305490640
candidate-modules-run-a,Dyadic multiply,64,70,26838,70354026.000000,2621.433266264252,24414125.212962225080,entries/s,3.418538806371,7.387641167613
candidate-modules-run-a,Dyadic multiply,64,71,27216,71836870.000000,2639.508744855967,24246936.148526515812,entries/s,3.421523105184,7.384656868800
candidate-modules-run-a,Dyadic multiply,64,72,27594,70905133.000000,2569.585163441328,24906744.057584658265,entries/s,3.409863016028,7.396316957956
candidate-modules-run-a,Dyadic multiply,64,73,27972,73444310.000000,2625.636708136708,24375040.081389561296,entries/s,3.419234635475,7.386945338509
candidate-modules-run-a,Dyadic multiply,64,74,28350,72835653.000000,2569.158835978836,24910877.094765663147,entries/s,3.409790954970,7.396389019014
candidate-modules-run-a,Dyadic multiply,64,75,28728,73496200.000000,2558.347257031468,25016150.494855515659,entries/s,3.407959493066,7.398220480918
candidate-modules-run-a,Dyadic multiply,64,76,29106,73173190.000000,2514.024256167113,25457192.723181810230,entries/s,3.400369463592,7.405810510392
candidate-modules-run-a,Dyadic multiply,64,77,29484,75886268.000000,2573.811830145164,24865842.658120963722,entries/s,3.410576792717,7.395603181267
candidate-modules-run-a,Dyadic multiply,64,78,29862,77408926.000000,2592.221753398969,24689245.785427894443,entries/s,3.413672150809,7.392507823175
candidate-modules-run-a,Dyadic multiply,64,79,30240,77071529.000000,2548.661673280423,25111218.437096271664,entries/s,3.406312188086,7.399867785898
candidate-modules-run-a,Dyadic multiply,64,80,30618,78771507.000000,2572.718890848520,24876406.135025449097,entries/s,3.410392335444,7.395787638540
candidate-modules-run-a,Dyadic multiply,64,81,30996,81060026.000000,2615.176990579429,24472531.010537795722,entries/s,3.417501086485,7.388678887499
candidate-modules-run-a,Dyadic multiply,64,82,31374,79619505.000000,2537.754350736278,25219146.991682503372,entries/s,3.404449581004,7.401730392980
candidate-modules-run-a,Dyadic multiply,64,83,31752,81746066.000000,2574.517069790879,24859031.136739961803,entries/s,3.410695775671,7.395484198313
candidate-modules-run-a,Dyadic multiply,64,84,32130,84428274.000000,2627.708496732026,24355821.842336844653,entries/s,3.419577185362,7.386602788622
candidate-modules-run-a,Dyadic multiply,64,85,32508,84523605.000000,2600.086286452566,24614567.729334305972,entries/s,3.414987760705,7.391192213279
candidate-modules-run-a,Dyadic multiply,64,86,32886,85633364.000000,2603.945873624034,24578083.841246739030,entries/s,3.415631952619,7.390548021365
candidate-modules-run-a,Dyadic multiply,64,87,33264,86877216.000000,2611.748917748918,24504652.635277815163,entries/s,3.416931423416,7.389248550568
candidate-modules-run-a,Dyadic multiply,64,88,33642,88838954.000000,2640.715593603234,24235854.915626313537,entries/s,3.421721629992,7.384458343992
candidate-modules-run-a,Dyadic multiply,64,89,34020,87675139.000000,2577.164579659024,24833493.563095461577,entries/s,3.411142153807,7.395037820177
candidate-modules-run-a,Dyadic multiply,64,90,34398,90066469.000000,2618.363538577824,24442747.944298781455,entries/s,3.418029944674,7.388150029310
candidate-modules-run-a,Dyadic multiply,64,91,34776,90691400.000000,2607.873245916724,24541070.046332951635,entries/s,3.416286478955,7.389893495029
candidate-modules-run-a,Dyadic multiply,64,92,35154,94725432.000000,2694.584741423451,23751340.611463241279,entries/s,3.430491846182,7.375688127802
candidate-modules-run-a,Dyadic multiply,64,93,35532,91013711.000000,2561.457587526736,24985773.846755903214,entries/s,3.408487169248,7.397692804736
candidate-modules-run-a,Dyadic multiply,64,94,35910,93144741.000000,2593.838512949039,24673856.788114316761,entries/s,3.413942934308,7.392237039675
candidate-modules-run-a,Dyadic multiply,64,95,36288,94437133.000000,2602.434220679012,24592360.295393548906,entries/s,3.415379761062,7.390800212922
candidate-modules-run-a,Dyadic multiply,64,96,36666,93835740.000000,2559.203076419571,25007784.880259912461,entries/s,3.408104749142,7.398075224842
candidate-modules-run-a,Dyadic multiply,64,97,37044,94940121.000000,2562.901441528993,24971697.687219083309,entries/s,3.408731905356,7.397448068628
candidate-modules-run-a,Dyadic multiply,64,98,37422,97053971.000000,2593.500374111485,24677073.748996835202,entries/s,3.413886314976,7.392293659007
candidate-modules-run-a,Dyadic multiply,64,99,37800,97711864.000000,2584.969947089947,24758508.342446520925,entries/s,3.412455498343,7.393724475641
candidate-modules-run-a,Dyadic multiply,256,0,87,1030282.000000,11842.321839080460,21617382.425394214690,entries/s,4.073436859738,7.334803105573
candidate-modules-run-a,Dyadic multiply,256,1,174,2021872.000000,11619.954022988506,22031068.237751945853,entries/s,4.065204409672,7.343035555640
candidate-modules-run-a,Dyadic multiply,256,2,261,3030852.000000,11612.459770114943,22045286.275938250124,entries/s,4.064924222446,7.343315742865
candidate-modules-run-a,Dyadic multiply,256,3,348,4084180.000000,11736.149425287356,21812946.540064346045,entries/s,4.069525630331,7.338714334981
candidate-modules-run-a,Dyadic multiply,256,4,435,4918980.000000,11308.000000000000,22638839.759462326765,entries/s,4.053385799817,7.354854165494
candidate-modules-run-a,Dyadic multiply,256,5,522,5977756.000000,11451.639846743295,22354876.980592716485,entries/s,4.058867681034,7.349372284278
candidate-modules-run-a,Dyadic multiply,256,6,609,6974933.000000,11453.091954022988,22352042.664782587439,entries/s,4.058922747575,7.349317217737
candidate-modules-run-a,Dyadic multiply,256,7,696,7837598.000000,11260.916666666666,22733495.644966736436,entries/s,4.051573744607,7.356666220705
candidate-modules-run-a,Dyadic multiply,256,8,783,8779462.000000,11212.595146871008,22831467.349593859166,entries/s,4.049706141366,7.358533823945
candidate-modules-run-a,Dyadic multiply,256,9,870,9620826.000000,11058.420689655173,23149779.447211705148,entries/s,4.043693107552,7.364546857759
candidate-modules-run-a,Dyadic multiply,256,10,957,11766873.000000,12295.583072100313,20820484.762604303658,entries/s,4.089749128357,7.318490836955
candidate-modules-run-a,Dyadic multiply,256,11,1044,12052450.000000,11544.492337164751,22175076.436741076410,entries/s,4.062374839807,7.345865125505
candidate-modules-run-a,Dyadic multiply,256,12,1131,12513464.000000,11064.070733863837,23137957.643063504249,entries/s,4.043914943604,7.364325021708
candidate-modules-run-a,Dyadic multiply,256,13,1218,13367539.000000,10974.990968801314,23325759.513400334865,entries/s,4.040404171538,7.367835793774
candidate-modules-run-a,Dyadic multiply,256,14,1305,14518783.000000,11125.504214559387,23010193.071967534721,entries/s,4.046319702587,7.361920262725
candidate-modules-run-a,Dyadic multiply,256,15,1392,15317476.000000,11003.933908045978,23264407.269187167287,entries/s,4.041547973261,7.366691992051
candidate-modules-run-a,Dyadic multiply,256,16,1479,16507481.000000,11161.244759972955,22936509.816367499530,entries/s,4.047712632078,7.360527333233
candidate-modules-run-a,Dyadic multiply,256,17,1566,17230116.000000,11002.628352490421,23267167.789236009121,entries/s,4.041496443579,7.366743521733
candidate-modules-run-a,Dyadic multiply,256,18,1653,18170584.000000,10992.488808227465,23288629.578443929553,entries/s,4.041096032124,7.367143933188
candidate-modules-run-a,Dyadic multiply,256,19,1740,18947625.000000,10889.439655172413,23509014.982088785619,entries/s,4.037005532563,7.371234432749
candidate-modules-run-a,Dyadic multiply,256,20,1827,21358157.000000,11690.288451012590,21898518.678367238492,entries/s,4.067825227256,7.340414738056
candidate-modules-run-a,Dyadic multiply,256,21,1914,22619050.000000,11817.685475444096,21662448.246058080345,entries/s,4.072532427165,7.335707538147
candidate-modules-run-a,Dyadic multiply,256,22,2001,23045145.000000,11516.814092953524,22228369.576325077564,entries/s,4.061332356413,7.346907608899
candidate-modules-run-a,Dyadic multiply,256,23,2088,24150295.000000,11566.233237547893,22133394.229759927839,entries/s,4.063191945771,7.345048019540
candidate-modules-run-a,Dyadic multiply,256,24,2175,24798761.000000,11401.729195402299,22452734.634605333209,entries/s,4.056970721781,7.351269243531
candidate-modules-run-a,Dyadic multiply,256,25,2262,26104701.000000,11540.539787798409,22182671.236111838371,entries/s,4.062226122631,7.346013842681
candidate-modules-run-a,Dyadic multiply,256,26,2349,26282237.000000,11188.691783737760,22880244.174040436745,entries/s,4.048779310450,7.359460654862
candidate-modules-run-a,Dyadic multiply,256,27,2436,26931540.000000,11055.640394088670,23155601.202159252018,entries/s,4.043583903999,7.364656061313
candidate-modules-run-a,Dyadic multiply,256,28,2523,27773672.000000,11008.193420531114,23255405.334951747209,entries/s,4.041716051772,7.366523913540
candidate-modules-run-a,Dyadic multiply,256,29,2610,30181620.000000,11563.839080459769,22137976.689124044031,entries/s,4.063102039505,7.345137925806
candidate-modules-run-a,Dyadic multiply,256,30,2697,33294744.000000,12345.103448275862,20736966.771692253649,entries/s,4.091494733541,7.316745231771
candidate-modules-run-a,Dyadic multiply,256,31,2784,32392968.000000,11635.405172413793,22001812.245176173747,entries/s,4.065781511050,7.342458454262
candidate-modules-run-a,Dyadic multiply,256,32,2871,31619419.000000,11013.381748519680,23244449.874300345778,entries/s,4.041920693106,7.366319272206
candidate-modules-run-a,Dyadic multiply,256,33,2958,32040904.000000,10831.948613928331,23633790.107794709504,entries/s,4.034706591081,7.373533374231
candidate-modules-run-a,Dyadic multiply,256,34,3045,33166657.000000,10892.169786535304,23503122.428045734763,entries/s,4.037114402479,7.371125562833
candidate-modules-run-a,Dyadic multiply,256,35,3132,34209859.000000,10922.688058748403,23437454.097662314773,entries/s,4.038329530807,7.369910434505
candidate-modules-run-a,Dyadic multiply,256,36,3219,34722904.000000,10786.860515688102,23732577.206100042909,entries/s,4.032895062930,7.375344902381
candidate-modules-run-a,Dyadic multiply,256,37,3306,35302787.000000,10678.398971566849,23973631.316983554512,entries/s,4.028506143148,7.379733822164
candidate-modules-run-a,Dyadic multiply,256,38,3393,38194518.000000,11256.857648099027,22741692.930906996131,entries/s,4.051417174125,7.356822791187
candidate-modules-run-a,Dyadic multiply,256,39,3480,40805840.000000,11725.816091954022,21832169.120890539140,entries/s,4.069143078415,7.339096886897
candidate-modules-run-a,Dyadic multiply,256,40,3567,39245332.000000,11002.335856462012,23267786.344628199935,entries/s,4.041484898056,7.366755067256
candidate-modules-run-a,Dyadic multiply,256,41,3654,44431730.000000,12159.750957854407,21053062.754927616566,entries/s,4.084924680304,7.323315285008
candidate-modules-run-a,Dyadic multiply,256,42,3741,43343551.000000,11586.086875167068,22095466.981927715242,entries/s,4.063936780616,7.344303184696
candidate-modules-run-a,Dyadic multiply,256,43,3828,48287324.000000,12614.243469174504,20294518.702258173376,entries/s,4.100861209113,7.307378756199
candidate-modules-run-a,Dyadic multiply,256,44,3915,48556278.000000,12402.625287356323,20640791.289645388722,entries/s,4.093513622834,7.314726342477
candidate-modules-run-a,Dyadic multiply,256,45,4002,45562162.000000,11384.848075962020,22486026.892226930708,entries/s,4.056327239588,7.351912725724
candidate-modules-run-a,Dyadic multiply,256,46,4089,45434913.000000,11111.497432134996,23039198.952576402575,entries/s,4.045772590236,7.362467375076
candidate-modules-run-a,Dyadic multiply,256,47,4176,46214818.000000,11066.766762452107,23132320.893268473446,entries/s,4.044020757073,7.364219208239
candidate-modules-run-a,Dyadic multiply,256,48,4263,46198056.000000,10836.982406755806,23622812.180668380111,entries/s,4.034908368315,7.373331596997
candidate-modules-run-a,Dyadic multiply,256,49,4350,47173793.000000,10844.550114942529,23606327.352138083428,entries/s,4.035211540062,7.373028425250
candidate-modules-run-a,Dyadic multiply,256,50,4437,50056374.000000,11281.580797836375,22691855.386888392270,entries/s,4.052369958129,7.355870007183
candidate-modules-run-a,Dyadic multiply,256,51,4524,54353359.000000,12014.447170645446,21307680.358816463500,entries/s,4.079703792097,7.328536173215
candidate-modules-run-a,Dyadic multiply,256,52,4611,53901636.000000,11689.793103448275,21899446.614199243486,entries/s,4.067806824693,7.340433140619
candidate-modules-run-a,Dyadic multiply,256,53,4698,53608168.000000,11410.848871860366,22434790.161081422120,entries/s,4.057317953503,7.350922011809
candidate-modules-run-a,Dyadic multiply,256,54,4785,56230595.000000,11751.430512016719,21784581.863307688385,entries/s,4.070090736877,7.338149228435
candidate-modules-run-a,Dyadic multiply,256,55,4872,53584072.000000,10998.372742200329,23276170.575465038419,entries/s,4.041328434125,7.366911531186
candidate-modules-run-a,Dyadic multiply,256,56,4959,53935230.000000,10876.231094978826,23537565.335310518742,entries/s,4.036478426776,7.371761538536
candidate-modules-run-a,Dyadic multiply,256,57,5046,53883756.000000,10678.508917954816,23973384.483442466706,entries/s,4.028510614686,7.379729350626
candidate-modules-run-a,Dyadic multiply,256,58,5133,56692727.000000,11044.754919150595,23178422.868951071054,entries/s,4.043156083409,7.365083881903
candidate-modules-run-a,Dyadic multiply,256,59,5220,58974264.000000,11297.751724137932,22659375.621881432831,entries/s,4.052992026585,7.355247938727
candidate-modules-run-a,Dyadic multiply,256,60,5307,59184204.000000,11152.101752402486,22955314.225397035480,entries/s,4.047356723299,7.360883242013
candidate-modules-run-a,Dyadic multiply,256,61,5394,58426369.000000,10831.733222098628,23634260.071852147579,entries/s,4.034697955108,7.373542010204
candidate-modules-run-a,Dyadic multiply,256,62,5481,59031743.000000,10770.250501733261,23769177.881127446890,entries/s,4.032225804529,7.376014160783
candidate-modules-run-a,Dyadic multiply,256,63,5568,59672107.000000,10716.973239942528,23887341.534630242735,entries/s,4.030072146290,7.378167819022
candidate-modules-run-a,Dyadic multiply,256,64,5655,61798879.000000,10928.183731211317,23425667.640346683562,entries/s,4.038547988019,7.369691977292
candidate-modules-run-a,Dyadic multiply,256,65,5742,65280828.000000,11369.005224660397,22517361.452584516257,entries/s,4.055722466065,7.352517499247
candidate-modules-run-a,Dyadic multiply,256,66,5829,65186125.000000,11183.071710413449,22891742.682971261442,entries/s,4.048561109781,7.359678855531
candidate-modules-run-a,Dyadic multiply,256,67,5916,69899496.000000,11815.330628803245,21666765.665949866176,entries/s,4.072445879016,7.335794086296
candidate-modules-run-a,Dyadic multiply,256,68,6003,68124162.000000,11348.352823588206,22558339.873597271740,entries/s,4.054932829675,7.353307135636
candidate-modules-run-a,Dyadic multiply,256,69,6090,65316382.000000,10725.185878489327,23869050.187133759260,entries/s,4.030404827692,7.377835137620
candidate-modules-run-a,Dyadic multiply,256,70,6177,81937706.000000,13264.967783713777,19298953.768610510975,entries/s,4.122706199560,7.285533765752
candidate-modules-run-a,Dyadic multiply,256,71,6264,72820984.000000,11625.316730523627,22020905.402761377394,entries/s,4.065404794030,7.342835171281
candidate-modules-run-a,Dyadic multiply,256,72,6351,72070273.000000,11347.862226421035,22559315.128444153816,entries/s,4.054914054418,7.353325910894
candidate-modules-run-a,Dyadic multiply,256,73,6438,69057927.000000,10726.611835973905,23865877.120811924338,entries/s,4.030462565087,7.377777400225
candidate-modules-run-a,Dyadic multiply,256,74,6525,74106322.000000,11357.290727969348,22540587.023061271757,entries/s,4.055274743151,7.352965222161
candidate-modules-run-a,Dyadic multiply,256,75,6612,74604142.000000,11283.143073200243,22688713.449717041105,entries/s,4.052430095144,7.355809870167
candidate-modules-run-a,Dyadic multiply,256,76,6699,73584058.000000,10984.334676817436,23305917.702989414334,entries/s,4.040773756756,7.367466208556
candidate-modules-run-a,Dyadic multiply,256,77,6786,74899916.000000,11037.417624521073,23193831.085204422474,entries/s,4.042867475331,7.365372489981
candidate-modules-run-a,Dyadic multiply,256,78,6873,76681397.000000,11156.903390077114,22945434.862121772021,entries/s,4.047543672450,7.360696292862
candidate-modules-run-a,Dyadic multiply,256,79,6960,75349197.000000,10826.034051724138,23646701.901813231409,entries/s,4.034469388768,7.373770576544
candidate-modules-run-a,Dyadic multiply,256,80,7047,74931343.000000,10633.084007379026,24075799.629001714289,entries/s,4.026659245063,7.381580720249
candidate-modules-run-a,Dyadic multiply,256,81,7134,74129509.000000,10391.016119988786,24636666.620845958591,entries/s,4.016658018561,7.391581946751
candidate-modules-run-a,Dyadic multiply,256,82,7221,81147750.000000,11237.744079767344,22780372.838433600962,entries/s,4.050679137564,7.357560827748
candidate-modules-run-a,Dyadic multiply,256,83,7308,82942223.000000,11349.510536398468,22556038.798236694187,entries/s,4.054977132373,7.353262832939
candidate-modules-run-a,Dyadic multiply,256,84,7395,82508236.000000,11157.300338066261,22944618.522689055651,entries/s,4.047559123803,7.360680841509
candidate-modules-run-a,Dyadic multiply,256,85,7482,82145207.000000,10979.043972199946,23317148.619517143816,entries/s,4.040564524479,7.367675440833
candidate-modules-run-a,Dyadic multiply,256,86,7569,79674403.000000,10526.410754392919,24319780.595029998571,entries/s,4.022280312754,7.385959652558
candidate-modules-run-a,Dyadic multiply,256,87,7656,81171845.000000,10602.383098223616,24145514.987370312214,entries/s,4.025403492631,7.382836472681
candidate-modules-run-a,Dyadic multiply,256,88,7743,81086430.000000,10472.223944207672,24445619.322493296117,entries/s,4.020038920851,7.388201044461
candidate-modules-run-a,Dyadic multiply,256,89,7830,81721068.000000,10436.918007662834,24528313.800304226577,entries/s,4.018572271667,7.389667693645
candidate-modules-run-a,Dyadic multiply,256,90,7917,82419190.000000,10410.406719717064,24590777.948679186404,entries/s,4.017467697107,7.390772268205
candidate-modules-run-a,Dyadic multiply,256,91,8004,82448383.000000,10300.897426286856,24852203.590214740485,entries/s,4.012875062599,7.395364902713
candidate-modules-run-a,Dyadic multiply,256,92,8091,83787778.000000,10355.676430601903,24720741.490483254194,entries/s,4.015178472180,7.393061493132
candidate-modules-run-a,Dyadic multiply,256,93,8178,85062639.000000,10401.398752751284,24612074.403193630278,entries/s,4.017091746006,7.391148219306
candidate-modules-run-a,Dyadic multiply,256,94,8265,85788702.000000,10379.758257713249,24663387.493611920625,entries/s,4.016187239007,7.392052726305
candidate-modules-run-a,Dyadic multiply,256,95,8352,88126533.000000,10551.548491379310,24261841.776982195675,entries/s,4.023316199151,7.384923766160
candidate-modules-run-a,Dyadic multiply,256,96,8439,98582860.000000,11681.817750918355,21914397.695502039045,entries/s,4.067510426490,7.340729538822
candidate-modules-run-a,Dyadic multiply,256,97,8526,96989388.000000,11375.719915552429,22504070.239106982946,entries/s,4.055978890644,7.352261074668
candidate-modules-run-a,Dyadic multiply,256,98,8613,99462636.000000,11547.966562173458,22168405.027994632721,entries/s,4.062505517685,7.345734447627
candidate-modules-run-a,Dyadic multiply,256,99,8700,99106941.000000,11391.602413793104,22472694.420060850680,entries/s,4.056584818945,7.351655146367
candidate-modules-run-a,Dyadic multiply,4096,0,3,1428790.000000,476263.333333333314,8600284.156524052843,entries/s,5.677847147239,6.934512800729
candidate-modules-run-a,Dyadic multiply,4096,1,6,2853111.000000,475518.500000000000,8613755.300792712718,entries/s,5.677167417786,6.935192530182
candidate-modules-run-a,Dyadic multiply,4096,2,9,4270307.000000,474478.555555555562,8632634.609174469486,entries/s,5.676216588914,6.936143359053
candidate-modules-run-a,Dyadic multiply,4096,3,12,5700145.000000,475012.083333333314,8622938.539282772690,entries/s,5.676704657326,6.935655290641
candidate-modules-run-a,Dyadic multiply,4096,4,15,7156941.000000,477129.400000000023,8584673.256353517994,entries/s,5.678636177960,6.933723770008
candidate-modules-run-a,Dyadic multiply,4096,5,18,8556049.000000,475336.055555555562,8617061.449741579592,entries/s,5.677000757983,6.935359189985
candidate-modules-run-a,Dyadic multiply,4096,6,21,9991824.000000,475801.142857142841,8608638.422774460167,entries/s,5.677425480862,6.934934467106
candidate-modules-run-a,Dyadic multiply,4096,7,24,11629087.000000,484545.291666666686,8453286.143615573645,entries/s,5.685334377881,6.927025570086
candidate-modules-run-a,Dyadic multiply,4096,8,27,13620161.000000,504450.407407407416,8119727.806448102929,entries/s,5.702818477118,6.909541470850
candidate-modules-run-a,Dyadic multiply,4096,9,30,14464668.000000,482155.599999999977,8495182.882870176807,entries/s,5.683187215243,6.929172732724
candidate-modules-run-a,Dyadic multiply,4096,10,33,15968816.000000,483903.515151515137,8464497.305247928947,entries/s,5.684758776904,6.927601171064
candidate-modules-run-a,Dyadic multiply,4096,11,36,17255481.000000,479318.916666666686,8545458.686431284994,entries/s,5.680624569075,6.931735378893
candidate-modules-run-a,Dyadic multiply,4096,12,39,18707669.000000,479683.820512820501,8538958.007007714361,entries/s,5.680955070185,6.931404877783
candidate-modules-run-a,Dyadic multiply,4096,13,42,20165023.000000,480119.595238095266,8531207.725376756862,entries/s,5.681349431297,6.931010516670
candidate-modules-run-a,Dyadic multiply,4096,14,45,22149532.000000,492211.822222222225,8321620.520018210635,entries/s,5.692152040623,6.920207907345
candidate-modules-run-a,Dyadic multiply,4096,15,48,24951868.000000,519830.583333333314,7879490.224940272979,entries/s,5.715861826881,6.896498121086
candidate-modules-run-a,Dyadic multiply,4096,16,51,25526164.000000,500513.019607843133,8183603.302086439915,entries/s,5.699415379059,6.912944568909
candidate-modules-run-a,Dyadic multiply,4096,17,54,25840654.000000,478530.629629629606,8559535.683578288183,entries/s,5.679909741180,6.932450206788
candidate-modules-run-a,Dyadic multiply,4096,18,57,27376859.000000,480295.771929824550,8528078.403735067695,entries/s,5.681508763538,6.930851184430
candidate-modules-run-a,Dyadic multiply,4096,19,60,29958711.000000,499311.849999999977,8203290.188286138698,entries/s,5.698371873142,6.913988074826
candidate-modules-run-a,Dyadic multiply,4096,20,63,30373980.000000,482126.666666666686,8495692.694865802303,entries/s,5.683161153192,6.929198794776
candidate-modules-run-a,Dyadic multiply,4096,21,66,33129105.000000,501956.136363636353,8160075.558938281611,entries/s,5.700665767807,6.911694180160
candidate-modules-run-a,Dyadic multiply,4096,22,69,33155085.000000,480508.478260869568,8524303.285604605451,entries/s,5.681701054917,6.930658893051
candidate-modules-run-a,Dyadic multiply,4096,23,72,34443498.000000,478381.916666666686,8562196.557387985289,entries/s,5.679774754508,6.932585193460
candidate-modules-run-a,Dyadic multiply,4096,24,75,35863068.000000,478174.239999999991,8565915.219523327425,entries/s,5.679586176282,6.932773771686
candidate-modules-run-a,Dyadic multiply,4096,25,78,37259383.000000,477684.397435897437,8574699.156988186762,entries/s,5.679141056192,6.933218891776
candidate-modules-run-a,Dyadic multiply,4096,26,81,38742020.000000,478296.543209876516,8563724.865146422759,entries/s,5.679697242109,6.932662705859
candidate-modules-run-a,Dyadic multiply,4096,27,84,40222631.000000,478840.845238095266,8553990.414003498852,entries/s,5.680191188737,6.932168759231
candidate-modules-run-a,Dyadic multiply,4096,28,87,41555042.000000,477644.160919540212,8575421.485556434840,entries/s,5.679104472973,6.933255474995
candidate-modules-run-a,Dyadic multiply,4096,29,90,45726876.000000,508076.400000000023,8061779.685102476738,entries/s,5.705929022527,6.906430925440
candidate-modules-run-a,Dyadic multiply,4096,30,93,45838413.000000,492886.161290322605,8310235.347807524726,entries/s,5.692746624688,6.919613323280
candidate-modules-run-a,Dyadic multiply,4096,31,96,45998627.000000,479152.364583333314,8548429.065067529678,entries/s,5.680473635702,6.931886312265
candidate-modules-run-a,Dyadic multiply,4096,32,99,47329432.000000,478075.070707070699,8567692.086395628750,entries/s,5.679496097938,6.932863850029
candidate-modules-run-a,Dyadic multiply,4096,33,102,49026129.000000,480648.323529411748,8521823.128234334290,entries/s,5.681827431859,6.930532516108
candidate-modules-run-a,Dyadic multiply,4096,34,105,51005888.000000,485770.361904761929,8431967.697533272207,entries/s,5.686431013858,6.925928934110
candidate-modules-run-a,Dyadic multiply,4096,35,108,53544998.000000,495787.018518518540,8261612.037038454786,entries/s,5.695295151194,6.917064796774
candidate-modules-run-a,Dyadic multiply,4096,36,111,54516265.000000,491137.522522522544,8339822.986772846431,entries/s,5.691203115158,6.921156832810
candidate-modules-run-a,Dyadic multiply,4096,37,114,56469346.000000,495345.140350877191,8268981.900374762714,entries/s,5.694907906646,6.917452041322
candidate-modules-run-a,Dyadic multiply,4096,38,117,58173935.000000,497213.119658119685,8237916.173282759264,entries/s,5.696542579583,6.915817368384
candidate-modules-run-a,Dyadic multiply,4096,39,120,60369222.000000,503076.849999999977,8141897.207156322896,entries/s,5.701634332932,6.910725615036
candidate-modules-run-a,Dyadic multiply,4096,40,123,59876709.000000,486802.512195121963,8414089.692204024643,entries/s,5.687352810786,6.925007137182
candidate-modules-run-a,Dyadic multiply,4096,41,126,61877211.000000,491088.976190476213,8340647.415411143564,entries/s,5.691160185336,6.921199762631
candidate-modules-run-a,Dyadic multiply,4096,42,129,63134752.000000,489416.682170542656,8369146.678520253859,entries/s,5.689678768553,6.922681179415
candidate-modules-run-a,Dyadic multiply,4096,43,132,64668793.000000,489915.098484848510,8360632.306837704033,entries/s,5.690120823999,6.922239123968
candidate-modules-run-a,Dyadic multiply,4096,44,135,66331897.000000,491347.385185185180,8336260.909287729301,entries/s,5.691388649199,6.920971298769
candidate-modules-run-a,Dyadic multiply,4096,45,138,67077300.000000,486067.391304347839,8426815.032805435359,entries/s,5.686696486634,6.925663461334
candidate-modules-run-a,Dyadic multiply,4096,46,141,68028454.000000,482471.304964539013,8489624.062307810411,entries/s,5.683471488734,6.928888459233
candidate-modules-run-a,Dyadic multiply,4096,47,144,70297633.000000,488178.006944444438,8390382.077302658930,entries/s,5.688578209989,6.923781737978
candidate-modules-run-a,Dyadic multiply,4096,48,147,71373315.000000,485532.755102040828,8436094.078017814085,entries/s,5.686218533688,6.926141414279
candidate-modules-run-a,Dyadic multiply,4096,49,150,71978760.000000,479858.400000000023,8535851.409499134868,entries/s,5.681113101602,6.931246846365
candidate-modules-run-a,Dyadic multiply,4096,50,153,74639181.000000,487837.784313725482,8396233.608190314844,entries/s,5.688275434525,6.924084513443
candidate-modules-run-a,Dyadic multiply,4096,51,156,74243537.000000,475920.108974358998,8606486.514779057354,entries/s,5.677534055360,6.934825892608
candidate-modules-run-a,Dyadic multiply,4096,52,159,77083938.000000,484804.641509433975,8448763.995425350964,entries/s,5.685566769104,6.926793178863
candidate-modules-run-a,Dyadic multiply,4096,53,162,78372977.000000,483783.808641975280,8466591.743733303621,entries/s,5.684651329228,6.927708618740
candidate-modules-run-a,Dyadic multiply,4096,54,165,78897757.000000,478168.224242424243,8566022.985925950110,entries/s,5.679580712527,6.932779235441
candidate-modules-run-a,Dyadic multiply,4096,55,168,80100964.000000,476791.452380952367,8590758.033823413774,entries/s,5.678328461042,6.934031486926
candidate-modules-run-a,Dyadic multiply,4096,56,171,81666640.000000,477582.690058479551,8576525.249477632344,entries/s,5.679048577442,6.933311370526
candidate-modules-run-a,Dyadic multiply,4096,57,174,84461365.000000,485410.143678160908,8438224.980143288150,entries/s,5.686108847598,6.926251100369
candidate-modules-run-a,Dyadic multiply,4096,58,177,86079702.000000,486326.000000000000,8422333.989957353100,entries/s,5.686927488476,6.925432459492
candidate-modules-run-a,Dyadic multiply,4096,59,180,87619049.000000,486772.494444444426,8414608.563030626625,entries/s,5.687326030017,6.925033917951
candidate-modules-run-a,Dyadic multiply,4096,60,183,89247448.000000,487690.972677595622,8398761.161215500906,entries/s,5.688144716730,6.924215231237
candidate-modules-run-a,Dyadic multiply,4096,61,186,92108313.000000,495205.983870967757,8271305.544375782833,entries/s,5.694785883885,6.917574064083
candidate-modules-run-a,Dyadic multiply,4096,62,189,91768959.000000,485550.047619047633,8435793.632572425529,entries/s,5.686234001051,6.926125946917
candidate-modules-run-a,Dyadic multiply,4096,63,192,94700223.000000,493230.328125000000,8304436.622076380998,entries/s,5.693049772977,6.919310174991
candidate-modules-run-a,Dyadic multiply,4096,64,195,94968269.000000,487016.764102564077,8410388.105526069179,entries/s,5.687543910767,6.924816037201
candidate-modules-run-a,Dyadic multiply,4096,65,198,95597180.000000,482814.040404040425,8483597.528713712469,entries/s,5.683779891047,6.928580056921
candidate-modules-run-a,Dyadic multiply,4096,66,201,101660844.000000,505775.343283582071,8098457.258529154584,entries/s,5.703957653524,6.908402294444
candidate-modules-run-a,Dyadic multiply,4096,67,204,99504320.000000,487766.274509803916,8397464.552292805165,entries/s,5.688211768711,6.924148179257
candidate-modules-run-a,Dyadic multiply,4096,68,207,103663931.000000,500791.937198067608,8179045.419375424273,entries/s,5.699657328073,6.912702619895
candidate-modules-run-a,Dyadic multiply,4096,69,210,103521177.000000,492957.985714285693,8309024.539008091204,entries/s,5.692809906397,6.919550041571
candidate-modules-run-a,Dyadic multiply,4096,70,213,105047259.000000,493179.619718309841,8305290.478831056505,entries/s,5.693005121397,6.919354826570
candidate-modules-run-a,Dyadic multiply,4096,71,216,106817573.000000,494525.800925925898,8282682.101380454376,entries/s,5.694188954998,6.918170992970
candidate-modules-run-a,Dyadic multiply,4096,72,219,106975900.000000,488474.429223744315,8385290.518705614842,entries/s,5.688841834098,6.923518113869
candidate-modules-run-a,Dyadic multiply,4096,73,222,106387078.000000,479221.072072072071,8547203.448900062591,entries/s,5.680535906383,6.931824041584
candidate-modules-run-a,Dyadic multiply,4096,74,225,111878962.000000,497239.831111111096,8237473.636911289766,entries/s,5.696565910273,6.915794037695
candidate-modules-run-a,Dyadic multiply,4096,75,228,110495776.000000,484630.596491228091,8451798.193625066429,entries/s,5.685410829256,6.926949118711
candidate-modules-run-a,Dyadic multiply,4096,76,231,112450883.000000,486800.359307359322,8414126.903743388131,entries/s,5.687350890111,6.925009057857
candidate-modules-run-a,Dyadic multiply,4096,77,234,115507019.000000,493619.739316239313,8297885.343227497302,entries/s,5.693392518336,6.918967429632
candidate-modules-run-a,Dyadic multiply,4096,78,237,117426578.000000,495470.793248945149,8266884.861449339427,entries/s,5.695018059014,6.917341888954
candidate-modules-run-a,Dyadic multiply,4096,79,240,120628824.000000,502620.099999999977,8149296.058792714961,entries/s,5.701239852232,6.911120095736
candidate-modules-run-a,Dyadic multiply,4096,80,243,118978435.000000,489623.189300411497,8365616.844766869210,entries/s,5.689861978473,6.922497969495
candidate-modules-run-a,Dyadic multiply,4096,81,246,120302046.000000,489032.707317073189,8375717.899261662737,entries/s,5.689337906429,6.923022041539
candidate-modules-run-a,Dyadic multiply,4096,82,249,124175035.000000,498694.919678714883,8213438.393635242246,entries/s,5.697834943982,6.914525003986
candidate-modules-run-a,Dyadic multiply,4096,83,252,124408440.000000,493684.285714285739,8296800.442156496458,entries/s,5.693449303569,6.918910644399
candidate-modules-run-a,Dyadic multiply,4096,84,255,124577943.000000,488540.952941176482,8384148.709214118309,entries/s,5.688900975201,6.923458972767
candidate-modules-run-a,Dyadic multiply,4096,85,258,122854635.000000,476180.755813953467,8601775.586244670674,entries/s,5.677771840013,6.934588107955
candidate-modules-run-a,Dyadic multiply,4096,86,261,125995629.000000,482741.873563218396,8484865.772605491802,entries/s,5.683714971636,6.928644976332
candidate-modules-run-a,Dyadic multiply,4096,87,264,128672817.000000,487397.034090909117,8403826.272024493665,entries/s,5.687882882087,6.924477065880
candidate-modules-run-a,Dyadic multiply,4096,88,267,132687377.000000,496956.468164794031,8242170.617330086417,entries/s,5.696318347559,6.916041600409
candidate-modules-run-a,Dyadic multiply,4096,89,270,133910418.000000,495964.511111111089,8258655.424404694699,entries/s,5.695450601530,6.916909346437
candidate-modules-run-a,Dyadic multiply,4096,90,273,134320730.000000,492017.326007326017,8324910.086477343924,entries/s,5.691980396379,6.920379551589
candidate-modules-run-a,Dyadic multiply,4096,91,276,134036410.000000,485639.166666666686,8434245.590433226898,entries/s,5.686313705211,6.926046242756
candidate-modules-run-a,Dyadic multiply,4096,92,279,135043995.000000,484028.655913978466,8462308.894223693758,entries/s,5.684871073911,6.927488874057
candidate-modules-run-a,Dyadic multiply,4096,93,282,139447909.000000,494496.131205673737,8283179.061508910730,entries/s,5.694162898152,6.918197049815
candidate-modules-run-a,Dyadic multiply,4096,94,285,139005821.000000,487739.722807017562,8397921.695667693391,entries/s,5.688188127118,6.924171820850
candidate-modules-run-a,Dyadic multiply,4096,95,288,140981470.000000,489518.993055555562,8367397.502664711326,entries/s,5.689769546842,6.922590401125
candidate-modules-run-a,Dyadic multiply,4096,96,291,145781936.000000,500968.852233676997,8176157.024008790031,entries/s,5.699810724423,6.912549223545
candidate-modules-run-a,Dyadic multiply,4096,97,294,142020203.000000,483061.914965986391,8479244.322724986821,entries/s,5.684002798670,6.928357149297
candidate-modules-run-a,Dyadic multiply,4096,98,297,143047763.000000,481642.299663299636,8504236.448632895947,entries/s,5.682724621322,6.929635326646
candidate-modules-run-a,Dyadic multiply,4096,99,300,143799242.000000,479330.806666666642,8545246.712774744257,entries/s,5.680635342064,6.931724605904
candidate-modules-run-a,Dyadic multiply,50000,0,7,55076008.000000,7868001.142857142724,6354854.186236592010,entries/s,6.895864414330,6.803105590006
candidate-modules-run-a,Dyadic multiply,50000,1,7,56368750.000000,8052678.571428571828,6209114.092471448705,entries/s,6.905940364256,6.793029640080
candidate-modules-run-a,Dyadic multiply,50000,2,7,54236108.000000,7748015.428571428172,6453265.414988848381,entries/s,6.889190476856,6.809779527480
candidate-modules-run-a,Dyadic multiply,50000,3,7,53481694.000000,7640242.000000000000,6544295.324676888064,entries/s,6.883107114806,6.815862889530
candidate-modules-run-a,Dyadic multiply,50000,4,7,54728972.000000,7818424.571428571828,6395150.268855771050,entries/s,6.893119250648,6.805850753689
candidate-modules-run-a,Dyadic multiply,50000,5,7,54227798.000000,7746828.285714285448,6454254.329117328860,entries/s,6.889123929609,6.809846074727
candidate-modules-run-a,Dyadic multiply,50000,6,7,53583312.000000,7654758.857142857276,6531884.404607165605,entries/s,6.883931513955,6.815038490381
candidate-modules-run-a,Dyadic multiply,50000,7,7,54019325.000000,7717046.428571428172,6479162.781097320840,entries/s,6.887451113132,6.811518891204
candidate-modules-run-a,Dyadic multiply,50000,8,7,53624378.000000,7660625.428571428172,6526882.232554753311,entries/s,6.884264227738,6.814705776598
candidate-modules-run-a,Dyadic multiply,50000,9,7,53350676.000000,7621525.142857142724,6560366.732747678645,entries/s,6.882041886674,6.816928117662
candidate-modules-run-a,Dyadic multiply,50000,10,7,53308984.000000,7615569.142857142724,6565497.477873523720,entries/s,6.881702365501,6.817267638835
candidate-modules-run-a,Dyadic multiply,50000,11,7,53280139.000000,7611448.428571428172,6569051.931339744478,entries/s,6.881467309160,6.817502695177
candidate-modules-run-a,Dyadic multiply,50000,12,7,53162528.000000,7594646.857142857276,6583584.588001533411,entries/s,6.880507584445,6.818462419891
candidate-modules-run-a,Dyadic multiply,50000,13,7,53444334.000000,7634904.857142857276,6548870.082280377857,entries/s,6.882803629438,6.816166374898
candidate-modules-run-a,Dyadic multiply,50000,14,7,53387344.000000,7626763.428571428172,6555860.879687141627,entries/s,6.882340275396,6.816629728940
candidate-modules-run-a,Dyadic multiply,50000,15,7,53322952.000000,7617564.571428571828,6563777.639317492954,entries/s,6.881816144273,6.817153860063
candidate-modules-run-a,Dyadic multiply,50000,16,7,53298996.000000,7614142.285714285448,6566727.823540991172,entries/s,6.881620988229,6.817349016107
candidate-modules-run-a,Dyadic multiply,50000,17,7,53501813.000000,7643116.142857142724,6541834.386060898192,entries/s,6.883270459064,6.815699545272
candidate-modules-run-a,Dyadic multiply,50000,18,7,54665770.000000,7809395.714285714552,6402544.041728489101,entries/s,6.892617429767,6.806352574569
candidate-modules-run-a,Dyadic multiply,50000,19,7,53482955.000000,7640422.142857142724,6544141.025865156204,entries/s,6.883117354551,6.815852649785
candidate-modules-run-a,Dyadic multiply,50000,20,7,54942128.000000,7848875.428571428172,6370339.350525338203,entries/s,6.894807436344,6.804162567992
candidate-modules-run-a,Dyadic multiply,50000,21,7,55456501.000000,7922357.285714285448,6311252.850229407661,entries/s,6.898854424500,6.800115579836
candidate-modules-run-a,Dyadic multiply,50000,22,7,54157473.000000,7736781.857142857276,6462635.359666800126,entries/s,6.888560351856,6.810409652480
candidate-modules-run-a,Dyadic multiply,50000,23,7,54375234.000000,7767890.571428571828,6436753.908957890235,entries/s,6.890303098908,6.808666905428
candidate-modules-run-a,Dyadic multiply,50000,24,7,53940060.000000,7705722.857142857276,6488683.920633384027,entries/s,6.886813385189,6.812156619147
candidate-modules-run-a,Dyadic multiply,50000,25,7,54165574.000000,7737939.142857142724,6461668.808309868909,entries/s,6.888625309771,6.810344694565
candidate-modules-run-a,Dyadic multiply,50000,26,7,55741310.000000,7963044.285714285448,6279005.642314470373,entries/s,6.901079131020,6.797890873316
candidate-modules-run-a,Dyadic multiply,50000,27,7,56124872.000000,8017838.857142857276,6236094.400357830338,entries/s,6.904057323534,6.794912680802
candidate-modules-run-a,Dyadic multiply,50000,28,7,54889821.000000,7841403.000000000000,6376409.935823984444,entries/s,6.894393774501,6.804576229835
candidate-modules-run-a,Dyadic multiply,50000,29,7,54501510.000000,7785930.000000000000,6421840.422402976081,entries/s,6.891310494842,6.807659509494
candidate-modules-run-a,Dyadic multiply,50000,30,7,54874945.000000,7839277.857142857276,6378138.511118325405,entries/s,6.894276057952,6.804693946384
candidate-modules-run-a,Dyadic multiply,50000,31,7,54726954.000000,7818136.285714285448,6395386.083427920938,entries/s,6.893103236782,6.805866767554
candidate-modules-run-a,Dyadic multiply,50000,32,7,54262306.000000,7751758.000000000000,6450149.759577117860,entries/s,6.889400206134,6.809569798202
candidate-modules-run-a,Dyadic multiply,50000,33,7,54682116.000000,7811730.857142857276,6400630.143866415136,entries/s,6.892747271831,6.806222732505
candidate-modules-run-a,Dyadic multiply,50000,34,7,54158873.000000,7736981.857142857276,6462468.301362179220,entries/s,6.888571578459,6.810398425877
candidate-modules-run-a,Dyadic multiply,50000,35,7,54574981.000000,7796425.857142857276,6413195.086591051891,entries/s,6.891895553170,6.807074451166
candidate-modules-run-a,Dyadic multiply,50000,36,7,55335122.000000,7905017.428571428172,6325096.744161873125,entries/s,6.897902831779,6.801067172557
candidate-modules-run-a,Dyadic multiply,50000,37,7,56115518.000000,8016502.571428571828,6237133.906524751335,entries/s,6.903984936212,6.794985068124
candidate-modules-run-a,Dyadic multiply,50000,38,7,55848518.000000,7978359.714285714552,6266952.329872029833,entries/s,6.901913613123,6.797056391213
candidate-modules-run-a,Dyadic multiply,50000,39,7,56024795.000000,8003542.142857142724,6247233.925621682778,entries/s,6.903282236071,6.795687768265
candidate-modules-run-a,Dyadic multiply,50000,40,7,54623310.000000,7803330.000000000000,6407520.891721867025,entries/s,6.892279973460,6.806690030876
candidate-modules-run-a,Dyadic multiply,50000,41,7,54380127.000000,7768589.571428571828,6436174.744498114102,entries/s,6.890342177495,6.808627826841
candidate-modules-run-a,Dyadic multiply,50000,42,7,55701924.000000,7957417.714285714552,6283445.433590408415,entries/s,6.900772156383,6.798197847953
candidate-modules-run-a,Dyadic multiply,50000,43,7,53748003.000000,7678286.142857142724,6511869.845657335594,entries/s,6.885264292719,6.813705711617
candidate-modules-run-a,Dyadic multiply,50000,44,7,53668385.000000,7666912.142857142724,6521530.319945345633,entries/s,6.884620486591,6.814349517745
candidate-modules-run-a,Dyadic multiply,50000,45,7,53676836.000000,7668119.428571428172,6520503.555760999210,entries/s,6.884688868260,6.814281136076
candidate-modules-run-a,Dyadic multiply,50000,46,7,53848087.000000,7692583.857142857276,6499766.649091916159,entries/s,6.886072239206,6.812897765130
candidate-modules-run-a,Dyadic multiply,50000,47,7,55717572.000000,7959653.142857142724,6281680.759527712129,entries/s,6.900894142935,6.798075861401
candidate-modules-run-a,Dyadic multiply,50000,48,7,54016123.000000,7716589.000000000000,6479546.856778299436,entries/s,6.887425369527,6.811544634809
candidate-modules-run-a,Dyadic multiply,50000,49,7,54409883.000000,7772840.428571428172,6432654.891024118289,entries/s,6.890579752010,6.808390252326
candidate-modules-run-a,Dyadic multiply,50000,50,7,55167440.000000,7881062.857142857276,6344321.940622947179,entries/s,6.896584791330,6.802385213006
candidate-modules-run-a,Dyadic multiply,50000,51,7,55484235.000000,7926319.285714285448,6308098.147158377804,entries/s,6.899071562476,6.799898441860
candidate-modules-run-a,Dyadic multiply,50000,52,7,54538668.000000,7791238.285714285448,6417465.127677852288,entries/s,6.891606486930,6.807363517406
candidate-modules-run-a,Dyadic multiply,50000,53,7,53648554.000000,7664079.142857142724,6523940.980776481330,entries/s,6.884459980821,6.814510023515
candidate-modules-run-a,Dyadic multiply,50000,54,7,53386095.000000,7626585.000000000000,6556014.258019808680,entries/s,6.882330114933,6.816639889403
candidate-modules-run-a,Dyadic multiply,50000,55,7,53745423.000000,7677917.571428571828,6512182.442028597929,entries/s,6.885243445309,6.813726559027
candidate-modules-run-a,Dyadic multiply,50000,56,7,53433306.000000,7633329.428571428172,6550221.691317397170,entries/s,6.882714005461,6.816255998875
candidate-modules-run-a,Dyadic multiply,50000,57,7,53966118.000000,7709445.428571428172,6485550.804302804172,entries/s,6.887023138625,6.811946865711
candidate-modules-run-a,Dyadic multiply,50000,58,7,54425108.000000,7775015.428571428172,6430855.405927720480,entries/s,6.890701259504,6.808268744832
candidate-modules-run-a,Dyadic multiply,50000,59,7,54045177.000000,7720739.571428571828,6476063.534772029147,entries/s,6.887658903497,6.811311100839
candidate-modules-run-a,Dyadic multiply,50000,60,7,54845407.000000,7835058.142857142724,6381573.574611270800,entries/s,6.894042223654,6.804927780682
candidate-modules-run-a,Dyadic multiply,50000,61,7,54409045.000000,7772720.714285714552,6432753.965815793723,entries/s,6.890573063122,6.808396941214
candidate-modules-run-a,Dyadic multiply,50000,62,7,53730267.000000,7675752.428571428172,6514019.370125222020,entries/s,6.885120958685,6.813849045651
candidate-modules-run-a,Dyadic multiply,50000,63,7,53811282.000000,7687326.000000000000,6504212.257942488417,entries/s,6.885775298787,6.813194705549
candidate-modules-run-a,Dyadic multiply,50000,64,7,53861359.000000,7694479.857142857276,6498165.038873230107,entries/s,6.886179267077,6.812790737259
candidate-modules-run-a,Dyadic multiply,50000,65,7,54573033.000000,7796147.571428571828,6413424.007421393879,entries/s,6.891880051181,6.807089953155
candidate-modules-run-a,Dyadic multiply,50000,66,7,53449303.000000,7635614.714285714552,6548261.256091590039,entries/s,6.882844006196,6.816125998140
candidate-modules-run-a,Dyadic multiply,50000,67,7,53368987.000000,7624141.000000000000,6558115.858560328372,entries/s,6.882190919497,6.816779084839
candidate-modules-run-a,Dyadic multiply,50000,68,7,53618597.000000,7659799.571428571828,6527585.941870130599,entries/s,6.884217405904,6.814752598432
candidate-modules-run-a,Dyadic multiply,50000,69,7,53619364.000000,7659909.142857142724,6527492.567796962336,entries/s,6.884223618328,6.814746386008
candidate-modules-run-a,Dyadic multiply,50000,70,7,53911436.000000,7701633.714285714552,6492129.054028536193,entries/s,6.886582859957,6.812387144379
candidate-modules-run-a,Dyadic multiply,50000,71,7,53744239.000000,7677748.428571428172,6512325.907154439948,entries/s,6.885233877790,6.813736126546
candidate-modules-run-a,Dyadic multiply,50000,72,7,56688076.000000,8098296.571428571828,6174137.926289824769,entries/s,6.908393677221,6.790576327115
candidate-modules-run-a,Dyadic multiply,50000,73,7,54846807.000000,7835258.142857142724,6381410.680844192393,entries/s,6.894053309442,6.804916694894
candidate-modules-run-a,Dyadic multiply,50000,74,7,53647719.000000,7663959.857142857276,6524042.522665316239,entries/s,6.884453221297,6.814516783039
candidate-modules-run-a,Dyadic multiply,50000,75,7,53835032.000000,7690718.857142857276,6501342.843076604418,entries/s,6.885966935523,6.813003068813
candidate-modules-run-a,Dyadic multiply,50000,76,7,54225648.000000,7746521.142857142724,6454510.234714022838,entries/s,6.889106710550,6.809863293786
candidate-modules-run-a,Dyadic multiply,50000,77,7,54404997.000000,7772142.428571428172,6433232.594425104558,entries/s,6.890540750674,6.808429253662
candidate-modules-run-a,Dyadic multiply,50000,78,7,58422627.000000,8346089.571428571828,5990829.546230435371,entries/s,6.921483041311,6.777486963025
candidate-modules-run-a,Dyadic multiply,50000,79,7,53945658.000000,7706522.571428571828,6488010.582797970623,entries/s,6.886858454741,6.812111549595
candidate-modules-run-a,Dyadic multiply,50000,80,7,55226808.000000,7889544.000000000000,6337501.888575563207,entries/s,6.897051902575,6.801918101761
candidate-modules-run-a,Dyadic multiply,50000,81,7,55130359.000000,7875765.571428571828,6348589.168447097763,entries/s,6.896292780530,6.802677223806
candidate-modules-run-a,Dyadic multiply,50000,82,7,54070812.000000,7724401.714285714552,6472993.229692944326,entries/s,6.887864851560,6.811105152776
candidate-modules-run-a,Dyadic multiply,50000,83,7,53547573.000000,7649653.285714285448,6536243.948908758350,entries/s,6.883641751557,6.815328252779
candidate-modules-run-a,Dyadic multiply,50000,84,7,53492329.000000,7641761.285714285448,6542994.230069885962,entries/s,6.883193467019,6.815776537317
candidate-modules-run-a,Dyadic multiply,50000,85,7,53594295.000000,7656327.857142857276,6530545.835149058141,entries/s,6.884020522405,6.814949481931
candidate-modules-run-a,Dyadic multiply,50000,86,7,55312017.000000,7901716.714285714552,6327738.870922027156,entries/s,6.897721455663,6.801248548673
candidate-modules-run-a,Dyadic multiply,50000,87,7,54878798.000000,7839828.285714285448,6377690.706709721126,entries/s,6.894306550518,6.804663453818
candidate-modules-run-a,Dyadic multiply,50000,88,7,53505110.000000,7643587.142857142724,6541431.276377153583,entries/s,6.883297221237,6.815672783099
candidate-modules-run-a,Dyadic multiply,50000,89,7,53476475.000000,7639496.428571428172,6544934.010702837259,entries/s,6.883064732201,6.815905272135
candidate-modules-run-a,Dyadic multiply,50000,90,7,53497637.000000,7642519.571428571828,6542345.038529458456,entries/s,6.883236559567,6.815733444769
candidate-modules-run-a,Dyadic multiply,50000,91,7,53716306.000000,7673758.000000000000,6515712.379775333218,entries/s,6.885008099147,6.813961905189
candidate-modules-run-a,Dyadic multiply,50000,92,7,53527459.000000,7646779.857142857276,6538700.071677230299,entries/s,6.883478587481,6.815491416855
candidate-modules-run-a,Dyadic multiply,50000,93,7,53400559.000000,7628651.285714285448,6554238.505256096832,entries/s,6.882447763257,6.816522241079
candidate-modules-run-a,Dyadic multiply,50000,94,7,53405098.000000,7629299.714285714552,6553681.448164368048,entries/s,6.882484676332,6.816485328004
candidate-modules-run-a,Dyadic multiply,50000,95,7,53469281.000000,7638468.714285714552,6545814.595861125737,entries/s,6.883006304179,6.815963700157
candidate-modules-run-a,Dyadic multiply,50000,96,7,53409918.000000,7629988.285714285448,6553090.008488685824,entries/s,6.882523871185,6.816446133151
candidate-modules-run-a,Dyadic multiply,50000,97,7,54030448.000000,7718635.428571428172,6477828.945634506643,entries/s,6.887540528545,6.811429475791
candidate-modules-run-a,Dyadic multiply,50000,98,7,53566360.000000,7652337.142857142724,6533951.532267639413,entries/s,6.883794095707,6.815175908629
candidate-modules-run-a,Dyadic multiply,50000,99,7,53561750.000000,7651678.571428571828,6534513.902178326622,entries/s,6.883756718074,6.815213286262
candidate-modules-run-a,Dyadic multiply,200000,0,2,79881781.000000,39940890.500000000000,5007399.622199209407,entries/s,7.601417743432,6.699612252232
candidate-modules-run-a,Dyadic multiply,200000,1,2,82936247.000000,41468123.500000000000,4822981.681338920258,entries/s,7.617714383277,6.683315612387
candidate-modules-run-a,Dyadic multiply,200000,2,2,79970828.000000,39985414.000000000000,5001823.915090638213,entries/s,7.601901596964,6.699128398700
candidate-modules-run-a,Dyadic multiply,200000,3,2,80086347.000000,40043173.500000000000,4994609.131066996604,entries/s,7.602528488860,6.698501506804
candidate-modules-run-a,Dyadic multiply,200000,4,2,82228560.000000,41114280.000000000000,4864489.904724100605,entries/s,7.613992689226,6.687037306438
candidate-modules-run-a,Dyadic multiply,200000,5,2,79697338.000000,39848669.000000000000,5018988.212630138732,entries/s,7.600413819945,6.700616175719
candidate-modules-run-a,Dyadic multiply,200000,6,2,80624539.000000,40312269.500000000000,4961268.677765711211,entries/s,7.605437248750,6.695592746914
candidate-modules-run-a,Dyadic multiply,200000,7,2,78570745.000000,39285372.500000000000,5090953.382203515619,entries/s,7.594230875438,6.706799120226
candidate-modules-run-a,Dyadic multiply,200000,8,2,79390530.000000,39695265.000000000000,5038384.300999124534,entries/s,7.598738705579,6.702291290085
candidate-modules-run-a,Dyadic multiply,200000,9,2,79687491.000000,39843745.500000000000,5019608.410057733767,entries/s,7.600360157400,6.700669838264
candidate-modules-run-a,Dyadic multiply,200000,10,2,79200286.000000,39600143.000000000000,5050486.812636004761,entries/s,7.597696754208,6.703333241456
candidate-modules-run-a,Dyadic multiply,200000,11,2,80383869.000000,40191934.500000000000,4976122.759157064371,entries/s,7.604138909961,6.696891085703
candidate-modules-run-a,Dyadic multiply,200000,12,2,80316892.000000,40158446.000000000000,4980272.394006481394,entries/s,7.603776898692,6.697253096972
candidate-modules-run-a,Dyadic multiply,200000,13,2,79988643.000000,39994321.500000000000,5000709.913281064481,entries/s,7.601998333421,6.699031662243
candidate-modules-run-a,Dyadic multiply,200000,14,2,78710635.000000,39355317.500000000000,5081905.386737128720,entries/s,7.595003420428,6.706026575236
candidate-modules-run-a,Dyadic multiply,200000,15,2,78453693.000000,39226846.500000000000,5098549.025601637550,entries/s,7.593583396004,6.707446599660
candidate-modules-run-a,Dyadic multiply,200000,16,2,82385217.000000,41192608.500000000000,4855239.988018724136,entries/s,7.614819294294,6.686210701370
candidate-modules-run-a,Dyadic multiply,200000,17,2,85658772.000000,42829386.000000000000,4669691.038764833473,entries/s,7.631741848417,6.669288147247
candidate-modules-run-a,Dyadic multiply,200000,18,2,80408388.000000,40204194.000000000000,4974605.385696825571,entries/s,7.604271359951,6.696758635713
candidate-modules-run-a,Dyadic multiply,200000,19,2,80716523.000000,40358261.500000000000,4955614.849762544967,entries/s,7.605932450002,6.695097545662
candidate-modules-run-a,Dyadic multiply,200000,20,2,78846061.000000,39423030.500000000000,5073176.705682228319,entries/s,7.595750006012,6.705279989652
candidate-modules-run-a,Dyadic multiply,200000,21,2,78820638.000000,39410319.000000000000,5074813.020417317748,entries/s,7.595609950201,6.705420045463
candidate-modules-run-a,Dyadic multiply,200000,22,2,80475714.000000,40237857.000000000000,4970443.629739029333,entries/s,7.604634842876,6.696395152788
candidate-modules-run-a,Dyadic multiply,200000,23,2,79023176.000000,39511588.000000000000,5061806.171900759451,entries/s,7.596724484649,6.704305511015
candidate-modules-run-a,Dyadic multiply,200000,24,2,80563992.000000,40281996.000000000000,4964997.265776005574,entries/s,7.605110981998,6.695919013665
candidate-modules-run-a,Dyadic multiply,200000,25,2,81572765.000000,40786382.500000000000,4903597.420045771636,entries/s,7.610515187789,6.690514807875
candidate-modules-run-a,Dyadic multiply,200000,26,2,81678504.000000,40839252.000000000000,4897249.342372871935,entries/s,7.611077779075,6.689952216589
candidate-modules-run-a,Dyadic multiply,200000,27,2,81015160.000000,40507580.000000000000,4937347.528536634520,entries/s,7.607536298379,6.693493697285
candidate-modules-run-a,Dyadic multiply,200000,28,2,78551757.000000,39275878.500000000000,5092183.997870346531,entries/s,7.594125907867,6.706904087797
candidate-modules-run-a,Dyadic multiply,200000,29,2,79142119.000000,39571059.500000000000,5054198.763619154692,entries/s,7.597377678491,6.703652317173
candidate-modules-run-a,Dyadic multiply,200000,30,2,78785095.000000,39392547.500000000000,5077102.464622274041,entries/s,7.595414067365,6.705615928299
candidate-modules-run-a,Dyadic multiply,200000,31,2,84499219.000000,42249609.500000000000,4733771.563024742529,entries/s,7.625822699255,6.675207296409
candidate-modules-run-a,Dyadic multiply,200000,32,2,79875651.000000,39937825.500000000000,5007783.911520170048,entries/s,7.601384415090,6.699645580574
candidate-modules-run-a,Dyadic multiply,200000,33,2,81727607.000000,40863803.500000000000,4894307.011827716604,entries/s,7.611338787215,6.689691208449
candidate-modules-run-a,Dyadic multiply,200000,34,2,80245805.000000,40122902.500000000000,4984684.246111058630,entries/s,7.603392342448,6.697637653216
candidate-modules-run-a,Dyadic multiply,200000,35,2,79721724.000000,39860862.000000000000,5017452.959246089682,entries/s,7.600546686181,6.700483309483
candidate-modules-run-a,Dyadic multiply,200000,36,2,80473694.000000,40236847.000000000000,4970568.394685597159,entries/s,7.604623941627,6.696406054037
candidate-modules-run-a,Dyadic multiply,200000,37,2,81374564.000000,40687282.000000000000,4915540.929964306764,entries/s,7.609458678995,6.691571316669
candidate-modules-run-a,Dyadic multiply,200000,38,2,79060476.000000,39530238.000000000000,5059418.058651708998,entries/s,7.596929429111,6.704100566553
candidate-modules-run-a,Dyadic multiply,200000,39,2,78834751.000000,39417375.500000000000,5073904.527205267921,entries/s,7.595687704575,6.705342291089
candidate-modules-run-a,Dyadic multiply,200000,40,2,78944682.000000,39472341.000000000000,5066839.081066917628,entries/s,7.596292884015,6.704737111649
candidate-modules-run-a,Dyadic multiply,200000,41,2,79744706.000000,39872353.000000000000,5016006.955997806042,entries/s,7.600671865579,6.700358130085
candidate-modules-run-a,Dyadic multiply,200000,42,2,78866814.000000,39433407.000000000000,5071841.750828174874,entries/s,7.595864301227,6.705165694437
candidate-modules-run-a,Dyadic multiply,200000,43,2,79331042.000000,39665521.000000000000,5042162.436237758957,entries/s,7.598413163045,6.702616832619
candidate-modules-run-a,Dyadic multiply,200000,44,2,80285410.000000,40142705.000000000000,4982225.288505096920,entries/s,7.603606633896,6.697423361768
candidate-modules-run-a,Dyadic multiply,200000,45,2,81903330.000000,40951665.000000000000,4883806.311660343781,entries/s,7.612271563865,6.688758431799
candidate-modules-run-a,Dyadic multiply,200000,46,2,81687593.000000,40843796.500000000000,4896704.448128371499,entries/s,7.611126103698,6.689903891966
candidate-modules-run-a,Dyadic multiply,200000,47,2,80852024.000000,40426012.000000000000,4947309.667844555341,entries/s,7.606660900576,6.694369095088
candidate-modules-run-a,Dyadic multiply,200000,48,2,80485153.000000,40242576.500000000000,4969860.714559366927,entries/s,7.604685778308,6.696344217356
candidate-modules-run-a,Dyadic multiply,200000,49,2,78530742.000000,39265371.000000000000,5093546.677554631606,entries/s,7.594009705252,6.707020290412
candidate-modules-run-a,Dyadic multiply,200000,50,2,79138771.000000,39569385.500000000000,5054412.583687962964,entries/s,7.597359305863,6.703670689801
candidate-modules-run-a,Dyadic multiply,200000,51,2,79080246.000000,39540123.000000000000,5058153.208071709611,entries/s,7.597038015967,6.703991979696
candidate-modules-run-a,Dyadic multiply,200000,52,2,79971407.000000,39985703.500000000000,5001787.701446843334,entries/s,7.601904741306,6.699125254358
candidate-modules-run-a,Dyadic multiply,200000,53,2,81317025.000000,40658512.500000000000,4919019.110696683638,entries/s,7.609151485840,6.691878509824
candidate-modules-run-a,Dyadic multiply,200000,54,2,79135913.000000,39567956.500000000000,5054595.124213705771,entries/s,7.597343621565,6.703686374099
candidate-modules-run-a,Dyadic multiply,200000,55,2,78601775.000000,39300887.500000000000,5088943.602100588381,entries/s,7.594402357805,6.706627637859
candidate-modules-run-a,Dyadic multiply,200000,56,2,80462740.000000,40231370.000000000000,4971245.075671049766,entries/s,7.604564821866,6.696465173798
candidate-modules-run-a,Dyadic multiply,200000,57,2,82901074.000000,41450537.000000000000,4825027.960433902219,entries/s,7.617530161295,6.683499834369
candidate-modules-run-a,Dyadic multiply,200000,58,2,78773303.000000,39386651.500000000000,5077862.483435536735,entries/s,7.595349060350,6.705680935314
candidate-modules-run-a,Dyadic multiply,200000,59,2,79233690.000000,39616845.000000000000,5048357.586274222471,entries/s,7.597879886305,6.703150109359
candidate-modules-run-a,Dyadic multiply,200000,60,2,78409364.000000,39204682.000000000000,5101431.507593914866,entries/s,7.593337935524,6.707692060140
candidate-modules-run-a,Dyadic multiply,200000,61,2,78884837.000000,39442418.500000000000,5070682.975487418473,entries/s,7.595963536822,6.705066458842
candidate-modules-run-a,Dyadic multiply,200000,62,2,79641837.000000,39820918.500000000000,5022485.857527369633,entries/s,7.600111273142,6.700918722522
candidate-modules-run-a,Dyadic multiply,200000,63,2,80459806.000000,40229903.000000000000,4971426.354172417894,entries/s,7.604548985427,6.696481010237
candidate-modules-run-a,Dyadic multiply,200000,64,2,80255873.000000,40127936.500000000000,4984058.923637899570,entries/s,7.603446827571,6.697583168093
candidate-modules-run-a,Dyadic multiply,200000,65,2,80651240.000000,40325620.000000000000,4959626.163218321279,entries/s,7.605581053321,6.695448942343
candidate-modules-run-a,Dyadic multiply,200000,66,2,81678944.000000,40839472.000000000000,4897222.961158753373,entries/s,7.611080118602,6.689949877062
candidate-modules-run-a,Dyadic multiply,200000,67,2,80159499.000000,40079749.500000000000,4990051.147899514996,entries/s,7.602924998510,6.698104997154
candidate-modules-run-a,Dyadic multiply,200000,68,2,80412878.000000,40206439.000000000000,4974327.619513879530,entries/s,7.604295610255,6.696734385409
candidate-modules-run-a,Dyadic multiply,200000,69,2,79170769.000000,39585384.500000000000,5052369.770464146510,entries/s,7.597534867677,6.703495127987
candidate-modules-run-a,Dyadic multiply,200000,70,2,79718387.000000,39859193.500000000000,5017662.989091838710,entries/s,7.600528507058,6.700501488606
candidate-modules-run-a,Dyadic multiply,200000,71,2,80404148.000000,40202074.000000000000,4974867.714536319487,entries/s,7.604248458645,6.696781537019
candidate-modules-run-a,Dyadic multiply,200000,72,2,80540897.000000,40270448.500000000000,4966420.972440870479,entries/s,7.604986466458,6.696043529206
candidate-modules-run-a,Dyadic multiply,200000,73,2,79374982.000000,39687491.000000000000,5039371.221526701935,entries/s,7.598653644150,6.702376351514
candidate-modules-run-a,Dyadic multiply,200000,74,2,78651996.000000,39325998.000000000000,5085694.201581356116,entries/s,7.594679752793,6.706350242871
candidate-modules-run-a,Dyadic multiply,200000,75,2,78672318.000000,39336159.000000000000,5084380.505986871198,entries/s,7.594791950740,6.706238044924
candidate-modules-run-a,Dyadic multiply,200000,76,2,78883167.000000,39441583.500000000000,5070790.324632884003,entries/s,7.595954342666,6.705075652998
candidate-modules-run-a,Dyadic multiply,200000,77,2,79265193.000000,39632596.500000000000,5046351.177117552608,entries/s,7.598052525745,6.702977469919
candidate-modules-run-a,Dyadic multiply,200000,78,2,80015631.000000,40007815.500000000000,4999023.253344086930,entries/s,7.602144838752,6.698885156912
candidate-modules-run-a,Dyadic multiply,200000,79,2,79504122.000000,39752061.000000000000,5031185.678649466485,entries/s,7.599359650168,6.701670345496
candidate-modules-run-a,Dyadic multiply,200000,80,2,79921557.000000,39960778.500000000000,5004907.499487278052,entries/s,7.601633940389,6.699396055275
candidate-modules-run-a,Dyadic multiply,200000,81,2,80744626.000000,40372313.000000000000,4953890.058268398046,entries/s,7.606083631609,6.694946364055
candidate-modules-run-a,Dyadic multiply,200000,82,2,81223101.000000,40611550.500000000000,4924707.319411505945,entries/s,7.608649570646,6.692380425018
candidate-modules-run-a,Dyadic multiply,200000,83,2,79365488.000000,39682744.000000000000,5039974.050181610510,entries/s,7.598601695308,6.702428300356
candidate-modules-run-a,Dyadic multiply,200000,84,2,81077485.000000,40538742.500000000000,4933552.144593533128,entries/s,7.607870272877,6.693159722787
candidate-modules-run-a,Dyadic multiply,200000,85,2,81038024.000000,40519012.000000000000,4935954.509453488514,entries/s,7.607658847148,6.693371148516
candidate-modules-run-a,Dyadic multiply,200000,86,2,81915638.000000,40957819.000000000000,4883072.509305244312,entries/s,7.612336822443,6.688693173221
candidate-modules-run-a,Dyadic multiply,200000,87,2,78909780.000000,39454890.000000000000,5069080.157111070119,entries/s,7.596100836909,6.704929158755
candidate-modules-run-a,Dyadic multiply,200000,88,2,79778595.000000,39889297.500000000000,5013876.215794474818,entries/s,7.600856387913,6.700173607751
candidate-modules-run-a,Dyadic multiply,200000,89,2,81474946.000000,40737473.000000000000,4909484.689931552857,entries/s,7.609994085631,6.691035910033
candidate-modules-run-a,Dyadic multiply,200000,90,2,83482019.000000,41741009.500000000000,4791450.959038256668,entries/s,7.620562948203,6.680467047461
candidate-modules-run-a,Dyadic multiply,200000,91,2,81487872.000000,40743936.000000000000,4908705.923747769557,entries/s,7.610062980985,6.690967014679
candidate-modules-run-a,Dyadic multiply,200000,92,2,82231880.000000,41115940.000000000000,4864293.507578812540,entries/s,7.614010223627,6.687019772037
candidate-modules-run-a,Dyadic multiply,200000,93,2,81388419.000000,40694209.500000000000,4914704.142366986722,entries/s,7.609532616569,6.691497379095
candidate-modules-run-a,Dyadic multiply,200000,94,2,80982926.000000,40491463.000000000000,4939312.763285436668,entries/s,7.607363468577,6.693666527087
candidate-modules-run-a,Dyadic multiply,200000,95,2,80897581.000000,40448790.500000000000,4944523.619315638207,entries/s,7.606905539866,6.694124455798
candidate-modules-run-a,Dyadic multiply,200000,96,2,79277984.000000,39638992.000000000000,5045536.980355100706,entries/s,7.598122602059,6.702907393605
candidate-modules-run-a,Dyadic multiply,200000,97,2,78710881.000000,39355440.500000000000,5081889.503942917101,entries/s,7.595004777757,6.706025217906
candidate-modules-run-a,Dyadic multiply,200000,98,2,78728760.000000,39364380.000000000000,5080735.426291484386,entries/s,7.595103415572,6.705926580092
candidate-modules-run-a,Dyadic multiply,200000,99,2,79356834.000000,39678417.000000000000,5040523.668068713509,entries/s,7.598554337326,6.702475658338
