run,operation,size,sample_index,iterations,total_time_ns,latency_ns,throughput_per_second,throughput_unit,log10_latency_ns,log10_throughput
experiment-matrix-20260816-a,Dyadic layout / construct (big-endian-bytes),16,0,35355,9635348.000000,272.531409984443,58708829.198488734663,entries/s,2.435416563115,7.768703419541
experiment-matrix-20260816-a,Dyadic layout / construct (big-endian-bytes),16,1,70710,18757169.000000,265.268971856880,60316138.325565010309,entries/s,2.423686454131,7.780433528525
experiment-matrix-20260816-a,Dyadic layout / construct (big-endian-bytes),16,2,106065,28377290.000000,267.546221656531,59802750.720734782517,entries/s,2.427398822156,7.776721160499
experiment-matrix-20260816-a,Dyadic layout / construct (big-endian-bytes),16,3,141420,37615898.000000,265.987116390892,60153289.441607907414,entries/s,2.424860601233,7.779259381423
experiment-matrix-20260816-a,Dyadic layout / construct (big-endian-bytes),16,4,176775,47366636.000000,267.948725781361,59712916.914766751230,entries/s,2.428051696116,7.776068286540
experiment-matrix-20260816-a,Dyadic layout / construct (big-endian-bytes),16,5,212130,58515045.000000,275.845212841182,58003544.216705299914,entries/s,2.440665451391,7.763454531265
experiment-matrix-20260816-a,Dyadic layout / construct (big-endian-bytes),16,6,247485,66812093.000000,269.964211972443,59267115.011649161577,entries/s,2.431306195370,7.772813787286
experiment-matrix-20260816-a,Dyadic layout / construct (big-endian-bytes),16,7,282840,78349421.000000,277.009690991373,57759712.097936250269,entries/s,2.442494962821,7.761625019835
experiment-matrix-20260816-a,Dyadic layout / construct (big-endian-bytes),16,8,318195,104813764.000000,329.401040242619,48573009.934076979756,entries/s,2.517724966330,7.686395016326
experiment-matrix-20260816-a,Dyadic layout / construct (big-endian-bytes),16,9,353550,98528011.000000,278.681971432612,57413114.733433514833,entries/s,2.445108874129,7.759011108527
experiment-matrix-20260816-a,Dyadic layout / construct (big-endian-bytes),16,10,388905,109879891.000000,282.536586055721,56629834.115871123970,entries/s,2.451074693194,7.753045289462
experiment-matrix-20260816-a,Dyadic layout / construct (big-endian-bytes),16,11,424260,117386251.000000,276.684700419554,57827555.971610344946,entries/s,2.441985145021,7.762134837635
experiment-matrix-20260816-a,Dyadic layout / construct (big-endian-bytes),16,12,459615,144982283.000000,315.442888069362,50722335.500814259052,entries/s,2.498920740311,7.705199242345
experiment-matrix-20260816-a,Dyadic layout / construct (big-endian-bytes),16,13,494970,130838040.000000,264.335293048064,60529185.548789933324,entries/s,2.422155152359,7.781964830297
experiment-matrix-20260816-a,Dyadic layout / construct (big-endian-bytes),16,14,530325,142406073.000000,268.526041578277,59584537.521795161068,entries/s,2.428986409832,7.775133572824
experiment-matrix-20260816-a,Dyadic layout / construct (big-endian-bytes),16,15,565680,151758303.000000,268.275885659737,59640097.583326295018,entries/s,2.428581637280,7.775538345376
experiment-matrix-20260816-a,Dyadic layout / construct (big-endian-bytes),16,16,601035,158994208.000000,264.534025472726,60483712.714868202806,entries/s,2.422481540737,7.781638441919
experiment-matrix-20260816-a,Dyadic layout / construct (big-endian-bytes),16,17,636390,167152248.000000,262.656936784048,60915962.075484625995,entries/s,2.419388875032,7.784731107624
experiment-matrix-20260816-a,Dyadic layout / construct (big-endian-bytes),16,18,671745,203823296.000000,303.423614615665,52731558.221882551908,entries/s,2.482049377697,7.722070604959
experiment-matrix-20260816-a,Dyadic layout / construct (big-endian-bytes),16,19,707100,191054906.000000,270.195030405883,59216485.129149205983,entries/s,2.431677356947,7.772442625709
experiment-matrix-20260816-a,Dyadic layout / construct (big-endian-bytes),200000,0,2,12782713.000000,6391356.500000000000,31292261.666204974055,entries/s,6.805593042500,7.495436953164
experiment-matrix-20260816-a,Dyadic layout / construct (big-endian-bytes),200000,1,4,25545032.000000,6386258.000000000000,31317243.994840171188,entries/s,6.805246459727,7.495783535937
experiment-matrix-20260816-a,Dyadic layout / construct (big-endian-bytes),200000,2,6,37772923.000000,6295487.166666666977,31768788.451981857419,entries/s,6.799029342960,7.502000652704
experiment-matrix-20260816-a,Dyadic layout / construct (big-endian-bytes),200000,3,8,50048796.000000,6256099.500000000000,31968801.007720544934,entries/s,6.796303647334,7.504726348330
experiment-matrix-20260816-a,Dyadic layout / construct (big-endian-bytes),200000,4,10,62838772.000000,6283877.200000000186,31827483.834343548864,entries/s,6.798227689435,7.502802306228
experiment-matrix-20260816-a,Dyadic layout / construct (big-endian-bytes),200000,5,12,75610730.000000,6300894.166666666977,31741526.632529534400,entries/s,6.799402185024,7.501627810640
experiment-matrix-20260816-a,Dyadic layout / construct (big-endian-bytes),200000,6,14,88894488.000000,6349606.285714285448,31498015.939975943416,entries/s,6.802746797222,7.498283198442
experiment-matrix-20260816-a,Dyadic layout / construct (big-endian-bytes),200000,7,16,99979279.000000,6248704.937500000000,32006632.094236247241,entries/s,6.795790017860,7.505239977804
experiment-matrix-20260816-a,Dyadic layout / construct (big-endian-bytes),200000,8,18,115229361.000000,6401631.166666666977,31242037.348449755460,entries/s,6.806290648425,7.494739347239
experiment-matrix-20260816-a,Dyadic layout / construct (big-endian-bytes),200000,9,20,126851584.000000,6342579.200000000186,31532913.298110648990,entries/s,6.802265898977,7.498764096687
experiment-matrix-20260816-a,Dyadic layout / construct (big-endian-bytes),200000,10,22,137532201.000000,6251463.681818181649,31992507.703704968095,entries/s,6.795981712466,7.505048283197
experiment-matrix-20260816-a,Dyadic layout / construct (big-endian-bytes),200000,11,24,150820569.000000,6284190.375000000000,31825897.699669864029,entries/s,6.798249333204,7.502780662460
experiment-matrix-20260816-a,Dyadic layout / construct (big-endian-bytes),200000,12,26,163266792.000000,6279492.000000000000,31849710.135788053274,entries/s,6.797924511489,7.503105484175
experiment-matrix-20260816-a,Dyadic layout / construct (big-endian-bytes),200000,13,28,179016107.000000,6393432.392857142724,31282101.336278080940,entries/s,6.805734077104,7.495295918560
experiment-matrix-20260816-a,Dyadic layout / construct (big-endian-bytes),200000,14,30,188611490.000000,6287049.666666666977,31811423.577640999109,entries/s,6.798446891219,7.502583104445
experiment-matrix-20260816-a,Dyadic layout / construct (big-endian-bytes),200000,15,32,201804339.000000,6306385.593750000000,31713886.984362609684,entries/s,6.799780521458,7.501249474206
experiment-matrix-20260816-a,Dyadic layout / construct (big-endian-bytes),200000,16,34,213561665.000000,6281225.441176470369,31840920.513520065695,entries/s,6.798044381066,7.502985614598
experiment-matrix-20260816-a,Dyadic layout / construct (big-endian-bytes),200000,17,36,225802447.000000,6272290.194444444031,31886279.779775816947,entries/s,6.797426143256,7.503603852408
experiment-matrix-20260816-a,Dyadic layout / construct (big-endian-bytes),200000,18,38,237349958.000000,6246051.526315789670,32020228.965028930455,entries/s,6.795605562587,7.505424433077
experiment-matrix-20260816-a,Dyadic layout / construct (big-endian-bytes),200000,19,40,249308739.000000,6232718.474999999627,32088726.741343792528,entries/s,6.794677510734,7.506352484930
experiment-matrix-20260816-a,Dyadic layout / construct (big-endian-bytes),256,0,2180,8346295.000000,3828.575688073394,66865597.250037297606,entries/s,3.583037237191,7.825202728120
experiment-matrix-20260816-a,Dyadic layout / construct (big-endian-bytes),256,1,4360,18818259.000000,4316.114449541285,59312606.973896995187,entries/s,3.635092952263,7.773147013049
experiment-matrix-20260816-a,Dyadic layout / construct (big-endian-bytes),256,2,6540,27342519.000000,4180.813302752294,61232105.205815166235,entries/s,3.621260774249,7.786979191063
experiment-matrix-20260816-a,Dyadic layout / construct (big-endian-bytes),256,3,8720,35652634.000000,4088.604816513761,62613045.644818276167,entries/s,3.611575135915,7.796664829397
experiment-matrix-20260816-a,Dyadic layout / construct (big-endian-bytes),256,4,10900,44881842.000000,4117.600183486238,62172136.339680537581,entries/s,3.614644174595,7.793595790717
experiment-matrix-20260816-a,Dyadic layout / construct (big-endian-bytes),256,5,13080,59151221.000000,4522.264602446483,56608806.097172535956,entries/s,3.655355969779,7.752883995533
experiment-matrix-20260816-a,Dyadic layout / construct (big-endian-bytes),256,6,15260,60511877.000000,3965.391677588467,64558565.915911018848,entries/s,3.598286090774,7.809953874537
experiment-matrix-20260816-a,Dyadic layout / construct (big-endian-bytes),256,7,17440,66687242.000000,3823.809747706422,66948937.549404129386,entries/s,3.582496275974,7.825743689338
experiment-matrix-20260816-a,Dyadic layout / construct (big-endian-bytes),256,8,19620,75944109.000000,3870.749694189602,66137058.767784081399,entries/s,3.587795088150,7.820444877162
experiment-matrix-20260816-a,Dyadic layout / construct (big-endian-bytes),256,9,21800,85991833.000000,3944.579495412844,64899186.414598233998,entries/s,3.596000712855,7.812239252457
experiment-matrix-20260816-a,Dyadic layout / construct (big-endian-bytes),256,10,23980,100911472.000000,4208.151459549625,60834312.277200751007,entries/s,3.624091362529,7.784148602782
experiment-matrix-20260816-a,Dyadic layout / construct (big-endian-bytes),256,11,26160,100226988.000000,3831.306880733945,66817931.314068816602,entries/s,3.583346939577,7.824893025735
experiment-matrix-20260816-a,Dyadic layout / construct (big-endian-bytes),256,12,28340,112569128.000000,3972.093436838391,64449642.001313187182,entries/s,3.599019455993,7.809220509319
experiment-matrix-20260816-a,Dyadic layout / construct (big-endian-bytes),256,13,30520,121972880.000000,3996.490170380079,64056206.592809811234,entries/s,3.601678749133,7.806561216179
experiment-matrix-20260816-a,Dyadic layout / construct (big-endian-bytes),256,14,32700,125356686.000000,3833.537798165138,66779046.791329503059,entries/s,3.583599749698,7.824640215614
experiment-matrix-20260816-a,Dyadic layout / construct (big-endian-bytes),256,15,34880,131626440.000000,3773.693807339449,67838042.265672460198,entries/s,3.576766659163,7.831473306149
experiment-matrix-20260816-a,Dyadic layout / construct (big-endian-bytes),256,16,37060,138637738.000000,3740.899568267674,68432737.989421024919,entries/s,3.572976048874,7.835263916438
experiment-matrix-20260816-a,Dyadic layout / construct (big-endian-bytes),256,17,39240,148215620.000000,3777.156472986748,67775852.504614561796,entries/s,3.577164976341,7.831074988971
experiment-matrix-20260816-a,Dyadic layout / construct (big-endian-bytes),256,18,41420,159584742.000000,3852.842636407533,66444447.427185736597,entries/s,3.585781271267,7.822458694045
experiment-matrix-20260816-a,Dyadic layout / construct (big-endian-bytes),256,19,43600,166923610.000000,3828.523165137615,66866514.569149322808,entries/s,3.583031279211,7.825208686101
experiment-matrix-20260816-a,Dyadic layout / construct (big-endian-bytes),4096,0,77,9654442.000000,125382.363636363632,32668071.339596841484,entries/s,5.098236452650,7.514123495317
experiment-matrix-20260816-a,Dyadic layout / construct (big-endian-bytes),4096,1,154,19151671.000000,124361.500000000000,32936238.305263284594,entries/s,5.094685951694,7.517673996274
experiment-matrix-20260816-a,Dyadic layout / construct (big-endian-bytes),4096,2,231,30227056.000000,130853.056277056283,31302287.592943221331,entries/s,5.116783870719,7.495576077249
experiment-matrix-20260816-a,Dyadic layout / construct (big-endian-bytes),4096,3,308,39654660.000000,128748.896103896099,31813865.003507785499,entries/s,5.109743514078,7.502616433890
experiment-matrix-20260816-a,Dyadic layout / construct (big-endian-bytes),4096,4,385,49930658.000000,129690.020779220780,31583000.568508431315,entries/s,5.112906559837,7.499453388131
experiment-matrix-20260816-a,Dyadic layout / construct (big-endian-bytes),4096,5,462,58760608.000000,127187.463203463209,32204431.921466842294,entries/s,5.104444305260,7.507915642708
experiment-matrix-20260816-a,Dyadic layout / construct (big-endian-bytes),4096,6,539,68030713.000000,126216.536178107606,32452166.126790411770,entries/s,5.101116257447,7.511243690521
experiment-matrix-20260816-a,Dyadic layout / construct (big-endian-bytes),4096,7,616,81460235.000000,132240.641233766248,30973836.498262003064,entries/s,5.121364946459,7.490995001509
experiment-matrix-20260816-a,Dyadic layout / construct (big-endian-bytes),4096,8,693,87078830.000000,125654.877344877343,32597222.539623007178,entries/s,5.099179350572,7.513180597396
experiment-matrix-20260816-a,Dyadic layout / construct (big-endian-bytes),4096,9,770,102375769.000000,132955.544155844167,30807289.955497182906,entries/s,5.123706451830,7.488653496138
experiment-matrix-20260816-a,Dyadic layout / construct (big-endian-bytes),4096,10,847,110099948.000000,129988.132231404961,31510568.924156077206,entries/s,5.113903703525,7.498456244443
experiment-matrix-20260816-a,Dyadic layout / construct (big-endian-bytes),4096,11,924,117699527.000000,127380.440476190473,32155643.242304619402,entries/s,5.105102746324,7.507257201644
experiment-matrix-20260816-a,Dyadic layout / construct (big-endian-bytes),4096,12,1001,133734157.000000,133600.556443556445,30658554.941950991750,entries/s,5.125808266971,7.486551680997
experiment-matrix-20260816-a,Dyadic layout / construct (big-endian-bytes),4096,13,1078,135496948.000000,125692.901669758809,32587361.303518071771,entries/s,5.099310752207,7.513049195761
experiment-matrix-20260816-a,Dyadic layout / construct (big-endian-bytes),4096,14,1155,143690400.000000,124407.272727272721,32924120.191745586693,entries/s,5.094845769527,7.517514178441
experiment-matrix-20260816-a,Dyadic layout / construct (big-endian-bytes),4096,15,1232,156556840.000000,127075.357142857145,32232842.717060461640,entries/s,5.104061338953,7.508298609015
experiment-matrix-20260816-a,Dyadic layout / construct (big-endian-bytes),4096,16,1309,164537863.000000,125697.374331550804,32586201.754668466747,entries/s,5.099326205886,7.513033742082
experiment-matrix-20260816-a,Dyadic layout / construct (big-endian-bytes),4096,17,1386,171547711.000000,123771.797258297258,33093160.887468792498,entries/s,5.092621697265,7.519738250702
experiment-matrix-20260816-a,Dyadic layout / construct (big-endian-bytes),4096,18,1463,184176474.000000,125889.592617908405,32536446.538769114763,entries/s,5.099989828158,7.512370119809
experiment-matrix-20260816-a,Dyadic layout / construct (big-endian-bytes),4096,19,1540,185546642.000000,120484.832467532469,33995980.374573417008,entries/s,5.080932378112,7.531427569856
experiment-matrix-20260816-a,Dyadic layout / construct (big-endian-bytes),50000,0,7,11367345.000000,1623906.428571428638,30789951.391463879496,entries/s,6.210561001059,7.488409003277
experiment-matrix-20260816-a,Dyadic layout / construct (big-endian-bytes),50000,1,14,26362959.000000,1883068.500000000000,26552406.351654227823,entries/s,6.274866118546,7.424103885790
experiment-matrix-20260816-a,Dyadic layout / construct (big-endian-bytes),50000,2,21,35193262.000000,1675869.619047618937,29835256.532912466675,entries/s,6.224240227939,7.474729776397
experiment-matrix-20260816-a,Dyadic layout / construct (big-endian-bytes),50000,3,28,45531473.000000,1626124.035714285681,30747961.964683197439,entries/s,6.211153669162,7.487816335174
experiment-matrix-20260816-a,Dyadic layout / construct (big-endian-bytes),50000,4,35,54981423.000000,1570897.800000000047,31828932.474155861884,entries/s,6.196147931482,7.502822072854
experiment-matrix-20260816-a,Dyadic layout / construct (big-endian-bytes),50000,5,42,65903939.000000,1569141.404761904851,31864559.719260480255,entries/s,6.195662082236,7.503307922100
experiment-matrix-20260816-a,Dyadic layout / construct (big-endian-bytes),50000,6,49,76006570.000000,1551154.489795918344,32234055.555986806750,entries/s,6.190655054245,7.508314950091
experiment-matrix-20260816-a,Dyadic layout / construct (big-endian-bytes),50000,7,56,87738216.000000,1566753.857142857043,31913117.540479738265,entries/s,6.195000772549,7.503969231787
experiment-matrix-20260816-a,Dyadic layout / construct (big-endian-bytes),50000,8,63,98285118.000000,1560081.238095238106,32049613.045181468129,entries/s,6.193147213956,7.505822790380
experiment-matrix-20260816-a,Dyadic layout / construct (big-endian-bytes),50000,9,70,107679193.000000,1538274.185714285821,32503958.308825735003,entries/s,6.187033752065,7.511936252271
experiment-matrix-20260816-a,Dyadic layout / construct (big-endian-bytes),50000,10,77,120271910.000000,1561972.857142857043,32010799.529166869819,entries/s,6.193673482745,7.505296521591
experiment-matrix-20260816-a,Dyadic layout / construct (big-endian-bytes),50000,11,84,131488109.000000,1565334.630952381063,31942051.885467451066,entries/s,6.194607193538,7.504362810798
experiment-matrix-20260816-a,Dyadic layout / construct (big-endian-bytes),50000,12,91,144376296.000000,1586552.703296703286,31514868.618045166135,entries/s,6.200454503396,7.498515500940
experiment-matrix-20260816-a,Dyadic layout / construct (big-endian-bytes),50000,13,98,154457161.000000,1576093.479591836687,31724006.632492747158,entries/s,6.197581972333,7.501388032003
experiment-matrix-20260816-a,Dyadic layout / construct (big-endian-bytes),50000,14,105,165927543.000000,1580262.314285714179,31640316.641101595014,entries/s,6.198729183278,7.500240821058
experiment-matrix-20260816-a,Dyadic layout / construct (big-endian-bytes),50000,15,112,177475870.000000,1584605.982142857043,31553585.284579817206,entries/s,6.199921291125,7.499048713211
experiment-matrix-20260816-a,Dyadic layout / construct (big-endian-bytes),50000,16,119,187557323.000000,1576111.957983193221,31723634.699136756361,entries/s,6.197587064047,7.501382940290
experiment-matrix-20260816-a,Dyadic layout / construct (big-endian-bytes),50000,17,126,201272134.000000,1597397.888888888992,31300905.270870730281,entries/s,6.203413106136,7.495556898200
experiment-matrix-20260816-a,Dyadic layout / construct (big-endian-bytes),50000,18,133,206172057.000000,1550165.842105263146,32254613.436776254326,entries/s,6.190378162982,7.508591841354
experiment-matrix-20260816-a,Dyadic layout / construct (big-endian-bytes),50000,19,140,215516952.000000,1539406.800000000047,32480043.611604157835,entries/s,6.187353400631,7.511616603705
experiment-matrix-20260816-a,Dyadic layout / construct (big-endian-bytes),64,0,9244,9623002.000000,1040.999783643444,61479359.559522077441,entries/s,3.017450639249,7.788729334735
experiment-matrix-20260816-a,Dyadic layout / construct (big-endian-bytes),64,1,18488,18588117.000000,1005.415242319342,63655291.173387818038,entries/s,3.002345464943,7.803834509041
experiment-matrix-20260816-a,Dyadic layout / construct (big-endian-bytes),64,2,27732,30818221.000000,1111.287357565267,57590864.832853272557,entries/s,3.045826373674,7.760353600310
experiment-matrix-20260816-a,Dyadic layout / construct (big-endian-bytes),64,3,36976,38854653.000000,1050.807361531804,60905549.716272078454,entries/s,3.021523106616,7.784656867368
experiment-matrix-20260816-a,Dyadic layout / construct (big-endian-bytes),64,4,46220,46567485.000000,1007.518065772393,63522434.161947980523,entries/s,3.003252842203,7.802927131781
experiment-matrix-20260816-a,Dyadic layout / construct (big-endian-bytes),64,5,55464,56395208.000000,1016.789412952546,62943220.282120421529,entries/s,3.007231015595,7.798948958389
experiment-matrix-20260816-a,Dyadic layout / construct (big-endian-bytes),64,6,64708,66328819.000000,1025.048201149781,62436088.301225438714,entries/s,3.010744287832,7.795435686152
experiment-matrix-20260816-a,Dyadic layout / construct (big-endian-bytes),64,7,73952,83200800.000000,1125.064906966681,56885606.869164720178,entries/s,3.051177578380,7.755002395604
experiment-matrix-20260816-a,Dyadic layout / construct (big-endian-bytes),64,8,83196,96964948.000000,1165.500120198087,54912049.248971901834,entries/s,3.066512322645,7.739667651338
experiment-matrix-20260816-a,Dyadic layout / construct (big-endian-bytes),64,9,92440,108342502.000000,1172.030527909996,54606086.169211782515,entries/s,3.068938923909,7.737241050075
experiment-matrix-20260816-a,Dyadic layout / construct (big-endian-bytes),64,10,101684,101032966.000000,993.597478462688,64412401.789728716016,entries/s,2.997210480688,7.808969493296
experiment-matrix-20260816-a,Dyadic layout / construct (big-endian-bytes),64,11,110928,115750662.000000,1043.475605798356,61333489.392915956676,entries/s,3.018482300655,7.787697673329
experiment-matrix-20260816-a,Dyadic layout / construct (big-endian-bytes),64,12,120172,124759235.000000,1038.172244782478,61646803.140464916825,entries/s,3.016269413968,7.789910560016
experiment-matrix-20260816-a,Dyadic layout / construct (big-endian-bytes),64,13,129416,126750941.000000,979.407036224269,65345660.826297134161,entries/s,2.990963219738,7.815216754246
experiment-matrix-20260816-a,Dyadic layout / construct (big-endian-bytes),64,14,138660,141663042.000000,1021.657594115102,62643296.901671782136,entries/s,3.009305367518,7.796874606466
experiment-matrix-20260816-a,Dyadic layout / construct (big-endian-bytes),64,15,147904,145912836.000000,986.537456728689,64873360.421834304929,entries/s,2.994113579139,7.812066394845
experiment-matrix-20260816-a,Dyadic layout / construct (big-endian-bytes),64,16,157148,159299775.000000,1013.692665512765,63135506.625794038177,entries/s,3.005906304205,7.800273669779
experiment-matrix-20260816-a,Dyadic layout / construct (big-endian-bytes),64,17,166392,171697971.000000,1031.888378047021,62022212.248507007957,entries/s,3.013632721109,7.792547252875
experiment-matrix-20260816-a,Dyadic layout / construct (big-endian-bytes),64,18,175636,176145150.000000,1002.898893165410,63815007.112032316625,entries/s,3.001257152010,7.804922821974
experiment-matrix-20260816-a,Dyadic layout / construct (big-endian-bytes),64,19,184880,192084919.000000,1038.970786456080,61599422.076441094279,entries/s,3.016603336336,7.789576637648
experiment-matrix-20260816-a,Dyadic layout / construct (big-endian-bytes),8,0,58551,9976245.000000,170.385561305529,46952335.272439680994,entries/s,2.231432789310,7.671657197682
experiment-matrix-20260816-a,Dyadic layout / construct (big-endian-bytes),8,1,117102,20571099.000000,175.668212327714,45540396.261765114963,entries/s,2.244693181759,7.658396805233
experiment-matrix-20260816-a,Dyadic layout / construct (big-endian-bytes),8,2,175653,28549302.000000,162.532390565490,49220958.186648488045,entries/s,2.210939923112,7.692150063880
experiment-matrix-20260816-a,Dyadic layout / construct (big-endian-bytes),8,3,234204,37389037.000000,159.643033423853,50111801.488762602210,entries/s,2.203149971347,7.699940015645
experiment-matrix-20260816-a,Dyadic layout / construct (big-endian-bytes),8,4,292755,47366246.000000,161.794831855989,49445337.086667157710,entries/s,2.208964645013,7.694125341979
experiment-matrix-20260816-a,Dyadic layout / construct (big-endian-bytes),8,5,351306,56947987.000000,162.103656071915,49351138.610044285655,entries/s,2.209792809999,7.693297176993
experiment-matrix-20260816-a,Dyadic layout / construct (big-endian-bytes),8,6,409857,66062706.000000,161.184769321983,49632480.994647726417,entries/s,2.207324002035,7.695765984957
experiment-matrix-20260816-a,Dyadic layout / construct (big-endian-bytes),8,7,468408,76365309.000000,163.031607060511,49070239.472218982875,entries/s,2.212271809565,7.690818177427
experiment-matrix-20260816-a,Dyadic layout / construct (big-endian-bytes),8,8,526959,89523772.000000,169.887547228532,47089972.929201416671,entries/s,2.230161546214,7.672928440778
experiment-matrix-20260816-a,Dyadic layout / construct (big-endian-bytes),8,9,585510,98213936.000000,167.740834486174,47692620.729506254196,entries/s,2.224638799238,7.678451187753
experiment-matrix-20260816-a,Dyadic layout / construct (big-endian-bytes),8,10,644061,104995840.000000,163.021577148748,49073258.521480470896,entries/s,2.212245090395,7.690844896597
experiment-matrix-20260816-a,Dyadic layout / construct (big-endian-bytes),8,11,702612,117062042.000000,166.609796018286,48016384.337460979819,entries/s,2.221700532675,7.681389454317
experiment-matrix-20260816-a,Dyadic layout / construct (big-endian-bytes),8,12,761163,125843361.000000,165.330370761585,48387963.827507756650,entries/s,2.218352639673,7.684737347319
experiment-matrix-20260816-a,Dyadic layout / construct (big-endian-bytes),8,13,819714,133986801.000000,163.455547910613,48942970.136289767921,entries/s,2.213399665731,7.689690321261
experiment-matrix-20260816-a,Dyadic layout / construct (big-endian-bytes),8,14,878265,142495769.000000,162.246894729951,49307569.265442542732,entries/s,2.210176393518,7.692913593474
experiment-matrix-20260816-a,Dyadic layout / construct (big-endian-bytes),8,15,936816,151517135.000000,161.736280123311,49463237.276760809124,entries/s,2.208807450271,7.694282536720
experiment-matrix-20260816-a,Dyadic layout / construct (big-endian-bytes),8,16,995367,163398512.000000,164.159060929285,48733222.246234409511,entries/s,2.215264859060,7.687825127932
experiment-matrix-20260816-a,Dyadic layout / construct (big-endian-bytes),8,17,1053918,183601980.000000,174.208980205291,45921857.705456115305,entries/s,2.241070538462,7.662019448530
experiment-matrix-20260816-a,Dyadic layout / construct (big-endian-bytes),8,18,1112469,184678021.000000,166.007341328163,48190639.859628990293,entries/s,2.220127294232,7.682962692760
experiment-matrix-20260816-a,Dyadic layout / construct (big-endian-bytes),8,19,1171020,197396133.000000,168.567687144541,47458680.459560975432,entries/s,2.226774328060,7.676315658932
experiment-matrix-20260816-a,Dyadic layout / construct (bitbox-lsb),16,0,29463,9412131.000000,319.455961714693,50085150.748539306223,entries/s,2.504410997385,7.699708985271
experiment-matrix-20260816-a,Dyadic layout / construct (bitbox-lsb),16,1,58926,18690913.000000,317.192970844788,50442479.722633130848,entries/s,2.501323554569,7.702796428087
experiment-matrix-20260816-a,Dyadic layout / construct (bitbox-lsb),16,2,88389,28395807.000000,321.259511930218,49803972.818944707513,entries/s,2.506855995227,7.697263987429
experiment-matrix-20260816-a,Dyadic layout / construct (bitbox-lsb),16,3,117852,37692202.000000,319.826579099209,50027111.708676502109,entries/s,2.504914552833,7.699205429823
experiment-matrix-20260816-a,Dyadic layout / construct (bitbox-lsb),16,4,147315,47477258.000000,322.283935783865,49645664.035610474646,entries/s,2.508238658679,7.695881323977
experiment-matrix-20260816-a,Dyadic layout / construct (bitbox-lsb),16,5,176778,59556553.000000,336.900253425200,47491801.615852408111,entries/s,2.527501337669,7.676618644987
experiment-matrix-20260816-a,Dyadic layout / construct (bitbox-lsb),16,6,206241,71960422.000000,348.914241106279,45856540.418843016028,entries/s,2.542718695753,7.661401286903
experiment-matrix-20260816-a,Dyadic layout / construct (bitbox-lsb),16,7,235704,75479861.000000,320.231565862268,49963843.998069897294,entries/s,2.505464138964,7.698655843692
experiment-matrix-20260816-a,Dyadic layout / construct (bitbox-lsb),16,8,265167,86801046.000000,327.344827976332,48878120.662278659642,entries/s,2.515005483492,7.689114499164
experiment-matrix-20260816-a,Dyadic layout / construct (bitbox-lsb),16,9,294630,93184746.000000,316.277181549740,50588537.312748588622,entries/s,2.500067860001,7.704052122655
experiment-matrix-20260816-a,Dyadic layout / construct (bitbox-lsb),16,10,324093,103074395.000000,318.039559632575,50308206.999420173466,entries/s,2.502481143449,7.701638839207
experiment-matrix-20260816-a,Dyadic layout / construct (bitbox-lsb),16,11,353556,117987281.000000,333.715962959192,47944964.508504949510,entries/s,2.523376981181,7.680743001475
experiment-matrix-20260816-a,Dyadic layout / construct (bitbox-lsb),16,12,383019,123935383.000000,323.575026304178,49447573.821593791246,entries/s,2.509974995150,7.694144987506
experiment-matrix-20260816-a,Dyadic layout / construct (bitbox-lsb),16,13,412482,132530052.000000,321.298994865230,49797852.640999488533,entries/s,2.506909366930,7.697210615726
experiment-matrix-20260816-a,Dyadic layout / construct (bitbox-lsb),16,14,441945,145334001.000000,328.850877371619,48654271.893333479762,entries/s,2.516999004891,7.687120977765
experiment-matrix-20260816-a,Dyadic layout / construct (bitbox-lsb),16,15,471408,151907959.000000,322.243065454977,49651960.632293134928,entries/s,2.508183580278,7.695936402378
experiment-matrix-20260816-a,Dyadic layout / construct (bitbox-lsb),16,16,500871,163834671.000000,327.099534610708,48914774.577842563391,entries/s,2.514679926222,7.689440056434
experiment-matrix-20260816-a,Dyadic layout / construct (bitbox-lsb),16,17,530334,171212807.000000,322.839582225541,49560217.770391441882,entries/s,2.508986776633,7.695133206023
experiment-matrix-20260816-a,Dyadic layout / construct (bitbox-lsb),16,18,559797,178207777.000000,318.343572759411,50260163.449544623494,entries/s,2.502896086041,7.701223896615
experiment-matrix-20260816-a,Dyadic layout / construct (bitbox-lsb),16,19,589260,183165598.000000,310.840033262057,51473421.335375435650,entries/s,2.492536946761,7.711583035895
experiment-matrix-20260816-a,Dyadic layout / construct (bitbox-lsb),200000,0,1,11283448.000000,11283448.000000000000,17725078.362571440637,entries/s,7.052441831789,7.248588163875
experiment-matrix-20260816-a,Dyadic layout / construct (bitbox-lsb),200000,1,2,22586384.000000,11293192.000000000000,17709784.797779049724,entries/s,7.052816711815,7.248213283849
experiment-matrix-20260816-a,Dyadic layout / construct (bitbox-lsb),200000,2,3,33892954.000000,11297651.333333333954,17702794.510032970458,entries/s,7.052988167467,7.248041828197
experiment-matrix-20260816-a,Dyadic layout / construct (bitbox-lsb),200000,3,4,45383941.000000,11345985.250000000000,17627380.574992373586,entries/s,7.054842214638,7.246187781026
experiment-matrix-20260816-a,Dyadic layout / construct (bitbox-lsb),200000,4,5,55647297.000000,11129459.400000000373,17970324.776062346995,entries/s,7.046474069519,7.254555926145
experiment-matrix-20260816-a,Dyadic layout / construct (bitbox-lsb),200000,5,6,67055855.000000,11175975.833333333954,17895529.033221632242,entries/s,7.048285453999,7.252744541665
experiment-matrix-20260816-a,Dyadic layout / construct (bitbox-lsb),200000,6,7,77906343.000000,11129477.571428570896,17970295.435379378498,entries/s,7.046474778605,7.254555217059
experiment-matrix-20260816-a,Dyadic layout / construct (bitbox-lsb),200000,7,8,93392677.000000,11674084.625000000000,17131964.211712229997,entries/s,7.067222837170,7.233807158494
experiment-matrix-20260816-a,Dyadic layout / construct (bitbox-lsb),200000,8,9,114826177.000000,12758464.111111111939,15675868.055765714496,entries/s,7.105798396312,7.195231599352
experiment-matrix-20260816-a,Dyadic layout / construct (bitbox-lsb),200000,9,10,110767542.000000,11076754.199999999255,18055830.831743113697,entries/s,7.044412518557,7.256617477107
experiment-matrix-20260816-a,Dyadic layout / construct (bitbox-lsb),200000,10,11,121781243.000000,11071022.090909091756,18065179.380703151226,entries/s,7.044187717351,7.256842278313
experiment-matrix-20260816-a,Dyadic layout / construct (bitbox-lsb),200000,11,12,132615359.000000,11051279.916666666046,18097451.291445057839,entries/s,7.043412579248,7.257617416416
experiment-matrix-20260816-a,Dyadic layout / construct (bitbox-lsb),200000,12,13,143385071.000000,11029620.846153846011,18132989.591364081949,entries/s,7.042560583405,7.258469412259
experiment-matrix-20260816-a,Dyadic layout / construct (bitbox-lsb),200000,13,14,157517264.000000,11251233.142857143655,17775829.321159359068,entries/s,7.051200124029,7.249829871635
experiment-matrix-20260816-a,Dyadic layout / construct (bitbox-lsb),200000,14,15,167604363.000000,11173624.199999999255,17899295.378128074110,entries/s,7.048194060741,7.252835934923
experiment-matrix-20260816-a,Dyadic layout / construct (bitbox-lsb),200000,15,16,178336354.000000,11146022.125000000000,17943621.298885587603,entries/s,7.047119900801,7.253910094863
experiment-matrix-20260816-a,Dyadic layout / construct (bitbox-lsb),200000,16,17,189471641.000000,11145390.647058824077,17944637.952441651374,entries/s,7.047095295148,7.253934700516
experiment-matrix-20260816-a,Dyadic layout / construct (bitbox-lsb),200000,17,18,201232473.000000,11179581.833333333954,17889756.788905534893,entries/s,7.048425559286,7.252604436378
experiment-matrix-20260816-a,Dyadic layout / construct (bitbox-lsb),200000,18,19,214424106.000000,11285479.263157894835,17721888.041823059320,entries/s,7.052520007093,7.248509988571
experiment-matrix-20260816-a,Dyadic layout / construct (bitbox-lsb),200000,19,20,226679992.000000,11333999.599999999627,17646021.445068694651,entries/s,7.054383192978,7.246646802686
experiment-matrix-20260816-a,Dyadic layout / construct (bitbox-lsb),256,0,1872,9867219.000000,5270.950320512820,48568091.982148163021,entries/s,3.721888922944,7.686351042367
experiment-matrix-20260816-a,Dyadic layout / construct (bitbox-lsb),256,1,3744,19645425.000000,5247.175480769230,48788152.966912142932,entries/s,3.719925588508,7.688314376803
experiment-matrix-20260816-a,Dyadic layout / construct (bitbox-lsb),256,2,5616,29611231.000000,5272.655092592592,48552388.787889301777,entries/s,3.722029363161,7.686210602151
experiment-matrix-20260816-a,Dyadic layout / construct (bitbox-lsb),256,3,7488,39717547.000000,5304.159588675214,48264007.845197483897,entries/s,3.724616582410,7.683623382902
experiment-matrix-20260816-a,Dyadic layout / construct (bitbox-lsb),256,4,9360,48598478.000000,5192.145085470085,49305247.789858773351,entries/s,3.715346819566,7.692893145746
experiment-matrix-20260816-a,Dyadic layout / construct (bitbox-lsb),256,5,11232,59344455.000000,5283.516292735043,48452580.784506320953,entries/s,3.722923050992,7.685316914320
experiment-matrix-20260816-a,Dyadic layout / construct (bitbox-lsb),256,6,13104,68476989.000000,5225.655448717948,48989069.890324763954,entries/s,3.718140771321,7.690099193991
experiment-matrix-20260816-a,Dyadic layout / construct (bitbox-lsb),256,7,14976,79087139.000000,5280.925413995727,48476352.141149014235,entries/s,3.722710033703,7.685529931608
experiment-matrix-20260816-a,Dyadic layout / construct (bitbox-lsb),256,8,16848,89103393.000000,5288.662927350428,48405429.409405313432,entries/s,3.723345888165,7.684894077146
experiment-matrix-20260816-a,Dyadic layout / construct (bitbox-lsb),256,9,18720,97928566.000000,5231.226816239317,48936895.491760797799,entries/s,3.718603550635,7.689636414677
experiment-matrix-20260816-a,Dyadic layout / construct (bitbox-lsb),256,10,20592,105081396.000000,5103.020396270396,50166368.174248464406,entries/s,3.707827304168,7.700412661144
experiment-matrix-20260816-a,Dyadic layout / construct (bitbox-lsb),256,11,22464,114661658.000000,5104.240473646723,50154376.801354125142,entries/s,3.707931126904,7.700308838408
experiment-matrix-20260816-a,Dyadic layout / construct (bitbox-lsb),256,12,24336,126650532.000000,5204.246055226825,49190602.689296238124,entries/s,3.716357821691,7.691882143621
experiment-matrix-20260816-a,Dyadic layout / construct (bitbox-lsb),256,13,26208,136167625.000000,5195.651137057387,49271976.360019497573,entries/s,3.715639982598,7.692599982714
experiment-matrix-20260816-a,Dyadic layout / construct (bitbox-lsb),256,14,28080,146210348.000000,5206.921225071225,49165329.939574450254,entries/s,3.716581007333,7.691658957979
experiment-matrix-20260816-a,Dyadic layout / construct (bitbox-lsb),256,15,29952,150069939.000000,5010.347856570513,51094256.791828244925,entries/s,3.699867878950,7.708372086362
experiment-matrix-20260816-a,Dyadic layout / construct (bitbox-lsb),256,16,31824,162245810.000000,5098.221782302665,50213586.409411743283,entries/s,3.707418724177,7.700821241135
experiment-matrix-20260816-a,Dyadic layout / construct (bitbox-lsb),256,17,33696,175964509.000000,5222.118619420703,49022249.140024021268,entries/s,3.717846732515,7.690393232797
experiment-matrix-20260816-a,Dyadic layout / construct (bitbox-lsb),256,18,35568,186841948.000000,5253.091205578047,48733210.595727682114,entries/s,3.720414941206,7.687825024106
experiment-matrix-20260816-a,Dyadic layout / construct (bitbox-lsb),256,19,37440,210964782.000000,5634.743108974359,45432417.245832055807,entries/s,3.750874121110,7.657365844202
experiment-matrix-20260816-a,Dyadic layout / construct (bitbox-lsb),4096,0,42,9455261.000000,225125.261904761894,18194315.312924731523,entries/s,5.352424231075,7.259935716893
experiment-matrix-20260816-a,Dyadic layout / construct (bitbox-lsb),4096,1,84,20180451.000000,240243.464285714290,17049371.195916283876,entries/s,5.380651581717,7.231708366251
experiment-matrix-20260816-a,Dyadic layout / construct (bitbox-lsb),4096,2,126,29095590.000000,230917.380952380947,17737945.853649985045,entries/s,5.363456623119,7.248903324849
experiment-matrix-20260816-a,Dyadic layout / construct (bitbox-lsb),4096,3,168,39315379.000000,234020.113095238106,17502769.081788577139,entries/s,5.369253184893,7.243106763075
experiment-matrix-20260816-a,Dyadic layout / construct (bitbox-lsb),4096,4,210,52472135.000000,249867.309523809527,16392700.621005795896,entries/s,5.397709440512,7.214650507456
experiment-matrix-20260816-a,Dyadic layout / construct (bitbox-lsb),4096,5,252,56730031.000000,225119.170634920622,18194807.614330407232,entries/s,5.352412480102,7.259947467865
experiment-matrix-20260816-a,Dyadic layout / construct (bitbox-lsb),4096,6,294,67907245.000000,230977.023809523816,17733365.563571307808,entries/s,5.363568781065,7.248791166903
experiment-matrix-20260816-a,Dyadic layout / construct (bitbox-lsb),4096,7,336,74528464.000000,221810.904761904763,18466179.579388622195,entries/s,5.345982893308,7.266377054660
experiment-matrix-20260816-a,Dyadic layout / construct (bitbox-lsb),4096,8,378,83382492.000000,220588.603174603166,18568502.366180181503,entries/s,5.343583070633,7.268776877335
experiment-matrix-20260816-a,Dyadic layout / construct (bitbox-lsb),4096,9,420,92689139.000000,220688.426190476195,18560103.357956536114,entries/s,5.343779557568,7.268580390399
experiment-matrix-20260816-a,Dyadic layout / construct (bitbox-lsb),4096,10,462,104206178.000000,225554.497835497838,18159691.069372106344,entries/s,5.353251491889,7.259108456079
experiment-matrix-20260816-a,Dyadic layout / construct (bitbox-lsb),4096,11,504,114838474.000000,227854.115079365089,17976414.420135885477,entries/s,5.357656876413,7.254703071555
experiment-matrix-20260816-a,Dyadic layout / construct (bitbox-lsb),4096,12,546,123057845.000000,225380.668498168496,18173697.093427892774,entries/s,5.352916662710,7.259443285258
experiment-matrix-20260816-a,Dyadic layout / construct (bitbox-lsb),4096,13,588,131766046.000000,224091.914965986391,18278214.100770693272,entries/s,5.350426187865,7.261933760103
experiment-matrix-20260816-a,Dyadic layout / construct (bitbox-lsb),4096,14,630,140770536.000000,223445.295238095248,18331108.720080457628,entries/s,5.349171214787,7.263188733181
experiment-matrix-20260816-a,Dyadic layout / construct (bitbox-lsb),4096,15,672,148656730.000000,221215.372023809527,18515892.284190565348,entries/s,5.344815302349,7.267544645619
experiment-matrix-20260816-a,Dyadic layout / construct (bitbox-lsb),4096,16,714,157833036.000000,221054.672268907569,18529352.752233695239,entries/s,5.344499698700,7.267860249268
experiment-matrix-20260816-a,Dyadic layout / construct (bitbox-lsb),4096,17,756,169194174.000000,223801.817460317456,18301906.778421342373,entries/s,5.349863609046,7.262496338922
experiment-matrix-20260816-a,Dyadic layout / construct (bitbox-lsb),4096,18,798,180949252.000000,226753.448621553893,18063672.349416509271,entries/s,5.355553900830,7.256806047138
experiment-matrix-20260816-a,Dyadic layout / construct (bitbox-lsb),4096,19,840,189340298.000000,225405.116666666669,18171725.915420286357,entries/s,5.352963770250,7.259396177718
experiment-matrix-20260816-a,Dyadic layout / construct (bitbox-lsb),50000,0,4,12152055.000000,3038013.750000000000,16458121.692174697295,entries/s,6.482589735141,7.216380269195
experiment-matrix-20260816-a,Dyadic layout / construct (bitbox-lsb),50000,1,8,22748960.000000,2843620.000000000000,17583221.386823836714,entries/s,6.453871560085,7.245098444251
experiment-matrix-20260816-a,Dyadic layout / construct (bitbox-lsb),50000,2,12,33693557.000000,2807796.416666666511,17807558.875425353646,entries/s,6.448365615451,7.250604388885
experiment-matrix-20260816-a,Dyadic layout / construct (bitbox-lsb),50000,3,16,46081669.000000,2880104.312500000000,17360482.321072179824,entries/s,6.459408217455,7.239561786881
experiment-matrix-20260816-a,Dyadic layout / construct (bitbox-lsb),50000,4,20,57455434.000000,2872771.700000000186,17404794.122693423182,entries/s,6.458301113855,7.240668890481
experiment-matrix-20260816-a,Dyadic layout / construct (bitbox-lsb),50000,5,24,69343711.000000,2889321.291666666511,17305102.116614442319,entries/s,6.460795837946,7.238174166390
experiment-matrix-20260816-a,Dyadic layout / construct (bitbox-lsb),50000,6,28,77632004.000000,2772571.571428571362,18033799.565447259694,entries/s,6.442882765885,7.256087238451
experiment-matrix-20260816-a,Dyadic layout / construct (bitbox-lsb),50000,7,32,90516286.000000,2828633.937500000000,17676377.044458054006,entries/s,6.451576747665,7.247393256671
experiment-matrix-20260816-a,Dyadic layout / construct (bitbox-lsb),50000,8,36,103794011.000000,2883166.972222222015,17342041.054757967591,entries/s,6.459869794318,7.239100210018
experiment-matrix-20260816-a,Dyadic layout / construct (bitbox-lsb),50000,9,40,110084699.000000,2752117.475000000093,18167829.118558973074,entries/s,6.439666967956,7.259303036380
experiment-matrix-20260816-a,Dyadic layout / construct (bitbox-lsb),50000,10,44,127272963.000000,2892567.340909090824,17285682.270161338151,entries/s,6.461283478409,7.237686525928
experiment-matrix-20260816-a,Dyadic layout / construct (bitbox-lsb),50000,11,48,131921068.000000,2748355.583333333489,18192696.863248560578,entries/s,6.439072921215,7.259897083121
experiment-matrix-20260816-a,Dyadic layout / construct (bitbox-lsb),50000,12,52,145452799.000000,2797169.211538461503,17875214.625467605889,entries/s,6.446718739312,7.252251265024
experiment-matrix-20260816-a,Dyadic layout / construct (bitbox-lsb),50000,13,56,159965661.000000,2856529.660714285914,17503756.634369172156,entries/s,6.455838737907,7.243131266429
experiment-matrix-20260816-a,Dyadic layout / construct (bitbox-lsb),50000,14,60,171270459.000000,2854507.649999999907,17516155.544372074306,entries/s,6.455531211241,7.243438793095
experiment-matrix-20260816-a,Dyadic layout / construct (bitbox-lsb),50000,15,64,177975075.000000,2780860.546875000000,17980045.801357295364,entries/s,6.444179210640,7.254790793696
experiment-matrix-20260816-a,Dyadic layout / construct (bitbox-lsb),50000,16,68,190035713.000000,2794642.838235293981,17891373.922963626683,entries/s,6.446326311938,7.252643692398
experiment-matrix-20260816-a,Dyadic layout / construct (bitbox-lsb),50000,17,72,200609370.000000,2786241.250000000000,17945323.291728597134,entries/s,6.445018717618,7.253951286718
experiment-matrix-20260816-a,Dyadic layout / construct (bitbox-lsb),50000,18,76,211866021.000000,2787710.802631578874,17935863.344504874200,entries/s,6.445247718014,7.253722286322
experiment-matrix-20260816-a,Dyadic layout / construct (bitbox-lsb),50000,19,80,224244120.000000,2803051.500000000000,17837702.946235556155,entries/s,6.447631077054,7.251338927282
experiment-matrix-20260816-a,Dyadic layout / construct (bitbox-lsb),64,0,7132,9695670.000000,1359.460179472799,47077509.857493087649,entries/s,3.133366491005,7.672813482979
experiment-matrix-20260816-a,Dyadic layout / construct (bitbox-lsb),64,1,14264,19043491.000000,1335.073681996635,47937429.119482345879,entries/s,3.125505234840,7.680674739144
experiment-matrix-20260816-a,Dyadic layout / construct (bitbox-lsb),64,2,21396,29689281.000000,1387.608945597308,46122504.617070384324,entries/s,3.142267090976,7.663912883008
experiment-matrix-20260816-a,Dyadic layout / construct (bitbox-lsb),64,3,28528,37700632.000000,1321.530846887269,48428684.166355624795,entries/s,3.121077304794,7.685102669190
experiment-matrix-20260816-a,Dyadic layout / construct (bitbox-lsb),64,4,35660,55386339.000000,1553.178323051038,41205828.751382179558,entries/s,3.191221320681,7.614958653303
experiment-matrix-20260816-a,Dyadic layout / construct (bitbox-lsb),64,5,42792,58132303.000000,1358.485300990840,47111293.698445074260,entries/s,3.133054943650,7.673125030334
experiment-matrix-20260816-a,Dyadic layout / construct (bitbox-lsb),64,6,49924,67367692.000000,1349.404935501963,47428313.263277597725,entries/s,3.130142294271,7.676037679712
experiment-matrix-20260816-a,Dyadic layout / construct (bitbox-lsb),64,7,57056,79386429.000000,1391.377401149748,45997584.801301494241,entries/s,3.143444945237,7.662735028747
experiment-matrix-20260816-a,Dyadic layout / construct (bitbox-lsb),64,8,64188,85141445.000000,1326.438664547891,48249498.232030242682,entries/s,3.122687172702,7.683492801282
experiment-matrix-20260816-a,Dyadic layout / construct (bitbox-lsb),64,9,71320,93095565.000000,1305.321999439147,49030047.779397442937,entries/s,3.115717657521,7.690462316463
experiment-matrix-20260816-a,Dyadic layout / construct (bitbox-lsb),64,10,78452,103610336.000000,1320.684443991230,48459721.238622367382,entries/s,3.120799062426,7.685380911558
experiment-matrix-20260816-a,Dyadic layout / construct (bitbox-lsb),64,11,85584,109182972.000000,1275.740465507572,50166943.614614188671,entries/s,3.105762331233,7.700417642751
experiment-matrix-20260816-a,Dyadic layout / construct (bitbox-lsb),64,12,92716,118896251.000000,1282.370367574097,49907578.667051501572,entries/s,3.108013473984,7.698166499999
experiment-matrix-20260816-a,Dyadic layout / construct (bitbox-lsb),64,13,99848,128231375.000000,1284.265834067783,49833919.350860893726,entries/s,3.108654928966,7.697525045018
experiment-matrix-20260816-a,Dyadic layout / construct (bitbox-lsb),64,14,106980,137932727.000000,1289.331903159469,49638110.903150640428,entries/s,3.110364728956,7.695815245028
experiment-matrix-20260816-a,Dyadic layout / construct (bitbox-lsb),64,15,114112,146816181.000000,1286.597211511498,49743617.837328158319,entries/s,3.109442605803,7.696737368181
experiment-matrix-20260816-a,Dyadic layout / construct (bitbox-lsb),64,16,121244,157127316.000000,1295.959519646333,49384258.558836452663,entries/s,3.112591436204,7.693588537780
experiment-matrix-20260816-a,Dyadic layout / construct (bitbox-lsb),64,17,128376,165506485.000000,1289.232294198292,49641946.054258838296,entries/s,3.110331175693,7.695848798291
experiment-matrix-20260816-a,Dyadic layout / construct (bitbox-lsb),64,18,135508,176177824.000000,1300.128582814299,49225900.304001934826,entries/s,3.113986306188,7.692193667796
experiment-matrix-20260816-a,Dyadic layout / construct (bitbox-lsb),64,19,142640,183571270.000000,1286.955061693774,49729786.147908657789,entries/s,3.109563382336,7.696616591648
experiment-matrix-20260816-a,Dyadic layout / construct (bitbox-lsb),8,0,49495,9796015.000000,197.919284776240,40420517.935099117458,entries/s,2.296488112872,7.606601874120
experiment-matrix-20260816-a,Dyadic layout / construct (bitbox-lsb),8,1,98990,18677254.000000,188.678189716133,42400237.208317667246,entries/s,2.275721700730,7.627368286262
experiment-matrix-20260816-a,Dyadic layout / construct (bitbox-lsb),8,2,148485,27171458.000000,182.991265110954,43717933.722952961922,entries/s,2.262430359650,7.640659627342
experiment-matrix-20260816-a,Dyadic layout / construct (bitbox-lsb),8,3,197980,36974463.000000,186.758576623901,42836051.466115951538,entries/s,2.271280555306,7.631809431686
experiment-matrix-20260816-a,Dyadic layout / construct (bitbox-lsb),8,4,247475,46340526.000000,187.253362965956,42722864.216085933149,entries/s,2.272429626128,7.630660360864
experiment-matrix-20260816-a,Dyadic layout / construct (bitbox-lsb),8,5,296970,55334862.000000,186.331488029094,42934235.563829541206,entries/s,2.270286252222,7.632803734770
experiment-matrix-20260816-a,Dyadic layout / construct (bitbox-lsb),8,6,346465,64270972.000000,185.504948551802,43125534.183612473309,entries/s,2.268355499396,7.634734487596
experiment-matrix-20260816-a,Dyadic layout / construct (bitbox-lsb),8,7,395960,74988507.000000,189.384046368320,42242206.529061846435,entries/s,2.277343391425,7.625746595567
experiment-matrix-20260816-a,Dyadic layout / construct (bitbox-lsb),8,8,445455,85619675.000000,192.207237543635,41621741.731675572693,entries/s,2.283769736954,7.619320250038
experiment-matrix-20260816-a,Dyadic layout / construct (bitbox-lsb),8,9,494950,92112783.000000,186.105228810991,42986433.272784732282,entries/s,2.269758575236,7.633331411756
experiment-matrix-20260816-a,Dyadic layout / construct (bitbox-lsb),8,10,544445,102817042.000000,188.847435461801,42362237.964402824640,entries/s,2.276111091507,7.626978895484
experiment-matrix-20260816-a,Dyadic layout / construct (bitbox-lsb),8,11,593940,110617062.000000,186.242822507324,42954675.473120048642,entries/s,2.270079544746,7.633010442246
experiment-matrix-20260816-a,Dyadic layout / construct (bitbox-lsb),8,12,643435,120786269.000000,187.721011446378,42616433.495433159173,entries/s,2.273512885538,7.629577101454
experiment-matrix-20260816-a,Dyadic layout / construct (bitbox-lsb),8,13,692930,132135387.000000,190.690815811121,41952728.378507718444,entries/s,2.280329776745,7.622760210247
experiment-matrix-20260816-a,Dyadic layout / construct (bitbox-lsb),8,14,742425,143081555.000000,192.721897834798,41510591.634260609746,entries/s,2.284931063740,7.618158923252
experiment-matrix-20260816-a,Dyadic layout / construct (bitbox-lsb),8,15,791920,145221474.000000,183.378970097990,43625504.035305410624,entries/s,2.263349529294,7.639740457698
experiment-matrix-20260816-a,Dyadic layout / construct (bitbox-lsb),8,16,841415,155313173.000000,184.585695524800,43340303.143507346511,entries/s,2.266198042327,7.636891944665
experiment-matrix-20260816-a,Dyadic layout / construct (bitbox-lsb),8,17,890910,167348115.000000,187.839529245378,42589544.555073119700,entries/s,2.273786991160,7.629302995832
experiment-matrix-20260816-a,Dyadic layout / construct (bitbox-lsb),8,18,940405,175958689.000000,187.109478363046,42755717.508215807378,entries/s,2.272095788016,7.630994198976
experiment-matrix-20260816-a,Dyadic layout / construct (bitbox-lsb),8,19,989900,182864244.000000,184.730017173452,43306443.221344023943,entries/s,2.266537470609,7.636552516383
experiment-matrix-20260816-a,Dyadic layout / construct (bitbox-msb),16,0,247283,9434898.000000,38.154252415249,419350373.475155711174,entries/s,1.581542948518,8.622577034138
experiment-matrix-20260816-a,Dyadic layout / construct (bitbox-msb),16,1,494566,22287289.000000,45.064337216873,355047937.862698316574,entries/s,1.653832988069,8.550286994587
experiment-matrix-20260816-a,Dyadic layout / construct (bitbox-msb),16,2,741849,29733373.000000,40.080087726748,399200723.039394140244,entries/s,1.602928663438,8.601191319218
experiment-matrix-20260816-a,Dyadic layout / construct (bitbox-msb),16,3,989132,37936727.000000,38.353553418553,417171254.652516543865,entries/s,1.583805607101,8.620314375555
experiment-matrix-20260816-a,Dyadic layout / construct (bitbox-msb),16,4,1236415,48042334.000000,38.856155902347,411775164.795282423496,entries/s,1.589459832986,8.614660149670
experiment-matrix-20260816-a,Dyadic layout / construct (bitbox-msb),16,5,1483698,57223762.000000,38.568335335088,414848083.563607752323,entries/s,1.586230894495,8.617889088161
experiment-matrix-20260816-a,Dyadic layout / construct (bitbox-msb),16,6,1730981,65399891.000000,37.781980853632,423482296.017893970013,entries/s,1.577284723603,8.626835259053
experiment-matrix-20260816-a,Dyadic layout / construct (bitbox-msb),16,7,1978264,75230108.000000,38.028346065035,420738781.871747434139,entries/s,1.580107437417,8.624012545239
experiment-matrix-20260816-a,Dyadic layout / construct (bitbox-msb),16,8,2225547,84212095.000000,37.838830184220,422846053.170865774155,entries/s,1.577937701398,8.626182281258
experiment-matrix-20260816-a,Dyadic layout / construct (bitbox-msb),16,9,2472830,92704453.000000,37.489213977508,426789422.941743671894,entries/s,1.573906334825,8.630213647831
experiment-matrix-20260816-a,Dyadic layout / construct (bitbox-msb),16,10,2720113,108324850.000000,39.823658061264,401771227.931541085243,entries/s,1.600141150288,8.603978832367
experiment-matrix-20260816-a,Dyadic layout / construct (bitbox-msb),16,11,2967396,111413619.000000,37.545922081178,426144814.486279249191,entries/s,1.574562774528,8.629557208128
experiment-matrix-20260816-a,Dyadic layout / construct (bitbox-msb),16,12,3214679,121505144.000000,37.796975685597,423314291.944709777832,entries/s,1.577457051276,8.626662931380
experiment-matrix-20260816-a,Dyadic layout / construct (bitbox-msb),16,13,3461962,128814169.000000,37.208429497493,430010086.856205999851,entries/s,1.570641339601,8.633478643055
experiment-matrix-20260816-a,Dyadic layout / construct (bitbox-msb),16,14,3709245,138116229.000000,37.235671679816,429695484.952749490738,entries/s,1.570959192319,8.633160790336
experiment-matrix-20260816-a,Dyadic layout / construct (bitbox-msb),16,15,3956528,157996310.000000,39.933070105911,400670420.720585167408,entries/s,1.601332700598,8.602787282058
experiment-matrix-20260816-a,Dyadic layout / construct (bitbox-msb),16,16,4203811,159589691.000000,37.963098483733,421461910.092926979065,entries/s,1.579361651581,8.624758331075
experiment-matrix-20260816-a,Dyadic layout / construct (bitbox-msb),16,17,4451094,163769268.000000,36.793037397098,434864885.638983249664,entries/s,1.565765641877,8.638354340779
experiment-matrix-20260816-a,Dyadic layout / construct (bitbox-msb),16,18,4698377,206435687.000000,43.937659110795,364152308.607377588749,entries/s,1.642836915071,8.561283067585
experiment-matrix-20260816-a,Dyadic layout / construct (bitbox-msb),16,19,4945660,181545502.000000,36.708043415843,435871773.898314476013,entries/s,1.564761236687,8.639358745969
experiment-matrix-20260816-a,Dyadic layout / construct (bitbox-msb),200000,0,36,6494273.000000,180396.472222222219,1108669130.478500127792,entries/s,5.256228040360,9.044801955304
experiment-matrix-20260816-a,Dyadic layout / construct (bitbox-msb),200000,1,72,13199613.000000,183327.958333333343,1090941075.317889928818,entries/s,5.263228701863,9.037801293801
experiment-matrix-20260816-a,Dyadic layout / construct (bitbox-msb),200000,2,108,23599497.000000,218513.861111111124,915273745.029396176338,entries/s,5.339478991023,8.961551004641
experiment-matrix-20260816-a,Dyadic layout / construct (bitbox-msb),200000,3,144,33700572.000000,234031.750000000000,854584901.407608151436,entries/s,5.369274780121,8.931755215543
experiment-matrix-20260816-a,Dyadic layout / construct (bitbox-msb),200000,4,180,40752890.000000,226404.944444444438,883372933.796842455864,entries/s,5.354885907152,8.946144088512
experiment-matrix-20260816-a,Dyadic layout / construct (bitbox-msb),200000,5,216,38896284.000000,180075.388888888876,1110645942.424731492996,entries/s,5.255454361347,9.045575634317
experiment-matrix-20260816-a,Dyadic layout / construct (bitbox-msb),200000,6,252,50800553.000000,201589.496031746035,992115184.257935166359,entries/s,5.304467899131,8.996562096533
experiment-matrix-20260816-a,Dyadic layout / construct (bitbox-msb),200000,7,288,63595649.000000,220818.225694444438,905722339.589615702629,entries/s,5.344034915941,8.956995079723
experiment-matrix-20260816-a,Dyadic layout / construct (bitbox-msb),200000,8,324,59362148.000000,183216.506172839494,1091604704.061584949493,entries/s,5.262964597153,9.038065398511
experiment-matrix-20260816-a,Dyadic layout / construct (bitbox-msb),200000,9,360,70710958.000000,196419.327777777769,1018229734.633209228516,entries/s,5.293184220387,9.007845775277
experiment-matrix-20260816-a,Dyadic layout / construct (bitbox-msb),200000,10,396,77342828.000000,195310.171717171703,1024012207.052992701530,entries/s,5.290724861852,9.010305133812
experiment-matrix-20260816-a,Dyadic layout / construct (bitbox-msb),200000,11,432,112382383.000000,260144.405092592584,768803772.384858608246,entries/s,5.415214489992,8.885815505672
experiment-matrix-20260816-a,Dyadic layout / construct (bitbox-msb),200000,12,468,131412010.000000,280794.893162393186,712263666.007391452789,entries/s,5.448389204984,8.852640790680
experiment-matrix-20260816-a,Dyadic layout / construct (bitbox-msb),200000,13,504,143824202.000000,285365.480158730177,700855618.166405677795,entries/s,5.455401436602,8.845628559062
experiment-matrix-20260816-a,Dyadic layout / construct (bitbox-msb),200000,14,540,114863913.000000,212710.950000000012,940243085.746173381805,entries/s,5.327789847224,8.973240148440
experiment-matrix-20260816-a,Dyadic layout / construct (bitbox-msb),200000,15,576,141738213.000000,246073.286458333343,812765996.986289024353,entries/s,5.391064469560,8.909965526104
experiment-matrix-20260816-a,Dyadic layout / construct (bitbox-msb),200000,16,612,217113598.000000,354760.781045751646,563760174.984525799751,entries/s,5.549935602375,8.751094393289
experiment-matrix-20260816-a,Dyadic layout / construct (bitbox-msb),200000,17,648,169983795.000000,262320.671296296292,762425618.277318716049,entries/s,5.418832515052,8.882197480612
experiment-matrix-20260816-a,Dyadic layout / construct (bitbox-msb),200000,18,684,172822780.000000,252664.883040935674,791562316.032643318176,entries/s,5.402544885128,8.898485110536
experiment-matrix-20260816-a,Dyadic layout / construct (bitbox-msb),200000,19,720,243722316.000000,338503.216666666674,590836335.233249664307,entries/s,5.529562799975,8.771467195689
experiment-matrix-20260816-a,Dyadic layout / construct (bitbox-msb),256,0,35371,9790173.000000,276.785304345368,924904595.659341335297,entries/s,2.442143027941,8.966096937371
experiment-matrix-20260816-a,Dyadic layout / construct (bitbox-msb),256,1,70742,29033281.000000,410.410802634927,623765257.533242583275,entries/s,2.613218783544,8.795021181768
experiment-matrix-20260816-a,Dyadic layout / construct (bitbox-msb),256,2,106113,27644722.000000,260.521538360050,982644281.971799135208,entries/s,2.415843633986,8.992396331326
experiment-matrix-20260816-a,Dyadic layout / construct (bitbox-msb),256,3,141484,36177830.000000,255.702623618218,1001162977.436733961105,entries/s,2.407735184096,9.000504781216
experiment-matrix-20260816-a,Dyadic layout / construct (bitbox-msb),256,4,176855,45158885.000000,255.344123717169,1002568597.519624352455,entries/s,2.407125867805,9.001114097507
experiment-matrix-20260816-a,Dyadic layout / construct (bitbox-msb),256,5,212226,60067593.000000,283.035975799384,904478659.566065907478,entries/s,2.451841640818,8.956398324494
experiment-matrix-20260816-a,Dyadic layout / construct (bitbox-msb),256,6,247597,86073085.000000,347.633796047610,736407112.629923701286,entries/s,2.541121990802,8.867117974510
experiment-matrix-20260816-a,Dyadic layout / construct (bitbox-msb),256,7,282968,76926455.000000,271.855669192276,941676150.291859984398,entries/s,2.434338394072,8.973901571240
experiment-matrix-20260816-a,Dyadic layout / construct (bitbox-msb),256,8,318339,104638639.000000,328.701915253865,778821138.910264372826,entries/s,2.516802234601,8.891437730711
experiment-matrix-20260816-a,Dyadic layout / construct (bitbox-msb),256,9,353710,136420250.000000,385.683893585140,663756003.965686917305,entries/s,2.586231502819,8.822008462492
experiment-matrix-20260816-a,Dyadic layout / construct (bitbox-msb),256,10,389081,101082749.000000,259.798728285370,985378187.528319120407,entries/s,2.414637020871,8.993602944441
experiment-matrix-20260816-a,Dyadic layout / construct (bitbox-msb),256,11,424452,148629327.000000,350.167573718583,731078544.142233848572,entries/s,2.544275926993,8.863964038319
experiment-matrix-20260816-a,Dyadic layout / construct (bitbox-msb),256,12,459823,124113427.000000,269.915656676591,948444425.759027600288,entries/s,2.431228076891,8.977011888421
experiment-matrix-20260816-a,Dyadic layout / construct (bitbox-msb),256,13,495194,128838976.000000,260.178790534619,983938773.310337305069,entries/s,2.415271890499,8.992968074813
experiment-matrix-20260816-a,Dyadic layout / construct (bitbox-msb),256,14,530565,170864776.000000,322.043059757051,794924753.829894185066,entries/s,2.507913944257,8.900326021055
experiment-matrix-20260816-a,Dyadic layout / construct (bitbox-msb),256,15,565936,147300702.000000,260.278020836278,983563649.275751590729,entries/s,2.415437495683,8.992802469629
experiment-matrix-20260816-a,Dyadic layout / construct (bitbox-msb),256,16,601307,185231035.000000,308.047361830147,831041040.179902911186,entries/s,2.488617493774,8.919622471538
experiment-matrix-20260816-a,Dyadic layout / construct (bitbox-msb),256,17,636678,186401479.000000,292.771980498776,874400615.673226475716,entries/s,2.466529510579,8.941710454732
experiment-matrix-20260816-a,Dyadic layout / construct (bitbox-msb),256,18,672049,180604305.000000,268.736810857542,952604889.457092404366,entries/s,2.429327159017,8.978912806295
experiment-matrix-20260816-a,Dyadic layout / construct (bitbox-msb),256,19,707420,197635936.000000,279.375669333635,916328900.833095431328,entries/s,2.446188580968,8.962051384343
experiment-matrix-20260816-a,Dyadic layout / construct (bitbox-msb),4096,0,2171,8465681.000000,3899.438507600184,1050407639.976039767265,entries/s,3.591002076102,9.021357871866
experiment-matrix-20260816-a,Dyadic layout / construct (bitbox-msb),4096,1,4342,17730536.000000,4083.495163519116,1003062287.569873809814,entries/s,3.611032045548,9.001327902420
experiment-matrix-20260816-a,Dyadic layout / construct (bitbox-msb),4096,2,6513,25665534.000000,3940.662367572547,1039419168.134198904037,entries/s,3.595569226497,9.016790721471
experiment-matrix-20260816-a,Dyadic layout / construct (bitbox-msb),4096,3,8684,50708812.000000,5839.338093044680,701449365.447567582130,entries/s,3.766363621285,8.845996326682
experiment-matrix-20260816-a,Dyadic layout / construct (bitbox-msb),4096,4,10855,43441541.000000,4001.984431137725,1023492237.533654689789,entries/s,3.602275394774,9.010084553194
experiment-matrix-20260816-a,Dyadic layout / construct (bitbox-msb),4096,5,13026,50418356.000000,3870.593889144787,1058235536.279683589935,entries/s,3.587777606618,9.024582341349
experiment-matrix-20260816-a,Dyadic layout / construct (bitbox-msb),4096,6,15197,65354584.000000,4300.492465618214,952449058.508275508881,entries/s,3.633518191127,8.978841756841
experiment-matrix-20260816-a,Dyadic layout / construct (bitbox-msb),4096,7,17368,69431516.000000,3997.669046522340,1024597072.027060389519,entries/s,3.601806837501,9.010553110466
experiment-matrix-20260816-a,Dyadic layout / construct (bitbox-msb),4096,8,19539,82618428.000000,4228.385690158145,968691198.046034097672,entries/s,3.626174594404,8.986185353564
experiment-matrix-20260816-a,Dyadic layout / construct (bitbox-msb),4096,9,21710,93674383.000000,4314.803454629203,949290052.969977974892,entries/s,3.634961017777,8.977398930191
experiment-matrix-20260816-a,Dyadic layout / construct (bitbox-msb),4096,10,23881,108006505.000000,4522.696076378711,905654488.125506877899,entries/s,3.655397404287,8.956962543681
experiment-matrix-20260816-a,Dyadic layout / construct (bitbox-msb),4096,11,26052,174072582.000000,6681.735836020267,613014357.424766659737,entries/s,3.824889301708,8.787470646260
experiment-matrix-20260816-a,Dyadic layout / construct (bitbox-msb),4096,12,28223,208943897.000000,7403.319880948163,553265300.684996843338,entries/s,3.869426514684,8.742933433284
experiment-matrix-20260816-a,Dyadic layout / construct (bitbox-msb),4096,13,30394,139584375.000000,4592.497696913864,891889396.646293759346,entries/s,3.662048947184,8.950311000784
experiment-matrix-20260816-a,Dyadic layout / construct (bitbox-msb),4096,14,32565,123766900.000000,3800.611085521265,1077721426.326424837112,entries/s,3.579853430757,9.032506517211
experiment-matrix-20260816-a,Dyadic layout / construct (bitbox-msb),4096,15,34736,145923700.000000,4200.935628742515,975020891.054708600044,entries/s,3.623346026861,8.989013921106
experiment-matrix-20260816-a,Dyadic layout / construct (bitbox-msb),4096,16,36907,164082891.000000,4445.847427317311,921309169.278349637985,entries/s,3.647954554492,8.964405393476
experiment-matrix-20260816-a,Dyadic layout / construct (bitbox-msb),4096,17,39078,148390773.000000,3797.297021341932,1078662000.096191883087,entries/s,3.579474568613,9.032885379355
experiment-matrix-20260816-a,Dyadic layout / construct (bitbox-msb),4096,18,41249,154828527.000000,3753.509830541347,1091245310.368417978287,entries/s,3.574437557633,9.037922390335
experiment-matrix-20260816-a,Dyadic layout / construct (bitbox-msb),4096,19,43420,180921347.000000,4166.774458774758,983014569.308949470520,entries/s,3.619799993387,8.992559954580
experiment-matrix-20260816-a,Dyadic layout / construct (bitbox-msb),50000,0,195,17513190.000000,89811.230769230766,556723246.878495573997,entries/s,4.953330647983,8.745639356353
experiment-matrix-20260816-a,Dyadic layout / construct (bitbox-msb),50000,1,390,35173440.000000,90188.307692307688,554395589.399273991585,entries/s,4.955150237832,8.743819766504
experiment-matrix-20260816-a,Dyadic layout / construct (bitbox-msb),50000,2,585,50197932.000000,85808.430769230763,582693326.888446331024,entries/s,4.933529959838,8.765440044498
experiment-matrix-20260816-a,Dyadic layout / construct (bitbox-msb),50000,3,780,35424973.000000,45416.632051282053,1100918270.283508777618,entries/s,4.657214925221,9.041755079115
experiment-matrix-20260816-a,Dyadic layout / construct (bitbox-msb),50000,4,975,44251043.000000,45385.685128205128,1101668948.232474327087,entries/s,4.656918895806,9.042051108531
experiment-matrix-20260816-a,Dyadic layout / construct (bitbox-msb),50000,5,1170,53218928.000000,45486.263247863251,1099232964.632432937622,entries/s,4.657880260473,9.041089743863
experiment-matrix-20260816-a,Dyadic layout / construct (bitbox-msb),50000,6,1365,61778708.000000,45259.126739926738,1104749552.224368333817,entries/s,4.655706170129,9.043263834207
experiment-matrix-20260816-a,Dyadic layout / construct (bitbox-msb),50000,7,1560,71048895.000000,45544.163461538461,1097835511.727522373199,entries/s,4.658432729523,9.040537274813
experiment-matrix-20260816-a,Dyadic layout / construct (bitbox-msb),50000,8,1755,117918354.000000,67189.945299145300,744158962.734503507614,entries/s,4.827304287521,8.871665716815
experiment-matrix-20260816-a,Dyadic layout / construct (bitbox-msb),50000,9,1950,171198399.000000,87794.050769230773,569514671.688022017479,entries/s,4.943465087596,8.755504916740
experiment-matrix-20260816-a,Dyadic layout / construct (bitbox-msb),50000,10,2145,98084506.000000,45727.042424242427,1093444870.895307302475,entries/s,4.660173112591,9.038796891745
experiment-matrix-20260816-a,Dyadic layout / construct (bitbox-msb),50000,11,2340,109423188.000000,46762.046153846153,1069243202.820959687233,entries/s,4.669893506208,9.029076498128
experiment-matrix-20260816-a,Dyadic layout / construct (bitbox-msb),50000,12,2535,115485001.000000,45556.213412228797,1097545126.228123664856,entries/s,4.658547618776,9.040422385560
experiment-matrix-20260816-a,Dyadic layout / construct (bitbox-msb),50000,13,2730,128010986.000000,46890.471062271063,1066314730.206046581268,entries/s,4.671084595689,9.027885408647
experiment-matrix-20260816-a,Dyadic layout / construct (bitbox-msb),50000,14,2925,213223054.000000,72896.770598290605,685901441.032731771469,entries/s,4.862708289053,8.836261715283
experiment-matrix-20260816-a,Dyadic layout / construct (bitbox-msb),50000,15,3120,278880271.000000,89384.702243589738,559379835.083421945572,entries/s,4.951263197770,8.747706806566
experiment-matrix-20260816-a,Dyadic layout / construct (bitbox-msb),50000,16,3315,199905908.000000,60303.441327300148,829140077.240738749504,entries/s,4.780342096664,8.918627907672
experiment-matrix-20260816-a,Dyadic layout / construct (bitbox-msb),50000,17,3510,186143302.000000,53032.279772079775,942821998.505216121674,entries/s,4.724540297138,8.974429707198
experiment-matrix-20260816-a,Dyadic layout / construct (bitbox-msb),50000,18,3705,208826309.000000,56363.376248313092,887100868.119064450264,entries/s,4.750997000088,8.947973004248
experiment-matrix-20260816-a,Dyadic layout / construct (bitbox-msb),50000,19,3900,182553706.000000,46808.642564102563,1068178807.610731244087,entries/s,4.670326046907,9.028643957429
experiment-matrix-20260816-a,Dyadic layout / construct (bitbox-msb),64,0,90288,11704073.000000,129.630438153464,493711206.346713662148,entries/s,2.112706988957,8.693472985027
experiment-matrix-20260816-a,Dyadic layout / construct (bitbox-msb),64,1,180576,23324832.000000,129.169059011164,495474694.094259679317,entries/s,2.111158495780,8.695021478204
experiment-matrix-20260816-a,Dyadic layout / construct (bitbox-msb),64,2,270864,35208693.000000,129.986609516215,492358407.055893898010,entries/s,2.113898616055,8.692281357929
experiment-matrix-20260816-a,Dyadic layout / construct (bitbox-msb),64,3,361152,47613650.000000,131.838256468191,485443312.999528467655,entries/s,2.120041450942,8.686138523041
experiment-matrix-20260816-a,Dyadic layout / construct (bitbox-msb),64,4,451440,58348695.000000,129.250166135035,495163773.585681736469,entries/s,2.111431109998,8.694748863986
experiment-matrix-20260816-a,Dyadic layout / construct (bitbox-msb),64,5,541728,70701914.000000,130.511832506350,490376993.188614368439,entries/s,2.115649887607,8.690530086377
experiment-matrix-20260816-a,Dyadic layout / construct (bitbox-msb),64,6,632016,83311039.000000,131.817927077796,485518179.649637997150,entries/s,2.119974477796,8.686205496188
experiment-matrix-20260816-a,Dyadic layout / construct (bitbox-msb),64,7,722304,92584387.000000,128.179252779993,499300773.034226596355,entries/s,2.107817735539,8.698362238445
experiment-matrix-20260816-a,Dyadic layout / construct (bitbox-msb),64,8,812592,95491647.000000,117.514874623427,544611907.259281039238,entries/s,2.070092841570,8.736087132414
experiment-matrix-20260816-a,Dyadic layout / construct (bitbox-msb),64,9,902880,70829708.000000,78.448639907850,815820389.941463589668,entries/s,1.894585418469,8.911594555515
experiment-matrix-20260816-a,Dyadic layout / construct (bitbox-msb),64,10,993168,80585884.000000,81.140234079229,788757892.139025330544,entries/s,1.909236256254,8.896943717730
experiment-matrix-20260816-a,Dyadic layout / construct (bitbox-msb),64,11,1083456,86139373.000000,79.504265055526,804988260.130474805832,entries/s,1.900390427278,8.905789546706
experiment-matrix-20260816-a,Dyadic layout / construct (bitbox-msb),64,12,1173744,93144531.000000,79.356768596900,806484451.566995382309,entries/s,1.899583975060,8.906595998924
experiment-matrix-20260816-a,Dyadic layout / construct (bitbox-msb),64,13,1264032,99410625.000000,78.645655331511,813776676.285859823227,entries/s,1.895674735635,8.910505238349
experiment-matrix-20260816-a,Dyadic layout / construct (bitbox-msb),64,14,1354320,106560473.000000,78.681901618524,813401794.866282224655,entries/s,1.895874847593,8.910305126391
experiment-matrix-20260816-a,Dyadic layout / construct (bitbox-msb),64,15,1444608,113295920.000000,78.426756601099,816048027.148727059364,entries/s,1.894464254799,8.911715719185
experiment-matrix-20260816-a,Dyadic layout / construct (bitbox-msb),64,16,1534896,120478894.000000,78.493196933212,815357285.733383297920,entries/s,1.894832017734,8.911347956250
experiment-matrix-20260816-a,Dyadic layout / construct (bitbox-msb),64,17,1625184,127894851.000000,78.695612927521,813260074.090081930161,entries/s,1.895950522264,8.910229451720
experiment-matrix-20260816-a,Dyadic layout / construct (bitbox-msb),64,18,1715472,135305495.000000,78.873624868258,811424606.221646785736,entries/s,1.896931800559,8.909248173425
experiment-matrix-20260816-a,Dyadic layout / construct (bitbox-msb),64,19,1805760,144561785.000000,80.055923821549,799441152.445648074150,entries/s,1.903393473517,8.902786500467
experiment-matrix-20260816-a,Dyadic layout / construct (bitbox-msb),8,0,312212,9184700.000000,29.418151768670,271940945.267673373222,entries/s,1.468615384167,8.434474602825
experiment-matrix-20260816-a,Dyadic layout / construct (bitbox-msb),8,1,624424,18409117.000000,29.481757587793,271354242.574480891228,entries/s,1.469553370908,8.433536616084
experiment-matrix-20260816-a,Dyadic layout / construct (bitbox-msb),8,2,936636,27679884.000000,29.552445133435,270705180.700901806355,entries/s,1.470593419702,8.432496567290
experiment-matrix-20260816-a,Dyadic layout / construct (bitbox-msb),8,3,1248848,38110151.000000,30.516244570997,262155455.642251342535,entries/s,1.484531086870,8.418558900122
experiment-matrix-20260816-a,Dyadic layout / construct (bitbox-msb),8,4,1561060,46380988.000000,29.711214174984,269258602.253147304058,entries/s,1.472920399994,8.430169586998
experiment-matrix-20260816-a,Dyadic layout / construct (bitbox-msb),8,5,1873272,55680932.000000,29.723890604248,269143770.797514677048,entries/s,1.473105654260,8.429984332732
experiment-matrix-20260816-a,Dyadic layout / construct (bitbox-msb),8,6,2185484,65435785.000000,29.941095427832,267191292.959960669279,entries/s,1.476267685438,8.426822301554
experiment-matrix-20260816-a,Dyadic layout / construct (bitbox-msb),8,7,2497696,75233007.000000,30.120962278836,265595764.369753301144,entries/s,1.478868842220,8.424221144772
experiment-matrix-20260816-a,Dyadic layout / construct (bitbox-msb),8,8,2809908,85380292.000000,30.385440377407,263283990.642711788416,entries/s,1.482665534976,8.420424452016
experiment-matrix-20260816-a,Dyadic layout / construct (bitbox-msb),8,9,3122120,94993862.000000,30.426076512114,262932356.618999242783,entries/s,1.483245953048,8.419844033944
experiment-matrix-20260816-a,Dyadic layout / construct (bitbox-msb),8,10,3434332,106225679.000000,30.930521277500,258644202.217808365822,entries/s,1.490387239306,8.412702747686
experiment-matrix-20260816-a,Dyadic layout / construct (bitbox-msb),8,11,3746544,112473403.000000,30.020574428060,266483908.200056850910,entries/s,1.477418997986,8.425670989006
experiment-matrix-20260816-a,Dyadic layout / construct (bitbox-msb),8,12,4058756,121254479.000000,29.874788974750,267784318.301347047091,entries/s,1.475304846260,8.427785140732
experiment-matrix-20260816-a,Dyadic layout / construct (bitbox-msb),8,13,4370968,129050348.000000,29.524432116639,270962027.936569392681,entries/s,1.470181552992,8.432908434000
experiment-matrix-20260816-a,Dyadic layout / construct (bitbox-msb),8,14,4683180,135967932.000000,29.033249202465,275546148.631575882435,entries/s,1.462895641816,8.440194345176
experiment-matrix-20260816-a,Dyadic layout / construct (bitbox-msb),8,15,4995392,148985688.000000,29.824623973454,268234731.379030168056,entries/s,1.474574976826,8.428515010166
experiment-matrix-20260816-a,Dyadic layout / construct (bitbox-msb),8,16,5307604,165605301.000000,31.201517860036,256397782.822181522846,entries/s,1.494175721653,8.408914265339
experiment-matrix-20260816-a,Dyadic layout / construct (bitbox-msb),8,17,5619816,168435746.000000,29.971754591254,266917973.575514078140,entries/s,1.476712167937,8.426377819055
experiment-matrix-20260816-a,Dyadic layout / construct (bitbox-msb),8,18,5932028,178394455.000000,30.073097261173,266018492.559087693691,entries/s,1.478178158868,8.424911828124
experiment-matrix-20260816-a,Dyadic layout / construct (bitbox-msb),8,19,6244240,189545795.000000,30.355302646919,263545387.540778726339,entries/s,1.482234567212,8.420855419780
experiment-matrix-20260816-a,Dyadic layout / construct (little-endian-bytes),16,0,33586,8849416.000000,263.485261716191,60724459.105550020933,entries/s,2.420756327578,7.783363655078
experiment-matrix-20260816-a,Dyadic layout / construct (little-endian-bytes),16,1,67172,18533772.000000,275.915143214435,57988843.285651728511,entries/s,2.440775536775,7.763344445881
experiment-matrix-20260816-a,Dyadic layout / construct (little-endian-bytes),16,2,100758,26328683.000000,261.306129538101,61230863.693409964442,entries/s,2.417149597226,7.786970385430
experiment-matrix-20260816-a,Dyadic layout / construct (little-endian-bytes),16,3,134344,36391835.000000,270.885450783064,59065556.875601358712,entries/s,2.432785679768,7.771334302888
experiment-matrix-20260816-a,Dyadic layout / construct (little-endian-bytes),16,4,167930,45533490.000000,271.145655928065,59008874.566829822958,entries/s,2.433202650919,7.770917331736
experiment-matrix-20260816-a,Dyadic layout / construct (little-endian-bytes),16,5,201516,57110419.000000,283.403893487366,56456528.536412939429,entries/s,2.452405812420,7.751714170236
experiment-matrix-20260816-a,Dyadic layout / construct (little-endian-bytes),16,6,235102,63568921.000000,270.388686612619,59174073.443845301867,entries/s,2.431988516247,7.772131466409
experiment-matrix-20260816-a,Dyadic layout / construct (little-endian-bytes),16,7,268688,70328546.000000,261.747997677604,61127497.218554750085,entries/s,2.417883368093,7.786236614563
experiment-matrix-20260816-a,Dyadic layout / construct (little-endian-bytes),16,8,302274,82486009.000000,272.884895822995,58632779.772385403514,entries/s,2.435979498139,7.768140484517
experiment-matrix-20260816-a,Dyadic layout / construct (little-endian-bytes),16,9,335860,92297171.000000,274.808464836539,58222369.567535281181,entries/s,2.439030106026,7.765089876629
experiment-matrix-20260816-a,Dyadic layout / construct (little-endian-bytes),16,10,369446,96273795.000000,260.589626088792,61399220.836781188846,entries/s,2.415957122727,7.788162859929
experiment-matrix-20260816-a,Dyadic layout / construct (little-endian-bytes),16,11,403032,104694991.000000,259.768432779531,61593319.206646665931,entries/s,2.414586374210,7.789533608446
experiment-matrix-20260816-a,Dyadic layout / construct (little-endian-bytes),16,12,436618,117460877.000000,269.024357676504,59474168.577849119902,entries/s,2.429791603146,7.774328379510
experiment-matrix-20260816-a,Dyadic layout / construct (little-endian-bytes),16,13,470204,122960829.000000,261.505280686681,61184232.907213069499,entries/s,2.417480463184,7.786639519472
experiment-matrix-20260816-a,Dyadic layout / construct (little-endian-bytes),16,14,503790,132165171.000000,262.341791222533,60989139.112905934453,entries/s,2.418867479502,7.785252503154
experiment-matrix-20260816-a,Dyadic layout / construct (little-endian-bytes),16,15,537376,145112997.000000,270.039966429465,59250488.775998473167,entries/s,2.431428045327,7.772691937329
experiment-matrix-20260816-a,Dyadic layout / construct (little-endian-bytes),16,16,570962,151058267.000000,264.567987011395,60475948.661585003138,entries/s,2.422537292968,7.781582689688
experiment-matrix-20260816-a,Dyadic layout / construct (little-endian-bytes),16,17,604548,160393717.000000,265.311798236037,60306402.151650369167,entries/s,2.423756563193,7.780363419463
experiment-matrix-20260816-a,Dyadic layout / construct (little-endian-bytes),16,18,638134,172341165.000000,270.070494598313,59243791.232350096107,entries/s,2.431477139785,7.772642842871
experiment-matrix-20260816-a,Dyadic layout / construct (little-endian-bytes),16,19,671720,182448490.000000,271.613901625677,58907146.888417653739,entries/s,2.433951994050,7.770167988606
experiment-matrix-20260816-a,Dyadic layout / construct (little-endian-bytes),200000,0,2,12433659.000000,6216829.500000000000,32170739.120318483561,entries/s,6.793568956764,7.507461038900
experiment-matrix-20260816-a,Dyadic layout / construct (little-endian-bytes),200000,1,4,24911768.000000,6227942.000000000000,32113336.957858629525,entries/s,6.794344559388,7.506685436276
experiment-matrix-20260816-a,Dyadic layout / construct (little-endian-bytes),200000,2,6,41812686.000000,6968781.000000000000,28699423.902114301920,entries/s,6.843156816653,7.457873179011
experiment-matrix-20260816-a,Dyadic layout / construct (little-endian-bytes),200000,3,8,61321110.000000,7665138.750000000000,26092156.518367003649,entries/s,6.884520020614,7.416509975050
experiment-matrix-20260816-a,Dyadic layout / construct (little-endian-bytes),200000,4,10,75748707.000000,7574870.700000000186,26403090.946489688009,entries/s,6.879375224005,7.421654771659
experiment-matrix-20260816-a,Dyadic layout / construct (little-endian-bytes),200000,5,12,74725885.000000,6227157.083333333023,32117384.758976090699,entries/s,6.794289821168,7.506740174496
experiment-matrix-20260816-a,Dyadic layout / construct (little-endian-bytes),200000,6,14,87187804.000000,6227700.285714285448,32114583.365352340043,entries/s,6.794327703544,7.506702292120
experiment-matrix-20260816-a,Dyadic layout / construct (little-endian-bytes),200000,7,16,100743668.000000,6296479.250000000000,31763782.910902153701,entries/s,6.799097776484,7.501932219180
experiment-matrix-20260816-a,Dyadic layout / construct (little-endian-bytes),200000,8,18,114470580.000000,6359476.666666666977,31449128.675682432950,entries/s,6.803421378207,7.497608617457
experiment-matrix-20260816-a,Dyadic layout / construct (little-endian-bytes),200000,9,20,126118572.000000,6305928.599999999627,31716185.305364862084,entries/s,6.799749049063,7.501280946601
experiment-matrix-20260816-a,Dyadic layout / construct (little-endian-bytes),200000,10,22,136720063.000000,6214548.318181818351,32182548.072699468583,entries/s,6.793409569011,7.507620426652
experiment-matrix-20260816-a,Dyadic layout / construct (little-endian-bytes),200000,11,24,149853264.000000,6243886.000000000000,32031334.332497421652,entries/s,6.795454965175,7.505575030489
experiment-matrix-20260816-a,Dyadic layout / construct (little-endian-bytes),200000,12,26,162561224.000000,6252354.769230769016,31987948.122241009027,entries/s,6.796043612653,7.504986383011
experiment-matrix-20260816-a,Dyadic layout / construct (little-endian-bytes),200000,13,28,173181835.000000,6185065.535714285448,32335954.865012258291,entries/s,6.791344305687,7.509685689977
experiment-matrix-20260816-a,Dyadic layout / construct (little-endian-bytes),200000,14,30,187849824.000000,6261660.799999999814,31940407.886674411595,entries/s,6.796689537781,7.504340457883
experiment-matrix-20260816-a,Dyadic layout / construct (little-endian-bytes),200000,15,32,203358922.000000,6354966.312500000000,31471449.283154636621,entries/s,6.803113252713,7.497916742951
experiment-matrix-20260816-a,Dyadic layout / construct (little-endian-bytes),200000,16,34,213585837.000000,6281936.382352940738,31837317.003374155611,entries/s,6.798093533952,7.502936461712
experiment-matrix-20260816-a,Dyadic layout / construct (little-endian-bytes),200000,17,36,225392759.000000,6260909.972222222015,31944238.279633466154,entries/s,6.796637458960,7.504392536704
experiment-matrix-20260816-a,Dyadic layout / construct (little-endian-bytes),200000,18,38,238712766.000000,6281914.894736842252,31837425.904570180923,entries/s,6.798092048427,7.502937947237
experiment-matrix-20260816-a,Dyadic layout / construct (little-endian-bytes),200000,19,40,246309698.000000,6157742.450000000186,32479435.706181570888,entries/s,6.789421520410,7.511608475254
experiment-matrix-20260816-a,Dyadic layout / construct (little-endian-bytes),256,0,2431,9163167.000000,3769.299465240642,67917129.525195822120,entries/s,3.576260642871,7.831979322440
experiment-matrix-20260816-a,Dyadic layout / construct (little-endian-bytes),256,1,4862,17958972.000000,3693.741670094611,69306416.870631560683,entries/s,3.567466518831,7.840773446480
experiment-matrix-20260816-a,Dyadic layout / construct (little-endian-bytes),256,2,7293,30411504.000000,4169.958041958042,61391505.004158958793,entries/s,3.620131685133,7.788108280179
experiment-matrix-20260816-a,Dyadic layout / construct (little-endian-bytes),256,3,9724,37049536.000000,3810.112710818593,67189613.386791124940,entries/s,3.580937823172,7.827302142139
experiment-matrix-20260816-a,Dyadic layout / construct (little-endian-bytes),256,4,12155,46985932.000000,3865.564129987659,66225780.090942971408,entries/s,3.587212882643,7.821027082669
experiment-matrix-20260816-a,Dyadic layout / construct (little-endian-bytes),256,5,14586,60422024.000000,4142.467023172905,61798922.856341265142,entries/s,3.617259059829,7.790980905483
experiment-matrix-20260816-a,Dyadic layout / construct (little-endian-bytes),256,6,17017,65254712.000000,3834.677792795440,66759194.339866213500,entries/s,3.583728878405,7.824511086907
experiment-matrix-20260816-a,Dyadic layout / construct (little-endian-bytes),256,7,19448,73560002.000000,3782.394179350062,67681999.247362717986,entries/s,3.577766786539,7.830473178773
experiment-matrix-20260816-a,Dyadic layout / construct (little-endian-bytes),256,8,21879,82976191.000000,3792.503816444993,67501580.061682999134,entries/s,3.578926026495,7.829313938817
experiment-matrix-20260816-a,Dyadic layout / construct (little-endian-bytes),256,9,24310,93883568.000000,3861.932044426162,66288064.382043935359,entries/s,3.586804627550,7.821435337761
experiment-matrix-20260816-a,Dyadic layout / construct (little-endian-bytes),256,10,26741,105224312.000000,3934.943046258554,65058120.788663364947,entries/s,3.594938450831,7.813301514481
experiment-matrix-20260816-a,Dyadic layout / construct (little-endian-bytes),256,11,29172,132104697.000000,4528.475832990539,56531161.795102559030,entries/s,3.655952054396,7.752287910916
experiment-matrix-20260816-a,Dyadic layout / construct (little-endian-bytes),256,12,31603,122186629.000000,3866.298421035978,66213202.428229682148,entries/s,3.587295372095,7.820944593217
experiment-matrix-20260816-a,Dyadic layout / construct (little-endian-bytes),256,13,34034,129043635.000000,3791.609419991773,67517502.897372663021,entries/s,3.578823593571,7.829416371740
experiment-matrix-20260816-a,Dyadic layout / construct (little-endian-bytes),256,14,36465,137965486.000000,3783.504346633758,67662139.790527030826,entries/s,3.577894237238,7.830345728074
experiment-matrix-20260816-a,Dyadic layout / construct (little-endian-bytes),256,15,38896,147389422.000000,3789.320804195804,67558281.082071140409,entries/s,3.578561374236,7.829678591076
experiment-matrix-20260816-a,Dyadic layout / construct (little-endian-bytes),256,16,41327,160065045.000000,3873.134875505118,66096329.776435576379,entries/s,3.588062620835,7.820177344477
experiment-matrix-20260816-a,Dyadic layout / construct (little-endian-bytes),256,17,43758,169418449.000000,3871.713720919603,66120591.152383878827,entries/s,3.587903237577,7.820336727735
experiment-matrix-20260816-a,Dyadic layout / construct (little-endian-bytes),256,18,46189,178806868.000000,3871.200242481976,66129361.429226532578,entries/s,3.587845636304,7.820394329008
experiment-matrix-20260816-a,Dyadic layout / construct (little-endian-bytes),256,19,48620,191442084.000000,3937.517153434801,65015589.780144684017,entries/s,3.595222458766,7.813017506546
experiment-matrix-20260816-a,Dyadic layout / construct (little-endian-bytes),4096,0,77,9358893.000000,121544.064935064933,33699712.134757816792,entries/s,5.084733756854,7.527626191114
experiment-matrix-20260816-a,Dyadic layout / construct (little-endian-bytes),4096,1,154,18639229.000000,121033.954545454544,33841743.132186420262,entries/s,5.082907223235,7.529452724733
experiment-matrix-20260816-a,Dyadic layout / construct (little-endian-bytes),4096,2,231,28240283.000000,122252.307359307364,33504480.107370026410,entries/s,5.087257064638,7.525102883330
experiment-matrix-20260816-a,Dyadic layout / construct (little-endian-bytes),4096,3,308,37511688.000000,121791.194805194798,33631331.120049841702,entries/s,5.085615891041,7.526744056927
experiment-matrix-20260816-a,Dyadic layout / construct (little-endian-bytes),4096,4,385,45995285.000000,119468.272727272721,34285253.368905097246,entries/s,5.077252584707,7.535107363261
experiment-matrix-20260816-a,Dyadic layout / construct (little-endian-bytes),4096,5,462,55318597.000000,119737.222943722940,34208242.844626016915,entries/s,5.078229181368,7.534130766600
experiment-matrix-20260816-a,Dyadic layout / construct (little-endian-bytes),4096,6,539,63431103.000000,117682.936920222637,34805385.616579927504,entries/s,5.070713498200,7.541646449768
experiment-matrix-20260816-a,Dyadic layout / construct (little-endian-bytes),4096,7,616,75836092.000000,123110.538961038954,33270912.746927943081,entries/s,5.090295232596,7.522064715372
experiment-matrix-20260816-a,Dyadic layout / construct (little-endian-bytes),4096,8,693,86736734.000000,125161.232323232325,32725788.360903695226,entries/s,5.097469830509,7.514890117459
experiment-matrix-20260816-a,Dyadic layout / construct (little-endian-bytes),4096,9,770,93955813.000000,122020.536363636362,33568119.941658109426,entries/s,5.086432929682,7.525927018286
experiment-matrix-20260816-a,Dyadic layout / construct (little-endian-bytes),4096,10,847,103707760.000000,122441.275088547816,33452771.518736880273,entries/s,5.087927843639,7.524432104329
experiment-matrix-20260816-a,Dyadic layout / construct (little-endian-bytes),4096,11,924,120821859.000000,130759.587662337668,31324662.865847807378,entries/s,5.116473542405,7.495886405563
experiment-matrix-20260816-a,Dyadic layout / construct (little-endian-bytes),4096,12,1001,126945057.000000,126818.238761238768,32298193.382984574884,entries/s,5.103181717455,7.509178230512
experiment-matrix-20260816-a,Dyadic layout / construct (little-endian-bytes),4096,13,1078,133612381.000000,123944.694805194798,33046997.343756642193,entries/s,5.093227942430,7.519132005538
experiment-matrix-20260816-a,Dyadic layout / construct (little-endian-bytes),4096,14,1155,141993927.000000,122938.464935064942,33317481.246926847845,entries/s,5.089687786023,7.522672161945
experiment-matrix-20260816-a,Dyadic layout / construct (little-endian-bytes),4096,15,1232,149324266.000000,121204.761363636368,33794051.932590782642,entries/s,5.083519680831,7.528840267136
experiment-matrix-20260816-a,Dyadic layout / construct (little-endian-bytes),4096,16,1309,157726917.000000,120494.207028265853,33993335.455862618983,entries/s,5.080966167939,7.531393780029
experiment-matrix-20260816-a,Dyadic layout / construct (little-endian-bytes),4096,17,1386,169955990.000000,122623.369408369414,33403094.530531108379,entries/s,5.088573245369,7.523786702598
experiment-matrix-20260816-a,Dyadic layout / construct (little-endian-bytes),4096,18,1463,179794919.000000,122894.681476418322,33329351.203745640814,entries/s,5.089533088294,7.522826859674
experiment-matrix-20260816-a,Dyadic layout / construct (little-endian-bytes),4096,19,1540,186808413.000000,121304.164285714287,33766359.334148406982,entries/s,5.083875710143,7.528484237825
experiment-matrix-20260816-a,Dyadic layout / construct (little-endian-bytes),50000,0,7,11149857.000000,1592836.714285714319,31390537.116305615753,entries/s,6.202171257459,7.496798746877
experiment-matrix-20260816-a,Dyadic layout / construct (little-endian-bytes),50000,1,14,22160797.000000,1582914.071428571362,31587311.593531586230,entries/s,6.199457339804,7.499512664532
experiment-matrix-20260816-a,Dyadic layout / construct (little-endian-bytes),50000,2,21,33079288.000000,1575204.190476190532,31741916.573295045644,entries/s,6.197336858474,7.501633145862
experiment-matrix-20260816-a,Dyadic layout / construct (little-endian-bytes),50000,3,28,44634267.000000,1594080.964285714319,31366035.427444119006,entries/s,6.202510375686,7.496459628650
experiment-matrix-20260816-a,Dyadic layout / construct (little-endian-bytes),50000,4,35,56285554.000000,1608158.685714285821,31091459.098012961447,entries/s,6.206328900712,7.492641103624
experiment-matrix-20260816-a,Dyadic layout / construct (little-endian-bytes),50000,5,42,65754268.000000,1565577.809523809468,31937090.380201634020,entries/s,6.194674657010,7.504295347326
experiment-matrix-20260816-a,Dyadic layout / construct (little-endian-bytes),50000,6,49,76911657.000000,1569625.653061224381,31854729.121230609715,entries/s,6.195796087954,7.503173916382
experiment-matrix-20260816-a,Dyadic layout / construct (little-endian-bytes),50000,7,56,89252278.000000,1593790.678571428638,31371748.293079979718,entries/s,6.202431282486,7.496538721850
experiment-matrix-20260816-a,Dyadic layout / construct (little-endian-bytes),50000,8,63,98235642.000000,1559295.904761904851,32065754.708459071815,entries/s,6.192928538288,7.506041466048
experiment-matrix-20260816-a,Dyadic layout / construct (little-endian-bytes),50000,9,70,109305954.000000,1561513.628571428591,32020213.647282194346,entries/s,6.193545779016,7.505424225320
experiment-matrix-20260816-a,Dyadic layout / construct (little-endian-bytes),50000,10,77,119547207.000000,1552561.129870129982,32204851.092840667814,entries/s,6.191048708908,7.507921295428
experiment-matrix-20260816-a,Dyadic layout / construct (little-endian-bytes),50000,11,84,136471019.000000,1624654.988095238106,30775764.926324758679,entries/s,6.210761148284,7.488208856052
experiment-matrix-20260816-a,Dyadic layout / construct (little-endian-bytes),50000,12,91,141783979.000000,1558065.703296703286,32091072.856687143445,entries/s,6.192585767828,7.506384236508
experiment-matrix-20260816-a,Dyadic layout / construct (little-endian-bytes),50000,13,98,152052431.000000,1551555.418367346982,32225726.137847803533,entries/s,6.190767292303,7.508202712033
experiment-matrix-20260816-a,Dyadic layout / construct (little-endian-bytes),50000,14,105,164773657.000000,1569272.923809523694,31861889.185356859118,entries/s,6.195698481507,7.503271522829
experiment-matrix-20260816-a,Dyadic layout / construct (little-endian-bytes),50000,15,112,177696505.000000,1586575.937500000000,31514407.106656376272,entries/s,6.200460863356,7.498509140980
experiment-matrix-20260816-a,Dyadic layout / construct (little-endian-bytes),50000,16,119,187014171.000000,1571547.655462184921,31815770.795251660049,entries/s,6.196327555058,7.502642449278
experiment-matrix-20260816-a,Dyadic layout / construct (little-endian-bytes),50000,17,126,197455858.000000,1567109.984126984142,31905865.259262148291,entries/s,6.195099477530,7.503870526806
experiment-matrix-20260816-a,Dyadic layout / construct (little-endian-bytes),50000,18,133,207004692.000000,1556426.255639097653,32124875.700885079801,entries/s,6.192128548387,7.506841455949
experiment-matrix-20260816-a,Dyadic layout / construct (little-endian-bytes),50000,19,140,216749128.000000,1548208.057142857229,32295400.976192161441,entries/s,6.189829323270,7.509140681066
experiment-matrix-20260816-a,Dyadic layout / construct (little-endian-bytes),64,0,9480,9634804.000000,1016.329535864979,62971701.344417594373,entries/s,3.007034546927,7.799145427056
experiment-matrix-20260816-a,Dyadic layout / construct (little-endian-bytes),64,1,18960,19327574.000000,1019.386814345992,62782840.722793251276,entries/s,3.008339011739,7.797840962245
experiment-matrix-20260816-a,Dyadic layout / construct (little-endian-bytes),64,2,28440,29162921.000000,1025.419163150492,62413501.034412838519,entries/s,3.010901429325,7.795278544659
experiment-matrix-20260816-a,Dyadic layout / construct (little-endian-bytes),64,3,37920,38717160.000000,1021.022151898734,62682283.514596633613,entries/s,3.009035164558,7.797144809426
experiment-matrix-20260816-a,Dyadic layout / construct (little-endian-bytes),64,4,47400,62304416.000000,1314.439156118144,48689967.658151231706,entries/s,3.118740487914,7.687439486070
experiment-matrix-20260816-a,Dyadic layout / construct (little-endian-bytes),64,5,56880,57518716.000000,1011.229184247539,63289312.647382460535,entries/s,3.004849594932,7.801330379052
experiment-matrix-20260816-a,Dyadic layout / construct (little-endian-bytes),64,6,66360,65755786.000000,990.894906570223,64588080.507470473647,entries/s,2.996027596042,7.810152377941
experiment-matrix-20260816-a,Dyadic layout / construct (little-endian-bytes),64,7,75840,78010019.000000,1028.613119725738,62219700.266961857677,entries/s,3.012252059347,7.793927914636
experiment-matrix-20260816-a,Dyadic layout / construct (little-endian-bytes),64,8,85320,86048174.000000,1008.534622597281,63458406.450321651995,entries/s,3.003690811964,7.802489162020
experiment-matrix-20260816-a,Dyadic layout / construct (little-endian-bytes),64,9,94800,97421070.000000,1027.648417721519,62278108.832103766501,entries/s,3.011844557889,7.794335416095
experiment-matrix-20260816-a,Dyadic layout / construct (little-endian-bytes),64,10,104280,108462973.000000,1040.112897967012,61531781.910495854914,entries/s,3.017080481898,7.789099492086
experiment-matrix-20260816-a,Dyadic layout / construct (little-endian-bytes),64,11,113760,116355505.000000,1022.815620604782,62572372.488950997591,entries/s,3.009797352020,7.796382621964
experiment-matrix-20260816-a,Dyadic layout / construct (little-endian-bytes),64,12,123240,121406577.000000,985.123149951315,64966496.831551387906,entries/s,2.993490524915,7.812689449069
experiment-matrix-20260816-a,Dyadic layout / construct (little-endian-bytes),64,13,132720,132385628.000000,997.480620855937,64161647.516602024436,entries/s,2.998904466928,7.807275507056
experiment-matrix-20260816-a,Dyadic layout / construct (little-endian-bytes),64,14,142200,139217792.000000,979.028073136428,65370954.884846903384,entries/s,2.990795145157,7.815384828827
experiment-matrix-20260816-a,Dyadic layout / construct (little-endian-bytes),64,15,151680,149711068.000000,987.019171940928,64841698.945063970983,entries/s,2.994325588523,7.811854385461
experiment-matrix-20260816-a,Dyadic layout / construct (little-endian-bytes),64,16,161160,159660366.000000,990.694750558451,64601129.625369891524,entries/s,2.995939861782,7.810240112202
experiment-matrix-20260816-a,Dyadic layout / construct (little-endian-bytes),64,17,170640,173187566.000000,1014.929477262072,63058568.534879691899,entries/s,3.006435866190,7.799744107794
experiment-matrix-20260816-a,Dyadic layout / construct (little-endian-bytes),64,18,180120,183035271.000000,1016.185159893404,62980648.139669209719,entries/s,3.006972848296,7.799207125688
experiment-matrix-20260816-a,Dyadic layout / construct (little-endian-bytes),64,19,189600,187812561.000000,990.572579113924,64609097.151920527220,entries/s,2.995886301736,7.810293672248
experiment-matrix-20260816-a,Dyadic layout / construct (little-endian-bytes),8,0,56246,10370070.000000,184.369910749209,43391028.218710191548,entries/s,2.265690045449,7.637399941542
experiment-matrix-20260816-a,Dyadic layout / construct (little-endian-bytes),8,1,112492,17874631.000000,158.896908224585,50347109.263402417302,entries/s,2.201115446899,7.701974540093
experiment-matrix-20260816-a,Dyadic layout / construct (little-endian-bytes),8,2,168738,27392500.000000,162.337469923787,49280058.410148762167,entries/s,2.210418773079,7.692671213913
experiment-matrix-20260816-a,Dyadic layout / construct (little-endian-bytes),8,3,224984,36104054.000000,160.473873697685,49852351.760829955339,entries/s,2.205404336227,7.697685650765
experiment-matrix-20260816-a,Dyadic layout / construct (little-endian-bytes),8,4,281230,47594025.000000,169.235234505565,47271479.980942986906,entries/s,2.228490787534,7.674599199457
experiment-matrix-20260816-a,Dyadic layout / construct (little-endian-bytes),8,5,337476,55889803.000000,165.611193092250,48305913.692342057824,entries/s,2.219089685915,7.684000301077
experiment-matrix-20260816-a,Dyadic layout / construct (little-endian-bytes),8,6,393722,66536128.000000,168.992659795490,47339334.203517220914,entries/s,2.227867841421,7.675222145571
experiment-matrix-20260816-a,Dyadic layout / construct (little-endian-bytes),8,7,449968,72716694.000000,161.604145183657,49503680.681632749736,entries/s,2.208452496335,7.694637490657
experiment-matrix-20260816-a,Dyadic layout / construct (little-endian-bytes),8,8,506214,89164844.000000,176.140612468245,45418259.241276755929,entries/s,2.245859502119,7.657230484873
experiment-matrix-20260816-a,Dyadic layout / construct (little-endian-bytes),8,9,562460,93530666.000000,166.288564520144,48109141.016915239394,entries/s,2.220862384297,7.682227602695
experiment-matrix-20260816-a,Dyadic layout / construct (little-endian-bytes),8,10,618706,97776571.000000,158.033978981940,50622024.779330827296,entries/s,2.198750474915,7.704339512077
experiment-matrix-20260816-a,Dyadic layout / construct (little-endian-bytes),8,11,674952,105935310.000000,156.952361056786,50970880.247577510774,entries/s,2.195767853239,7.707322133753
experiment-matrix-20260816-a,Dyadic layout / construct (little-endian-bytes),8,12,731198,115765970.000000,158.323696180788,50529391.322855934501,entries/s,2.199545920234,7.703544066758
experiment-matrix-20260816-a,Dyadic layout / construct (little-endian-bytes),8,13,787444,127862406.000000,162.376506773815,49268211.017396308482,entries/s,2.210523194138,7.692566792854
experiment-matrix-20260816-a,Dyadic layout / construct (little-endian-bytes),8,14,843690,134929254.000000,159.927525512925,50022658.540749065578,entries/s,2.203923217652,7.699166769340
experiment-matrix-20260816-a,Dyadic layout / construct (little-endian-bytes),8,15,899936,146535822.000000,162.829158962415,49131249.285925455391,entries/s,2.211732179684,7.691357807308
experiment-matrix-20260816-a,Dyadic layout / construct (little-endian-bytes),8,16,956182,153142458.000000,160.160364867776,49949936.156829871237,entries/s,2.204555049520,7.698534937472
experiment-matrix-20260816-a,Dyadic layout / construct (little-endian-bytes),8,17,1012428,164755153.000000,162.732710869316,49160368.295127011836,entries/s,2.211474859158,7.691615127834
experiment-matrix-20260816-a,Dyadic layout / construct (little-endian-bytes),8,18,1068674,175259904.000000,163.997537134804,48781220.375425972044,entries/s,2.214837325994,7.688252660998
experiment-matrix-20260816-a,Dyadic layout / construct (little-endian-bytes),8,19,1124920,180140013.000000,160.135843437756,49957584.937001198530,entries/s,2.204488551563,7.698601435429
experiment-matrix-20260816-a,Dyadic layout / construct (native-biguint),16,0,41001,16300640.000000,397.566888612473,40244800.204163759947,entries/s,2.599410206984,7.604709775672
experiment-matrix-20260816-a,Dyadic layout / construct (native-biguint),16,1,82002,32622287.000000,397.823065291090,40218884.715225510299,entries/s,2.599689959377,7.604430023279
experiment-matrix-20260816-a,Dyadic layout / construct (native-biguint),16,2,123003,31533931.000000,256.367169906425,62410487.293829627335,entries/s,2.408862409141,7.795257573515
experiment-matrix-20260816-a,Dyadic layout / construct (native-biguint),16,3,164004,37910813.000000,231.157855905954,69216769.368675902486,entries/s,2.363908657535,7.840211325121
experiment-matrix-20260816-a,Dyadic layout / construct (native-biguint),16,4,205005,61477026.000000,299.880617545914,53354565.329819299281,entries/s,2.476948396520,7.727171586136
experiment-matrix-20260816-a,Dyadic layout / construct (native-biguint),16,5,246006,61125918.000000,248.473281139484,64393241.505182787776,entries/s,2.395279694971,7.808840287685
experiment-matrix-20260816-a,Dyadic layout / construct (native-biguint),16,6,287007,68616141.000000,239.074799569348,66924661.356283508241,entries/s,2.378533800353,7.825586182302
experiment-matrix-20260816-a,Dyadic layout / construct (native-biguint),16,7,328008,80697072.000000,246.021658008341,65034924.687230288982,entries/s,2.390973341004,7.813146641652
experiment-matrix-20260816-a,Dyadic layout / construct (native-biguint),16,8,369009,85665267.000000,232.149532938221,68921094.940379977226,entries/s,2.365767814246,7.838352168410
experiment-matrix-20260816-a,Dyadic layout / construct (native-biguint),16,9,410010,96747600.000000,235.964000878027,67806953.350780785084,entries/s,2.372845751222,7.831274231434
experiment-matrix-20260816-a,Dyadic layout / construct (native-biguint),16,10,451011,102960660.000000,228.288578327358,70086730.213267862797,entries/s,2.358484183529,7.845635799127
experiment-matrix-20260816-a,Dyadic layout / construct (native-biguint),16,11,492012,108866640.000000,221.268261749713,72310415.752704411745,entries/s,2.344919124115,7.859200858541
experiment-matrix-20260816-a,Dyadic layout / construct (native-biguint),16,12,533013,118896512.000000,223.064938378614,71727991.482205972075,entries/s,2.348431312707,7.855688669949
experiment-matrix-20260816-a,Dyadic layout / construct (native-biguint),16,13,574014,127771570.000000,222.593124906361,71880027.771436169744,entries/s,2.347511746426,7.856608236230
experiment-matrix-20260816-a,Dyadic layout / construct (native-biguint),16,14,615015,137972289.000000,224.339713665520,71320408.404618114233,entries/s,2.350906161229,7.853213821427
experiment-matrix-20260816-a,Dyadic layout / construct (native-biguint),16,15,656016,156411649.000000,238.426576485939,67106613.011924706399,entries/s,2.377354662888,7.826765319768
experiment-matrix-20260816-a,Dyadic layout / construct (native-biguint),16,16,697017,157797958.000000,226.390400808015,70674374.632908746600,entries/s,2.354858008362,7.849261974294
experiment-matrix-20260816-a,Dyadic layout / construct (native-biguint),16,17,738018,170001892.000000,230.349248934308,69459744.600960090756,entries/s,2.362386800551,7.841733182105
experiment-matrix-20260816-a,Dyadic layout / construct (native-biguint),16,18,779019,172007463.000000,220.800087032537,72463739.552975088358,entries/s,2.343999240243,7.860120742413
experiment-matrix-20260816-a,Dyadic layout / construct (native-biguint),16,19,820020,180858033.000000,220.553197482988,72544856.218800082803,entries/s,2.343513358370,7.860606624286
experiment-matrix-20260816-a,Dyadic layout / construct (native-biguint),200000,0,2,12270064.000000,6135032.000000000000,32599666.961802318692,entries/s,6.787816832326,7.513213163338
experiment-matrix-20260816-a,Dyadic layout / construct (native-biguint),200000,1,4,24527494.000000,6131873.500000000000,32616458.901182483882,entries/s,6.787593186819,7.513436808845
experiment-matrix-20260816-a,Dyadic layout / construct (native-biguint),200000,2,6,41008365.000000,6834727.500000000000,29262322.455430738628,entries/s,6.834721203965,7.466308791699
experiment-matrix-20260816-a,Dyadic layout / construct (native-biguint),200000,3,8,57118296.000000,7139787.000000000000,28012040.135090865195,entries/s,6.853685255739,7.447344739925
experiment-matrix-20260816-a,Dyadic layout / construct (native-biguint),200000,4,10,63541411.000000,6354141.099999999627,31475536.481240559369,entries/s,6.803056854538,7.497973141126
experiment-matrix-20260816-a,Dyadic layout / construct (native-biguint),200000,5,12,73856116.000000,6154676.333333333023,32495616.205975413322,entries/s,6.789205218869,7.511824776795
experiment-matrix-20260816-a,Dyadic layout / construct (native-biguint),200000,6,14,84939227.000000,6067087.642857142724,32964745.487971063703,entries/s,6.782980268643,7.518049727021
experiment-matrix-20260816-a,Dyadic layout / construct (native-biguint),200000,7,16,97679571.000000,6104973.187500000000,32760176.639186918736,entries/s,6.785683760902,7.515346234762
experiment-matrix-20260816-a,Dyadic layout / construct (native-biguint),200000,8,18,108657365.000000,6036520.277777777985,33131670.365832999349,entries/s,6.780786663845,7.520243331818
experiment-matrix-20260816-a,Dyadic layout / construct (native-biguint),200000,9,20,119818914.000000,5990945.700000000186,33383711.022451762110,entries/s,6.777495383303,7.523534612361
experiment-matrix-20260816-a,Dyadic layout / construct (native-biguint),200000,10,22,133544962.000000,6070225.545454545878,32947704.908553566784,entries/s,6.783204828032,7.517825167632
experiment-matrix-20260816-a,Dyadic layout / construct (native-biguint),200000,11,24,145104540.000000,6046022.500000000000,33079599.025640409440,entries/s,6.781469759052,7.519560236612
experiment-matrix-20260816-a,Dyadic layout / construct (native-biguint),200000,12,26,156289823.000000,6011147.038461538032,33271520.180811773986,entries/s,6.778957351361,7.522072644303
experiment-matrix-20260816-a,Dyadic layout / construct (native-biguint),200000,13,28,168993017.000000,6035464.892857142724,33137463.898878142238,entries/s,6.780710728058,7.520319267606
experiment-matrix-20260816-a,Dyadic layout / construct (native-biguint),200000,14,30,181233119.000000,6041103.966666666791,33106531.704064529389,entries/s,6.781116309949,7.519913685715
experiment-matrix-20260816-a,Dyadic layout / construct (native-biguint),200000,15,32,194326899.000000,6072715.593750000000,32934195.075072959065,entries/s,6.783382942088,7.517647053576
experiment-matrix-20260816-a,Dyadic layout / construct (native-biguint),200000,16,34,207601652.000000,6105930.941176470369,32755037.999408598989,entries/s,6.785751888067,7.515278107597
experiment-matrix-20260816-a,Dyadic layout / construct (native-biguint),200000,17,36,218423710.000000,6067325.277777777985,32963454.379563461989,entries/s,6.782997278702,7.518032716962
experiment-matrix-20260816-a,Dyadic layout / construct (native-biguint),200000,18,38,229824667.000000,6048017.552631579340,33068687.096150562167,entries/s,6.781613042910,7.519416952754
experiment-matrix-20260816-a,Dyadic layout / construct (native-biguint),200000,19,40,240514877.000000,6012871.924999999814,33261975.723855119199,entries/s,6.779081953412,7.521948042252
experiment-matrix-20260816-a,Dyadic layout / construct (native-biguint),256,0,2496,8959866.000000,3589.689903846154,71315352.260848551989,entries/s,3.555056933574,7.853183031738
experiment-matrix-20260816-a,Dyadic layout / construct (native-biguint),256,1,4992,18281761.000000,3662.211738782051,69903112.725300371647,entries/s,3.563743450377,7.844496514935
experiment-matrix-20260816-a,Dyadic layout / construct (native-biguint),256,2,7488,28449788.000000,3799.384081196581,67379342.158894121647,entries/s,3.579713198770,7.828526766542
experiment-matrix-20260816-a,Dyadic layout / construct (native-biguint),256,3,9984,37853833.000000,3791.449619391026,67520348.599836632609,entries/s,3.578805289476,7.829434675836
experiment-matrix-20260816-a,Dyadic layout / construct (native-biguint),256,4,12480,47200000.000000,3782.051282051282,67688135.593220338225,entries/s,3.577727413288,7.830512552024
experiment-matrix-20260816-a,Dyadic layout / construct (native-biguint),256,5,14976,55925547.000000,3734.344751602564,68552856.532632574439,entries/s,3.572214409169,7.836025556142
experiment-matrix-20260816-a,Dyadic layout / construct (native-biguint),256,6,17472,66601212.000000,3811.882554945055,67158417.477447703481,entries/s,3.581139511451,7.827100453861
experiment-matrix-20260816-a,Dyadic layout / construct (native-biguint),256,7,19968,76480497.000000,3830.153094951923,66838059.381334826350,entries/s,3.583216133489,7.825023831823
experiment-matrix-20260816-a,Dyadic layout / construct (native-biguint),256,8,22464,86835935.000000,3865.559784544159,66225854.538216240704,entries/s,3.587212394434,7.821027570878
experiment-matrix-20260816-a,Dyadic layout / construct (native-biguint),256,9,24960,105279748.000000,4217.938621794872,60693154.394708462059,entries/s,3.625100255724,7.783139709588
experiment-matrix-20260816-a,Dyadic layout / construct (native-biguint),256,10,27456,99473092.000000,3623.000145687646,70659671.461705446243,entries/s,3.559068351498,7.849171613814
experiment-matrix-20260816-a,Dyadic layout / construct (native-biguint),256,11,29952,106592063.000000,3558.762787126068,71935112.091788679361,entries/s,3.551299040638,7.856940924674
experiment-matrix-20260816-a,Dyadic layout / construct (native-biguint),256,12,32448,123375626.000000,3802.256718441814,67328436.493606939912,entries/s,3.580041435948,7.828198529363
experiment-matrix-20260816-a,Dyadic layout / construct (native-biguint),256,13,34944,132122461.000000,3780.977020375458,67707367.334006890655,entries/s,3.577604037861,7.830635927451
experiment-matrix-20260816-a,Dyadic layout / construct (native-biguint),256,14,37440,144577195.000000,3861.570379273504,66294272.758577175438,entries/s,3.586763954506,7.821476010806
experiment-matrix-20260816-a,Dyadic layout / construct (native-biguint),256,15,39936,149102839.000000,3733.544646434295,68567547.530064135790,entries/s,3.572121349071,7.836118616241
experiment-matrix-20260816-a,Dyadic layout / construct (native-biguint),256,16,42432,159520960.000000,3759.449472096531,68095076.659518599510,entries/s,3.575124252179,7.833115713133
experiment-matrix-20260816-a,Dyadic layout / construct (native-biguint),256,17,44928,170846799.000000,3802.679821047009,67320945.240536808968,entries/s,3.580089760119,7.828150205192
experiment-matrix-20260816-a,Dyadic layout / construct (native-biguint),256,18,47424,173105028.000000,3650.156629554656,70133976.697661265731,entries/s,3.562311500591,7.845928464721
experiment-matrix-20260816-a,Dyadic layout / construct (native-biguint),256,19,49920,181753014.000000,3640.885697115385,70312561.639280438423,entries/s,3.561207044797,7.847032920514
experiment-matrix-20260816-a,Dyadic layout / construct (native-biguint),4096,0,75,11232043.000000,149760.573333333334,27350322.643885888159,entries/s,5.175397494021,7.436962453947
experiment-matrix-20260816-a,Dyadic layout / construct (native-biguint),4096,1,150,18480964.000000,123206.426666666666,33245019.036885738373,entries/s,5.090633361993,7.521726585975
experiment-matrix-20260816-a,Dyadic layout / construct (native-biguint),4096,2,225,27546392.000000,122428.408888888895,33456287.124644126743,entries/s,5.087882205327,7.524477742641
experiment-matrix-20260816-a,Dyadic layout / construct (native-biguint),4096,3,300,38491633.000000,128305.443333333329,31923820.950906395912,entries/s,5.108245081624,7.504114866344
experiment-matrix-20260816-a,Dyadic layout / construct (native-biguint),4096,4,375,45123257.000000,120328.685333333327,34040095.997503019869,entries/s,5.080369171787,7.531990776181
experiment-matrix-20260816-a,Dyadic layout / construct (native-biguint),4096,5,450,54040962.000000,120091.026666666672,34107460.929359473288,entries/s,5.079510557655,7.532849390313
experiment-matrix-20260816-a,Dyadic layout / construct (native-biguint),4096,6,525,63850540.000000,121620.076190476189,33678650.172731503844,entries/s,5.085005271146,7.527354676822
experiment-matrix-20260816-a,Dyadic layout / construct (native-biguint),4096,7,600,72047084.000000,120078.473333333328,34111026.616982862353,entries/s,5.079465157690,7.532894790278
experiment-matrix-20260816-a,Dyadic layout / construct (native-biguint),4096,8,675,80622918.000000,119441.360000000001,34292978.579614296556,entries/s,5.077154739770,7.535205208198
experiment-matrix-20260816-a,Dyadic layout / construct (native-biguint),4096,9,750,93006169.000000,124008.225333333336,33030067.070067148656,entries/s,5.093450492407,7.518909455560
experiment-matrix-20260816-a,Dyadic layout / construct (native-biguint),4096,10,825,108657221.000000,131705.722424242413,31099635.798710517585,entries/s,5.119604644842,7.492755303125
experiment-matrix-20260816-a,Dyadic layout / construct (native-biguint),4096,11,900,105995769.000000,117773.076666666660,34778746.687521085143,entries/s,5.071046020574,7.541313927394
experiment-matrix-20260816-a,Dyadic layout / construct (native-biguint),4096,12,975,115493583.000000,118454.956923076927,34578544.506667524576,entries/s,5.073553239135,7.538806708833
experiment-matrix-20260816-a,Dyadic layout / construct (native-biguint),4096,13,1050,125103076.000000,119145.786666666667,34378051.583639718592,entries/s,5.076078689068,7.536281258900
experiment-matrix-20260816-a,Dyadic layout / construct (native-biguint),4096,14,1125,132973378.000000,118198.558222222229,34653552.984116867185,entries/s,5.072612179084,7.539747768884
experiment-matrix-20260816-a,Dyadic layout / construct (native-biguint),4096,15,1200,139619286.000000,116349.404999999999,35204305.514067731798,entries/s,5.065764166687,7.546595781281
experiment-matrix-20260816-a,Dyadic layout / construct (native-biguint),4096,16,1275,150032094.000000,117672.230588235296,34808552.362136594951,entries/s,5.070673985994,7.541685961974
experiment-matrix-20260816-a,Dyadic layout / construct (native-biguint),4096,17,1350,160038454.000000,118547.002962962957,34551695.931778997183,entries/s,5.073890578870,7.538469369098
experiment-matrix-20260816-a,Dyadic layout / construct (native-biguint),4096,18,1425,168795041.000000,118452.660350877195,34579214.918997533619,entries/s,5.073544819071,7.538815128897
experiment-matrix-20260816-a,Dyadic layout / construct (native-biguint),4096,19,1500,180096754.000000,120064.502666666667,34114995.764998629689,entries/s,5.079414626265,7.532945321703
experiment-matrix-20260816-a,Dyadic layout / construct (native-biguint),50000,0,7,11112754.000000,1587536.285714285681,31495343.098569445312,entries/s,6.200723660582,7.498246343754
experiment-matrix-20260816-a,Dyadic layout / construct (native-biguint),50000,1,14,21701505.000000,1550107.500000000000,32255827.418420981616,entries/s,6.190361817550,7.508608186786
experiment-matrix-20260816-a,Dyadic layout / construct (native-biguint),50000,2,21,32270014.000000,1536667.333333333256,32537946.838200937957,entries/s,6.186579859084,7.512390145252
experiment-matrix-20260816-a,Dyadic layout / construct (native-biguint),50000,3,28,43748810.000000,1562457.500000000000,32000870.423675522208,entries/s,6.193808213046,7.505161791290
experiment-matrix-20260816-a,Dyadic layout / construct (native-biguint),50000,4,35,55471914.000000,1584911.828571428545,31547496.269914176315,entries/s,6.200005106661,7.498964897675
experiment-matrix-20260816-a,Dyadic layout / construct (native-biguint),50000,5,42,66549139.000000,1584503.309523809468,31555629.893273301423,entries/s,6.199893150630,7.499076853706
experiment-matrix-20260816-a,Dyadic layout / construct (native-biguint),50000,6,49,74666691.000000,1523810.020408163313,32812489.306644108146,entries/s,6.182930825119,7.516039179217
experiment-matrix-20260816-a,Dyadic layout / construct (native-biguint),50000,7,56,86663906.000000,1547569.750000000000,32308721.464735273272,entries/s,6.189650232075,7.509319772261
experiment-matrix-20260816-a,Dyadic layout / construct (native-biguint),50000,8,63,95852220.000000,1521463.809523809468,32863088.617039855570,entries/s,6.182261626421,7.516708377915
experiment-matrix-20260816-a,Dyadic layout / construct (native-biguint),50000,9,70,104546127.000000,1493516.100000000093,33478045.532954078168,entries/s,6.174209908630,7.524760095706
experiment-matrix-20260816-a,Dyadic layout / construct (native-biguint),50000,10,77,118036267.000000,1532938.532467532437,32617093.863193757832,entries/s,6.185524740930,7.513445263406
experiment-matrix-20260816-a,Dyadic layout / construct (native-biguint),50000,11,84,126071801.000000,1500854.773809523787,33314349.177894271910,entries/s,6.176338670934,7.522631333402
experiment-matrix-20260816-a,Dyadic layout / construct (native-biguint),50000,12,91,138639298.000000,1523508.769230769249,32818977.487898126245,entries/s,6.182844958340,7.516125045996
experiment-matrix-20260816-a,Dyadic layout / construct (native-biguint),50000,13,98,148989744.000000,1520303.510204081656,32888169.805835761130,entries/s,6.181930298240,7.517039706096
experiment-matrix-20260816-a,Dyadic layout / construct (native-biguint),50000,14,105,160001599.000000,1523824.752380952472,32812172.083355240524,entries/s,6.182935023795,7.516034980541
experiment-matrix-20260816-a,Dyadic layout / construct (native-biguint),50000,15,112,173936888.000000,1553007.928571428638,32195585.792014397681,entries/s,6.191173672938,7.507796331398
experiment-matrix-20260816-a,Dyadic layout / construct (native-biguint),50000,16,119,177048697.000000,1487804.176470588194,33606573.224314667284,entries/s,6.172545773498,7.526424230838
experiment-matrix-20260816-a,Dyadic layout / construct (native-biguint),50000,17,126,189053659.000000,1500425.865079364972,33323872.350971002132,entries/s,6.176214542125,7.522755462211
experiment-matrix-20260816-a,Dyadic layout / construct (native-biguint),50000,18,133,202707889.000000,1524119.466165413614,32805827.305517446250,entries/s,6.183019009958,7.515950994378
experiment-matrix-20260816-a,Dyadic layout / construct (native-biguint),50000,19,140,211916931.000000,1513692.364285714226,33031810.941052183509,entries/s,6.180037620165,7.518932384171
experiment-matrix-20260816-a,Dyadic layout / construct (native-biguint),64,0,9433,8639036.000000,915.831230785540,69881871.079134285450,entries/s,2.961815449332,7.844364524652
experiment-matrix-20260816-a,Dyadic layout / construct (native-biguint),64,1,18866,17267882.000000,915.291105692781,69923109.273042291403,entries/s,2.961559242142,7.844620731842
experiment-matrix-20260816-a,Dyadic layout / construct (native-biguint),64,2,28299,26678891.000000,942.750309198205,67886479.988992050290,entries/s,2.974396683515,7.831783290469
experiment-matrix-20260816-a,Dyadic layout / construct (native-biguint),64,3,37732,35578043.000000,942.914316760310,67874672.027351245284,entries/s,2.974472229907,7.831707744077
experiment-matrix-20260816-a,Dyadic layout / construct (native-biguint),64,4,47165,51287043.000000,1087.396226015054,58856191.026649750769,entries/s,3.036387821379,7.769792152605
experiment-matrix-20260816-a,Dyadic layout / construct (native-biguint),64,5,56598,55393136.000000,978.711897946924,65392073.126172162592,entries/s,2.990654867956,7.815525106027
experiment-matrix-20260816-a,Dyadic layout / construct (native-biguint),64,6,66031,64594001.000000,978.237509654556,65423784.478066310287,entries/s,2.990444311443,7.815735662540
experiment-matrix-20260816-a,Dyadic layout / construct (native-biguint),64,7,75464,72490167.000000,960.592693204707,66625532.811919167638,entries/s,2.982539278833,7.823640695151
experiment-matrix-20260816-a,Dyadic layout / construct (native-biguint),64,8,84897,79548615.000000,937.001484151383,68302986.796187460423,entries/s,2.971740278783,7.834439695200
experiment-matrix-20260816-a,Dyadic layout / construct (native-biguint),64,9,94330,92040746.000000,975.731432206085,65591819.518716193736,entries/s,2.989330295575,7.816849678409
experiment-matrix-20260816-a,Dyadic layout / construct (native-biguint),64,10,103763,113540667.000000,1094.230766265432,58488576.608414672315,entries/s,3.039108921583,7.767071052401
experiment-matrix-20260816-a,Dyadic layout / construct (native-biguint),64,11,113196,111712583.000000,986.895146471607,64849847.756183385849,entries/s,2.994271013128,7.811908960856
experiment-matrix-20260816-a,Dyadic layout / construct (native-biguint),64,12,122629,117169175.000000,955.476885565405,66982258.772411771119,entries/s,2.980220185276,7.825959788708
experiment-matrix-20260816-a,Dyadic layout / construct (native-biguint),64,13,132062,126393286.000000,957.075358543714,66870387.403330907226,entries/s,2.980946134758,7.825233839226
experiment-matrix-20260816-a,Dyadic layout / construct (native-biguint),64,14,141495,133929932.000000,946.534732676066,67615057.103142559528,entries/s,2.976136554837,7.830043419147
experiment-matrix-20260816-a,Dyadic layout / construct (native-biguint),64,15,150928,146790003.000000,972.582973338280,65804154.251567117870,entries/s,2.987926662261,7.818253311723
experiment-matrix-20260816-a,Dyadic layout / construct (native-biguint),64,16,160361,153511811.000000,957.288935589077,66855468.208892412484,entries/s,2.981043039337,7.825136934647
experiment-matrix-20260816-a,Dyadic layout / construct (native-biguint),64,17,169794,159386461.000000,938.704907122749,68179040.627547398210,entries/s,2.972529088166,7.833650885818
experiment-matrix-20260816-a,Dyadic layout / construct (native-biguint),64,18,179227,169207887.000000,944.098193910516,67789558.769207954407,entries/s,2.975017166815,7.831162807169
experiment-matrix-20260816-a,Dyadic layout / construct (native-biguint),64,19,188660,186028228.000000,986.050185518923,64905418.547555051744,entries/s,2.993899019139,7.812280954845
experiment-matrix-20260816-a,Dyadic layout / construct (native-biguint),8,0,67339,8501058.000000,126.242712246989,63369994.652430318296,entries/s,2.101206316515,7.801883670477
experiment-matrix-20260816-a,Dyadic layout / construct (native-biguint),8,1,134678,17130869.000000,127.198718424687,62893715.432649679482,entries/s,2.104482735653,7.798607251339
experiment-matrix-20260816-a,Dyadic layout / construct (native-biguint),8,2,202017,25481541.000000,126.135627199691,63423793.717970199883,entries/s,2.100837771037,7.802252215955
experiment-matrix-20260816-a,Dyadic layout / construct (native-biguint),8,3,269356,33248182.000000,123.435832132939,64811002.297809846699,entries/s,2.091441249152,7.811648737840
experiment-matrix-20260816-a,Dyadic layout / construct (native-biguint),8,4,336695,42306822.000000,125.653252944059,63667273.330055378377,entries/s,2.099173736203,7.803916250789
experiment-matrix-20260816-a,Dyadic layout / construct (native-biguint),8,5,404034,49624258.000000,122.821985278467,65134918.490871943533,entries/s,2.089276112982,7.813813874010
experiment-matrix-20260816-a,Dyadic layout / construct (native-biguint),8,6,471373,61467105.000000,130.400139592213,61349627.577221997082,entries/s,2.115278056305,7.787811930687
experiment-matrix-20260816-a,Dyadic layout / construct (native-biguint),8,7,538712,69584626.000000,129.168509333373,61934600.323927879333,entries/s,2.111156647640,7.791933339352
experiment-matrix-20260816-a,Dyadic layout / construct (native-biguint),8,8,606051,88334226.000000,145.753783097462,54887083.065628491342,entries/s,2.163619835864,7.739470151128
experiment-matrix-20260816-a,Dyadic layout / construct (native-biguint),8,9,673390,84860613.000000,126.020007722122,63481983.096209779382,entries/s,2.100439501891,7.802650485101
experiment-matrix-20260816-a,Dyadic layout / construct (native-biguint),8,10,740729,91919146.000000,124.092813971101,64467874.842962533236,entries/s,2.093746632884,7.809343354108
experiment-matrix-20260816-a,Dyadic layout / construct (native-biguint),8,11,808068,100045530.000000,123.808305736646,64616020.325945600867,entries/s,2.092749780505,7.810340206487
experiment-matrix-20260816-a,Dyadic layout / construct (native-biguint),8,12,875407,106192164.000000,121.306048500869,65948896.191624835134,entries/s,2.083882455978,7.819207531014
experiment-matrix-20260816-a,Dyadic layout / construct (native-biguint),8,13,942746,120492448.000000,127.810086704160,62592868.890837043524,entries/s,2.106565129465,7.796524857527
experiment-matrix-20260816-a,Dyadic layout / construct (native-biguint),8,14,1010085,127469746.000000,126.197048763223,63392924.623855449259,entries/s,2.101049198642,7.802040788350
experiment-matrix-20260816-a,Dyadic layout / construct (native-biguint),8,15,1077424,131871793.000000,122.395447845973,65361907.985887467861,entries/s,2.087765265750,7.815324721242
experiment-matrix-20260816-a,Dyadic layout / construct (native-biguint),8,16,1144763,144343154.000000,126.089988932207,63446749.958089463413,entries/s,2.100680606604,7.802409380388
experiment-matrix-20260816-a,Dyadic layout / construct (native-biguint),8,17,1212102,148658038.000000,122.644825270481,65229005.645829930902,entries/s,2.088649228825,7.814440758167
experiment-matrix-20260816-a,Dyadic layout / construct (native-biguint),8,18,1279441,158426508.000000,123.824785980753,64607420.369323544204,entries/s,2.092807586019,7.810282400973
experiment-matrix-20260816-a,Dyadic layout / construct (native-biguint),8,19,1346780,167368502.000000,124.273082463357,64374358.802589990199,entries/s,2.094377070688,7.808712916303
experiment-matrix-20260816-a,Dyadic layout / multiply (big-endian-bytes),16,0,47886,9357984.000000,195.422127552938,81874044.666030630469,entries/s,2.290973737121,7.913146245535
experiment-matrix-20260816-a,Dyadic layout / multiply (big-endian-bytes),16,1,95772,18605965.000000,194.273535062440,82358103.973645001650,entries/s,2.288413642807,7.915706339849
experiment-matrix-20260816-a,Dyadic layout / multiply (big-endian-bytes),16,2,143658,27602869.000000,192.142929735901,83271344.004132330418,entries/s,2.283624408404,7.920495574252
experiment-matrix-20260816-a,Dyadic layout / multiply (big-endian-bytes),16,3,191544,37249437.000000,194.469349079063,82275176.400652721524,entries/s,2.288851160547,7.915268822109
experiment-matrix-20260816-a,Dyadic layout / multiply (big-endian-bytes),16,4,239430,47669528.000000,199.095886062732,80363287.842917174101,entries/s,2.299062286252,7.905057696404
experiment-matrix-20260816-a,Dyadic layout / multiply (big-endian-bytes),16,5,287316,55887871.000000,194.517085717468,82254985.164849102497,entries/s,2.288957754283,7.915162228372
experiment-matrix-20260816-a,Dyadic layout / multiply (big-endian-bytes),16,6,335202,64903529.000000,193.625124551763,82633904.236547753215,entries/s,2.286961710133,7.917158272523
experiment-matrix-20260816-a,Dyadic layout / multiply (big-endian-bytes),16,7,383088,77523827.000000,202.365584408804,79064827.385263115168,entries/s,2.306136655538,7.897983327118
experiment-matrix-20260816-a,Dyadic layout / multiply (big-endian-bytes),16,8,430974,83936073.000000,194.759017945398,82152806.934391617775,entries/s,2.289497575989,7.914622406667
experiment-matrix-20260816-a,Dyadic layout / multiply (big-endian-bytes),16,9,478860,92137272.000000,192.409622854279,83155924.130247741938,entries/s,2.284226788326,7.919893194330
experiment-matrix-20260816-a,Dyadic layout / multiply (big-endian-bytes),16,10,526746,102422937.000000,194.444641250242,82285631.000798195601,entries/s,2.288795978815,7.915324003841
experiment-matrix-20260816-a,Dyadic layout / multiply (big-endian-bytes),16,11,574632,110719422.000000,192.678830973562,83039739.857023462653,entries/s,2.284834002687,7.919285979969
experiment-matrix-20260816-a,Dyadic layout / multiply (big-endian-bytes),16,12,622518,119776155.000000,192.405930430927,83157519.958793133497,entries/s,2.284218453948,7.919901528708
experiment-matrix-20260816-a,Dyadic layout / multiply (big-endian-bytes),16,13,670404,129660549.000000,193.406586177887,82727275.819262489676,entries/s,2.286471259261,7.917648723395
experiment-matrix-20260816-a,Dyadic layout / multiply (big-endian-bytes),16,14,718290,138461617.000000,192.765619735761,83002352.919220924377,entries/s,2.285029578890,7.919090403766
experiment-matrix-20260816-a,Dyadic layout / multiply (big-endian-bytes),16,15,766176,147353919.000000,192.323851177797,83193009.613812848926,entries/s,2.284033146914,7.920086835742
experiment-matrix-20260816-a,Dyadic layout / multiply (big-endian-bytes),16,16,814062,173043352.000000,212.567779849692,75270109.192059561610,entries/s,2.327497436603,7.876622546053
experiment-matrix-20260816-a,Dyadic layout / multiply (big-endian-bytes),16,17,861948,166839842.000000,193.561377252456,82661118.799189463258,entries/s,2.286818703595,7.917301279061
experiment-matrix-20260816-a,Dyadic layout / multiply (big-endian-bytes),16,18,909834,174693599.000000,192.006013184823,83330723.525823056698,entries/s,2.283314830017,7.920805152639
experiment-matrix-20260816-a,Dyadic layout / multiply (big-endian-bytes),16,19,957720,185127502.000000,193.300235977112,82772790.830397516489,entries/s,2.286232384207,7.917887598449
experiment-matrix-20260816-a,Dyadic layout / multiply (big-endian-bytes),200000,0,6,113169637.000000,18861606.166666667908,10603550.844649257138,entries/s,7.275578672474,7.025451323190
experiment-matrix-20260816-a,Dyadic layout / multiply (big-endian-bytes),200000,1,6,113538315.000000,18923052.500000000000,10569119.332095073536,entries/s,7.276991194274,7.024038801390
experiment-matrix-20260816-a,Dyadic layout / multiply (big-endian-bytes),200000,2,6,115902437.000000,19317072.833333332092,10353535.534373622388,entries/s,7.285941317284,7.015088678380
experiment-matrix-20260816-a,Dyadic layout / multiply (big-endian-bytes),200000,3,6,111831130.000000,18638521.666666667908,10730464.764149302617,entries/s,7.270411462875,7.030618532789
experiment-matrix-20260816-a,Dyadic layout / multiply (big-endian-bytes),200000,4,6,110105378.000000,18350896.333333332092,10898650.200356245041,entries/s,7.263657281837,7.037372713827
experiment-matrix-20260816-a,Dyadic layout / multiply (big-endian-bytes),200000,5,6,110330476.000000,18388412.666666667908,10876414.600078403950,entries/s,7.264544241481,7.036485754183
experiment-matrix-20260816-a,Dyadic layout / multiply (big-endian-bytes),200000,6,6,109871935.000000,18311989.166666667908,10921806.373938893899,entries/s,7.262735522739,7.038294472925
experiment-matrix-20260816-a,Dyadic layout / multiply (big-endian-bytes),200000,7,6,110177977.000000,18362996.166666667908,10891468.809597039595,entries/s,7.263943543559,7.037086452105
experiment-matrix-20260816-a,Dyadic layout / multiply (big-endian-bytes),200000,8,6,112271452.000000,18711908.666666667908,10688380.515467101708,entries/s,7.272118089003,7.028911906661
experiment-matrix-20260816-a,Dyadic layout / multiply (big-endian-bytes),200000,9,6,112294936.000000,18715822.666666667908,10686145.277290152386,entries/s,7.272208921578,7.028821074086
experiment-matrix-20260816-a,Dyadic layout / multiply (big-endian-bytes),200000,10,6,110410486.000000,18401747.666666667908,10868532.903659168631,entries/s,7.264859071159,7.036170924505
experiment-matrix-20260816-a,Dyadic layout / multiply (big-endian-bytes),200000,11,6,115001176.000000,19166862.666666667908,10434675.902792505920,entries/s,7.282551031080,7.018478964584
experiment-matrix-20260816-a,Dyadic layout / multiply (big-endian-bytes),200000,12,6,111804815.000000,18634135.833333332092,10732990.345719905570,entries/s,7.270309256949,7.030720738715
experiment-matrix-20260816-a,Dyadic layout / multiply (big-endian-bytes),200000,13,6,110588108.000000,18431351.333333332092,10851076.320068700239,entries/s,7.265557177601,7.035472818063
experiment-matrix-20260816-a,Dyadic layout / multiply (big-endian-bytes),200000,14,6,111275219.000000,18545869.833333332092,10784072.238042507321,entries/s,7.268247207304,7.032782788360
experiment-matrix-20260816-a,Dyadic layout / multiply (big-endian-bytes),200000,15,6,109606978.000000,18267829.666666667908,10948208.060256892815,entries/s,7.261686953495,7.039343042169
experiment-matrix-20260816-a,Dyadic layout / multiply (big-endian-bytes),200000,16,6,109625415.000000,18270902.500000000000,10946366.770880639553,entries/s,7.261760000067,7.039269995597
experiment-matrix-20260816-a,Dyadic layout / multiply (big-endian-bytes),200000,17,6,110128990.000000,18354831.666666667908,10896313.495656320825,entries/s,7.263750405916,7.037279589748
experiment-matrix-20260816-a,Dyadic layout / multiply (big-endian-bytes),200000,18,6,110255142.000000,18375857.000000000000,10883846.124836517498,entries/s,7.264247602542,7.036782393122
experiment-matrix-20260816-a,Dyadic layout / multiply (big-endian-bytes),200000,19,6,111718200.000000,18619700.000000000000,10741311.621562108397,entries/s,7.269972679363,7.031057316301
experiment-matrix-20260816-a,Dyadic layout / multiply (big-endian-bytes),256,0,7297,9524120.000000,1305.210360422091,196136965.934910506010,entries/s,3.115680512447,8.292559452865
experiment-matrix-20260816-a,Dyadic layout / multiply (big-endian-bytes),256,1,14594,19213046.000000,1316.503083458956,194454538.858648449183,entries/s,3.119421880630,8.288818084682
experiment-matrix-20260816-a,Dyadic layout / multiply (big-endian-bytes),256,2,21891,28559426.000000,1304.619524005299,196225792.493168473244,entries/s,3.115483873577,8.292756091735
experiment-matrix-20260816-a,Dyadic layout / multiply (big-endian-bytes),256,3,29188,37700938.000000,1291.658832396875,198194750.486048936844,entries/s,3.111147818014,8.297092147298
experiment-matrix-20260816-a,Dyadic layout / multiply (big-endian-bytes),256,4,36485,49355490.000000,1352.761134712896,189242574.635567396879,entries/s,3.131221117341,8.277018847971
experiment-matrix-20260816-a,Dyadic layout / multiply (big-endian-bytes),256,5,43782,57829463.000000,1320.850189575625,193814561.273031353951,entries/s,3.120853562860,8.287386402451
experiment-matrix-20260816-a,Dyadic layout / multiply (big-endian-bytes),256,6,51079,67895125.000000,1329.217976076274,192594446.213921844959,entries/s,3.123596205958,8.284643759354
experiment-matrix-20260816-a,Dyadic layout / multiply (big-endian-bytes),256,7,58376,90845464.000000,1556.212553104015,164501950.256977051497,entries/s,3.192068914206,8.216171051106
experiment-matrix-20260816-a,Dyadic layout / multiply (big-endian-bytes),256,8,65673,85736753.000000,1305.509920363011,196091960.702080696821,entries/s,3.115780176306,8.292459789005
experiment-matrix-20260816-a,Dyadic layout / multiply (big-endian-bytes),256,9,72970,95184586.000000,1304.434507331780,196253624.510170161724,entries/s,3.115422279053,8.292817686259
experiment-matrix-20260816-a,Dyadic layout / multiply (big-endian-bytes),256,10,80267,102585509.000000,1278.053359412959,200304625.870696812868,entries/s,3.106548986228,8.301690979083
experiment-matrix-20260816-a,Dyadic layout / multiply (big-endian-bytes),256,11,87564,115361198.000000,1317.450070805354,194314764.310960084200,entries/s,3.119734165149,8.288505800163
experiment-matrix-20260816-a,Dyadic layout / multiply (big-endian-bytes),256,12,94861,122136376.000000,1287.529922729046,198830330.449627876282,entries/s,3.109757331014,8.298482634298
experiment-matrix-20260816-a,Dyadic layout / multiply (big-endian-bytes),256,13,102158,131464734.000000,1286.876544176667,198931281.449213594198,entries/s,3.109536885090,8.298703080221
experiment-matrix-20260816-a,Dyadic layout / multiply (big-endian-bytes),256,14,109455,141562654.000000,1293.341135626513,197936950.235476642847,entries/s,3.111713090835,8.296526874476
experiment-matrix-20260816-a,Dyadic layout / multiply (big-endian-bytes),256,15,116752,153825092.000000,1317.537104289434,194301928.322591215372,entries/s,3.119762854595,8.288477110717
experiment-matrix-20260816-a,Dyadic layout / multiply (big-endian-bytes),256,16,124049,159629367.000000,1286.825101371232,198939234.032043755054,entries/s,3.109519523850,8.298720441462
experiment-matrix-20260816-a,Dyadic layout / multiply (big-endian-bytes),256,17,131346,169962010.000000,1294.002177454966,197835834.019614160061,entries/s,3.111935007133,8.296304958179
experiment-matrix-20260816-a,Dyadic layout / multiply (big-endian-bytes),256,18,138643,178865980.000000,1290.119082824232,198431294.760468155146,entries/s,3.110629799157,8.297610166155
experiment-matrix-20260816-a,Dyadic layout / multiply (big-endian-bytes),256,19,145940,187030086.000000,1281.554652596958,199757380.211010545492,entries/s,3.107737131640,8.300502833672
experiment-matrix-20260816-a,Dyadic layout / multiply (big-endian-bytes),4096,0,152,9409124.000000,61902.131578947367,66168965.357455171645,entries/s,4.791705604061,7.820654343907
experiment-matrix-20260816-a,Dyadic layout / multiply (big-endian-bytes),4096,1,304,18830761.000000,61943.292763157893,66124996.222935445607,entries/s,4.791994287731,7.820365660236
experiment-matrix-20260816-a,Dyadic layout / multiply (big-endian-bytes),4096,2,456,30223549.000000,66279.712719298244,61798698.756390258670,entries/s,4.821380617359,7.790979330609
experiment-matrix-20260816-a,Dyadic layout / multiply (big-endian-bytes),4096,3,608,37895360.000000,62327.894736842107,65716963.765484742820,entries/s,4.794682457878,7.817677490089
experiment-matrix-20260816-a,Dyadic layout / multiply (big-endian-bytes),4096,4,760,49400068.000000,65000.089473684209,63015297.873679041862,entries/s,4.812913954457,7.799445993511
experiment-matrix-20260816-a,Dyadic layout / multiply (big-endian-bytes),4096,5,912,59531814.000000,65276.111842105260,62748835.437804736197,entries/s,4.814754277857,7.797605670111
experiment-matrix-20260816-a,Dyadic layout / multiply (big-endian-bytes),4096,6,1064,69953464.000000,65745.736842105267,62300617.450481079519,entries/s,4.817867597071,7.794492350897
experiment-matrix-20260816-a,Dyadic layout / multiply (big-endian-bytes),4096,7,1216,79066603.000000,65021.877467105260,62994182.259227707982,entries/s,4.813059505330,7.799300442638
experiment-matrix-20260816-a,Dyadic layout / multiply (big-endian-bytes),4096,8,1368,88036042.000000,64353.831871345028,63648113.576028324664,entries/s,4.808574411552,7.803785536416
experiment-matrix-20260816-a,Dyadic layout / multiply (big-endian-bytes),4096,9,1520,95952277.000000,63126.498026315792,64885588.905826590955,entries/s,4.800211697295,7.812148250673
experiment-matrix-20260816-a,Dyadic layout / multiply (big-endian-bytes),4096,10,1672,106496461.000000,63694.055622009568,64307413.933689311147,entries/s,4.804098902806,7.808261045162
experiment-matrix-20260816-a,Dyadic layout / multiply (big-endian-bytes),4096,11,1824,114853671.000000,62968.021381578947,65048891.645788148046,entries/s,4.799120046858,7.813239901109
experiment-matrix-20260816-a,Dyadic layout / multiply (big-endian-bytes),4096,12,1976,123810366.000000,62657.067813765185,65371715.321478009224,entries/s,4.796970067180,7.815389880788
experiment-matrix-20260816-a,Dyadic layout / multiply (big-endian-bytes),4096,13,2128,133009623.000000,62504.522086466168,65531258.591718584299,entries/s,4.795911438883,7.816448509085
experiment-matrix-20260816-a,Dyadic layout / multiply (big-endian-bytes),4096,14,2280,142439839.000000,62473.613596491225,65563679.835386507213,entries/s,4.795696627118,7.816663320850
experiment-matrix-20260816-a,Dyadic layout / multiply (big-endian-bytes),4096,15,2432,151590723.000000,62331.711759868420,65712939.438912764192,entries/s,4.794709053695,7.817650894272
experiment-matrix-20260816-a,Dyadic layout / multiply (big-endian-bytes),4096,16,2584,161349111.000000,62441.606424148609,65597287.362804248929,entries/s,4.795474067551,7.816885880416
experiment-matrix-20260816-a,Dyadic layout / multiply (big-endian-bytes),4096,17,2736,174442176.000000,63758.105263157893,64242812.472139768302,entries/s,4.804535402397,7.807824545571
experiment-matrix-20260816-a,Dyadic layout / multiply (big-endian-bytes),4096,18,2888,180363209.000000,62452.634695290857,65585703.789512865245,entries/s,4.795550764720,7.816809183248
experiment-matrix-20260816-a,Dyadic layout / multiply (big-endian-bytes),4096,19,3040,190287850.000000,62594.687500000000,65436863.152324229479,entries/s,4.796537475585,7.815822472383
experiment-matrix-20260816-a,Dyadic layout / multiply (big-endian-bytes),50000,0,4,9651154.000000,2412788.500000000000,20722910.441590715200,entries/s,6.382519254230,7.316450750106
experiment-matrix-20260816-a,Dyadic layout / multiply (big-endian-bytes),50000,1,8,19267151.000000,2408393.875000000000,20760723.783189326525,entries/s,6.381727514044,7.317242490292
experiment-matrix-20260816-a,Dyadic layout / multiply (big-endian-bytes),50000,2,12,28751537.000000,2395961.416666666511,20868449.571930713952,entries/s,6.379479820118,7.319490184218
experiment-matrix-20260816-a,Dyadic layout / multiply (big-endian-bytes),50000,3,16,38402552.000000,2400159.500000000000,20831948.876730900258,entries/s,6.380240103240,7.318729901096
experiment-matrix-20260816-a,Dyadic layout / multiply (big-endian-bytes),50000,4,20,49544026.000000,2477201.299999999814,20184068.206326227635,entries/s,6.393961299249,7.305008705087
experiment-matrix-20260816-a,Dyadic layout / multiply (big-endian-bytes),50000,5,24,57747506.000000,2406146.083333333489,20780118.192463584244,entries/s,6.381321990942,7.317648013394
experiment-matrix-20260816-a,Dyadic layout / multiply (big-endian-bytes),50000,6,28,67071413.000000,2395407.607142857276,20873274.281548235565,entries/s,6.379379424419,7.319590579917
experiment-matrix-20260816-a,Dyadic layout / multiply (big-endian-bytes),50000,7,32,77390967.000000,2418467.718750000000,20674247.422183003277,entries/s,6.383540294883,7.315429709454
experiment-matrix-20260816-a,Dyadic layout / multiply (big-endian-bytes),50000,8,36,91384466.000000,2538457.388888888992,19697001.895267408341,entries/s,6.404569877638,7.294400126698
experiment-matrix-20260816-a,Dyadic layout / multiply (big-endian-bytes),50000,9,40,117395723.000000,2934893.075000000186,17036395.780790071934,entries/s,6.467592283511,7.231377720825
experiment-matrix-20260816-a,Dyadic layout / multiply (big-endian-bytes),50000,10,44,106459113.000000,2419525.295454545412,20665210.689854234457,entries/s,6.383730166895,7.315239837441
experiment-matrix-20260816-a,Dyadic layout / multiply (big-endian-bytes),50000,11,48,113642173.000000,2367545.270833333489,21118920.350106291473,entries/s,6.374298292083,7.324671712253
experiment-matrix-20260816-a,Dyadic layout / multiply (big-endian-bytes),50000,12,52,123133274.000000,2367947.576923076995,21115332.318703714758,entries/s,6.374372083479,7.324597920857
experiment-matrix-20260816-a,Dyadic layout / multiply (big-endian-bytes),50000,13,56,132800655.000000,2371440.267857142724,21084233.357132162899,entries/s,6.375012190060,7.323957814276
experiment-matrix-20260816-a,Dyadic layout / multiply (big-endian-bytes),50000,14,60,144053252.000000,2400887.533333333209,20825631.898959144950,entries/s,6.380371816535,7.318598187801
experiment-matrix-20260816-a,Dyadic layout / multiply (big-endian-bytes),50000,15,64,152978057.000000,2390282.140625000000,20918032.708442624658,entries/s,6.378449166590,7.320520837746
experiment-matrix-20260816-a,Dyadic layout / multiply (big-endian-bytes),50000,16,68,169095142.000000,2486693.264705882408,20107023.535897914320,entries/s,6.395622218056,7.303347786280
experiment-matrix-20260816-a,Dyadic layout / multiply (big-endian-bytes),50000,17,72,170738425.000000,2371367.013888888992,21084884.670805647969,entries/s,6.374998774464,7.323971229872
experiment-matrix-20260816-a,Dyadic layout / multiply (big-endian-bytes),50000,18,76,180386219.000000,2373502.881578947417,21065910.805525559932,entries/s,6.375389763315,7.323580241021
experiment-matrix-20260816-a,Dyadic layout / multiply (big-endian-bytes),50000,19,80,189480325.000000,2368504.062500000000,21110371.221919741482,entries/s,6.374474133974,7.324495870362
experiment-matrix-20260816-a,Dyadic layout / multiply (big-endian-bytes),64,0,25913,9458813.000000,365.021919499865,175331936.470252662897,entries/s,2.562318944544,8.243861029440
experiment-matrix-20260816-a,Dyadic layout / multiply (big-endian-bytes),64,1,51826,18223086.000000,351.620537953923,182014396.463913977146,entries/s,2.546074234034,8.260105739950
experiment-matrix-20260816-a,Dyadic layout / multiply (big-endian-bytes),64,2,77739,27868089.000000,358.482730675723,178530217.841632395983,entries/s,2.554468239075,8.251711734909
experiment-matrix-20260816-a,Dyadic layout / multiply (big-endian-bytes),64,3,103652,43194954.000000,416.730540655270,153576457.101910561323,entries/s,2.619855329476,8.186324644508
experiment-matrix-20260816-a,Dyadic layout / multiply (big-endian-bytes),64,4,129565,45938069.000000,354.556161000270,180507369.606676310301,entries/s,2.549685036362,8.256494937622
experiment-matrix-20260816-a,Dyadic layout / multiply (big-endian-bytes),64,5,155478,57038317.000000,366.857799817337,174454516.250891506672,entries/s,2.564497757107,8.241682216876
experiment-matrix-20260816-a,Dyadic layout / multiply (big-endian-bytes),64,6,181391,66954701.000000,369.118098472361,173386242.140040308237,entries/s,2.567165339896,8.239014634088
experiment-matrix-20260816-a,Dyadic layout / multiply (big-endian-bytes),64,7,207304,74399420.000000,358.890421796010,178327411.692187935114,entries/s,2.554961867872,8.251218106112
experiment-matrix-20260816-a,Dyadic layout / multiply (big-endian-bytes),64,8,233217,82408304.000000,353.354618231089,181121164.682627141476,entries/s,2.548210771777,8.257969202207
experiment-matrix-20260816-a,Dyadic layout / multiply (big-endian-bytes),64,9,259130,91104585.000000,351.578686373635,182036063.278264194727,entries/s,2.546022539124,8.260157434860
experiment-matrix-20260816-a,Dyadic layout / multiply (big-endian-bytes),64,10,285043,100511162.000000,352.617541914729,181499762.185616761446,entries/s,2.547303913656,8.258876060328
experiment-matrix-20260816-a,Dyadic layout / multiply (big-endian-bytes),64,11,310956,110948348.000000,356.797579078712,179373414.374768346548,entries/s,2.552421898966,8.253758075018
experiment-matrix-20260816-a,Dyadic layout / multiply (big-endian-bytes),64,12,336869,117938012.000000,350.100519786623,182804641.475557506084,entries/s,2.544192755553,8.261987218431
experiment-matrix-20260816-a,Dyadic layout / multiply (big-endian-bytes),64,13,362782,126631366.000000,349.056364428224,183351477.074013382196,entries/s,2.542895561010,8.263284412974
experiment-matrix-20260816-a,Dyadic layout / multiply (big-endian-bytes),64,14,388695,138374660.000000,355.998044739449,179776268.284959107637,entries/s,2.551447612689,8.254732361295
experiment-matrix-20260816-a,Dyadic layout / multiply (big-endian-bytes),64,15,414608,148369857.000000,357.855750492031,178843011.218916267157,entries/s,2.553708000415,8.252471973569
experiment-matrix-20260816-a,Dyadic layout / multiply (big-endian-bytes),64,16,440521,153933824.000000,349.435836203041,183152365.525591045618,entries/s,2.543367441766,8.262812532217
experiment-matrix-20260816-a,Dyadic layout / multiply (big-endian-bytes),64,17,466434,163135980.000000,349.751476093081,182987076.180251598358,entries/s,2.543759556067,8.262420417917
experiment-matrix-20260816-a,Dyadic layout / multiply (big-endian-bytes),64,18,492347,171888067.000000,349.119761062828,183318182.291269809008,entries/s,2.542974431678,8.263205542306
experiment-matrix-20260816-a,Dyadic layout / multiply (big-endian-bytes),64,19,518260,180978535.000000,349.204134990159,183273889.359309911728,entries/s,2.543079377625,8.263100596359
experiment-matrix-20260816-a,Dyadic layout / multiply (big-endian-bytes),8,0,39281,10103803.000000,257.218578956748,31101952.403466299176,entries/s,2.410302334575,7.492787652417
experiment-matrix-20260816-a,Dyadic layout / multiply (big-endian-bytes),8,1,78562,18346239.000000,233.525610345969,34257484.599432066083,entries/s,2.368334515832,7.534755471160
experiment-matrix-20260816-a,Dyadic layout / multiply (big-endian-bytes),8,2,117843,27520584.000000,233.536009775719,34255959.103193446994,entries/s,2.368353855528,7.534736131464
experiment-matrix-20260816-a,Dyadic layout / multiply (big-endian-bytes),8,3,157124,41967763.000000,267.099634683435,29951370.055154003203,entries/s,2.426673294030,7.476416692962
experiment-matrix-20260816-a,Dyadic layout / multiply (big-endian-bytes),8,4,196405,61931187.000000,315.323881774904,25370739.301347479224,entries/s,2.498756864279,7.404333122713
experiment-matrix-20260816-a,Dyadic layout / multiply (big-endian-bytes),8,5,235686,68049238.000000,288.728384375822,27707701.884920444340,entries/s,2.460489480700,7.442600506292
experiment-matrix-20260816-a,Dyadic layout / multiply (big-endian-bytes),8,6,274967,64748133.000000,235.476013485255,33973736.354683771729,entries/s,2.371946674770,7.531143312221
experiment-matrix-20260816-a,Dyadic layout / multiply (big-endian-bytes),8,7,314248,74930015.000000,238.442297166569,33551094.311138197780,entries/s,2.377383297195,7.525706689797
experiment-matrix-20260816-a,Dyadic layout / multiply (big-endian-bytes),8,8,353529,85919228.000000,243.033041136654,32917334.871770497411,entries/s,2.385665321367,7.517424665625
experiment-matrix-20260816-a,Dyadic layout / multiply (big-endian-bytes),8,9,392810,93638499.000000,238.381148646929,33559700.695330455899,entries/s,2.377271908105,7.525818078887
experiment-matrix-20260816-a,Dyadic layout / multiply (big-endian-bytes),8,10,432091,105335819.000000,243.781562217218,32816263.573172580451,entries/s,2.387000855794,7.516089131198
experiment-matrix-20260816-a,Dyadic layout / multiply (big-endian-bytes),8,11,471372,111798678.000000,237.177172169751,33730058.954722166061,entries/s,2.375072886725,7.528017100267
experiment-matrix-20260816-a,Dyadic layout / multiply (big-endian-bytes),8,12,510653,121343532.000000,237.624241902035,33666598.727322362363,entries/s,2.375890744336,7.527199242656
experiment-matrix-20260816-a,Dyadic layout / multiply (big-endian-bytes),8,13,549934,130296601.000000,236.931342670211,33765055.774555467069,entries/s,2.374622515549,7.528467471443
experiment-matrix-20260816-a,Dyadic layout / multiply (big-endian-bytes),8,14,589215,140408724.000000,238.297945571650,33571418.254609309137,entries/s,2.377120298197,7.525969688795
experiment-matrix-20260816-a,Dyadic layout / multiply (big-endian-bytes),8,15,628496,151012265.000000,240.275618301469,33295096.924743164331,entries/s,2.380709703495,7.522380283497
experiment-matrix-20260816-a,Dyadic layout / multiply (big-endian-bytes),8,16,667777,161454578.000000,241.779183769432,33088042.879775136709,entries/s,2.383418907099,7.519671079893
experiment-matrix-20260816-a,Dyadic layout / multiply (big-endian-bytes),8,17,707058,170897395.000000,241.702088088955,33098596.968081343919,entries/s,2.383280402338,7.519809584654
experiment-matrix-20260816-a,Dyadic layout / multiply (big-endian-bytes),8,18,746339,177583949.000000,237.940063429621,33621912.529943794012,entries/s,2.376467573023,7.526622413969
experiment-matrix-20260816-a,Dyadic layout / multiply (big-endian-bytes),8,19,785620,186600314.000000,237.519811104605,33681400.986281298101,entries/s,2.375699839201,7.527390147791
experiment-matrix-20260816-a,Dyadic layout / multiply (bitbox-lsb),16,0,12831,9058226.000000,705.964149325852,22664040.398197174072,entries/s,2.848782647022,7.355337335634
experiment-matrix-20260816-a,Dyadic layout / multiply (bitbox-lsb),16,1,25662,19966931.000000,778.073844595121,20563600.885884765536,entries/s,2.891020816499,7.313099166157
experiment-matrix-20260816-a,Dyadic layout / multiply (bitbox-lsb),16,2,38493,28185348.000000,732.220091964773,21851353.405322510749,entries/s,2.864641641658,7.339478340998
experiment-matrix-20260816-a,Dyadic layout / multiply (bitbox-lsb),16,3,51324,36397205.000000,709.165400202634,22561732.418739296496,entries/s,2.850747538452,7.353372444204
experiment-matrix-20260816-a,Dyadic layout / multiply (bitbox-lsb),16,4,64155,57601780.000000,897.853323980984,17820282.637099061161,entries/s,2.953205394809,7.250914587847
experiment-matrix-20260816-a,Dyadic layout / multiply (bitbox-lsb),16,5,76986,54214426.000000,704.211492998727,22720447.137077499181,entries/s,2.847703108643,7.356416874013
experiment-matrix-20260816-a,Dyadic layout / multiply (bitbox-lsb),16,6,89817,61151688.000000,680.847590099870,23500119.898570910096,entries/s,2.833049904590,7.371070078066
experiment-matrix-20260816-a,Dyadic layout / multiply (bitbox-lsb),16,7,102648,70160913.000000,683.509790741174,23408589.338054936379,entries/s,2.834744739876,7.369375242780
experiment-matrix-20260816-a,Dyadic layout / multiply (bitbox-lsb),16,8,115479,81403688.000000,704.922003134769,22697546.577987965196,entries/s,2.848141066662,7.355978915994
experiment-matrix-20260816-a,Dyadic layout / multiply (bitbox-lsb),16,9,128310,92552444.000000,721.319024238173,22181586.042179502547,entries/s,2.858127386526,7.345992596130
experiment-matrix-20260816-a,Dyadic layout / multiply (bitbox-lsb),16,10,141141,97606963.000000,691.556408130876,23136218.263444997370,entries/s,2.839827609956,7.364292372700
experiment-matrix-20260816-a,Dyadic layout / multiply (bitbox-lsb),16,11,153972,116121542.000000,754.173109396514,21215288.374313872308,entries/s,2.877471043253,7.326648939403
experiment-matrix-20260816-a,Dyadic layout / multiply (bitbox-lsb),16,12,166803,120584311.000000,722.914521921069,22132630.504477486014,entries/s,2.859086948951,7.345033033705
experiment-matrix-20260816-a,Dyadic layout / multiply (bitbox-lsb),16,13,179634,123858692.000000,689.505839651736,23205024.642113935202,entries/s,2.838537948710,7.365582033946
experiment-matrix-20260816-a,Dyadic layout / multiply (bitbox-lsb),16,14,192465,142072091.000000,738.171049281688,21675193.053926404566,entries/s,2.868157008370,7.335962974286
experiment-matrix-20260816-a,Dyadic layout / multiply (bitbox-lsb),16,15,205296,141729866.000000,690.368375418907,23176032.636621557176,entries/s,2.839080888884,7.365039093772
experiment-matrix-20260816-a,Dyadic layout / multiply (bitbox-lsb),16,16,218127,152690214.000000,700.006024013533,22856946.156352888793,entries/s,2.845101777421,7.359018205235
experiment-matrix-20260816-a,Dyadic layout / multiply (bitbox-lsb),16,17,230958,149615642.000000,647.804544549225,24698807.896035362035,entries/s,2.811443990395,7.392675992261
experiment-matrix-20260816-a,Dyadic layout / multiply (bitbox-lsb),16,18,243789,159230508.000000,653.148862335872,24496712.652577858418,entries/s,2.815012174725,7.389107807930
experiment-matrix-20260816-a,Dyadic layout / multiply (bitbox-lsb),16,19,256620,172399812.000000,671.809726443769,23816267.270639482886,entries/s,2.827246287255,7.376873695401
experiment-matrix-20260816-a,Dyadic layout / multiply (bitbox-lsb),200000,0,3,122874568.000000,40958189.333333335817,4883028.357829098590,entries/s,7.612340749239,6.688689246425
experiment-matrix-20260816-a,Dyadic layout / multiply (bitbox-lsb),200000,1,3,121945248.000000,40648416.000000000000,4920240.926485302858,entries/s,7.609043626539,6.691986369125
experiment-matrix-20260816-a,Dyadic layout / multiply (bitbox-lsb),200000,2,3,121688003.000000,40562667.666666664183,4930642.176780565642,entries/s,7.608126509314,6.692903486350
experiment-matrix-20260816-a,Dyadic layout / multiply (bitbox-lsb),200000,3,3,125734346.000000,41911448.666666664183,4771965.807974219322,entries/s,7.622332672456,6.678697323208
experiment-matrix-20260816-a,Dyadic layout / multiply (bitbox-lsb),200000,4,3,124147887.000000,41382629.000000000000,4832945.727058568038,entries/s,7.616818077531,6.684211918133
experiment-matrix-20260816-a,Dyadic layout / multiply (bitbox-lsb),200000,5,3,124683837.000000,41561279.000000000000,4812171.444483216852,entries/s,7.618688903998,6.682341091666
experiment-matrix-20260816-a,Dyadic layout / multiply (bitbox-lsb),200000,6,3,122853879.000000,40951293.000000000000,4883850.675972551107,entries/s,7.612267618768,6.688762376896
experiment-matrix-20260816-a,Dyadic layout / multiply (bitbox-lsb),200000,7,3,124410772.000000,41470257.333333335817,4822733.516998029314,entries/s,7.617736730278,6.683293265386
experiment-matrix-20260816-a,Dyadic layout / multiply (bitbox-lsb),200000,8,3,123734098.000000,41244699.333333335817,4849107.963756280020,entries/s,7.615368142020,6.685661853644
experiment-matrix-20260816-a,Dyadic layout / multiply (bitbox-lsb),200000,9,3,121957830.000000,40652610.000000000000,4919733.320935605094,entries/s,7.609088433625,6.691941562039
experiment-matrix-20260816-a,Dyadic layout / multiply (bitbox-lsb),200000,10,3,123722181.000000,41240727.000000000000,4849575.032952256501,entries/s,7.615326312511,6.685703683153
experiment-matrix-20260816-a,Dyadic layout / multiply (bitbox-lsb),200000,11,3,124628505.000000,41542835.000000000000,4814307.930597417988,entries/s,7.618496130688,6.682533864976
experiment-matrix-20260816-a,Dyadic layout / multiply (bitbox-lsb),200000,12,3,127966673.000000,42655557.666666664183,4688720.789044816978,entries/s,7.629975624172,6.671054371492
experiment-matrix-20260816-a,Dyadic layout / multiply (bitbox-lsb),200000,13,3,129133069.000000,43044356.333333335817,4646369.862083894201,entries/s,7.633916217951,6.667113777713
experiment-matrix-20260816-a,Dyadic layout / multiply (bitbox-lsb),200000,14,3,121778233.000000,40592744.333333335817,4926988.881502328441,entries/s,7.608448413439,6.692581582225
experiment-matrix-20260816-a,Dyadic layout / multiply (bitbox-lsb),200000,15,3,123179971.000000,41059990.333333335817,4870921.750744688325,entries/s,7.613418842790,6.687611152874
experiment-matrix-20260816-a,Dyadic layout / multiply (bitbox-lsb),200000,16,3,122606068.000000,40868689.333333335817,4893721.899637136608,entries/s,7.611390710028,6.689639285636
experiment-matrix-20260816-a,Dyadic layout / multiply (bitbox-lsb),200000,17,3,130296696.000000,43432232.000000000000,4604875.015403307043,entries/s,7.637812148505,6.663217847159
experiment-matrix-20260816-a,Dyadic layout / multiply (bitbox-lsb),200000,18,3,123148286.000000,41049428.666666664183,4872174.997222454287,entries/s,7.613307116909,6.687722878755
experiment-matrix-20260816-a,Dyadic layout / multiply (bitbox-lsb),200000,19,3,121583856.000000,40527952.000000000000,4934865.694669200107,entries/s,7.607754658082,6.693275337582
experiment-matrix-20260816-a,Dyadic layout / multiply (bitbox-lsb),256,0,834,12418284.000000,14890.028776978417,17192713.582649584860,entries/s,4.172895537085,7.235344428227
experiment-matrix-20260816-a,Dyadic layout / multiply (bitbox-lsb),256,1,1668,23685073.000000,14199.684052757793,18028570.146268919110,entries/s,4.152278681308,7.255961284004
experiment-matrix-20260816-a,Dyadic layout / multiply (bitbox-lsb),256,2,2502,29077463.000000,11621.687849720223,22027781.447095301002,entries/s,4.065269206418,7.342970758894
experiment-matrix-20260816-a,Dyadic layout / multiply (bitbox-lsb),256,3,3336,35608997.000000,10674.159772182255,23983152.347705833614,entries/s,4.028333699091,7.379906266221
experiment-matrix-20260816-a,Dyadic layout / multiply (bitbox-lsb),256,4,4170,45089089.000000,10812.731175059953,23675794.381208278239,entries/s,4.033935405743,7.374304559569
experiment-matrix-20260816-a,Dyadic layout / multiply (bitbox-lsb),256,5,5004,57502262.000000,11491.259392486012,22277801.871515940875,entries/s,4.060367628099,7.347872337212
experiment-matrix-20260816-a,Dyadic layout / multiply (bitbox-lsb),256,6,5838,72964299.000000,12498.167009249742,20483003.612492736429,entries/s,4.096846323717,7.311393641595
experiment-matrix-20260816-a,Dyadic layout / multiply (bitbox-lsb),256,7,6672,75782735.000000,11358.323591127099,22538537.306683376431,entries/s,4.055314237286,7.352925728026
experiment-matrix-20260816-a,Dyadic layout / multiply (bitbox-lsb),256,8,7506,81915672.000000,10913.358912869704,23457489.306808102876,entries/s,4.037958438289,7.370281527023
experiment-matrix-20260816-a,Dyadic layout / multiply (bitbox-lsb),256,9,8340,90314190.000000,10829.039568345324,23640138.941621463746,entries/s,4.034589940590,7.373650024722
experiment-matrix-20260816-a,Dyadic layout / multiply (bitbox-lsb),256,10,9174,100143158.000000,10915.975365162416,23451866.776560012251,entries/s,4.038062546897,7.370177418415
experiment-matrix-20260816-a,Dyadic layout / multiply (bitbox-lsb),256,11,10008,108104622.000000,10801.820743405277,23699708.232641521841,entries/s,4.033496965873,7.374742999439
experiment-matrix-20260816-a,Dyadic layout / multiply (bitbox-lsb),256,12,10842,134394708.000000,12395.748754842280,20652241.753447614610,entries/s,4.093272765091,7.314967200221
experiment-matrix-20260816-a,Dyadic layout / multiply (bitbox-lsb),256,13,11676,124232550.000000,10639.992291880781,24060167.806263335049,entries/s,4.026941313335,7.381298651976
experiment-matrix-20260816-a,Dyadic layout / multiply (bitbox-lsb),256,14,12510,137387938.000000,10982.249240607514,23310343.299569718540,entries/s,4.040691295738,7.367548669574
experiment-matrix-20260816-a,Dyadic layout / multiply (bitbox-lsb),256,15,13344,143130675.000000,10726.219649280576,23866749.737608656287,entries/s,4.030446686110,7.377793279202
experiment-matrix-20260816-a,Dyadic layout / multiply (bitbox-lsb),256,16,14178,174300135.000000,12293.703977994075,20823667.176161397249,entries/s,4.089682751467,7.318557213845
experiment-matrix-20260816-a,Dyadic layout / multiply (bitbox-lsb),256,17,15012,166125781.000000,11066.199107380762,23133507.495745047927,entries/s,4.043998479945,7.364241485367
experiment-matrix-20260816-a,Dyadic layout / multiply (bitbox-lsb),256,18,15846,171104686.000000,10797.973368673482,23708152.563396189362,entries/s,4.033342252025,7.374897713287
experiment-matrix-20260816-a,Dyadic layout / multiply (bitbox-lsb),256,19,16680,185366515.000000,11113.100419664268,23035875.708188183606,entries/s,4.045835238716,7.362404726595
experiment-matrix-20260816-a,Dyadic layout / multiply (bitbox-lsb),4096,0,18,9315547.000000,517530.388888888876,7914511.085607748479,entries/s,5.713935856234,6.898424091734
experiment-matrix-20260816-a,Dyadic layout / multiply (bitbox-lsb),4096,1,36,19544860.000000,542912.777777777752,7544489.957973605953,entries/s,5.734730063157,6.877629884811
experiment-matrix-20260816-a,Dyadic layout / multiply (bitbox-lsb),4096,2,54,27616984.000000,511425.629629629606,8008984.616133319214,entries/s,5.708782488508,6.903577459460
experiment-matrix-20260816-a,Dyadic layout / multiply (bitbox-lsb),4096,3,72,36890511.000000,512368.208333333314,7994250.879311485216,entries/s,5.709582174598,6.902777773370
experiment-matrix-20260816-a,Dyadic layout / multiply (bitbox-lsb),4096,4,90,45880213.000000,509780.144444444450,8034836.281165477820,entries/s,5.707382916017,6.904977031951
experiment-matrix-20260816-a,Dyadic layout / multiply (bitbox-lsb),4096,5,108,56970396.000000,527503.666666666628,7764874.936098391190,entries/s,5.722225482752,6.890134465216
experiment-matrix-20260816-a,Dyadic layout / multiply (bitbox-lsb),4096,6,126,67995184.000000,539644.317460317514,7590184.622487380169,entries/s,5.732107608231,6.880252339736
experiment-matrix-20260816-a,Dyadic layout / multiply (bitbox-lsb),4096,7,144,73779751.000000,512359.381944444438,7994388.595862840302,entries/s,5.709574693093,6.902785254874
experiment-matrix-20260816-a,Dyadic layout / multiply (bitbox-lsb),4096,8,162,88810163.000000,548210.882716049440,7471577.323870016262,entries/s,5.738947652613,6.873412295355
experiment-matrix-20260816-a,Dyadic layout / multiply (bitbox-lsb),4096,9,180,96892647.000000,538292.483333333279,7609246.138151227497,entries/s,5.731018315410,6.881341632558
experiment-matrix-20260816-a,Dyadic layout / multiply (bitbox-lsb),4096,10,198,109580064.000000,553434.666666666628,7401054.264761152677,entries/s,5.743066359486,6.869293588482
experiment-matrix-20260816-a,Dyadic layout / multiply (bitbox-lsb),4096,11,216,122986080.000000,569380.000000000000,7193789.736204292625,entries/s,5.755402208083,6.856957739885
experiment-matrix-20260816-a,Dyadic layout / multiply (bitbox-lsb),4096,12,234,123524420.000000,527882.136752136750,7759307.835649015382,entries/s,5.722536965958,6.889822982010
experiment-matrix-20260816-a,Dyadic layout / multiply (bitbox-lsb),4096,13,252,129003804.000000,511919.857142857159,8001252.428184210323,entries/s,5.709201975966,6.903157972002
experiment-matrix-20260816-a,Dyadic layout / multiply (bitbox-lsb),4096,14,270,141734445.000000,524942.388888888876,7802761.001392427832,entries/s,5.720111643291,6.892248304677
experiment-matrix-20260816-a,Dyadic layout / multiply (bitbox-lsb),4096,15,288,150412693.000000,522266.295138888876,7842742.367494211532,entries/s,5.717891999210,6.894467948758
experiment-matrix-20260816-a,Dyadic layout / multiply (bitbox-lsb),4096,16,306,154401469.000000,504579.964052287571,8117642.973979735747,entries/s,5.702930001484,6.909429946484
experiment-matrix-20260816-a,Dyadic layout / multiply (bitbox-lsb),4096,17,324,163148355.000000,503544.305555555562,8134338.835350194015,entries/s,5.702037689014,6.910322258953
experiment-matrix-20260816-a,Dyadic layout / multiply (bitbox-lsb),4096,18,342,174683734.000000,510771.152046783653,8019246.943736615591,entries/s,5.708226360673,6.904133587295
experiment-matrix-20260816-a,Dyadic layout / multiply (bitbox-lsb),4096,19,360,180573620.000000,501593.388888888876,8165976.846451879479,entries/s,5.700351803764,6.912008144204
experiment-matrix-20260816-a,Dyadic layout / multiply (bitbox-lsb),50000,0,2,16187626.000000,8093813.000000000000,6177558.092829671688,entries/s,6.908153166203,6.790816838133
experiment-matrix-20260816-a,Dyadic layout / multiply (bitbox-lsb),50000,1,4,32544785.000000,8136196.250000000000,6145377.823205776513,entries/s,6.910421415488,6.788548588848
experiment-matrix-20260816-a,Dyadic layout / multiply (bitbox-lsb),50000,2,6,47896494.000000,7982749.000000000000,6263506.468761575408,entries/s,6.902152474050,6.796817530286
experiment-matrix-20260816-a,Dyadic layout / multiply (bitbox-lsb),50000,3,8,64039009.000000,8004876.125000000000,6246192.847862464376,entries/s,6.903354615625,6.795615388711
experiment-matrix-20260816-a,Dyadic layout / multiply (bitbox-lsb),50000,4,10,79786649.000000,7978664.900000000373,6266712.617545824498,entries/s,6.901930225302,6.797039779034
experiment-matrix-20260816-a,Dyadic layout / multiply (bitbox-lsb),50000,5,12,96528972.000000,8044081.000000000000,6215750.438117169775,entries/s,6.905476435082,6.793493569254
experiment-matrix-20260816-a,Dyadic layout / multiply (bitbox-lsb),50000,6,14,112262115.000000,8018722.500000000000,6235407.198590548709,entries/s,6.904105184320,6.794864820016
experiment-matrix-20260816-a,Dyadic layout / multiply (bitbox-lsb),50000,7,16,128389917.000000,8024369.812500000000,6231018.904701059684,entries/s,6.904410935444,6.794559068892
experiment-matrix-20260816-a,Dyadic layout / multiply (bitbox-lsb),50000,8,18,143375385.000000,7965299.166666666977,6277228.130895690061,entries/s,6.901202092001,6.797767912335
experiment-matrix-20260816-a,Dyadic layout / multiply (bitbox-lsb),50000,9,20,165129322.000000,8256466.099999999627,6055859.661314421333,entries/s,6.916794202082,6.782175802254
experiment-matrix-20260816-a,Dyadic layout / multiply (bitbox-lsb),50000,10,22,196698993.000000,8940863.318181818351,5592301.125812067650,entries/s,6.951379455733,6.747590548603
experiment-matrix-20260816-a,Dyadic layout / multiply (bitbox-lsb),50000,11,24,194835494.000000,8118145.583333333023,6159042.048057219014,entries/s,6.909456835288,6.789513169048
experiment-matrix-20260816-a,Dyadic layout / multiply (bitbox-lsb),50000,12,26,210529872.000000,8097302.769230769016,6174895.693661943078,entries/s,6.908340378445,6.790629625891
experiment-matrix-20260816-a,Dyadic layout / multiply (bitbox-lsb),50000,13,28,226210998.000000,8078964.214285714552,6188912.176586568356,entries/s,6.907355684431,6.791614319905
experiment-matrix-20260816-a,Dyadic layout / multiply (bitbox-lsb),50000,14,30,255637000.000000,8521233.333333333954,5867695.208440092392,entries/s,6.930502457571,6.768467546765
experiment-matrix-20260816-a,Dyadic layout / multiply (bitbox-lsb),50000,15,32,260677957.000000,8146186.156250000000,6137841.566711373627,entries/s,6.910954330340,6.788015673996
experiment-matrix-20260816-a,Dyadic layout / multiply (bitbox-lsb),50000,16,34,274555149.000000,8075151.441176470369,6191834.340721106157,entries/s,6.907150675827,6.791819328509
experiment-matrix-20260816-a,Dyadic layout / multiply (bitbox-lsb),50000,17,36,287603991.000000,7988999.750000000000,6258605.778526904993,entries/s,6.902492407568,6.796477596768
experiment-matrix-20260816-a,Dyadic layout / multiply (bitbox-lsb),50000,18,38,303240631.000000,7980016.605263157748,6265651.122457927093,entries/s,6.902003795056,6.796966209280
experiment-matrix-20260816-a,Dyadic layout / multiply (bitbox-lsb),50000,19,40,319475819.000000,7986895.474999999627,6260254.708040986210,entries/s,6.902378000831,6.796592003505
experiment-matrix-20260816-a,Dyadic layout / multiply (bitbox-lsb),64,0,3413,10713771.000000,3139.106651040141,20387966.104558330029,entries/s,3.496806071091,7.309373902893
experiment-matrix-20260816-a,Dyadic layout / multiply (bitbox-lsb),64,1,6826,21461952.000000,3144.147670670964,20355278.028764575720,entries/s,3.497502935285,7.308677038699
experiment-matrix-20260816-a,Dyadic layout / multiply (bitbox-lsb),64,2,10239,32265715.000000,3151.256470358433,20309359.330794312060,entries/s,3.498483750406,7.307696223578
experiment-matrix-20260816-a,Dyadic layout / multiply (bitbox-lsb),64,3,13652,39653287.000000,2904.577131555816,22034188.489847008139,entries/s,3.463082913732,7.343097060252
experiment-matrix-20260816-a,Dyadic layout / multiply (bitbox-lsb),64,4,17065,51039710.000000,2990.900087899209,21398240.703170139343,entries/s,3.475801905509,7.330378068475
experiment-matrix-20260816-a,Dyadic layout / multiply (bitbox-lsb),64,5,20478,73642229.000000,3596.163150698310,17796745.397263843566,entries/s,3.555839386576,7.250340587407
experiment-matrix-20260816-a,Dyadic layout / multiply (bitbox-lsb),64,6,23891,66125034.000000,2767.780084550668,23123224.405449833721,entries/s,3.442131580055,7.364048393929
experiment-matrix-20260816-a,Dyadic layout / multiply (bitbox-lsb),64,7,27304,76019077.000000,2784.173637562262,22987072.047717709094,entries/s,3.444696316960,7.361483657024
experiment-matrix-20260816-a,Dyadic layout / multiply (bitbox-lsb),64,8,30717,86948458.000000,2830.629879219976,22609808.675387892872,entries/s,3.451883086631,7.354296887353
experiment-matrix-20260816-a,Dyadic layout / multiply (bitbox-lsb),64,9,34130,98608505.000000,2889.203193671257,22151436.126123197377,entries/s,3.460778086250,7.345401887734
experiment-matrix-20260816-a,Dyadic layout / multiply (bitbox-lsb),64,10,37543,110181778.000000,2934.815491569667,21807163.068288840353,entries/s,3.467580802854,7.338599171130
experiment-matrix-20260816-a,Dyadic layout / multiply (bitbox-lsb),64,11,40956,109303963.000000,2668.814410586971,23980685.860401969403,entries/s,3.426318373990,7.379861599994
experiment-matrix-20260816-a,Dyadic layout / multiply (bitbox-lsb),64,12,44369,119370122.000000,2690.394689986252,23788331.220772314817,entries/s,3.429815997143,7.376363976841
experiment-matrix-20260816-a,Dyadic layout / multiply (bitbox-lsb),64,13,47782,127395699.000000,2666.185990540371,24004326.865069441497,entries/s,3.425890442095,7.380289531889
experiment-matrix-20260816-a,Dyadic layout / multiply (bitbox-lsb),64,14,51195,136345616.000000,2663.260396523098,24030695.640408419073,entries/s,3.425413631044,7.380766342939
experiment-matrix-20260816-a,Dyadic layout / multiply (bitbox-lsb),64,15,54608,147132743.000000,2694.344107090536,23753461.865385055542,entries/s,3.430453060677,7.375726913307
experiment-matrix-20260816-a,Dyadic layout / multiply (bitbox-lsb),64,16,58021,160593470.000000,2767.850778166526,23122633.815683789551,entries/s,3.442142672502,7.364037301482
experiment-matrix-20260816-a,Dyadic layout / multiply (bitbox-lsb),64,17,61434,176491986.000000,2872.871471823420,22277362.780653394759,entries/s,3.458316196710,7.347863777274
experiment-matrix-20260816-a,Dyadic layout / multiply (bitbox-lsb),64,18,64847,180489940.000000,2783.319814332197,22994123.661407388747,entries/s,3.444563111336,7.361616862648
experiment-matrix-20260816-a,Dyadic layout / multiply (bitbox-lsb),64,19,68260,187286172.000000,2743.717726340463,23326014.693706270307,entries/s,3.438339429120,7.367840544864
experiment-matrix-20260816-a,Dyadic layout / multiply (bitbox-lsb),8,0,23908,11970369.000000,500.684666220512,15978120.641059601679,entries/s,2.699564291064,7.203525695928
experiment-matrix-20260816-a,Dyadic layout / multiply (bitbox-lsb),8,1,47816,24695929.000000,516.478354525682,15489516.511000659317,entries/s,2.713052125068,7.190037861924
experiment-matrix-20260816-a,Dyadic layout / multiply (bitbox-lsb),8,2,71724,38145346.000000,531.835173721488,15042254.433869862929,entries/s,2.725777056666,7.177312930326
experiment-matrix-20260816-a,Dyadic layout / multiply (bitbox-lsb),8,3,95632,40769467.000000,426.316159862807,18765415.795109611005,entries/s,2.629731795247,7.273358191745
experiment-matrix-20260816-a,Dyadic layout / multiply (bitbox-lsb),8,4,119540,43448727.000000,363.466011376945,22010311.142142321914,entries/s,2.560463805122,7.342626181870
experiment-matrix-20260816-a,Dyadic layout / multiply (bitbox-lsb),8,5,143448,59144250.000000,412.304458758575,19403137.244956187904,entries/s,2.615218031391,7.287871955601
experiment-matrix-20260816-a,Dyadic layout / multiply (bitbox-lsb),8,6,167356,60117276.000000,359.217930638878,22270603.212294582278,entries/s,2.555358006679,7.347731980313
experiment-matrix-20260816-a,Dyadic layout / multiply (bitbox-lsb),8,7,191264,73035683.000000,381.857971181195,20950197.727321863174,entries/s,2.581901860812,7.321188126180
experiment-matrix-20260816-a,Dyadic layout / multiply (bitbox-lsb),8,8,215172,81309686.000000,377.882280222334,21170614.285732205957,entries/s,2.577356527318,7.325733459674
experiment-matrix-20260816-a,Dyadic layout / multiply (bitbox-lsb),8,9,239080,101075011.000000,422.766484022085,18922975.927254658192,entries/s,2.626100550108,7.276989436884
experiment-matrix-20260816-a,Dyadic layout / multiply (bitbox-lsb),8,10,262988,96068704.000000,365.296910885668,21899993.571267496794,entries/s,2.562645999639,7.340443987353
experiment-matrix-20260816-a,Dyadic layout / multiply (bitbox-lsb),8,11,286896,104315042.000000,363.598802353466,22002272.692369718105,entries/s,2.560622444044,7.342467542948
experiment-matrix-20260816-a,Dyadic layout / multiply (bitbox-lsb),8,12,310804,112537370.000000,362.084690029729,22094278.549427624792,entries/s,2.558810162000,7.344279824992
experiment-matrix-20260816-a,Dyadic layout / multiply (bitbox-lsb),8,13,334712,121484954.000000,362.953685556538,22041379.708634536713,entries/s,2.559851210737,7.343238776255
experiment-matrix-20260816-a,Dyadic layout / multiply (bitbox-lsb),8,14,358620,144117993.000000,401.868253304333,19907021.602777939290,entries/s,2.604083699252,7.299006287740
experiment-matrix-20260816-a,Dyadic layout / multiply (bitbox-lsb),8,15,382528,146657894.000000,383.391265475991,20866411.732327207923,entries/s,2.583642214440,7.319447772552
experiment-matrix-20260816-a,Dyadic layout / multiply (bitbox-lsb),8,16,406436,150687074.000000,370.752280801897,21577749.926977809519,entries/s,2.569083831411,7.334006155581
experiment-matrix-20260816-a,Dyadic layout / multiply (bitbox-lsb),8,17,430344,169029473.000000,392.777575613927,20367761.544165730476,entries/s,2.594146685161,7.308943301831
experiment-matrix-20260816-a,Dyadic layout / multiply (bitbox-lsb),8,18,454252,191649655.000000,421.901620686315,18961766.458697773516,entries/s,2.625211193677,7.277878793315
experiment-matrix-20260816-a,Dyadic layout / multiply (bitbox-lsb),8,19,478160,192176276.000000,401.907888572863,19905058.416263617575,entries/s,2.604126530527,7.298963456465
experiment-matrix-20260816-a,Dyadic layout / multiply (bitbox-msb),16,0,13309,8901492.000000,668.832519347810,23922281.792760133743,entries/s,2.825317380804,7.378802601852
experiment-matrix-20260816-a,Dyadic layout / multiply (bitbox-msb),16,1,26618,19081542.000000,716.866105642798,22319370.206034712493,entries/s,2.855438046866,7.348681935790
experiment-matrix-20260816-a,Dyadic layout / multiply (bitbox-msb),16,2,39927,28142375.000000,704.845718436146,22700003.109190322459,entries/s,2.848094065978,7.356025916678
experiment-matrix-20260816-a,Dyadic layout / multiply (bitbox-msb),16,3,53236,37639858.000000,707.037681268315,22629628.411456812173,entries/s,2.849442559951,7.354677422705
experiment-matrix-20260816-a,Dyadic layout / multiply (bitbox-msb),16,4,66545,46527396.000000,699.186956195056,22883722.097836725414,entries/s,2.844593317645,7.359526665011
experiment-matrix-20260816-a,Dyadic layout / multiply (bitbox-msb),16,5,79854,54611957.000000,683.897575575425,23395316.157595302910,entries/s,2.834991064157,7.369128918499
experiment-matrix-20260816-a,Dyadic layout / multiply (bitbox-msb),16,6,93163,65278865.000000,700.695179416721,22834465.642133943737,entries/s,2.845529129682,7.358590852974
experiment-matrix-20260816-a,Dyadic layout / multiply (bitbox-msb),16,7,106472,75811703.000000,712.034177999850,22470831.449334412813,entries/s,2.852500840491,7.351619142164
experiment-matrix-20260816-a,Dyadic layout / multiply (bitbox-msb),16,8,119781,86658690.000000,723.476093871315,22115450.856688465923,entries/s,2.859424185115,7.344695797541
experiment-matrix-20260816-a,Dyadic layout / multiply (bitbox-msb),16,9,133090,101911839.000000,765.736261176647,20894922.718448832631,entries/s,2.884079213446,7.320040769210
experiment-matrix-20260816-a,Dyadic layout / multiply (bitbox-msb),16,10,146399,104602237.000000,714.501034843134,22393249.582224518061,entries/s,2.854002862135,7.350117120521
experiment-matrix-20260816-a,Dyadic layout / multiply (bitbox-msb),16,11,159708,114714236.000000,718.274826558469,22275596.204118903726,entries/s,2.856290645943,7.347829336713
experiment-matrix-20260816-a,Dyadic layout / multiply (bitbox-msb),16,12,173017,126901783.000000,733.464243398048,21814287.668440401554,entries/s,2.865378946709,7.338741035947
experiment-matrix-20260816-a,Dyadic layout / multiply (bitbox-msb),16,13,186326,135404622.000000,726.708145937765,22017091.853777337819,entries/s,2.861360028386,7.342759954269
experiment-matrix-20260816-a,Dyadic layout / multiply (bitbox-msb),16,14,199635,152829386.000000,765.544047887395,20900169.029011212289,entries/s,2.883970184197,7.320149798459
experiment-matrix-20260816-a,Dyadic layout / multiply (bitbox-msb),16,15,212944,153345561.000000,720.121538996168,22218471.651748690754,entries/s,2.857405800960,7.346714181696
experiment-matrix-20260816-a,Dyadic layout / multiply (bitbox-msb),16,16,226253,164507471.000000,727.095203157527,22005371.415624037385,entries/s,2.861591279496,7.342528703160
experiment-matrix-20260816-a,Dyadic layout / multiply (bitbox-msb),16,17,239562,175584875.000000,732.941263639475,21829852.941490549594,entries/s,2.865069172596,7.339050810060
experiment-matrix-20260816-a,Dyadic layout / multiply (bitbox-msb),16,18,252871,178966151.000000,707.736952833658,22607269.460692595690,entries/s,2.849871871870,7.354248110786
experiment-matrix-20260816-a,Dyadic layout / multiply (bitbox-msb),16,19,266180,193081289.000000,725.378649785859,22057445.452417708933,entries/s,2.860564768757,7.343555213899
experiment-matrix-20260816-a,Dyadic layout / multiply (bitbox-msb),200000,0,3,131898281.000000,43966093.666666664183,4548959.967112839222,entries/s,7.643117880803,6.657912114861
experiment-matrix-20260816-a,Dyadic layout / multiply (bitbox-msb),200000,1,3,125093519.000000,41697839.666666664183,4796411.555102227256,entries/s,7.620113555090,6.680916440574
experiment-matrix-20260816-a,Dyadic layout / multiply (bitbox-msb),200000,2,3,120321833.000000,40107277.666666664183,4986626.159526675940,entries/s,7.603223184683,6.697806810981
experiment-matrix-20260816-a,Dyadic layout / multiply (bitbox-msb),200000,3,3,129664923.000000,43221641.000000000000,4627311.582177085802,entries/s,7.635701251759,6.665328743905
experiment-matrix-20260816-a,Dyadic layout / multiply (bitbox-msb),200000,4,3,123075688.000000,41025229.333333335817,4875048.921115922742,entries/s,7.613051017462,6.687978978202
experiment-matrix-20260816-a,Dyadic layout / multiply (bitbox-msb),200000,5,3,129849109.000000,43283036.333333335817,4620747.917492448352,entries/s,7.636317719209,6.664712276455
experiment-matrix-20260816-a,Dyadic layout / multiply (bitbox-msb),200000,6,3,121603039.000000,40534346.333333335817,4934087.214711796492,entries/s,7.607823173872,6.693206821792
experiment-matrix-20260816-a,Dyadic layout / multiply (bitbox-msb),200000,7,3,124016159.000000,41338719.666666664183,4838079.205468700267,entries/s,7.616357021631,6.684672974033
experiment-matrix-20260816-a,Dyadic layout / multiply (bitbox-msb),200000,8,3,121015095.000000,40338365.000000000000,4958059.157826550305,entries/s,7.605718291352,6.695311704312
experiment-matrix-20260816-a,Dyadic layout / multiply (bitbox-msb),200000,9,3,121858808.000000,40619602.666666664183,4923731.077362909913,entries/s,7.608735670902,6.692294324762
experiment-matrix-20260816-a,Dyadic layout / multiply (bitbox-msb),200000,10,3,120176824.000000,40058941.333333335817,4992643.173861875199,entries/s,7.602699467694,6.698330527970
experiment-matrix-20260816-a,Dyadic layout / multiply (bitbox-msb),200000,11,3,120806650.000000,40268883.333333335817,4966614.006762044504,entries/s,7.604969586675,6.696060408989
experiment-matrix-20260816-a,Dyadic layout / multiply (bitbox-msb),200000,12,3,119956413.000000,39985471.000000000000,5001816.784901696257,entries/s,7.601902216059,6.699127779605
experiment-matrix-20260816-a,Dyadic layout / multiply (bitbox-msb),200000,13,3,118915426.000000,39638475.333333335817,5045602.746274482459,entries/s,7.598116941296,6.702913054368
experiment-matrix-20260816-a,Dyadic layout / multiply (bitbox-msb),200000,14,3,117358517.000000,39119505.666666664183,5112539.041371833533,entries/s,7.592393358191,6.708636637473
experiment-matrix-20260816-a,Dyadic layout / multiply (bitbox-msb),200000,15,3,117101464.000000,39033821.333333335817,5123761.731962633319,entries/s,7.591441069927,6.709588925737
experiment-matrix-20260816-a,Dyadic layout / multiply (bitbox-msb),200000,16,3,117884210.000000,39294736.666666664183,5089740.178095098585,entries/s,7.594334382698,6.706695612966
experiment-matrix-20260816-a,Dyadic layout / multiply (bitbox-msb),200000,17,3,128647374.000000,42882458.000000000000,4663911.756177782081,entries/s,7.632279670930,6.668750324734
experiment-matrix-20260816-a,Dyadic layout / multiply (bitbox-msb),200000,18,3,123173844.000000,41057948.000000000000,4871164.043561066501,entries/s,7.613397240345,6.687632755319
experiment-matrix-20260816-a,Dyadic layout / multiply (bitbox-msb),200000,19,3,127132636.000000,42377545.333333335817,4719480.527407611720,entries/s,7.627135797135,6.673894198529
experiment-matrix-20260816-a,Dyadic layout / multiply (bitbox-msb),256,0,628,8945760.000000,14244.840764331209,17971418.862120155245,entries/s,4.153657598850,7.254582366461
experiment-matrix-20260816-a,Dyadic layout / multiply (bitbox-msb),256,1,1256,19143567.000000,15241.693471337579,16796033.884385287762,entries/s,4.183033223198,7.225206742114
experiment-matrix-20260816-a,Dyadic layout / multiply (bitbox-msb),256,2,1884,27968677.000000,14845.369957537156,17244433.835751328617,entries/s,4.171591025005,7.236648940307
experiment-matrix-20260816-a,Dyadic layout / multiply (bitbox-msb),256,3,2512,36094741.000000,14368.925557324841,17816224.252724241465,entries/s,4.157424294789,7.250815670523
experiment-matrix-20260816-a,Dyadic layout / multiply (bitbox-msb),256,4,3140,47389616.000000,15092.234394904459,16962365.763841599226,entries/s,4.178753541534,7.229486423777
experiment-matrix-20260816-a,Dyadic layout / multiply (bitbox-msb),256,5,3768,54629135.000000,14498.178078556264,17657391.060649231076,entries/s,4.161313429811,7.246926535501
experiment-matrix-20260816-a,Dyadic layout / multiply (bitbox-msb),256,6,4396,67240325.000000,15295.797315741584,16736623.447313794866,entries/s,4.184572120144,7.223667845168
experiment-matrix-20260816-a,Dyadic layout / multiply (bitbox-msb),256,7,5024,76845846.000000,15295.749601910828,16736675.655831806362,entries/s,4.184570765400,7.223669199912
experiment-matrix-20260816-a,Dyadic layout / multiply (bitbox-msb),256,8,5652,85623325.000000,15149.208244869073,16898572.906389702111,entries/s,4.180389935553,7.227850029759
experiment-matrix-20260816-a,Dyadic layout / multiply (bitbox-msb),256,9,6280,91980954.000000,14646.648726114650,17478401.017671547830,entries/s,4.165738265902,7.242501699410
experiment-matrix-20260816-a,Dyadic layout / multiply (bitbox-msb),256,10,6908,103627730.000000,15001.118992472495,17065393.596868328750,entries/s,4.176123655998,7.232116309314
experiment-matrix-20260816-a,Dyadic layout / multiply (bitbox-msb),256,11,7536,108903792.000000,14451.140127388535,17714865.245463628322,entries/s,4.159902112248,7.248337853064
experiment-matrix-20260816-a,Dyadic layout / multiply (bitbox-msb),256,12,8164,118654064.000000,14533.814796668299,17614095.375612251461,entries/s,4.162379621710,7.245860343602
experiment-matrix-20260816-a,Dyadic layout / multiply (bitbox-msb),256,13,8792,132980146.000000,15125.130345768881,16925473.972633477300,entries/s,4.179699126016,7.228540839296
experiment-matrix-20260816-a,Dyadic layout / multiply (bitbox-msb),256,14,9420,134912309.000000,14321.901167728238,17874721.868410095572,entries/s,4.156000672431,7.252239292881
experiment-matrix-20260816-a,Dyadic layout / multiply (bitbox-msb),256,15,10048,154688137.000000,15394.918093152866,16628864.047926312312,entries/s,4.187377382633,7.220862582679
experiment-matrix-20260816-a,Dyadic layout / multiply (bitbox-msb),256,16,10676,171834190.000000,16095.371862120644,15905193.256359517574,entries/s,4.206701014933,7.201538950379
experiment-matrix-20260816-a,Dyadic layout / multiply (bitbox-msb),256,17,11304,164920939.000000,14589.608899504599,17546734.923695772886,entries/s,4.164043650011,7.244196315301
experiment-matrix-20260816-a,Dyadic layout / multiply (bitbox-msb),256,18,11932,171405754.000000,14365.215722427087,17820825.314884118736,entries/s,4.157312152177,7.250927813135
experiment-matrix-20260816-a,Dyadic layout / multiply (bitbox-msb),256,19,12560,177560078.000000,14136.948885350319,18108575.059310346842,entries/s,4.150355687733,7.257884277579
experiment-matrix-20260816-a,Dyadic layout / multiply (bitbox-msb),4096,0,20,9758309.000000,487915.450000000012,8394897.107685357332,entries/s,5.688344570405,6.924015377563
experiment-matrix-20260816-a,Dyadic layout / multiply (bitbox-msb),4096,1,40,19397916.000000,484947.900000000023,8446268.145505938679,entries/s,5.685695083019,6.926664864949
experiment-matrix-20260816-a,Dyadic layout / multiply (bitbox-msb),4096,2,60,29398933.000000,489982.216666666674,8359487.060295691714,entries/s,5.690180318103,6.922179629865
experiment-matrix-20260816-a,Dyadic layout / multiply (bitbox-msb),4096,3,80,41893193.000000,523664.912499999977,7821795.774793294258,entries/s,5.719053475528,6.893306472440
experiment-matrix-20260816-a,Dyadic layout / multiply (bitbox-msb),4096,4,100,48359234.000000,483592.340000000026,8469943.920120818540,entries/s,5.684479413111,6.927880534857
experiment-matrix-20260816-a,Dyadic layout / multiply (bitbox-msb),4096,5,120,58471279.000000,487260.658333333326,8406178.356385875493,entries/s,5.687761347645,6.924598600322
experiment-matrix-20260816-a,Dyadic layout / multiply (bitbox-msb),4096,6,140,68330635.000000,488075.964285714261,8392136.265088126063,entries/s,5.688487420983,6.923872526984
experiment-matrix-20260816-a,Dyadic layout / multiply (bitbox-msb),4096,7,160,84751358.000000,529695.987500000047,7732737.450649462640,entries/s,5.724026683124,6.888333264844
experiment-matrix-20260816-a,Dyadic layout / multiply (bitbox-msb),4096,8,180,87948141.000000,488600.783333333326,8383122.049163040705,entries/s,5.688954158906,6.923405789061
experiment-matrix-20260816-a,Dyadic layout / multiply (bitbox-msb),4096,9,200,97487001.000000,487435.005000000005,8403171.618747405708,entries/s,5.687916714698,6.924443233270
experiment-matrix-20260816-a,Dyadic layout / multiply (bitbox-msb),4096,10,220,110561357.000000,502551.622727272741,8150406.475202723406,entries/s,5.701180679653,6.911179268315
experiment-matrix-20260816-a,Dyadic layout / multiply (bitbox-msb),4096,11,240,121831622.000000,507631.758333333360,8068841.109248302877,entries/s,5.705548784497,6.906811163470
experiment-matrix-20260816-a,Dyadic layout / multiply (bitbox-msb),4096,12,260,131630254.000000,506270.207692307711,8090541.252013385296,entries/s,5.704382371362,6.907977576606
experiment-matrix-20260816-a,Dyadic layout / multiply (bitbox-msb),4096,13,280,140229136.000000,500818.342857142852,8178614.179010558873,entries/s,5.699680226863,6.912679721105
experiment-matrix-20260816-a,Dyadic layout / multiply (bitbox-msb),4096,14,300,158642490.000000,528808.300000000047,7745718.060779302381,entries/s,5.723298263073,6.889061684894
experiment-matrix-20260816-a,Dyadic layout / multiply (bitbox-msb),4096,15,320,153604616.000000,480014.424999999988,8533076.896595347673,entries/s,5.681254288633,6.931105659334
experiment-matrix-20260816-a,Dyadic layout / multiply (bitbox-msb),4096,16,340,166210791.000000,488855.267647058819,8378758.031420474872,entries/s,5.689180299275,6.923179648693
experiment-matrix-20260816-a,Dyadic layout / multiply (bitbox-msb),4096,17,360,178320150.000000,495333.750000000000,8269172.048139259219,entries/s,5.694897920026,6.917462027941
experiment-matrix-20260816-a,Dyadic layout / multiply (bitbox-msb),4096,18,380,192292907.000000,506033.965789473674,8094318.320332013071,entries/s,5.704179668342,6.908180279626
experiment-matrix-20260816-a,Dyadic layout / multiply (bitbox-msb),4096,19,400,193720324.000000,484300.809999999998,8457553.477971676737,entries/s,5.685115195411,6.927244752557
experiment-matrix-20260816-a,Dyadic layout / multiply (bitbox-msb),50000,0,2,16440137.000000,8220068.500000000000,6082674.371874151751,entries/s,6.914875436646,6.784094567690
experiment-matrix-20260816-a,Dyadic layout / multiply (bitbox-msb),50000,1,4,30932811.000000,7733202.750000000000,6465626.418497821316,entries/s,6.888359396710,6.810610607626
experiment-matrix-20260816-a,Dyadic layout / multiply (bitbox-msb),50000,2,6,48978934.000000,8163155.666666666977,6125082.264959053136,entries/s,6.911858078323,6.787111926013
experiment-matrix-20260816-a,Dyadic layout / multiply (bitbox-msb),50000,3,8,62332790.000000,7791598.750000000000,6417168.235209750943,entries/s,6.891626579247,6.807343425089
experiment-matrix-20260816-a,Dyadic layout / multiply (bitbox-msb),50000,4,10,77038320.000000,7703832.000000000000,6490276.527317833155,entries/s,6.886706803417,6.812263200919
experiment-matrix-20260816-a,Dyadic layout / multiply (bitbox-msb),50000,5,12,94551534.000000,7879294.500000000000,6345745.802495388314,entries/s,6.896487333165,6.802482671171
experiment-matrix-20260816-a,Dyadic layout / multiply (bitbox-msb),50000,6,14,109377172.000000,7812655.142857142724,6399872.909495227970,entries/s,6.892798654610,6.806171349726
experiment-matrix-20260816-a,Dyadic layout / multiply (bitbox-msb),50000,7,16,145000714.000000,9062544.625000000000,5517214.211786570959,entries/s,6.957250158100,6.741719846236
experiment-matrix-20260816-a,Dyadic layout / multiply (bitbox-msb),50000,8,18,143462215.000000,7970123.055555555969,6273428.860693388619,entries/s,6.901465026783,6.797504977553
experiment-matrix-20260816-a,Dyadic layout / multiply (bitbox-msb),50000,9,20,156325535.000000,7816276.750000000000,6396907.581349393353,entries/s,6.892999927997,6.805970076339
experiment-matrix-20260816-a,Dyadic layout / multiply (bitbox-msb),50000,10,22,184552612.000000,8388755.090909091756,5960359.964994696900,entries/s,6.923697515386,6.775272488950
experiment-matrix-20260816-a,Dyadic layout / multiply (bitbox-msb),50000,11,24,190343378.000000,7930974.083333333023,6304395.837715983391,entries/s,6.899326530702,6.799643473634
experiment-matrix-20260816-a,Dyadic layout / multiply (bitbox-msb),50000,12,26,212586889.000000,8176418.807692307979,6115146.640110999346,entries/s,6.912563128536,6.786406875800
experiment-matrix-20260816-a,Dyadic layout / multiply (bitbox-msb),50000,13,28,217827571.000000,7779556.107142857276,6427101.920904218219,entries/s,6.890954817334,6.808015187002
experiment-matrix-20260816-a,Dyadic layout / multiply (bitbox-msb),50000,14,30,236882468.000000,7896082.266666666605,6332254.187760320492,entries/s,6.897411664456,6.801558339880
experiment-matrix-20260816-a,Dyadic layout / multiply (bitbox-msb),50000,15,32,248176484.000000,7755515.125000000000,6447025.013054822572,entries/s,6.889610649154,6.809359355183
experiment-matrix-20260816-a,Dyadic layout / multiply (bitbox-msb),50000,16,34,264086842.000000,7767260.058823529631,6437276.416823523119,entries/s,6.890267846190,6.808702158146
experiment-matrix-20260816-a,Dyadic layout / multiply (bitbox-msb),50000,17,36,282310707.000000,7841964.083333333023,6375953.711171146482,entries/s,6.894424848874,6.804545155462
experiment-matrix-20260816-a,Dyadic layout / multiply (bitbox-msb),50000,18,38,293977796.000000,7736257.789473684505,6463073.149919117801,entries/s,6.888530932983,6.810439071353
experiment-matrix-20260816-a,Dyadic layout / multiply (bitbox-msb),50000,19,40,327040819.000000,8176020.474999999627,6115444.567792622373,entries/s,6.912541970385,6.786428033951
experiment-matrix-20260816-a,Dyadic layout / multiply (bitbox-msb),64,0,3205,9978986.000000,3113.568174726989,20555194.686113398522,entries/s,3.493258379479,7.312921594505
experiment-matrix-20260816-a,Dyadic layout / multiply (bitbox-msb),64,1,6410,19436835.000000,3032.267550702028,21106316.949235819280,entries/s,3.481767518420,7.324412455564
experiment-matrix-20260816-a,Dyadic layout / multiply (bitbox-msb),64,2,9615,27697931.000000,2880.700052002080,22216821.899079754949,entries/s,3.459498040460,7.346681933524
experiment-matrix-20260816-a,Dyadic layout / multiply (bitbox-msb),64,3,12820,40483063.000000,3157.805226209048,20267241.142301905900,entries/s,3.499385339165,7.306794634819
experiment-matrix-20260816-a,Dyadic layout / multiply (bitbox-msb),64,4,16025,48022772.000000,2996.740842433697,21356534.770629234612,entries/s,3.476649186867,7.329530787117
experiment-matrix-20260816-a,Dyadic layout / multiply (bitbox-msb),64,5,19230,58658047.000000,3050.340457618305,20981264.514312930405,entries/s,3.484348314958,7.321831659026
experiment-matrix-20260816-a,Dyadic layout / multiply (bitbox-msb),64,6,22435,70686625.000000,3150.729886338311,20312753.650354646146,entries/s,3.498411172485,7.307768801499
experiment-matrix-20260816-a,Dyadic layout / multiply (bitbox-msb),64,7,25640,79900686.000000,3116.251404056162,20537495.760674696416,entries/s,3.493632487187,7.312547486797
experiment-matrix-20260816-a,Dyadic layout / multiply (bitbox-msb),64,8,28845,92523315.000000,3207.603224128965,19952592.489795681089,entries/s,3.506180641336,7.299999332648
experiment-matrix-20260816-a,Dyadic layout / multiply (bitbox-msb),64,9,32050,113002145.000000,3525.807956318253,18151867.825163848698,entries/s,3.547258653459,7.258921320525
experiment-matrix-20260816-a,Dyadic layout / multiply (bitbox-msb),64,10,35255,107418742.000000,3046.908013047795,21004900.615946516395,entries/s,3.483859342956,7.322320631028
experiment-matrix-20260816-a,Dyadic layout / multiply (bitbox-msb),64,11,38460,111349633.000000,2895.206266250650,22105506.176208052784,entries/s,3.461679510068,7.344500463916
experiment-matrix-20260816-a,Dyadic layout / multiply (bitbox-msb),64,12,41665,127610256.000000,3062.768654746190,20896126.091934178025,entries/s,3.486114193750,7.320065780234
experiment-matrix-20260816-a,Dyadic layout / multiply (bitbox-msb),64,13,44870,133988490.000000,2986.148651660352,21432288.698827788234,entries/s,3.475111423278,7.331068550706
experiment-matrix-20260816-a,Dyadic layout / multiply (bitbox-msb),64,14,48075,144002869.000000,2995.379490379615,21366240.973990593106,entries/s,3.476451851813,7.329728122171
experiment-matrix-20260816-a,Dyadic layout / multiply (bitbox-msb),64,15,51280,149343200.000000,2912.308892355694,21975690.891851786524,entries/s,3.464237436277,7.341942537707
experiment-matrix-20260816-a,Dyadic layout / multiply (bitbox-msb),64,16,54485,157593028.000000,2892.411269156649,22126867.186028052121,entries/s,3.461260044925,7.344919929059
experiment-matrix-20260816-a,Dyadic layout / multiply (bitbox-msb),64,17,57690,166036761.000000,2878.085647425897,22237003.286278270185,entries/s,3.459103713732,7.347076260252
experiment-matrix-20260816-a,Dyadic layout / multiply (bitbox-msb),64,18,60895,175178806.000000,2876.735462681665,22247440.138392083347,entries/s,3.458899927104,7.347280046880
experiment-matrix-20260816-a,Dyadic layout / multiply (bitbox-msb),64,19,64100,186032668.000000,2902.225709828393,22052040.881335958838,entries/s,3.462731185056,7.343448788928
experiment-matrix-20260816-a,Dyadic layout / multiply (bitbox-msb),8,0,22236,8635679.000000,388.364768843317,20599190.868488740176,entries/s,2.589239825276,7.313850161716
experiment-matrix-20260816-a,Dyadic layout / multiply (bitbox-msb),8,1,44472,16993595.000000,382.118973736284,20935887.903648402542,entries/s,2.582198602683,7.320891384309
experiment-matrix-20260816-a,Dyadic layout / multiply (bitbox-msb),8,2,66708,24964584.000000,374.236733225400,21376843.291280157864,entries/s,2.573146413453,7.329943573539
experiment-matrix-20260816-a,Dyadic layout / multiply (bitbox-msb),8,3,88944,33194710.000000,373.209097859327,21435704.664990294725,entries/s,2.571952222164,7.331137764828
experiment-matrix-20260816-a,Dyadic layout / multiply (bitbox-msb),8,4,111180,42754846.000000,384.555189782335,20803255.846132624894,entries/s,2.584958676772,7.318131310220
experiment-matrix-20260816-a,Dyadic layout / multiply (bitbox-msb),8,5,133416,55127553.000000,413.200463212808,19361062.516233939677,entries/s,2.616160799708,7.286929187284
experiment-matrix-20260816-a,Dyadic layout / multiply (bitbox-msb),8,6,155652,73994755.000000,475.385828643384,16828436.015498667955,entries/s,2.677046231171,7.226043755821
experiment-matrix-20260816-a,Dyadic layout / multiply (bitbox-msb),8,7,177888,67617314.000000,380.111721982371,21046443.814671490341,entries/s,2.579911262694,7.323178724298
experiment-matrix-20260816-a,Dyadic layout / multiply (bitbox-msb),8,8,200124,80179636.000000,400.649777138174,19967563.833789419383,entries/s,2.602764905500,7.300325081492
experiment-matrix-20260816-a,Dyadic layout / multiply (bitbox-msb),8,9,222360,86264955.000000,387.951767404209,20621120.129257589579,entries/s,2.588777734738,7.314312252254
experiment-matrix-20260816-a,Dyadic layout / multiply (bitbox-msb),8,10,244596,94037015.000000,384.458515265990,20808486.955907735974,entries/s,2.584849484416,7.318240502576
experiment-matrix-20260816-a,Dyadic layout / multiply (bitbox-msb),8,11,266832,101403434.000000,380.027260598429,21051121.404823429883,entries/s,2.579814751098,7.323275235894
experiment-matrix-20260816-a,Dyadic layout / multiply (bitbox-msb),8,12,289068,111336311.000000,385.156125894253,20770797.767854910344,entries/s,2.585636809690,7.317453177302
experiment-matrix-20260816-a,Dyadic layout / multiply (bitbox-msb),8,13,311304,117962950.000000,378.931687353841,21111984.737580738962,entries/s,2.578560923743,7.324529063249
experiment-matrix-20260816-a,Dyadic layout / multiply (bitbox-msb),8,14,333540,130788889.000000,392.123550398753,20401733.055473845452,entries/s,2.593422926210,7.309667060782
experiment-matrix-20260816-a,Dyadic layout / multiply (bitbox-msb),8,15,355776,134425013.000000,377.836090686275,21173202.341442212462,entries/s,2.577303439127,7.325786547865
experiment-matrix-20260816-a,Dyadic layout / multiply (bitbox-msb),8,16,378012,144801652.000000,383.060992772716,20884402.617174562067,entries/s,2.583267929884,7.319822057108
experiment-matrix-20260816-a,Dyadic layout / multiply (bitbox-msb),8,17,400248,156299969.000000,390.507807659251,20486146.097700119019,entries/s,2.591629721413,7.311460265579
experiment-matrix-20260816-a,Dyadic layout / multiply (bitbox-msb),8,18,422484,161580861.000000,382.454391172210,20917526.859817884862,entries/s,2.582579651664,7.320510335328
experiment-matrix-20260816-a,Dyadic layout / multiply (bitbox-msb),8,19,444720,165723465.000000,372.646755261738,21468052.215780064464,entries/s,2.571297344061,7.331792642931
experiment-matrix-20260816-a,Dyadic layout / multiply (little-endian-bytes),16,0,57007,9818943.000000,172.241005490554,92893094.501108720899,entries/s,2.236136552102,7.967983430554
experiment-matrix-20260816-a,Dyadic layout / multiply (little-endian-bytes),16,1,114014,19108920.000000,167.601522620029,95464526.514318957925,entries/s,2.224277959774,7.979842022882
experiment-matrix-20260816-a,Dyadic layout / multiply (little-endian-bytes),16,2,171021,29384975.000000,171.820858257173,93120242.572947576642,entries/s,2.235075884036,7.969044098620
experiment-matrix-20260816-a,Dyadic layout / multiply (little-endian-bytes),16,3,228028,38833502.000000,170.301462978231,93951042.581737801433,entries/s,2.231218378794,7.972901603862
experiment-matrix-20260816-a,Dyadic layout / multiply (little-endian-bytes),16,4,285035,49436552.000000,173.440286280632,92250770.239801526070,entries/s,2.239149981706,7.964970000950
experiment-matrix-20260816-a,Dyadic layout / multiply (little-endian-bytes),16,5,342042,66179002.000000,193.482092842399,82694991.381103023887,entries/s,2.286640776385,7.917479206271
experiment-matrix-20260816-a,Dyadic layout / multiply (little-endian-bytes),16,6,399049,82132744.000000,205.821199902769,77737375.972730189562,entries/s,2.313490105735,7.890629876920
experiment-matrix-20260816-a,Dyadic layout / multiply (little-endian-bytes),16,7,456056,76057392.000000,166.772045538267,95939340.123574048281,entries/s,2.222123255619,7.981996727037
experiment-matrix-20260816-a,Dyadic layout / multiply (little-endian-bytes),16,8,513063,85223945.000000,166.108148511976,96322788.155371129513,entries/s,2.220390937490,7.983729045165
experiment-matrix-20260816-a,Dyadic layout / multiply (little-endian-bytes),16,9,570070,93950386.000000,164.804999386040,97084433.479602724314,entries/s,2.216970381954,7.987149600702
experiment-matrix-20260816-a,Dyadic layout / multiply (little-endian-bytes),16,10,627077,103486036.000000,165.029232454707,96952520.241474896669,entries/s,2.217560879785,7.986559102871
experiment-matrix-20260816-a,Dyadic layout / multiply (little-endian-bytes),16,11,684084,121557237.000000,177.693436770923,90042717.900868386030,entries/s,2.249671387137,7.954448595519
experiment-matrix-20260816-a,Dyadic layout / multiply (little-endian-bytes),16,12,741091,126848202.000000,171.164137737471,93477525.207649379969,entries/s,2.233412776613,7.970707206043
experiment-matrix-20260816-a,Dyadic layout / multiply (little-endian-bytes),16,13,798098,132020524.000000,165.418938526346,96724112.381193101406,entries/s,2.218585229682,7.985534752974
experiment-matrix-20260816-a,Dyadic layout / multiply (little-endian-bytes),16,14,855105,140894333.000000,164.768458844236,97105963.800545468926,entries/s,2.216874079564,7.987245903092
experiment-matrix-20260816-a,Dyadic layout / multiply (little-endian-bytes),16,15,912112,155000622.000000,169.935953040855,94153118.946838811040,entries/s,2.230285271485,7.973834711171
experiment-matrix-20260816-a,Dyadic layout / multiply (little-endian-bytes),16,16,969119,159130951.000000,164.201662540926,97441157.125994920731,entries/s,2.215377550035,7.988742432621
experiment-matrix-20260816-a,Dyadic layout / multiply (little-endian-bytes),16,17,1026126,170300686.000000,165.964692445177,96406047.360255494714,entries/s,2.220015705467,7.984104277189
experiment-matrix-20260816-a,Dyadic layout / multiply (little-endian-bytes),16,18,1083133,177786087.000000,164.140587536341,97477413.966594576836,entries/s,2.215215983634,7.988903999022
experiment-matrix-20260816-a,Dyadic layout / multiply (little-endian-bytes),16,19,1140140,187501497.000000,164.454801164769,97291169.893966227770,entries/s,2.216046556985,7.988073425671
experiment-matrix-20260816-a,Dyadic layout / multiply (little-endian-bytes),200000,0,1,18593638.000000,18593638.000000000000,10756367.312303273007,entries/s,7.269364371415,7.031665624249
experiment-matrix-20260816-a,Dyadic layout / multiply (little-endian-bytes),200000,1,2,37788274.000000,18894137.000000000000,10585294.263506187126,entries/s,7.276327060069,7.024702935595
experiment-matrix-20260816-a,Dyadic layout / multiply (little-endian-bytes),200000,2,3,57216957.000000,19072319.000000000000,10486401.784701691940,entries/s,7.280403502048,7.020626493616
experiment-matrix-20260816-a,Dyadic layout / multiply (little-endian-bytes),200000,3,4,81452222.000000,20363055.500000000000,9821708.731285439804,entries/s,7.308842944943,6.992187050721
experiment-matrix-20260816-a,Dyadic layout / multiply (little-endian-bytes),200000,4,5,94174377.000000,18834875.399999998510,10618599.579373911023,entries/s,7.274962751522,7.026067244141
experiment-matrix-20260816-a,Dyadic layout / multiply (little-endian-bytes),200000,5,6,113144877.000000,18857479.500000000000,10605871.267154235393,entries/s,7.275483644266,7.025546351398
experiment-matrix-20260816-a,Dyadic layout / multiply (little-endian-bytes),200000,6,7,132596455.000000,18942350.714285712689,10558351.654273111373,entries/s,7.277433873236,7.023596122428
experiment-matrix-20260816-a,Dyadic layout / multiply (little-endian-bytes),200000,7,8,147167810.000000,18395976.250000000000,10871942.716277424246,entries/s,7.264722840209,7.036307155455
experiment-matrix-20260816-a,Dyadic layout / multiply (little-endian-bytes),200000,8,9,164201020.000000,18244557.777777776122,10962173.072980912402,entries/s,7.261133341146,7.039896654518
experiment-matrix-20260816-a,Dyadic layout / multiply (little-endian-bytes),200000,9,10,182992872.000000,18299287.199999999255,10929387.457233853638,entries/s,7.262434173275,7.038595822389
experiment-matrix-20260816-a,Dyadic layout / multiply (little-endian-bytes),200000,10,11,200919009.000000,18265364.454545453191,10949685.701465908438,entries/s,7.261628342248,7.039401653416
experiment-matrix-20260816-a,Dyadic layout / multiply (little-endian-bytes),200000,11,12,220571367.000000,18380947.250000000000,10880832.052874751389,entries/s,7.264367888707,7.036662106957
experiment-matrix-20260816-a,Dyadic layout / multiply (little-endian-bytes),200000,12,13,238948545.000000,18380657.307692307979,10881003.690564425662,entries/s,7.264361038062,7.036668957602
experiment-matrix-20260816-a,Dyadic layout / multiply (little-endian-bytes),200000,13,14,255094191.000000,18221013.642857141793,10976337.755962463096,entries/s,7.260572533299,7.040457462365
experiment-matrix-20260816-a,Dyadic layout / multiply (little-endian-bytes),200000,14,15,280995366.000000,18733024.399999998510,10676332.648133423179,entries/s,7.272607898795,7.028422096869
experiment-matrix-20260816-a,Dyadic layout / multiply (little-endian-bytes),200000,15,16,294705551.000000,18419096.937500000000,10858295.641672525555,entries/s,7.265268333533,7.035761662131
experiment-matrix-20260816-a,Dyadic layout / multiply (little-endian-bytes),200000,16,17,317838455.000000,18696379.705882351846,10697258.140145439655,entries/s,7.271757519586,7.029272476078
experiment-matrix-20260816-a,Dyadic layout / multiply (little-endian-bytes),200000,17,18,332069599.000000,18448311.055555555969,10841100.813929069787,entries/s,7.265956612618,7.035073383046
experiment-matrix-20260816-a,Dyadic layout / multiply (little-endian-bytes),200000,18,19,349466434.000000,18392970.210526317358,10873719.563006728888,entries/s,7.264651867459,7.036378128205
experiment-matrix-20260816-a,Dyadic layout / multiply (little-endian-bytes),200000,19,20,365313761.000000,18265688.050000000745,10949491.716519268230,entries/s,7.261636036290,7.039393959374
experiment-matrix-20260816-a,Dyadic layout / multiply (little-endian-bytes),256,0,7567,10147713.000000,1341.048367913308,190895426.388192087412,entries/s,3.127444441937,8.280795523374
experiment-matrix-20260816-a,Dyadic layout / multiply (little-endian-bytes),256,1,15134,19076143.000000,1260.482555834545,203096820.987345308065,entries/s,3.100536839733,8.307703125579
experiment-matrix-20260816-a,Dyadic layout / multiply (little-endian-bytes),256,2,22701,28682649.000000,1263.497158715475,202612248.262006759644,entries/s,3.101574269639,8.306665695673
experiment-matrix-20260816-a,Dyadic layout / multiply (little-endian-bytes),256,3,30268,40160565.000000,1326.832463327607,192940711.864984959364,entries/s,3.122816088768,8.285423876544
experiment-matrix-20260816-a,Dyadic layout / multiply (little-endian-bytes),256,4,37835,53620599.000000,1417.222122373464,180635057.806795477867,entries/s,3.151437922909,8.256802042403
experiment-matrix-20260816-a,Dyadic layout / multiply (little-endian-bytes),256,5,45402,60473984.000000,1331.967402317078,192196895.775876134634,entries/s,3.124493596330,8.283746368981
experiment-matrix-20260816-a,Dyadic layout / multiply (little-endian-bytes),256,6,52969,66606868.000000,1257.468859144028,203583570.390969276428,entries/s,3.099497238683,8.308742726629
experiment-matrix-20260816-a,Dyadic layout / multiply (little-endian-bytes),256,7,60536,75359471.000000,1244.870341614907,205643906.391009539366,entries/s,3.095124120224,8.313115845088
experiment-matrix-20260816-a,Dyadic layout / multiply (little-endian-bytes),256,8,68103,84000026.000000,1233.426222046018,207551935.757734179497,entries/s,3.091113177079,8.317126788232
experiment-matrix-20260816-a,Dyadic layout / multiply (little-endian-bytes),256,9,75670,102301704.000000,1351.945341614907,189356767.703497886658,entries/s,3.130959133680,8.277280831631
experiment-matrix-20260816-a,Dyadic layout / multiply (little-endian-bytes),256,10,83237,118616040.000000,1425.039826038901,179644102.096141457558,entries/s,3.153827001879,8.254412963432
experiment-matrix-20260816-a,Dyadic layout / multiply (little-endian-bytes),256,11,90804,109743087.000000,1208.571065151315,211820394.664130389690,entries/s,3.082272192431,8.325967772880
experiment-matrix-20260816-a,Dyadic layout / multiply (little-endian-bytes),256,12,98371,119776561.000000,1217.600319199764,210249616.366928398609,entries/s,3.085504753279,8.322735212033
experiment-matrix-20260816-a,Dyadic layout / multiply (little-endian-bytes),256,13,105938,125643141.000000,1186.006352772376,215850445.827361166477,entries/s,3.074087015307,8.334152950005
experiment-matrix-20260816-a,Dyadic layout / multiply (little-endian-bytes),256,14,113505,135132704.000000,1190.544064138144,215027740.435061514378,entries/s,3.075745474044,8.332494491268
experiment-matrix-20260816-a,Dyadic layout / multiply (little-endian-bytes),256,15,121072,143700524.000000,1186.901380996432,215687675.571732759476,entries/s,3.074414635156,8.333825330155
experiment-matrix-20260816-a,Dyadic layout / multiply (little-endian-bytes),256,16,128639,155091720.000000,1205.635305000816,212336184.033551245928,entries/s,3.081215957076,8.327024008236
experiment-matrix-20260816-a,Dyadic layout / multiply (little-endian-bytes),256,17,136206,164789693.000000,1209.856342598711,211595369.620598763227,entries/s,3.082733805589,8.325506159723
experiment-matrix-20260816-a,Dyadic layout / multiply (little-endian-bytes),256,18,143773,174677939.000000,1214.956486962086,210707134.574103266001,entries/s,3.084560724181,8.323679241131
experiment-matrix-20260816-a,Dyadic layout / multiply (little-endian-bytes),256,19,151340,180211934.000000,1190.775300647549,214985984.224551945925,entries/s,3.075829817826,8.332410147486
experiment-matrix-20260816-a,Dyadic layout / multiply (little-endian-bytes),4096,0,151,9336143.000000,61828.761589403970,66247485.712247557938,entries/s,4.791190547804,7.821169400163
experiment-matrix-20260816-a,Dyadic layout / multiply (little-endian-bytes),4096,1,302,18755882.000000,62105.569536423842,65952217.016507141292,entries/s,4.793130548815,7.819229399152
experiment-matrix-20260816-a,Dyadic layout / multiply (little-endian-bytes),4096,2,453,29886403.000000,65974.399558498902,62084687.809369355440,entries/s,4.819375446340,7.792984501628
experiment-matrix-20260816-a,Dyadic layout / multiply (little-endian-bytes),4096,3,604,37669745.000000,62367.127483443706,65675623.766500145197,entries/s,4.794955741697,7.817404206271
experiment-matrix-20260816-a,Dyadic layout / multiply (little-endian-bytes),4096,4,755,46654806.000000,61794.445033112584,66284275.193428084254,entries/s,4.790949436256,7.821410511712
experiment-matrix-20260816-a,Dyadic layout / multiply (little-endian-bytes),4096,5,906,55730597.000000,61512.800220750549,66587766.859917186201,entries/s,4.788965497675,7.823394450293
experiment-matrix-20260816-a,Dyadic layout / multiply (little-endian-bytes),4096,6,1057,64919356.000000,61418.501419110689,66690002.285296857357,entries/s,4.788299215667,7.824060732301
experiment-matrix-20260816-a,Dyadic layout / multiply (little-endian-bytes),4096,7,1208,76338135.000000,63193.820364238411,64816464.274376101792,entries/s,4.800674611306,7.811685336662
experiment-matrix-20260816-a,Dyadic layout / multiply (little-endian-bytes),4096,8,1359,85662135.000000,63033.211920529800,64981616.439982496202,entries/s,4.799569437600,7.812790510367
experiment-matrix-20260816-a,Dyadic layout / multiply (little-endian-bytes),4096,9,1510,95890747.000000,63503.805960264901,64500071.106965094805,entries/s,4.802799754552,7.809560193416
experiment-matrix-20260816-a,Dyadic layout / multiply (little-endian-bytes),4096,10,1661,103256184.000000,62165.071643588199,65889089.993873879313,entries/s,4.793546438498,7.818813509469
experiment-matrix-20260816-a,Dyadic layout / multiply (little-endian-bytes),4096,11,1812,115322352.000000,63643.682119205296,64358312.775306560099,entries/s,4.803755297904,7.808604650064
experiment-matrix-20260816-a,Dyadic layout / multiply (little-endian-bytes),4096,12,1963,122756248.000000,62535.021905247071,65499297.436982594430,entries/s,4.796123306310,7.816236641658
experiment-matrix-20260816-a,Dyadic layout / multiply (little-endian-bytes),4096,13,2114,130823644.000000,61884.410596026493,66187913.249075978994,entries/s,4.791581258958,7.820778689009
experiment-matrix-20260816-a,Dyadic layout / multiply (little-endian-bytes),4096,14,2265,139163269.000000,61440.736865342165,66665867.126188300550,entries/s,4.788456415595,7.823903532373
experiment-matrix-20260816-a,Dyadic layout / multiply (little-endian-bytes),4096,15,2416,148077587.000000,61290.391970198674,66829398.023618526757,entries/s,4.787392398803,7.824967549165
experiment-matrix-20260816-a,Dyadic layout / multiply (little-endian-bytes),4096,16,2567,158495602.000000,61743.514608492405,66338951.159035943449,entries/s,4.790591347071,7.821768600897
experiment-matrix-20260816-a,Dyadic layout / multiply (little-endian-bytes),4096,17,2718,182191714.000000,67031.535688005883,61105567.073154605925,entries/s,4.826279169165,7.786080778802
experiment-matrix-20260816-a,Dyadic layout / multiply (little-endian-bytes),4096,18,2869,179445895.000000,62546.495294527711,65487282.392277628183,entries/s,4.796202979627,7.816156968341
experiment-matrix-20260816-a,Dyadic layout / multiply (little-endian-bytes),4096,19,3020,184644911.000000,61140.699006622519,66993018.832780070603,entries/s,4.786330399601,7.826029548367
experiment-matrix-20260816-a,Dyadic layout / multiply (little-endian-bytes),50000,0,4,9691155.000000,2422788.750000000000,20637375.008448425680,entries/s,6.384315548389,7.314654455947
experiment-matrix-20260816-a,Dyadic layout / multiply (little-endian-bytes),50000,1,8,19267433.000000,2408429.125000000000,20760419.927241995931,entries/s,6.381733870466,7.317236133870
experiment-matrix-20260816-a,Dyadic layout / multiply (little-endian-bytes),50000,2,12,28916331.000000,2409694.250000000000,20749520.400772836059,entries/s,6.381961941346,7.317008062990
experiment-matrix-20260816-a,Dyadic layout / multiply (little-endian-bytes),50000,3,16,38978470.000000,2436154.375000000000,20524150.896636012942,entries/s,6.386704805343,7.312265198993
experiment-matrix-20260816-a,Dyadic layout / multiply (little-endian-bytes),50000,4,20,46930142.000000,2346507.100000000093,21308267.083445005119,entries/s,6.370421872627,7.328548131709
experiment-matrix-20260816-a,Dyadic layout / multiply (little-endian-bytes),50000,5,24,57277666.000000,2386569.416666666511,20950574.347774576396,entries/s,6.377774070941,7.321195933395
experiment-matrix-20260816-a,Dyadic layout / multiply (little-endian-bytes),50000,6,28,66916631.000000,2389879.678571428638,20921555.360430501401,entries/s,6.378376036409,7.320593967927
experiment-matrix-20260816-a,Dyadic layout / multiply (little-endian-bytes),50000,7,32,77856575.000000,2433017.968750000000,20550608.603062748909,entries/s,6.386145316370,7.312824687966
experiment-matrix-20260816-a,Dyadic layout / multiply (little-endian-bytes),50000,8,36,85523972.000000,2375665.888888888992,21046730.617235597223,entries/s,6.375785361892,7.323184642444
experiment-matrix-20260816-a,Dyadic layout / multiply (little-endian-bytes),50000,9,40,94946991.000000,2373674.774999999907,21064385.284205585718,entries/s,6.375421214577,7.323548789759
experiment-matrix-20260816-a,Dyadic layout / multiply (little-endian-bytes),50000,10,44,106051163.000000,2410253.704545454588,20744704.138699542731,entries/s,6.382062759042,7.316907245294
experiment-matrix-20260816-a,Dyadic layout / multiply (little-endian-bytes),50000,11,48,116251628.000000,2421908.916666666511,20644872.173317007720,entries/s,6.384157806134,7.314812198202
experiment-matrix-20260816-a,Dyadic layout / multiply (little-endian-bytes),50000,12,52,130431943.000000,2508306.596153846011,19933767.298092003912,entries/s,6.399380620229,7.299589384107
experiment-matrix-20260816-a,Dyadic layout / multiply (little-endian-bytes),50000,13,56,130676645.000000,2333511.517857142724,21426935.165040396154,entries/s,6.368009948838,7.330960055498
experiment-matrix-20260816-a,Dyadic layout / multiply (little-endian-bytes),50000,14,60,139569126.000000,2326152.100000000093,21494725.129968930036,entries/s,6.366638108514,7.332331895822
experiment-matrix-20260816-a,Dyadic layout / multiply (little-endian-bytes),50000,15,64,150176920.000000,2346514.375000000000,21308201.020503018051,entries/s,6.370423219091,7.328546785245
experiment-matrix-20260816-a,Dyadic layout / multiply (little-endian-bytes),50000,16,68,158506580.000000,2330979.117647058796,21450213.612583149225,entries/s,6.367538382859,7.331431621477
experiment-matrix-20260816-a,Dyadic layout / multiply (little-endian-bytes),50000,17,72,167944279.000000,2332559.430555555504,21435681.057048689574,entries/s,6.367832717813,7.331137286523
experiment-matrix-20260816-a,Dyadic layout / multiply (little-endian-bytes),50000,18,76,183241497.000000,2411072.328947368544,20737660.749409832060,entries/s,6.382210238827,7.316759765509
experiment-matrix-20260816-a,Dyadic layout / multiply (little-endian-bytes),50000,19,80,199108194.000000,2488852.424999999814,20089580.040086146444,entries/s,6.395999146143,7.302970858193
experiment-matrix-20260816-a,Dyadic layout / multiply (little-endian-bytes),64,0,27546,9721187.000000,352.907391272780,181350693.078941881657,entries/s,2.547660754295,8.258519219689
experiment-matrix-20260816-a,Dyadic layout / multiply (little-endian-bytes),64,1,55092,19710011.000000,357.765392434473,178888180.224759876728,entries/s,2.553598327842,8.252581646142
experiment-matrix-20260816-a,Dyadic layout / multiply (little-endian-bytes),64,2,82638,28865729.000000,349.303335027469,183221840.681730240583,entries/s,2.543202732151,8.262977241833
experiment-matrix-20260816-a,Dyadic layout / multiply (little-endian-bytes),64,3,110184,37315955.000000,338.669452915124,188974823.235798209906,entries/s,2.529776026203,8.276403947781
experiment-matrix-20260816-a,Dyadic layout / multiply (little-endian-bytes),64,4,137730,55519515.000000,403.104007841429,158767957.537093043327,entries/s,2.605417116126,8.200762857858
experiment-matrix-20260816-a,Dyadic layout / multiply (little-endian-bytes),64,5,165276,56197742.000000,340.023608993441,188222224.302179276943,entries/s,2.531509072629,8.274670901355
experiment-matrix-20260816-a,Dyadic layout / multiply (little-endian-bytes),64,6,192822,67497903.000000,350.052914086567,182829502.125421583652,entries/s,2.544133697376,8.262046276608
experiment-matrix-20260816-a,Dyadic layout / multiply (little-endian-bytes),64,7,220368,76105849.000000,345.357987548101,185314955.227685600519,entries/s,2.538269504958,8.267910469026
experiment-matrix-20260816-a,Dyadic layout / multiply (little-endian-bytes),64,8,247914,85009395.000000,342.898726977904,186644029.168776005507,entries/s,2.535165872786,8.271014101198
experiment-matrix-20260816-a,Dyadic layout / multiply (little-endian-bytes),64,9,275460,96659339.000000,350.901542873738,182387342.830887764692,entries/s,2.545185277763,8.260994696221
experiment-matrix-20260816-a,Dyadic layout / multiply (little-endian-bytes),64,10,303006,112393344.000000,370.927783608245,172540324.096060365438,entries/s,2.569289364512,8.236890609472
experiment-matrix-20260816-a,Dyadic layout / multiply (little-endian-bytes),64,11,330552,110225008.000000,333.457392482877,191928568.515050590038,entries/s,2.523040349822,8.283139624162
experiment-matrix-20260816-a,Dyadic layout / multiply (little-endian-bytes),64,12,358098,120364719.000000,336.122287753632,190406891.574266046286,entries/s,2.526497310826,8.279682663158
experiment-matrix-20260816-a,Dyadic layout / multiply (little-endian-bytes),64,13,385644,130643220.000000,338.766375206149,188920756.852135151625,entries/s,2.529900297210,8.276279676774
experiment-matrix-20260816-a,Dyadic layout / multiply (little-endian-bytes),64,14,413190,144113548.000000,348.782758537235,183495308.851878374815,entries/s,2.542555008207,8.263624965777
experiment-matrix-20260816-a,Dyadic layout / multiply (little-endian-bytes),64,15,440736,154601147.000000,350.779484770929,182450806.784764677286,entries/s,2.545034185859,8.261145788125
experiment-matrix-20260816-a,Dyadic layout / multiply (little-endian-bytes),64,16,468282,156600287.000000,334.414491695175,191379266.118458658457,entries/s,2.524285089122,8.281894884861
experiment-matrix-20260816-a,Dyadic layout / multiply (little-endian-bytes),64,17,495828,166442296.000000,335.685552247957,190654615.819527029991,entries/s,2.525932649815,8.280247324169
experiment-matrix-20260816-a,Dyadic layout / multiply (little-endian-bytes),64,18,523374,177915338.000000,339.939198355287,188268961.948632001877,entries/s,2.531401245924,8.274778728060
experiment-matrix-20260816-a,Dyadic layout / multiply (little-endian-bytes),64,19,550920,186855929.000000,339.170712626153,188695537.726287484169,entries/s,2.530418343897,8.275761630087
experiment-matrix-20260816-a,Dyadic layout / multiply (little-endian-bytes),8,0,51330,9486364.000000,184.811299435028,43287396.519888967276,entries/s,2.266728520630,7.636361466362
experiment-matrix-20260816-a,Dyadic layout / multiply (little-endian-bytes),8,1,102660,19349639.000000,188.482748879797,42444202.705797255039,entries/s,2.275271607013,7.627818379979
experiment-matrix-20260816-a,Dyadic layout / multiply (little-endian-bytes),8,2,153990,29232898.000000,189.836340022079,42141562.564204208553,entries/s,2.278379352245,7.624710634747
experiment-matrix-20260816-a,Dyadic layout / multiply (little-endian-bytes),8,3,205320,38204134.000000,186.071176699786,42994300.040932744741,entries/s,2.269679104083,7.633410882909
experiment-matrix-20260816-a,Dyadic layout / multiply (little-endian-bytes),8,4,256650,46421476.000000,180.874638612897,44229528.591464862227,entries/s,2.257377676409,7.645712310583
experiment-matrix-20260816-a,Dyadic layout / multiply (little-endian-bytes),8,5,307980,57138563.000000,185.526862133905,43120440.393294461071,entries/s,2.268406799298,7.634683187694
experiment-matrix-20260816-a,Dyadic layout / multiply (little-endian-bytes),8,6,359310,66582244.000000,185.305847318472,43171870.266192890704,entries/s,2.267889123680,7.635200863312
experiment-matrix-20260816-a,Dyadic layout / multiply (little-endian-bytes),8,7,410640,79947532.000000,194.690074030781,41090949.499229066074,entries/s,2.289343810259,7.613746176733
experiment-matrix-20260816-a,Dyadic layout / multiply (little-endian-bytes),8,8,461970,88034942.000000,190.564196809317,41980603.565343402326,entries/s,2.280041308743,7.623048678249
experiment-matrix-20260816-a,Dyadic layout / multiply (little-endian-bytes),8,9,513300,93029701.000000,181.238458990844,44140741.675607450306,entries/s,2.258250360864,7.644839626128
experiment-matrix-20260816-a,Dyadic layout / multiply (little-endian-bytes),8,10,564630,100001069.000000,177.109025379452,45169917.133585847914,entries/s,2.248240693164,7.654849293828
experiment-matrix-20260816-a,Dyadic layout / multiply (little-endian-bytes),8,11,615960,109143104.000000,177.191869601922,45148798.406906217337,entries/s,2.248443790531,7.654646196461
experiment-matrix-20260816-a,Dyadic layout / multiply (little-endian-bytes),8,12,667290,117955992.000000,176.768709256845,45256878.514488689601,entries/s,2.247405390769,7.655684596223
experiment-matrix-20260816-a,Dyadic layout / multiply (little-endian-bytes),8,13,718620,128031247.000000,178.162654810609,44902788.457570835948,entries/s,2.250816675518,7.652273311474
experiment-matrix-20260816-a,Dyadic layout / multiply (little-endian-bytes),8,14,769950,135976201.000000,176.603936619261,45299103.480615697801,entries/s,2.247000380062,7.656089606930
experiment-matrix-20260816-a,Dyadic layout / multiply (little-endian-bytes),8,15,821280,148668220.000000,181.020139294759,44193977.704179145396,entries/s,2.257726894748,7.645363092244
experiment-matrix-20260816-a,Dyadic layout / multiply (little-endian-bytes),8,16,872610,160239227.000000,183.632123170718,43565362.431509979069,entries/s,2.263948655599,7.639141331393
experiment-matrix-20260816-a,Dyadic layout / multiply (little-endian-bytes),8,17,923940,167305634.000000,181.078461804879,44179743.522564217448,entries/s,2.257866796667,7.645223190325
experiment-matrix-20260816-a,Dyadic layout / multiply (little-endian-bytes),8,18,975270,174171566.000000,178.588048437868,44795830.795940600336,entries/s,2.251852391444,7.651237595548
experiment-matrix-20260816-a,Dyadic layout / multiply (little-endian-bytes),8,19,1026600,187889821.000000,183.021450418858,43710723.424447774887,entries/s,2.262501992750,7.640587994242
experiment-matrix-20260816-a,Dyadic layout / multiply (native-biguint),16,0,198375,10541944.000000,53.141494643982,301082988.109214007854,entries/s,1.725433765101,8.478686217555
experiment-matrix-20260816-a,Dyadic layout / multiply (native-biguint),16,1,396750,19275872.000000,48.584428481411,329323622.817167460918,entries/s,1.686497098312,8.517622884344
experiment-matrix-20260816-a,Dyadic layout / multiply (native-biguint),16,2,595125,28257466.000000,47.481564377232,336972890.633576273918,entries/s,1.676525019238,8.527594963418
experiment-matrix-20260816-a,Dyadic layout / multiply (native-biguint),16,3,793500,40111471.000000,50.550057971014,316517935.729656934738,entries/s,1.703721657978,8.500398324678
experiment-matrix-20260816-a,Dyadic layout / multiply (native-biguint),16,4,991875,48929871.000000,49.330682797732,324341750.257220149040,entries/s,1.693117126677,8.511002855979
experiment-matrix-20260816-a,Dyadic layout / multiply (native-biguint),16,5,1190250,57944866.000000,48.682937198068,328657244.629748523235,entries/s,1.687376772730,8.516743209926
experiment-matrix-20260816-a,Dyadic layout / multiply (native-biguint),16,6,1388625,72686943.000000,52.344544423440,305667002.669241428375,entries/s,1.718871424310,8.485248558346
experiment-matrix-20260816-a,Dyadic layout / multiply (native-biguint),16,7,1587000,83510717.000000,52.621749842470,304056783.514384150505,entries/s,1.721165285678,8.482954696977
experiment-matrix-20260816-a,Dyadic layout / multiply (native-biguint),16,8,1785375,81670547.000000,45.744197717566,349771135.976351439953,entries/s,1.660336015145,8.543783967511
experiment-matrix-20260816-a,Dyadic layout / multiply (native-biguint),16,9,1983750,90828223.000000,45.786123755514,349450852.957896113396,entries/s,1.660733877796,8.543386104860
experiment-matrix-20260816-a,Dyadic layout / multiply (native-biguint),16,10,2182125,100368254.000000,45.995648278627,347858995.335317850113,entries/s,1.662716744334,8.541403238322
experiment-matrix-20260816-a,Dyadic layout / multiply (native-biguint),16,11,2380500,111612392.000000,46.886113001470,341252430.106506466866,entries/s,1.671044229924,8.533075752732
experiment-matrix-20260816-a,Dyadic layout / multiply (native-biguint),16,12,2578875,117347932.000000,45.503536231884,351621023.879653930664,entries/s,1.658045148444,8.546074834212
experiment-matrix-20260816-a,Dyadic layout / multiply (native-biguint),16,13,2777250,126952872.000000,45.711719146638,350019651.386854827404,entries/s,1.660027554736,8.544092427920
experiment-matrix-20260816-a,Dyadic layout / multiply (native-biguint),16,14,2975625,134852590.000000,45.319080865364,353052173.488102793694,entries/s,1.656281093178,8.547838889478
experiment-matrix-20260816-a,Dyadic layout / multiply (native-biguint),16,15,3174000,148905050.000000,46.914004410838,341049548.017343938351,entries/s,1.671302504346,8.532817478310
experiment-matrix-20260816-a,Dyadic layout / multiply (native-biguint),16,16,3372375,157183337.000000,46.609092108677,343280662.122601449490,entries/s,1.668470643460,8.535649339196
experiment-matrix-20260816-a,Dyadic layout / multiply (native-biguint),16,17,3570750,166853473.000000,46.727850731639,342408215.860151767731,entries/s,1.669575805915,8.534544176741
experiment-matrix-20260816-a,Dyadic layout / multiply (native-biguint),16,18,3769125,181170212.000000,48.066915265479,332869290.896452665329,entries/s,1.681846251811,8.522273730845
experiment-matrix-20260816-a,Dyadic layout / multiply (native-biguint),16,19,3967500,187694070.000000,47.307894139887,338209939.184546411037,entries/s,1.674933616326,8.529186366330
experiment-matrix-20260816-a,Dyadic layout / multiply (native-biguint),200000,0,1,17946316.000000,17946316.000000000000,11144348.511415936053,entries/s,7.253975310570,7.047054685094
experiment-matrix-20260816-a,Dyadic layout / multiply (native-biguint),200000,1,2,35490615.000000,17745307.500000000000,11270585.195550993085,entries/s,7.249083529431,7.051946466232
experiment-matrix-20260816-a,Dyadic layout / multiply (native-biguint),200000,2,3,53453880.000000,17817960.000000000000,11224629.531102325767,entries/s,7.250857979641,7.050172016023
experiment-matrix-20260816-a,Dyadic layout / multiply (native-biguint),200000,3,4,72904201.000000,18226050.250000000000,10973304.542491316795,entries/s,7.260692563308,7.040337432356
experiment-matrix-20260816-a,Dyadic layout / multiply (native-biguint),200000,4,5,98424463.000000,19684892.600000001490,10160075.752712005749,entries/s,7.294133049639,7.006896946025
experiment-matrix-20260816-a,Dyadic layout / multiply (native-biguint),200000,5,6,110250749.000000,18375124.833333332092,10884279.797500515357,entries/s,7.264230298191,7.036799697473
experiment-matrix-20260816-a,Dyadic layout / multiply (native-biguint),200000,6,7,129231893.000000,18461699.000000000000,10833239.129291404039,entries/s,7.266271665941,7.034758329723
experiment-matrix-20260816-a,Dyadic layout / multiply (native-biguint),200000,7,8,144391113.000000,18048889.125000000000,11081014.383482174948,entries/s,7.256450477060,7.044579518604
experiment-matrix-20260816-a,Dyadic layout / multiply (native-biguint),200000,8,9,162368731.000000,18040970.111111111939,11085878.351786835119,entries/s,7.256259887007,7.044770108657
experiment-matrix-20260816-a,Dyadic layout / multiply (native-biguint),200000,9,10,181060697.000000,18106069.699999999255,11046019.556635199115,entries/s,7.257824187871,7.043205807793
experiment-matrix-20260816-a,Dyadic layout / multiply (native-biguint),200000,10,11,197141154.000000,17921923.090909089893,11159516.698375418782,entries/s,7.253384609286,7.047645386378
experiment-matrix-20260816-a,Dyadic layout / multiply (native-biguint),200000,11,12,215230277.000000,17935856.416666667908,11150847.517610171810,entries/s,7.253722118573,7.047307877091
experiment-matrix-20260816-a,Dyadic layout / multiply (native-biguint),200000,12,13,238071022.000000,18313155.538461539894,10921110.759964728728,entries/s,7.262763183999,7.038266811665
experiment-matrix-20260816-a,Dyadic layout / multiply (native-biguint),200000,13,14,248554387.000000,17753884.785714287311,11265140.132087066770,entries/s,7.249293397188,7.051736598476
experiment-matrix-20260816-a,Dyadic layout / multiply (native-biguint),200000,14,15,266743750.000000,17782916.666666667908,11246748.986621053889,entries/s,7.250002993325,7.051027002339
experiment-matrix-20260816-a,Dyadic layout / multiply (native-biguint),200000,15,16,286399721.000000,17899982.562500000000,11173195.242044247687,entries/s,7.252852607907,7.048177387757
experiment-matrix-20260816-a,Dyadic layout / multiply (native-biguint),200000,16,17,306894152.000000,18052597.176470588893,11078738.313658058643,entries/s,7.256539691464,7.044490304200
experiment-matrix-20260816-a,Dyadic layout / multiply (native-biguint),200000,17,18,320846383.000000,17824799.055555555969,11220322.842162132263,entries/s,7.251024642616,7.050005353048
experiment-matrix-20260816-a,Dyadic layout / multiply (native-biguint),200000,18,19,345819382.000000,18201020.105263158679,10988395.092325970531,entries/s,7.260095729396,7.040934266268
experiment-matrix-20260816-a,Dyadic layout / multiply (native-biguint),200000,19,20,364502230.000000,18225111.500000000000,10973869.762058794498,entries/s,7.260670193982,7.040359801682
experiment-matrix-20260816-a,Dyadic layout / multiply (native-biguint),256,0,16747,9496362.000000,567.048546008240,451460464.544211804867,entries/s,2.753620241187,8.654619724124
experiment-matrix-20260816-a,Dyadic layout / multiply (native-biguint),256,1,33494,18868667.000000,563.344688600943,454428709.775841653347,entries/s,2.750774204001,8.657465761311
experiment-matrix-20260816-a,Dyadic layout / multiply (native-biguint),256,2,50241,28450610.000000,566.282717302601,452071010.076761126518,entries/s,2.753033307354,8.655206657958
experiment-matrix-20260816-a,Dyadic layout / multiply (native-biguint),256,3,66988,37919488.000000,566.063892040365,452245768.719240069389,entries/s,2.752865453087,8.655374512225
experiment-matrix-20260816-a,Dyadic layout / multiply (native-biguint),256,4,83735,47490160.000000,567.148265360960,451381086.102889537811,entries/s,2.753696608118,8.654543357194
experiment-matrix-20260816-a,Dyadic layout / multiply (native-biguint),256,5,100482,57181061.000000,569.067703668319,449858599.161005437374,entries/s,2.755163938768,8.653076026544
experiment-matrix-20260816-a,Dyadic layout / multiply (native-biguint),256,6,117229,72402820.000000,617.618677972174,414495236.511506021023,entries/s,2.790720421424,8.617519543888
experiment-matrix-20260816-a,Dyadic layout / multiply (native-biguint),256,7,133976,77602029.000000,579.223360900460,441971124.234393417835,entries/s,2.762846069255,8.645393896057
experiment-matrix-20260816-a,Dyadic layout / multiply (native-biguint),256,8,150723,89555139.000000,594.170358870245,430852862.614617764950,entries/s,2.773910982540,8.634328982772
experiment-matrix-20260816-a,Dyadic layout / multiply (native-biguint),256,9,167470,97726554.000000,583.546629247029,438696733.336161673069,entries/s,2.766075564778,8.642164400534
experiment-matrix-20260816-a,Dyadic layout / multiply (native-biguint),256,10,184217,122602123.000000,665.530993339377,384655264.085435152054,entries/s,2.823168285089,8.585071680223
experiment-matrix-20260816-a,Dyadic layout / multiply (native-biguint),256,11,200964,117383958.000000,584.104406759420,438277809.647549986839,entries/s,2.766490482775,8.641749482537
experiment-matrix-20260816-a,Dyadic layout / multiply (native-biguint),256,12,217711,125452147.000000,576.232468731483,444265142.787871181965,entries/s,2.760597725645,8.647642239667
experiment-matrix-20260816-a,Dyadic layout / multiply (native-biguint),256,13,234458,132666615.000000,565.843839834853,452421643.531042098999,entries/s,2.752696592221,8.655543373091
experiment-matrix-20260816-a,Dyadic layout / multiply (native-biguint),256,14,251205,142621827.000000,567.750749387950,450902090.884027123451,entries/s,2.754157716128,8.654082249184
experiment-matrix-20260816-a,Dyadic layout / multiply (native-biguint),256,15,267952,152359687.000000,568.608135039112,450222190.335688948631,entries/s,2.754813068821,8.653426896490
experiment-matrix-20260816-a,Dyadic layout / multiply (native-biguint),256,16,284699,163093144.000000,572.861667937014,446879263.054736375809,entries/s,2.758049763146,8.650190202166
experiment-matrix-20260816-a,Dyadic layout / multiply (native-biguint),256,17,301446,171245492.000000,568.080160294049,450640627.666858494282,entries/s,2.754409622185,8.653830343127
experiment-matrix-20260816-a,Dyadic layout / multiply (native-biguint),256,18,318193,181674920.000000,570.958254895614,448369031.894991338253,entries/s,2.756604356352,8.651635608960
experiment-matrix-20260816-a,Dyadic layout / multiply (native-biguint),256,19,334940,189876777.000000,566.897883202962,451580447.881733357906,entries/s,2.753504835338,8.654735129974
experiment-matrix-20260816-a,Dyadic layout / multiply (native-biguint),4096,0,175,9176600.000000,52437.714285714283,78111718.937297046185,entries/s,4.719643752912,7.892716195055
experiment-matrix-20260816-a,Dyadic layout / multiply (native-biguint),4096,1,350,19217554.000000,54907.297142857140,74598463.467307031155,entries/s,4.739630065730,7.872729882238
experiment-matrix-20260816-a,Dyadic layout / multiply (native-biguint),4096,2,525,27272640.000000,51947.885714285716,78848252.314407408237,entries/s,4.715567876411,7.896792071557
experiment-matrix-20260816-a,Dyadic layout / multiply (native-biguint),4096,3,700,36244613.000000,51778.018571428569,79106928.248895913363,entries/s,4.714145426942,7.898214521026
experiment-matrix-20260816-a,Dyadic layout / multiply (native-biguint),4096,4,875,46085955.000000,52669.662857142859,77767727.716611266136,entries/s,4.721560538412,7.890799409556
experiment-matrix-20260816-a,Dyadic layout / multiply (native-biguint),4096,5,1050,57507186.000000,54768.748571428572,74787175.293188571930,entries/s,4.738532817709,7.873827130258
experiment-matrix-20260816-a,Dyadic layout / multiply (native-biguint),4096,6,1225,64118872.000000,52341.936326530609,78254651.766175806522,entries/s,4.718849784799,7.893510163168
experiment-matrix-20260816-a,Dyadic layout / multiply (native-biguint),4096,7,1400,77699594.000000,55499.709999999999,73802187.434853270650,entries/s,4.744290713830,7.868069234138
experiment-matrix-20260816-a,Dyadic layout / multiply (native-biguint),4096,8,1575,84120309.000000,53409.720000000001,76690160.517598673701,entries/s,4.727620301190,7.884739646778
experiment-matrix-20260816-a,Dyadic layout / multiply (native-biguint),4096,9,1750,93619491.000000,53496.851999999999,76565252.848896607757,entries/s,4.728328226895,7.884031721073
experiment-matrix-20260816-a,Dyadic layout / multiply (native-biguint),4096,10,1925,103720223.000000,53880.635324675328,76019890.547285065055,entries/s,4.731432707993,7.880927239974
experiment-matrix-20260816-a,Dyadic layout / multiply (native-biguint),4096,11,2100,110228098.000000,52489.570476190478,78034549.775139912963,entries/s,4.720073018937,7.892286929031
experiment-matrix-20260816-a,Dyadic layout / multiply (native-biguint),4096,12,2275,120247384.000000,52855.992967032966,77493577.739703685045,entries/s,4.723094236013,7.889265711954
experiment-matrix-20260816-a,Dyadic layout / multiply (native-biguint),4096,13,2450,131660378.000000,53738.929795918368,76220349.299012348056,entries/s,4.730289013263,7.882070934705
experiment-matrix-20260816-a,Dyadic layout / multiply (native-biguint),4096,14,2625,138582992.000000,52793.520761904765,77585278.285808682442,entries/s,4.722580625753,7.889779322215
experiment-matrix-20260816-a,Dyadic layout / multiply (native-biguint),4096,15,2800,153817147.000000,54934.695357142860,74561258.115130677819,entries/s,4.739846720459,7.872513227509
experiment-matrix-20260816-a,Dyadic layout / multiply (native-biguint),4096,16,2975,157552060.000000,52958.675630252103,77343323.851176559925,entries/s,4.723937115902,7.888422832066
experiment-matrix-20260816-a,Dyadic layout / multiply (native-biguint),4096,17,3150,168923075.000000,53626.373015873018,76380328.738391712308,entries/s,4.729378424737,7.882981523230
experiment-matrix-20260816-a,Dyadic layout / multiply (native-biguint),4096,18,3325,178333460.000000,53634.123308270675,76369291.550783574581,entries/s,4.729441186133,7.882918761835
experiment-matrix-20260816-a,Dyadic layout / multiply (native-biguint),4096,19,3500,181900391.000000,51971.540285714284,78812364.949781775475,entries/s,4.715765588242,7.896594359725
experiment-matrix-20260816-a,Dyadic layout / multiply (native-biguint),50000,0,5,11503852.000000,2300770.399999999907,21731851.209490526468,entries/s,6.361873281429,7.337096722907
experiment-matrix-20260816-a,Dyadic layout / multiply (native-biguint),50000,1,10,22439304.000000,2243930.399999999907,22282331.038431495428,entries/s,6.351009382279,7.347960622057
experiment-matrix-20260816-a,Dyadic layout / multiply (native-biguint),50000,2,15,34370726.000000,2291381.733333333395,21820894.909231767058,entries/s,6.360097446618,7.338872557718
experiment-matrix-20260816-a,Dyadic layout / multiply (native-biguint),50000,3,20,46587080.000000,2329354.000000000000,21465178.757715657353,entries/s,6.367235494788,7.331734509548
experiment-matrix-20260816-a,Dyadic layout / multiply (native-biguint),50000,4,25,57202882.000000,2288115.279999999795,21852045.846221525222,entries/s,6.359477901330,7.339492103006
experiment-matrix-20260816-a,Dyadic layout / multiply (native-biguint),50000,5,30,73280555.000000,2442685.166666666511,20469277.286450684071,entries/s,6.387867495139,7.311102509197
experiment-matrix-20260816-a,Dyadic layout / multiply (native-biguint),50000,6,35,80865641.000000,2310446.885714285541,21640835.073575936258,entries/s,6.363695989082,7.335274015254
experiment-matrix-20260816-a,Dyadic layout / multiply (native-biguint),50000,7,40,90382362.000000,2259559.049999999814,22128211.254315305501,entries/s,6.354023695415,7.344946308921
experiment-matrix-20260816-a,Dyadic layout / multiply (native-biguint),50000,8,45,106405517.000000,2364567.044444444589,21145520.114337678999,entries/s,6.373751632422,7.325218371914
experiment-matrix-20260816-a,Dyadic layout / multiply (native-biguint),50000,9,50,114615332.000000,2292306.640000000130,21812090.549979820848,entries/s,6.360272712402,7.338697291934
experiment-matrix-20260816-a,Dyadic layout / multiply (native-biguint),50000,10,55,128063298.000000,2328423.600000000093,21473755.892183877528,entries/s,6.367061992476,7.331908011860
experiment-matrix-20260816-a,Dyadic layout / multiply (native-biguint),50000,11,60,142424980.000000,2373749.666666666511,21063720.704050652683,entries/s,6.375434916759,7.323535087577
experiment-matrix-20260816-a,Dyadic layout / multiply (native-biguint),50000,12,65,146736378.000000,2257482.738461538684,22148563.596138373017,entries/s,6.353624438224,7.345345566112
experiment-matrix-20260816-a,Dyadic layout / multiply (native-biguint),50000,13,70,158018884.000000,2257412.628571428359,22149251.478070180863,entries/s,6.353610950275,7.345359054061
experiment-matrix-20260816-a,Dyadic layout / multiply (native-biguint),50000,14,75,168570713.000000,2247609.506666666828,22245857.143642738461,entries/s,6.351720860353,7.347249143983
experiment-matrix-20260816-a,Dyadic layout / multiply (native-biguint),50000,15,80,182887840.000000,2286098.000000000000,21871328.350753117353,entries/s,6.359094843709,7.339875160627
experiment-matrix-20260816-a,Dyadic layout / multiply (native-biguint),50000,16,85,189707143.000000,2231848.741176470648,22402951.901500090957,entries/s,6.348664757874,7.350305246462
experiment-matrix-20260816-a,Dyadic layout / multiply (native-biguint),50000,17,90,203078340.000000,2256426.000000000000,22158936.300148997456,entries/s,6.353421095304,7.345548909032
experiment-matrix-20260816-a,Dyadic layout / multiply (native-biguint),50000,18,95,218164073.000000,2296463.926315789577,21772604.144588004798,entries/s,6.361059627753,7.337910376583
experiment-matrix-20260816-a,Dyadic layout / multiply (native-biguint),50000,19,100,229982847.000000,2299828.470000000205,21740751.822243507951,entries/s,6.361695445883,7.337274558453
experiment-matrix-20260816-a,Dyadic layout / multiply (native-biguint),64,0,113804,9335030.000000,82.027257389898,780228451.327955007553,entries/s,1.913958191005,8.892221782978
experiment-matrix-20260816-a,Dyadic layout / multiply (native-biguint),64,1,227608,18420473.000000,80.930692242803,790800105.947333693504,entries/s,1.908113255158,8.898066718826
experiment-matrix-20260816-a,Dyadic layout / multiply (native-biguint),64,2,341412,41230011.000000,120.763215704193,529962701.198406219482,entries/s,2.081934668975,8.724245305009
experiment-matrix-20260816-a,Dyadic layout / multiply (native-biguint),64,3,455216,55313864.000000,121.511247407824,526700213.892126619816,entries/s,2.084616479260,8.721563494724
experiment-matrix-20260816-a,Dyadic layout / multiply (native-biguint),64,4,569020,69440021.000000,122.034411795719,524442237.711880862713,entries/s,2.086482312197,8.719697661787
experiment-matrix-20260816-a,Dyadic layout / multiply (native-biguint),64,5,682824,76517236.000000,112.059968600986,571122772.913543224335,entries/s,2.049450496443,8.756729477541
experiment-matrix-20260816-a,Dyadic layout / multiply (native-biguint),64,6,796628,67949445.000000,85.296330282139,750325363.216726779938,entries/s,1.930930346847,8.875249627136
experiment-matrix-20260816-a,Dyadic layout / multiply (native-biguint),64,7,910432,78472610.000000,86.192719500193,742522110.581003904343,entries/s,1.935470583523,8.870709390461
experiment-matrix-20260816-a,Dyadic layout / multiply (native-biguint),64,8,1024236,88404450.000000,86.312578351083,741490999.604657888412,entries/s,1.936074090158,8.870105883826
experiment-matrix-20260816-a,Dyadic layout / multiply (native-biguint),64,9,1138040,95079743.000000,83.546925415627,766036567.852313160896,entries/s,1.921930472188,8.884249501796
experiment-matrix-20260816-a,Dyadic layout / multiply (native-biguint),64,10,1251844,104206844.000000,83.242675604948,768836411.550857424736,entries/s,1.920346030956,8.885833943028
experiment-matrix-20260816-a,Dyadic layout / multiply (native-biguint),64,11,1365648,111362294.000000,81.545386512483,784839004.843057632446,entries/s,1.911399395556,8.894780578428
experiment-matrix-20260816-a,Dyadic layout / multiply (native-biguint),64,12,1479452,126850584.000000,85.741601620059,746428790.584046602249,entries/s,1.933191591704,8.872988382280
experiment-matrix-20260816-a,Dyadic layout / multiply (native-biguint),64,13,1593256,128947279.000000,80.933182740250,790775771.235932707787,entries/s,1.908126619589,8.898053354395
experiment-matrix-20260816-a,Dyadic layout / multiply (native-biguint),64,14,1707060,137270455.000000,80.413374456668,795887505.435892939568,entries/s,1.905328287177,8.900851686807
experiment-matrix-20260816-a,Dyadic layout / multiply (native-biguint),64,15,1820864,148308804.000000,81.449687620822,785761147.396212577820,entries/s,1.910889423024,8.895290550960
experiment-matrix-20260816-a,Dyadic layout / multiply (native-biguint),64,16,1934668,157250558.000000,81.280384024546,787397854.575498580933,entries/s,1.909985746851,8.896194227133
experiment-matrix-20260816-a,Dyadic layout / multiply (native-biguint),64,17,2048472,188714867.000000,92.124699288055,694710544.453288912773,entries/s,1.964376083252,8.841803890731
experiment-matrix-20260816-a,Dyadic layout / multiply (native-biguint),64,18,2162276,171168558.000000,79.161290233069,808475958.534394025803,entries/s,1.898512864066,8.907667109918
experiment-matrix-20260816-a,Dyadic layout / multiply (native-biguint),64,19,2276080,183502201.000000,80.622034814242,793827644.606835007668,entries/s,1.906453755085,8.899726218899
experiment-matrix-20260816-a,Dyadic layout / multiply (native-biguint),8,0,231955,9462245.000000,40.793451315988,196109908.377980053425,entries/s,1.610590450208,8.292499536784
experiment-matrix-20260816-a,Dyadic layout / multiply (native-biguint),8,1,463910,19382999.000000,41.781808971568,191470886.419588625431,entries/s,1.620987239124,8.282102747868
experiment-matrix-20260816-a,Dyadic layout / multiply (native-biguint),8,2,695865,29284346.000000,42.083372493228,190098833.007914870977,entries/s,1.624110536196,8.278979450796
experiment-matrix-20260816-a,Dyadic layout / multiply (native-biguint),8,3,927820,37597878.000000,40.522814770106,197419652.247395455837,entries/s,1.607699604424,8.295390382568
experiment-matrix-20260816-a,Dyadic layout / multiply (native-biguint),8,4,1159775,48700294.000000,41.991156905434,190516303.659275650978,entries/s,1.623157840123,8.279932146869
experiment-matrix-20260816-a,Dyadic layout / multiply (native-biguint),8,5,1391730,61763937.000000,44.379252441206,180264415.463023334742,entries/s,1.647179982362,8.255910004630
experiment-matrix-20260816-a,Dyadic layout / multiply (native-biguint),8,6,1623685,76624404.000000,47.191668334683,169521449.067323237658,entries/s,1.673865330929,8.229224656063
experiment-matrix-20260816-a,Dyadic layout / multiply (native-biguint),8,7,1855640,75490839.000000,40.681834299756,196647966.781770706177,entries/s,1.609400526559,8.293689460433
experiment-matrix-20260816-a,Dyadic layout / multiply (native-biguint),8,8,2087595,85021079.000000,40.726807163267,196430816.880129218102,entries/s,1.609880364279,8.293209622713
experiment-matrix-20260816-a,Dyadic layout / multiply (native-biguint),8,9,2319550,98678939.000000,42.542277165830,188048231.852188825607,entries/s,1.628820732724,8.274269254268
experiment-matrix-20260816-a,Dyadic layout / multiply (native-biguint),8,10,2551505,103618582.000000,40.610769722184,196992080.049889117479,entries/s,1.608641221032,8.294448765960
experiment-matrix-20260816-a,Dyadic layout / multiply (native-biguint),8,11,2783460,112731990.000000,40.500668233062,197527605.074655383825,entries/s,1.607462188833,8.295627798159
experiment-matrix-20260816-a,Dyadic layout / multiply (native-biguint),8,12,3015415,122167357.000000,40.514276476041,197461258.002004563808,entries/s,1.607608087467,8.295481899525
experiment-matrix-20260816-a,Dyadic layout / multiply (native-biguint),8,13,3247370,134584222.000000,41.444067660907,193031245.519998610020,entries/s,1.617462374054,8.285627612938
experiment-matrix-20260816-a,Dyadic layout / multiply (native-biguint),8,14,3479325,141197705.000000,40.581924654926,197132099.278809100389,entries/s,1.608332640213,8.294757346779
experiment-matrix-20260816-a,Dyadic layout / multiply (native-biguint),8,15,3711280,150591664.000000,40.576745489427,197157260.975614160299,entries/s,1.608277210941,8.294812776051
experiment-matrix-20260816-a,Dyadic layout / multiply (native-biguint),8,16,3943235,159831676.000000,40.533134849939,197369387.529916137457,entries/s,1.607810193561,8.295279793431
experiment-matrix-20260816-a,Dyadic layout / multiply (native-biguint),8,17,4175190,169633984.000000,40.629045384761,196903469.531199574471,entries/s,1.608836618315,8.294253368677
experiment-matrix-20260816-a,Dyadic layout / multiply (native-biguint),8,18,4407145,179180878.000000,40.656905547696,196768541.339550763369,entries/s,1.609134320817,8.293955666175
experiment-matrix-20260816-a,Dyadic layout / multiply (native-biguint),8,19,4639100,188712970.000000,40.678788989244,196662688.314428001642,entries/s,1.609368015462,8.293721971530
experiment-matrix-20260816-a,Dyadic layout / scale floor u64 (big-endian-bytes),16,0,68205,9455405.000000,138.632138406275,115413353.526369303465,entries/s,2.141863922300,8.062256060356
experiment-matrix-20260816-a,Dyadic layout / scale floor u64 (big-endian-bytes),16,1,136410,18994158.000000,139.243149329228,114906909.798265337944,entries/s,2.143773837370,8.060346145286
experiment-matrix-20260816-a,Dyadic layout / scale floor u64 (big-endian-bytes),16,2,204615,30274791.000000,147.959783007111,108137493.005319163203,entries/s,2.170143685722,8.033976296934
experiment-matrix-20260816-a,Dyadic layout / scale floor u64 (big-endian-bytes),16,3,272820,38361923.000000,140.612576057474,113787830.709112256765,entries/s,2.148024164696,8.056095817960
experiment-matrix-20260816-a,Dyadic layout / scale floor u64 (big-endian-bytes),16,4,341025,48429180.000000,142.010644380910,112667610.725599735975,entries/s,2.152320898064,8.051799084592
experiment-matrix-20260816-a,Dyadic layout / scale floor u64 (big-endian-bytes),16,5,409230,68213897.000000,166.688407497007,95987478.915036916733,entries/s,2.221905397458,7.982214585198
experiment-matrix-20260816-a,Dyadic layout / scale floor u64 (big-endian-bytes),16,6,477435,73005403.000000,152.911711541885,104635543.207671895623,entries/s,2.184440749397,8.019679233259
experiment-matrix-20260816-a,Dyadic layout / scale floor u64 (big-endian-bytes),16,7,545640,90771530.000000,166.357909977274,96178173.927441775799,entries/s,2.221043455507,7.983076527149
experiment-matrix-20260816-a,Dyadic layout / scale floor u64 (big-endian-bytes),16,8,613845,92788095.000000,151.158834885028,105848923.830153003335,entries/s,2.179433535766,8.024686446890
experiment-matrix-20260816-a,Dyadic layout / scale floor u64 (big-endian-bytes),16,9,682050,101384882.000000,148.647286855802,107637349.718471840024,entries/s,2.172156986771,8.031962995885
experiment-matrix-20260816-a,Dyadic layout / scale floor u64 (big-endian-bytes),16,10,750255,108197142.000000,144.213823300078,110946368.620346739888,entries/s,2.159006890725,8.045113091931
experiment-matrix-20260816-a,Dyadic layout / scale floor u64 (big-endian-bytes),16,11,818460,117681377.000000,143.783907582533,111278099.677572593093,entries/s,2.157710282158,8.046409700498
experiment-matrix-20260816-a,Dyadic layout / scale floor u64 (big-endian-bytes),16,12,886665,125217039.000000,141.222489891898,113296402.097481310368,entries/s,2.149903864267,8.054216118389
experiment-matrix-20260816-a,Dyadic layout / scale floor u64 (big-endian-bytes),16,13,954870,135037115.000000,141.419371223308,113138673.023338809609,entries/s,2.150508901959,8.053611080697
experiment-matrix-20260816-a,Dyadic layout / scale floor u64 (big-endian-bytes),16,14,1023075,148648029.000000,145.295339051389,110120531.769714891911,entries/s,2.162251682731,8.041868299925
experiment-matrix-20260816-a,Dyadic layout / scale floor u64 (big-endian-bytes),16,15,1091280,161560523.000000,148.046810167876,108073925.955290451646,entries/s,2.170399054472,8.033720928184
experiment-matrix-20260816-a,Dyadic layout / scale floor u64 (big-endian-bytes),16,16,1159485,168019842.000000,144.909025989987,110414102.163005247712,entries/s,2.161095437338,8.043024545318
experiment-matrix-20260816-a,Dyadic layout / scale floor u64 (big-endian-bytes),16,17,1227690,170920784.000000,139.221451669395,114924818.037342950702,entries/s,2.143706157860,8.060413824796
experiment-matrix-20260816-a,Dyadic layout / scale floor u64 (big-endian-bytes),16,18,1295895,180121955.000000,138.994251077441,115112674.632029175758,entries/s,2.142996837830,8.061123144826
experiment-matrix-20260816-a,Dyadic layout / scale floor u64 (big-endian-bytes),16,19,1364100,188078483.000000,137.877342570193,116045172.482595995069,entries/s,2.139492904282,8.064627078374
experiment-matrix-20260816-a,Dyadic layout / scale floor u64 (big-endian-bytes),200000,0,124,9337676.000000,75303.838709677424,2655907101.510054588318,entries/s,4.876817115483,9.424212880181
experiment-matrix-20260816-a,Dyadic layout / scale floor u64 (big-endian-bytes),200000,1,248,18318874.000000,73866.427419354834,2707589997.070780754089,entries/s,4.868447094695,9.432582900969
experiment-matrix-20260816-a,Dyadic layout / scale floor u64 (big-endian-bytes),200000,2,372,28471140.000000,76535.322580645166,2613172496.780950546265,entries/s,4.883861917002,9.417168078662
experiment-matrix-20260816-a,Dyadic layout / scale floor u64 (big-endian-bytes),200000,3,496,36638518.000000,73867.979838709682,2707533093.996869564056,entries/s,4.868456221982,9.432573773682
experiment-matrix-20260816-a,Dyadic layout / scale floor u64 (big-endian-bytes),200000,4,620,45836277.000000,73929.479032258067,2705280797.565648555756,entries/s,4.868817645813,9.432212349851
experiment-matrix-20260816-a,Dyadic layout / scale floor u64 (big-endian-bytes),200000,5,744,53792904.000000,72302.290322580651,2766164102.239209651947,entries/s,4.859152054676,9.441877940988
experiment-matrix-20260816-a,Dyadic layout / scale floor u64 (big-endian-bytes),200000,6,868,77862478.000000,89703.315668202762,2229571989.732975006104,entries/s,4.952808495996,9.348221499668
experiment-matrix-20260816-a,Dyadic layout / scale floor u64 (big-endian-bytes),200000,7,992,76362719.000000,76978.547379032258,2598126449.635718345642,entries/s,4.886369711497,9.414660284167
experiment-matrix-20260816-a,Dyadic layout / scale floor u64 (big-endian-bytes),200000,8,1116,80516786.000000,72147.657706093189,2772092765.848850727081,entries/s,4.858222236166,9.442807759498
experiment-matrix-20260816-a,Dyadic layout / scale floor u64 (big-endian-bytes),200000,9,1240,94709100.000000,76378.306451612909,2618544574.914131641388,entries/s,4.882970024463,9.418059971201
experiment-matrix-20260816-a,Dyadic layout / scale floor u64 (big-endian-bytes),200000,10,1364,99721154.000000,73109.350439882692,2735628189.782080173492,entries/s,4.863972925313,9.437057070351
experiment-matrix-20260816-a,Dyadic layout / scale floor u64 (big-endian-bytes),200000,11,1488,108371490.000000,72830.302419354834,2746109700.992392063141,entries/s,4.862312113315,9.438717882349
experiment-matrix-20260816-a,Dyadic layout / scale floor u64 (big-endian-bytes),200000,12,1612,115794973.000000,71833.109801488827,2784231401.824326515198,entries/s,4.856324668332,9.444705327332
experiment-matrix-20260816-a,Dyadic layout / scale floor u64 (big-endian-bytes),200000,13,1736,124786094.000000,71881.390552995392,2782361310.227404117584,entries/s,4.856616469990,9.444413525674
experiment-matrix-20260816-a,Dyadic layout / scale floor u64 (big-endian-bytes),200000,14,1860,139024858.000000,74744.547311827962,2675780470.856513977051,entries/s,4.873579515943,9.427450479721
experiment-matrix-20260816-a,Dyadic layout / scale floor u64 (big-endian-bytes),200000,15,1984,146259026.000000,73719.267137096773,2712994957.316343784332,entries/s,4.867581009131,9.433448986533
experiment-matrix-20260816-a,Dyadic layout / scale floor u64 (big-endian-bytes),200000,16,2108,152140147.000000,72172.745256166978,2771129174.733872413635,entries/s,4.858373225000,9.442656770664
experiment-matrix-20260816-a,Dyadic layout / scale floor u64 (big-endian-bytes),200000,17,2232,166254040.000000,74486.577060931901,2685047533.280995845795,entries/s,4.872078017264,9.428951978400
experiment-matrix-20260816-a,Dyadic layout / scale floor u64 (big-endian-bytes),200000,18,2356,176347139.000000,74850.228777589131,2672002521.118304252625,entries/s,4.874193132090,9.426836863574
experiment-matrix-20260816-a,Dyadic layout / scale floor u64 (big-endian-bytes),200000,19,2480,181645423.000000,73244.122177419355,2730594538.569793701172,entries/s,4.864772778400,9.436257217264
experiment-matrix-20260816-a,Dyadic layout / scale floor u64 (big-endian-bytes),256,0,44738,9214714.000000,205.970628995485,1242895655.795719861984,entries/s,2.313805295250,9.094434670062
experiment-matrix-20260816-a,Dyadic layout / scale floor u64 (big-endian-bytes),256,1,89476,18795321.000000,210.059915508069,1218699909.408304452896,entries/s,2.322343186463,9.085896778848
experiment-matrix-20260816-a,Dyadic layout / scale floor u64 (big-endian-bytes),256,2,134214,27731765.000000,206.623489352825,1238968525.804253578186,entries/s,2.315179691416,9.093060273896
experiment-matrix-20260816-a,Dyadic layout / scale floor u64 (big-endian-bytes),256,3,178952,37054777.000000,207.065453305914,1236324050.742499351501,entries/s,2.316107647468,9.092132317843
experiment-matrix-20260816-a,Dyadic layout / scale floor u64 (big-endian-bytes),256,4,223690,46318014.000000,207.063409182351,1236336255.695246458054,entries/s,2.316103360148,9.092136605164
experiment-matrix-20260816-a,Dyadic layout / scale floor u64 (big-endian-bytes),256,5,268428,55550871.000000,206.948868970450,1237020532.045303106308,entries/s,2.315863057211,9.092376908101
experiment-matrix-20260816-a,Dyadic layout / scale floor u64 (big-endian-bytes),256,6,313166,64569804.000000,206.183953558177,1241609715.897542476654,entries/s,2.314254862925,9.093985102387
experiment-matrix-20260816-a,Dyadic layout / scale floor u64 (big-endian-bytes),256,7,357904,73703716.000000,205.931523537038,1243131676.020242929459,entries/s,2.313722832535,9.094517132777
experiment-matrix-20260816-a,Dyadic layout / scale floor u64 (big-endian-bytes),256,8,402642,83280112.000000,206.834140501984,1237706692.805600404739,entries/s,2.315622225949,9.092617739363
experiment-matrix-20260816-a,Dyadic layout / scale floor u64 (big-endian-bytes),256,9,447380,92633538.000000,207.057843444052,1236369488.553918838501,entries/s,2.316091686420,9.092148278892
experiment-matrix-20260816-a,Dyadic layout / scale floor u64 (big-endian-bytes),256,10,492118,101527318.000000,206.306857298453,1240870048.394265651703,entries/s,2.314513663443,9.093726301869
experiment-matrix-20260816-a,Dyadic layout / scale floor u64 (big-endian-bytes),256,11,536856,111208800.000000,207.148285573785,1235829682.543107986450,entries/s,2.316281343288,9.091958622024
experiment-matrix-20260816-a,Dyadic layout / scale floor u64 (big-endian-bytes),256,12,581594,120233983.000000,206.731814633576,1238319319.422363281250,entries/s,2.315407316766,9.092832648546
experiment-matrix-20260816-a,Dyadic layout / scale floor u64 (big-endian-bytes),256,13,626332,130787064.000000,208.814277411980,1225969809.980595588684,entries/s,2.319760189681,9.088479775631
experiment-matrix-20260816-a,Dyadic layout / scale floor u64 (big-endian-bytes),256,14,671070,140022065.000000,208.654931676278,1226906059.412850379944,entries/s,2.319428653963,9.088811311349
experiment-matrix-20260816-a,Dyadic layout / scale floor u64 (big-endian-bytes),256,15,715808,148692605.000000,207.726939346864,1232387098.201689243317,entries/s,2.317492822250,9.090747143062
experiment-matrix-20260816-a,Dyadic layout / scale floor u64 (big-endian-bytes),256,16,760546,157493071.000000,207.078955119085,1236243440.830485820770,entries/s,2.316135964948,9.092104000364
experiment-matrix-20260816-a,Dyadic layout / scale floor u64 (big-endian-bytes),256,17,805284,166543356.000000,206.813193854590,1237832051.372856855392,entries/s,2.315578241557,9.092661723755
experiment-matrix-20260816-a,Dyadic layout / scale floor u64 (big-endian-bytes),256,18,850022,176951179.000000,208.172469653727,1229749545.777256488800,entries/s,2.318423294492,9.089816670820
experiment-matrix-20260816-a,Dyadic layout / scale floor u64 (big-endian-bytes),256,19,894760,187316028.000000,209.347789351334,1222845489.762360334396,entries/s,2.320868379234,9.087371586077
experiment-matrix-20260816-a,Dyadic layout / scale floor u64 (big-endian-bytes),4096,0,5733,10311160.000000,1798.562707134136,2277374029.692100524902,entries/s,3.254925584155,9.357434363813
experiment-matrix-20260816-a,Dyadic layout / scale floor u64 (big-endian-bytes),4096,1,11466,18302444.000000,1596.236176521891,2566036317.335542678833,entries/s,3.203097149278,9.409262798690
experiment-matrix-20260816-a,Dyadic layout / scale floor u64 (big-endian-bytes),4096,2,17199,27696070.000000,1610.330251758823,2543577626.717436790466,entries/s,3.206914951689,9.405444996279
experiment-matrix-20260816-a,Dyadic layout / scale floor u64 (big-endian-bytes),4096,3,22932,39432756.000000,1719.551543694401,2382016412.953738212585,entries/s,3.235415198365,9.376944749603
experiment-matrix-20260816-a,Dyadic layout / scale floor u64 (big-endian-bytes),4096,4,28665,47527226.000000,1658.022885051457,2470412222.249200820923,entries/s,3.219590520655,9.392769427313
experiment-matrix-20260816-a,Dyadic layout / scale floor u64 (big-endian-bytes),4096,5,34398,55810649.000000,1622.496918425490,2524504024.312635898590,entries/s,3.210183880627,9.402176067341
experiment-matrix-20260816-a,Dyadic layout / scale floor u64 (big-endian-bytes),4096,6,40131,66898418.000000,1667.001021654083,2457107072.397437095642,entries/s,3.221935865994,9.390424081974
experiment-matrix-20260816-a,Dyadic layout / scale floor u64 (big-endian-bytes),4096,7,45864,75455592.000000,1645.203035060178,2489662316.876395225525,entries/s,3.216219502022,9.396140445946
experiment-matrix-20260816-a,Dyadic layout / scale floor u64 (big-endian-bytes),4096,8,51597,82467544.000000,1598.301141539237,2562721062.724991321564,entries/s,3.203658609638,9.408701338329
experiment-matrix-20260816-a,Dyadic layout / scale floor u64 (big-endian-bytes),4096,9,57330,91963170.000000,1604.102040816327,2553453518.403073787689,entries/s,3.205231991351,9.407127956617
experiment-matrix-20260816-a,Dyadic layout / scale floor u64 (big-endian-bytes),4096,10,63063,101233020.000000,1605.268065268065,2551598757.006360054016,entries/s,3.205547566053,9.406812381915
experiment-matrix-20260816-a,Dyadic layout / scale floor u64 (big-endian-bytes),4096,11,68796,109427717.000000,1590.611619861620,2575110070.147949695587,entries/s,3.201564150771,9.410795797197
experiment-matrix-20260816-a,Dyadic layout / scale floor u64 (big-endian-bytes),4096,12,74529,119354554.000000,1601.451166659958,2557680237.320479869843,entries/s,3.204513700182,9.407846247786
experiment-matrix-20260816-a,Dyadic layout / scale floor u64 (big-endian-bytes),4096,13,80262,128299594.000000,1598.509805387356,2562386534.130419731140,entries/s,3.203715304613,9.408644643355
experiment-matrix-20260816-a,Dyadic layout / scale floor u64 (big-endian-bytes),4096,14,85995,137483222.000000,1598.735065992209,2562025495.736490726471,entries/s,3.203776500700,9.408583447268
experiment-matrix-20260816-a,Dyadic layout / scale floor u64 (big-endian-bytes),4096,15,91728,149682710.000000,1631.810461364033,2510095441.216958045959,entries/s,3.212669713018,9.399690234950
experiment-matrix-20260816-a,Dyadic layout / scale floor u64 (big-endian-bytes),4096,16,97461,157924895.000000,1620.390669088148,2527785476.760962963104,entries/s,3.209619733663,9.402740214305
experiment-matrix-20260816-a,Dyadic layout / scale floor u64 (big-endian-bytes),4096,17,103194,171833932.000000,1665.154291916197,2459832112.786664485931,entries/s,3.221454481100,9.390905466868
experiment-matrix-20260816-a,Dyadic layout / scale floor u64 (big-endian-bytes),4096,18,108927,176317471.000000,1618.675544171785,2530463881.256554603577,entries/s,3.209159805210,9.403200142758
experiment-matrix-20260816-a,Dyadic layout / scale floor u64 (big-endian-bytes),4096,19,114660,183467900.000000,1600.103785103785,2559833954.604592800140,entries/s,3.204148152553,9.408211795414
experiment-matrix-20260816-a,Dyadic layout / scale floor u64 (big-endian-bytes),50000,0,470,9230598.000000,19639.570212765957,2545880559.417710781097,entries/s,4.293131979568,9.405838024768
experiment-matrix-20260816-a,Dyadic layout / scale floor u64 (big-endian-bytes),50000,1,940,17904284.000000,19047.110638297872,2625070067.029767990112,entries/s,4.279829104473,9.419140899863
experiment-matrix-20260816-a,Dyadic layout / scale floor u64 (big-endian-bytes),50000,2,1410,27828747.000000,19736.700000000001,2533351573.464662075043,entries/s,4.295274539843,9.403695464493
experiment-matrix-20260816-a,Dyadic layout / scale floor u64 (big-endian-bytes),50000,3,1880,35416558.000000,18838.594680851063,2654125790.541249275208,entries/s,4.275048502219,9.423921502117
experiment-matrix-20260816-a,Dyadic layout / scale floor u64 (big-endian-bytes),50000,4,2350,44256127.000000,18832.394468085105,2654999611.692184448242,entries/s,4.274905542436,9.424064461900
experiment-matrix-20260816-a,Dyadic layout / scale floor u64 (big-endian-bytes),50000,5,2820,58308747.000000,20676.860638297872,2418162064.089629650116,entries/s,4.315484600623,9.383485403713
experiment-matrix-20260816-a,Dyadic layout / scale floor u64 (big-endian-bytes),50000,6,3290,63735947.000000,19372.628267477205,2580961101.903765201569,entries/s,4.287188545068,9.411781459268
experiment-matrix-20260816-a,Dyadic layout / scale floor u64 (big-endian-bytes),50000,7,3760,74265448.000000,19751.448936170214,2531459851.962381839752,entries/s,4.295598960312,9.403371044024
experiment-matrix-20260816-a,Dyadic layout / scale floor u64 (big-endian-bytes),50000,8,4230,85463033.000000,20204.026713947991,2474754201.620717048645,entries/s,4.305437934069,9.393532070267
experiment-matrix-20260816-a,Dyadic layout / scale floor u64 (big-endian-bytes),50000,9,4700,96171516.000000,20462.024680851064,2443550957.437335014343,entries/s,4.310948604167,9.388021400169
experiment-matrix-20260816-a,Dyadic layout / scale floor u64 (big-endian-bytes),50000,10,5170,98055352.000000,18966.218955512573,2636266095.908767700195,entries/s,4.277980759965,9.420989244371
experiment-matrix-20260816-a,Dyadic layout / scale floor u64 (big-endian-bytes),50000,11,5640,106510616.000000,18884.860992907801,2647623406.853641986847,entries/s,4.276113792434,9.422856211902
experiment-matrix-20260816-a,Dyadic layout / scale floor u64 (big-endian-bytes),50000,12,6110,117531250.000000,19235.883797054008,2599308694.496144771576,entries/s,4.284112144860,9.414857859476
experiment-matrix-20260816-a,Dyadic layout / scale floor u64 (big-endian-bytes),50000,13,6580,123260889.000000,18732.657902735562,2669135381.621335029602,entries/s,4.272599402073,9.426370602263
experiment-matrix-20260816-a,Dyadic layout / scale floor u64 (big-endian-bytes),50000,14,7050,134328900.000000,19053.744680851065,2624156082.570466995239,entries/s,4.279980341398,9.418989662938
experiment-matrix-20260816-a,Dyadic layout / scale floor u64 (big-endian-bytes),50000,15,7520,141459767.000000,18811.139228723405,2657999571.001696586609,entries/s,4.274415097824,9.424554906512
experiment-matrix-20260816-a,Dyadic layout / scale floor u64 (big-endian-bytes),50000,16,7990,150490828.000000,18834.897121401751,2654646833.360502243042,entries/s,4.274963252374,9.424006751962
experiment-matrix-20260816-a,Dyadic layout / scale floor u64 (big-endian-bytes),50000,17,8460,159966228.000000,18908.537588652482,2644308147.342200279236,entries/s,4.276657941233,9.422312063103
experiment-matrix-20260816-a,Dyadic layout / scale floor u64 (big-endian-bytes),50000,18,8930,169507807.000000,18981.837290033596,2634096965.221194744110,entries/s,4.278338246358,9.420631757978
experiment-matrix-20260816-a,Dyadic layout / scale floor u64 (big-endian-bytes),50000,19,9400,186466676.000000,19836.880425531916,2520557614.273126125336,entries/s,4.297473375454,9.401496628882
experiment-matrix-20260816-a,Dyadic layout / scale floor u64 (big-endian-bytes),64,0,57247,12352546.000000,215.776302688350,296603469.438608050346,entries/s,2.334003747220,8.472176226764
experiment-matrix-20260816-a,Dyadic layout / scale floor u64 (big-endian-bytes),64,1,114494,23993585.000000,209.561942110504,305398963.931400835514,entries/s,2.321312414609,8.484867559375
experiment-matrix-20260816-a,Dyadic layout / scale floor u64 (big-endian-bytes),64,2,171741,35030626.000000,203.973576490180,313766131.384577572346,entries/s,2.309573910917,8.496606063067
experiment-matrix-20260816-a,Dyadic layout / scale floor u64 (big-endian-bytes),64,3,228988,45126398.000000,197.068833301308,324759622.959492564201,entries/s,2.294617945459,8.511562028525
experiment-matrix-20260816-a,Dyadic layout / scale floor u64 (big-endian-bytes),64,4,286235,52632144.000000,183.877387461352,348058023.249062418938,entries/s,2.264528324645,8.541651649338
experiment-matrix-20260816-a,Dyadic layout / scale floor u64 (big-endian-bytes),64,5,343482,61576214.000000,179.270570219109,357002267.141659617424,entries/s,2.253508999877,8.552670974107
experiment-matrix-20260816-a,Dyadic layout / scale floor u64 (big-endian-bytes),64,6,400729,72980084.000000,182.118299399345,351419929.853739261627,entries/s,2.260353586261,8.545826387723
experiment-matrix-20260816-a,Dyadic layout / scale floor u64 (big-endian-bytes),64,7,457976,77208283.000000,168.585871312034,379628491.414580464363,entries/s,2.226821174866,8.579358799118
experiment-matrix-20260816-a,Dyadic layout / scale floor u64 (big-endian-bytes),64,8,515223,88710069.000000,172.178006416639,371708334.484555482864,entries/s,2.235977674981,8.570202299003
experiment-matrix-20260816-a,Dyadic layout / scale floor u64 (big-endian-bytes),64,9,572470,91796865.000000,160.352271734763,399121255.393634617329,entries/s,2.205075117023,8.601104856961
experiment-matrix-20260816-a,Dyadic layout / scale floor u64 (big-endian-bytes),64,10,629717,99382114.000000,157.820281173924,405524559.479586005211,entries/s,2.198162812789,8.608017161194
experiment-matrix-20260816-a,Dyadic layout / scale floor u64 (big-endian-bytes),64,11,686964,110560789.000000,160.941168678417,397660837.966704487801,entries/s,2.206667150643,8.599512823341
experiment-matrix-20260816-a,Dyadic layout / scale floor u64 (big-endian-bytes),64,12,744211,117047344.000000,157.277094802415,406925115.703607976437,entries/s,2.196665478343,8.609514495641
experiment-matrix-20260816-a,Dyadic layout / scale floor u64 (big-endian-bytes),64,13,801458,126332358.000000,157.628170159884,406018796.862795829773,entries/s,2.197633834040,8.608546139944
experiment-matrix-20260816-a,Dyadic layout / scale floor u64 (big-endian-bytes),64,14,858705,137035248.000000,159.583614861914,401043678.922666668892,entries/s,2.202988298416,8.603191675568
experiment-matrix-20260816-a,Dyadic layout / scale floor u64 (big-endian-bytes),64,15,915952,151970071.000000,165.914885277831,385739952.704240024090,entries/s,2.219885351088,8.586294622896
experiment-matrix-20260816-a,Dyadic layout / scale floor u64 (big-endian-bytes),64,16,973199,160400609.000000,164.817893359940,388307353.621082544327,entries/s,2.217004358852,8.589175615132
experiment-matrix-20260816-a,Dyadic layout / scale floor u64 (big-endian-bytes),64,17,1030446,165617369.000000,160.723967097742,398198234.872334003448,entries/s,2.206080643423,8.600099330561
experiment-matrix-20260816-a,Dyadic layout / scale floor u64 (big-endian-bytes),64,18,1087693,173385143.000000,159.406324210968,401489717.028407633305,entries/s,2.202505547395,8.603674426589
experiment-matrix-20260816-a,Dyadic layout / scale floor u64 (big-endian-bytes),64,19,1144940,179926217.000000,157.149035757332,407256714.567616343498,entries/s,2.196311720597,8.609868253387
experiment-matrix-20260816-a,Dyadic layout / scale floor u64 (big-endian-bytes),8,0,69150,9621960.000000,139.146203904555,57493483.656136587262,entries/s,2.143471362695,7.759618624297
experiment-matrix-20260816-a,Dyadic layout / scale floor u64 (big-endian-bytes),8,1,138300,18749481.000000,135.571084598698,59009633.386652141809,entries/s,2.132167070517,7.770922916475
experiment-matrix-20260816-a,Dyadic layout / scale floor u64 (big-endian-bytes),8,2,207450,28490112.000000,137.334837310195,58251789.252355337143,entries/s,2.137780717371,7.765309269621
experiment-matrix-20260816-a,Dyadic layout / scale floor u64 (big-endian-bytes),8,3,276600,37720597.000000,136.372368040492,58662910.345772095025,entries/s,2.134726381880,7.768363605112
experiment-matrix-20260816-a,Dyadic layout / scale floor u64 (big-endian-bytes),8,4,345750,46690151.000000,135.040205350687,59241616.074447907507,entries/s,2.130463089698,7.772626897294
experiment-matrix-20260816-a,Dyadic layout / scale floor u64 (big-endian-bytes),8,5,414900,55931390.000000,134.806917329477,59344135.734870880842,entries/s,2.129712177666,7.773377809326
experiment-matrix-20260816-a,Dyadic layout / scale floor u64 (big-endian-bytes),8,6,484050,65467280.000000,135.249003202149,59150158.674684509635,entries/s,2.131134072999,7.771955913993
experiment-matrix-20260816-a,Dyadic layout / scale floor u64 (big-endian-bytes),8,7,553200,75918679.000000,137.235500723066,58293954.245436750352,entries/s,2.137466471238,7.765623515754
experiment-matrix-20260816-a,Dyadic layout / scale floor u64 (big-endian-bytes),8,8,622350,85855815.000000,137.954229934924,57990247.952337294817,entries/s,2.139735021301,7.763354965691
experiment-matrix-20260816-a,Dyadic layout / scale floor u64 (big-endian-bytes),8,9,691500,94949481.000000,137.309444685466,58262561.751127421856,entries/s,2.137700410752,7.765389576239
experiment-matrix-20260816-a,Dyadic layout / scale floor u64 (big-endian-bytes),8,10,760650,109236807.000000,143.609816604220,55706498.268481977284,entries/s,2.157184127590,7.745905859402
experiment-matrix-20260816-a,Dyadic layout / scale floor u64 (big-endian-bytes),8,11,829800,112895425.000000,136.051367799470,58801319.894052393734,entries/s,2.133702912340,7.769387074652
experiment-matrix-20260816-a,Dyadic layout / scale floor u64 (big-endian-bytes),8,12,898950,130294435.000000,144.940691918349,55194989.716943778098,entries/s,2.161190330224,7.741899656768
experiment-matrix-20260816-a,Dyadic layout / scale floor u64 (big-endian-bytes),8,13,968100,135889830.000000,140.367555004648,56993227.528506003320,entries/s,2.147266735210,7.755823251782
experiment-matrix-20260816-a,Dyadic layout / scale floor u64 (big-endian-bytes),8,14,1037250,140825977.000000,135.768596770306,58923787.903136655688,entries/s,2.132799329396,7.770290657596
experiment-matrix-20260816-a,Dyadic layout / scale floor u64 (big-endian-bytes),8,15,1106400,151662788.000000,137.077718727404,58361052.943323180079,entries/s,2.136966868209,7.766123118783
experiment-matrix-20260816-a,Dyadic layout / scale floor u64 (big-endian-bytes),8,16,1175550,161979043.000000,137.790007230658,58059362.654710836709,entries/s,2.139217722928,7.763872264064
experiment-matrix-20260816-a,Dyadic layout / scale floor u64 (big-endian-bytes),8,17,1244700,168823901.000000,135.634209849763,58982169.829140491784,entries/s,2.132369241708,7.770720745284
experiment-matrix-20260816-a,Dyadic layout / scale floor u64 (big-endian-bytes),8,18,1313850,180429198.000000,137.328612855349,58254429.529748283327,entries/s,2.137761033308,7.765328953684
experiment-matrix-20260816-a,Dyadic layout / scale floor u64 (big-endian-bytes),8,19,1383000,189790783.000000,137.231224150398,58295770.875237919390,entries/s,2.137452937416,7.765637049576
experiment-matrix-20260816-a,Dyadic layout / scale floor u64 (bitbox-lsb),16,0,28383,8571684.000000,302.000634182433,52980021.195368379354,entries/s,2.480007854949,7.724112127707
experiment-matrix-20260816-a,Dyadic layout / scale floor u64 (bitbox-lsb),16,1,56766,17306504.000000,304.874467110594,52480616.535841092467,entries/s,2.484121054220,7.719998928436
experiment-matrix-20260816-a,Dyadic layout / scale floor u64 (bitbox-lsb),16,2,85149,27254122.000000,320.075655615451,49988181.604235865176,entries/s,2.505252643735,7.698867338921
experiment-matrix-20260816-a,Dyadic layout / scale floor u64 (bitbox-lsb),16,3,113532,36541171.000000,321.857899094528,49711378.981259249151,entries/s,2.507664172129,7.696455810527
experiment-matrix-20260816-a,Dyadic layout / scale floor u64 (bitbox-lsb),16,4,141915,46982524.000000,331.061015396540,48329459.694417439401,entries/s,2.519908042742,7.684211939913
experiment-matrix-20260816-a,Dyadic layout / scale floor u64 (bitbox-lsb),16,5,170298,56397247.000000,331.167993752129,48313847.659975320101,entries/s,2.520048357073,7.684071625583
experiment-matrix-20260816-a,Dyadic layout / scale floor u64 (bitbox-lsb),16,6,198681,64222921.000000,323.246415107635,49497842.055486701429,entries/s,2.509533717133,7.694586265523
experiment-matrix-20260816-a,Dyadic layout / scale floor u64 (bitbox-lsb),16,7,227064,77661019.000000,342.022597153226,46780534.775110274553,entries/s,2.534054800485,7.670065182171
experiment-matrix-20260816-a,Dyadic layout / scale floor u64 (bitbox-lsb),16,8,255447,81556888.000000,319.271269578425,50114124.021014630795,entries/s,2.504159839225,7.699960143430
experiment-matrix-20260816-a,Dyadic layout / scale floor u64 (bitbox-lsb),16,9,283830,88499785.000000,311.805605468062,51314022.966270484030,entries/s,2.493883918428,7.710236064228
experiment-matrix-20260816-a,Dyadic layout / scale floor u64 (bitbox-lsb),16,10,312213,95033233.000000,304.385893604687,52564853.812770947814,entries/s,2.483424521714,7.720695460942
experiment-matrix-20260816-a,Dyadic layout / scale floor u64 (bitbox-lsb),16,11,340596,106278622.000000,312.037199497352,51275937.695165075362,entries/s,2.494206371497,7.709913611159
experiment-matrix-20260816-a,Dyadic layout / scale floor u64 (bitbox-lsb),16,12,368979,118757685.000000,321.854861658794,49711848.121660508215,entries/s,2.507660073588,7.696459909068
experiment-matrix-20260816-a,Dyadic layout / scale floor u64 (bitbox-lsb),16,13,397362,123342024.000000,310.402162260105,51546032.680637702346,entries/s,2.491924737890,7.712195244766
experiment-matrix-20260816-a,Dyadic layout / scale floor u64 (bitbox-lsb),16,14,425745,131546755.000000,308.980152438666,51783261.396299742162,entries/s,2.489930583104,7.714189399552
experiment-matrix-20260816-a,Dyadic layout / scale floor u64 (bitbox-lsb),16,15,454128,148538046.000000,327.084095233062,48917083.505999535322,entries/s,2.514659426667,7.689460555989
experiment-matrix-20260816-a,Dyadic layout / scale floor u64 (bitbox-lsb),16,16,482511,149660201.000000,310.169511161404,51584696.187866270542,entries/s,2.491599105582,7.712520877074
experiment-matrix-20260816-a,Dyadic layout / scale floor u64 (bitbox-lsb),16,17,510894,159147817.000000,311.508487083426,51362966.543235711753,entries/s,2.493469883558,7.710650099098
experiment-matrix-20260816-a,Dyadic layout / scale floor u64 (bitbox-lsb),16,18,539277,171557023.000000,318.124123595110,50294834.038942262530,entries/s,2.502596603238,7.701523379418
experiment-matrix-20260816-a,Dyadic layout / scale floor u64 (bitbox-lsb),16,19,567660,182500381.000000,321.495932424338,49767348.156933441758,entries/s,2.507175482589,7.696944500067
experiment-matrix-20260816-a,Dyadic layout / scale floor u64 (bitbox-lsb),200000,0,2,12643729.000000,6321864.500000000000,31636236.429932974279,entries/s,6.800845183131,7.500184812533
experiment-matrix-20260816-a,Dyadic layout / scale floor u64 (bitbox-lsb),200000,1,4,25693171.000000,6423292.750000000000,31136678.302573084831,entries/s,6.807757716006,7.493272279658
experiment-matrix-20260816-a,Dyadic layout / scale floor u64 (bitbox-lsb),200000,2,6,37621664.000000,6270277.333333333023,31896515.794729337096,entries/s,6.797286750029,7.503743245635
experiment-matrix-20260816-a,Dyadic layout / scale floor u64 (bitbox-lsb),200000,3,8,53055897.000000,6631987.125000000000,30156873.985185850412,entries/s,6.821643674426,7.479386321238
experiment-matrix-20260816-a,Dyadic layout / scale floor u64 (bitbox-lsb),200000,4,10,66076370.000000,6607637.000000000000,30268006.550601977855,entries/s,6.820046176378,7.480983819286
experiment-matrix-20260816-a,Dyadic layout / scale floor u64 (bitbox-lsb),200000,5,12,76634567.000000,6386213.916666666977,31317460.174336209893,entries/s,6.805243461850,7.495786533814
experiment-matrix-20260816-a,Dyadic layout / scale floor u64 (bitbox-lsb),200000,6,14,88246349.000000,6303310.642857142724,31729358.004374776036,entries/s,6.799568710767,7.501461284897
experiment-matrix-20260816-a,Dyadic layout / scale floor u64 (bitbox-lsb),200000,7,16,98837146.000000,6177321.625000000000,32376491.324425738305,entries/s,6.790800213662,7.510229782002
experiment-matrix-20260816-a,Dyadic layout / scale floor u64 (bitbox-lsb),200000,8,18,110091730.000000,6116207.222222222015,32700003.896750465035,entries/s,6.786482191250,7.514547804414
experiment-matrix-20260816-a,Dyadic layout / scale floor u64 (bitbox-lsb),200000,9,20,126797414.000000,6339870.700000000186,31546384.692041117698,entries/s,6.802080400650,7.498949595014
experiment-matrix-20260816-a,Dyadic layout / scale floor u64 (bitbox-lsb),200000,10,22,136659026.000000,6211773.909090909176,32196921.994746252894,entries/s,6.793215640260,7.507814355404
experiment-matrix-20260816-a,Dyadic layout / scale floor u64 (bitbox-lsb),200000,11,24,152549459.000000,6356227.458333333023,31465204.999514289200,entries/s,6.803199430092,7.497830565572
experiment-matrix-20260816-a,Dyadic layout / scale floor u64 (bitbox-lsb),200000,12,26,158620790.000000,6100799.615384615026,32782587.957101967186,entries/s,6.785386760550,7.515643235114
experiment-matrix-20260816-a,Dyadic layout / scale floor u64 (bitbox-lsb),200000,13,28,171852149.000000,6137576.750000000000,32586150.552007354796,entries/s,6.787996935989,7.513033059675
experiment-matrix-20260816-a,Dyadic layout / scale floor u64 (bitbox-lsb),200000,14,30,188005250.000000,6266841.666666666977,31914002.401528678834,entries/s,6.797048722279,7.503981273385
experiment-matrix-20260816-a,Dyadic layout / scale floor u64 (bitbox-lsb),200000,15,32,202283425.000000,6321357.031250000000,31638776.137985602021,entries/s,6.800810320042,7.500219675622
experiment-matrix-20260816-a,Dyadic layout / scale floor u64 (bitbox-lsb),200000,16,34,207181685.000000,6093578.970588235185,32821433.998859502375,entries/s,6.784872443804,7.516157551860
experiment-matrix-20260816-a,Dyadic layout / scale floor u64 (bitbox-lsb),200000,17,36,217967392.000000,6054649.777777777985,33032463.865053720772,entries/s,6.782089027086,7.518940968578
experiment-matrix-20260816-a,Dyadic layout / scale floor u64 (bitbox-lsb),200000,18,38,231416620.000000,6089911.052631579340,32841202.157390423119,entries/s,6.784610949508,7.516419046156
experiment-matrix-20260816-a,Dyadic layout / scale floor u64 (bitbox-lsb),200000,19,40,243978539.000000,6099463.474999999627,32789769.267369866371,entries/s,6.785291634995,7.515738360669
experiment-matrix-20260816-a,Dyadic layout / scale floor u64 (bitbox-lsb),256,0,2579,9264433.000000,3592.257851880574,71264372.034424558282,entries/s,3.555367502725,7.852872462587
experiment-matrix-20260816-a,Dyadic layout / scale floor u64 (bitbox-lsb),256,1,5158,18466739.000000,3580.213067080263,71504124.252798512578,entries/s,3.553908873321,7.854331091991
experiment-matrix-20260816-a,Dyadic layout / scale floor u64 (bitbox-lsb),256,2,7737,28065473.000000,3627.436086338374,70573262.741732522845,entries/s,3.559599769119,7.848640196192
experiment-matrix-20260816-a,Dyadic layout / scale floor u64 (bitbox-lsb),256,3,10316,41784108.000000,4050.417603722373,63203359.516493692994,entries/s,3.607499801892,7.800740163420
experiment-matrix-20260816-a,Dyadic layout / scale floor u64 (bitbox-lsb),256,4,12895,46489317.000000,3605.220395502133,71008141.504853680730,entries/s,3.556931819298,7.851308146014
experiment-matrix-20260816-a,Dyadic layout / scale floor u64 (bitbox-lsb),256,5,15474,56737743.000000,3666.650058162078,69818498.067503318191,entries/s,3.564269463257,7.843970502055
experiment-matrix-20260816-a,Dyadic layout / scale floor u64 (bitbox-lsb),256,6,18053,66839785.000000,3702.419819420595,69143968.670754998922,entries/s,3.568485662099,7.839754303213
experiment-matrix-20260816-a,Dyadic layout / scale floor u64 (bitbox-lsb),256,7,20632,79869979.000000,3871.169978673905,66129878.411511793733,entries/s,3.587842241115,7.820397724197
experiment-matrix-20260816-a,Dyadic layout / scale floor u64 (bitbox-lsb),256,8,23211,87181527.000000,3756.043556934212,68156824.094168484211,entries/s,3.574730619916,7.833509345395
experiment-matrix-20260816-a,Dyadic layout / scale floor u64 (bitbox-lsb),256,9,25790,90501291.000000,3509.162117099651,72951887.504013612866,entries/s,3.545203432318,7.863036532994
experiment-matrix-20260816-a,Dyadic layout / scale floor u64 (bitbox-lsb),256,10,28369,100916482.000000,3557.280200218549,71965092.877494484186,entries/s,3.551118075086,7.857121890226
experiment-matrix-20260816-a,Dyadic layout / scale floor u64 (bitbox-lsb),256,11,30948,110035587.000000,3555.499127568825,72001142.684866115451,entries/s,3.550900576411,7.857339388901
experiment-matrix-20260816-a,Dyadic layout / scale floor u64 (bitbox-lsb),256,12,33527,119608779.000000,3567.535985921794,71758210.992188125849,entries/s,3.552368362560,7.855871602752
experiment-matrix-20260816-a,Dyadic layout / scale floor u64 (bitbox-lsb),256,13,36106,127736568.000000,3537.821082368581,72360923.302714690566,entries/s,3.548735865627,7.859504099685
experiment-matrix-20260816-a,Dyadic layout / scale floor u64 (bitbox-lsb),256,14,38685,138131624.000000,3570.676592994701,71695095.686415731907,entries/s,3.552750516606,7.855489448706
experiment-matrix-20260816-a,Dyadic layout / scale floor u64 (bitbox-lsb),256,15,41264,143947988.000000,3488.464230321830,73384728.378419578075,entries/s,3.542634274211,7.865605691101
experiment-matrix-20260816-a,Dyadic layout / scale floor u64 (bitbox-lsb),256,16,43843,154629357.000000,3526.888146340351,72585233.604767560959,entries/s,3.547391686433,7.860848278879
experiment-matrix-20260816-a,Dyadic layout / scale floor u64 (bitbox-lsb),256,17,46422,165536269.000000,3565.901275257421,71791106.999034747481,entries/s,3.552169315226,7.856070650086
experiment-matrix-20260816-a,Dyadic layout / scale floor u64 (bitbox-lsb),256,18,49001,173623089.000000,3543.256035591111,72249929.846600070596,entries/s,3.549402535575,7.858837429737
experiment-matrix-20260816-a,Dyadic layout / scale floor u64 (bitbox-lsb),256,19,51580,180771715.000000,3504.686215587437,73045055.748904079199,entries/s,3.544649140437,7.863590824875
experiment-matrix-20260816-a,Dyadic layout / scale floor u64 (bitbox-lsb),4096,0,81,9323583.000000,115105.962962962964,35584603.043701119721,entries/s,5.061097822455,7.551262125512
experiment-matrix-20260816-a,Dyadic layout / scale floor u64 (bitbox-lsb),4096,1,162,18788244.000000,115976.814814814818,35317403.797821655869,entries/s,5.064371177120,7.547988770848
experiment-matrix-20260816-a,Dyadic layout / scale floor u64 (bitbox-lsb),4096,2,243,28840741.000000,118686.176954732509,34511179.861848905683,entries/s,5.074400140843,7.537959807125
experiment-matrix-20260816-a,Dyadic layout / scale floor u64 (bitbox-lsb),4096,3,324,41691767.000000,128678.293209876545,31831320.557845387608,entries/s,5.109505291782,7.502854656186
experiment-matrix-20260816-a,Dyadic layout / scale floor u64 (bitbox-lsb),4096,4,405,47987649.000000,118488.022222222222,34568895.008796952665,entries/s,5.073674450382,7.538685497585
experiment-matrix-20260816-a,Dyadic layout / scale floor u64 (bitbox-lsb),4096,5,486,57096298.000000,117482.094650205763,34864887.387269839644,entries/s,5.069971681185,7.542388266783
experiment-matrix-20260816-a,Dyadic layout / scale floor u64 (bitbox-lsb),4096,6,567,68253966.000000,120377.365079365074,34026330.425985798240,entries/s,5.080544832891,7.531815115076
experiment-matrix-20260816-a,Dyadic layout / scale floor u64 (bitbox-lsb),4096,7,648,75107809.000000,115907.112654320983,35338642.350757427514,entries/s,5.064110087316,7.548249860652
experiment-matrix-20260816-a,Dyadic layout / scale floor u64 (bitbox-lsb),4096,8,729,83836993.000000,115002.733882030181,35616544.596250012517,entries/s,5.060708164665,7.551651783303
experiment-matrix-20260816-a,Dyadic layout / scale floor u64 (bitbox-lsb),4096,9,810,94489474.000000,116653.671604938267,35112482.476090408862,entries/s,5.066898412505,7.545461535462
experiment-matrix-20260816-a,Dyadic layout / scale floor u64 (bitbox-lsb),4096,10,891,104746504.000000,117560.610549943885,34841601.968882896006,entries/s,5.070261832911,7.542098115057
experiment-matrix-20260816-a,Dyadic layout / scale floor u64 (bitbox-lsb),4096,11,972,112976190.000000,116230.648148148146,35240274.964131824672,entries/s,5.065320659609,7.547039288359
experiment-matrix-20260816-a,Dyadic layout / scale floor u64 (bitbox-lsb),4096,12,1053,120376285.000000,114317.459639126304,35830047.421715997159,entries/s,5.058112565005,7.554247382963
experiment-matrix-20260816-a,Dyadic layout / scale floor u64 (bitbox-lsb),4096,13,1134,129512791.000000,114208.810405643744,35864133.296301208436,entries/s,5.057699607964,7.554660340004
experiment-matrix-20260816-a,Dyadic layout / scale floor u64 (bitbox-lsb),4096,14,1215,138988556.000000,114393.873251028810,35806113.418431371450,entries/s,5.058402764977,7.553957182991
experiment-matrix-20260816-a,Dyadic layout / scale floor u64 (bitbox-lsb),4096,15,1296,156000591.000000,120370.826388888891,34028178.777861170471,entries/s,5.080521242125,7.531838705843
experiment-matrix-20260816-a,Dyadic layout / scale floor u64 (bitbox-lsb),4096,16,1377,168123962.000000,122094.380537400139,33547817.532399103045,entries/s,5.086695675757,7.525664272211
experiment-matrix-20260816-a,Dyadic layout / scale floor u64 (bitbox-lsb),4096,17,1458,171106430.000000,117356.947873799727,34902066.509131185710,entries/s,5.069508806196,7.542851141771
experiment-matrix-20260816-a,Dyadic layout / scale floor u64 (bitbox-lsb),4096,18,1539,187078829.000000,121558.693307342430,33695656.711642131209,entries/s,5.084786022993,7.527573924974
experiment-matrix-20260816-a,Dyadic layout / scale floor u64 (bitbox-lsb),4096,19,1620,185946729.000000,114781.931481481486,35685059.025695472956,entries/s,5.059873528519,7.552486419448
experiment-matrix-20260816-a,Dyadic layout / scale floor u64 (bitbox-lsb),50000,0,7,11265043.000000,1609291.857142857043,31069566.267967198044,entries/s,6.206634813802,7.492335190534
experiment-matrix-20260816-a,Dyadic layout / scale floor u64 (bitbox-lsb),50000,1,14,21969823.000000,1569273.071428571362,31861886.188159096986,entries/s,6.195698522360,7.503271481976
experiment-matrix-20260816-a,Dyadic layout / scale floor u64 (bitbox-lsb),50000,2,21,35245564.000000,1678360.190476190532,29790983.058180030435,entries/s,6.224885169812,7.474084834524
experiment-matrix-20260816-a,Dyadic layout / scale floor u64 (bitbox-lsb),50000,3,28,42779816.000000,1527850.571428571362,32725713.453278996050,entries/s,6.184080880956,7.514889123380
experiment-matrix-20260816-a,Dyadic layout / scale floor u64 (bitbox-lsb),50000,4,35,53829437.000000,1537983.914285714272,32510092.944126464427,entries/s,6.186951793220,7.512018211116
experiment-matrix-20260816-a,Dyadic layout / scale floor u64 (bitbox-lsb),50000,5,42,73113467.000000,1740796.833333333256,28722478.719276163727,entries/s,6.240748087998,7.458221916338
experiment-matrix-20260816-a,Dyadic layout / scale floor u64 (bitbox-lsb),50000,6,49,85269865.000000,1740201.326530612307,28732307.715040944517,entries/s,6.240599495376,7.458370508960
experiment-matrix-20260816-a,Dyadic layout / scale floor u64 (bitbox-lsb),50000,7,56,86000885.000000,1535730.089285714319,32557804.492360748351,entries/s,6.186314893408,7.512655110928
experiment-matrix-20260816-a,Dyadic layout / scale floor u64 (bitbox-lsb),50000,8,63,97597598.000000,1549168.222222222248,32275384.482310723513,entries/s,6.190098579810,7.508871424526
experiment-matrix-20260816-a,Dyadic layout / scale floor u64 (bitbox-lsb),50000,9,70,111336437.000000,1590520.528571428498,31436249.392460800707,entries/s,6.201539278843,7.497430725493
experiment-matrix-20260816-a,Dyadic layout / scale floor u64 (bitbox-lsb),50000,10,77,115637337.000000,1501783.597402597312,33293744.908705398440,entries/s,6.176607356620,7.522362647716
experiment-matrix-20260816-a,Dyadic layout / scale floor u64 (bitbox-lsb),50000,11,84,126301422.000000,1503588.357142857043,33253782.368341032416,entries/s,6.177128954147,7.521841050189
experiment-matrix-20260816-a,Dyadic layout / scale floor u64 (bitbox-lsb),50000,12,91,136768933.000000,1502955.307692307746,33267788.964910618961,entries/s,6.176946066474,7.522023937862
experiment-matrix-20260816-a,Dyadic layout / scale floor u64 (bitbox-lsb),50000,13,98,148346154.000000,1513736.265306122368,33030852.960299868137,entries/s,6.180050215653,7.518919788683
experiment-matrix-20260816-a,Dyadic layout / scale floor u64 (bitbox-lsb),50000,14,105,160954691.000000,1532901.819047619123,32617875.051557209343,entries/s,6.185514339583,7.513455664753
experiment-matrix-20260816-a,Dyadic layout / scale floor u64 (bitbox-lsb),50000,15,112,172682370.000000,1541806.875000000000,32429483.102415144444,entries/s,6.188029977882,7.510940026454
experiment-matrix-20260816-a,Dyadic layout / scale floor u64 (bitbox-lsb),50000,16,119,182421615.000000,1532954.747899159556,32616748.843057882041,entries/s,6.185529334875,7.513440669461
experiment-matrix-20260816-a,Dyadic layout / scale floor u64 (bitbox-lsb),50000,17,126,188702220.000000,1497636.666666666744,33385934.728271875530,entries/s,6.175406464364,7.523563539972
experiment-matrix-20260816-a,Dyadic layout / scale floor u64 (bitbox-lsb),50000,18,133,201521087.000000,1515196.142857142957,32999028.037199895829,entries/s,6.180468856104,7.518501148233
experiment-matrix-20260816-a,Dyadic layout / scale floor u64 (bitbox-lsb),50000,19,140,211866230.000000,1513330.214285714319,33039715.673422798514,entries/s,6.179933703036,7.519036301300
experiment-matrix-20260816-a,Dyadic layout / scale floor u64 (bitbox-lsb),64,0,8528,8661213.000000,1015.620661350844,63015653.812000691891,entries/s,3.006731527392,7.799448446592
experiment-matrix-20260816-a,Dyadic layout / scale floor u64 (bitbox-lsb),64,1,17056,18248331.000000,1069.906836303940,59818292.423564650118,entries/s,3.029345962507,7.776834011477
experiment-matrix-20260816-a,Dyadic layout / scale floor u64 (bitbox-lsb),64,2,25584,26362826.000000,1030.441916823014,62109274.627841487527,entries/s,3.013023516820,7.793156457164
experiment-matrix-20260816-a,Dyadic layout / scale floor u64 (bitbox-lsb),64,3,34112,34908931.000000,1023.362189258912,62538953.140673369169,entries/s,3.010029366809,7.796150607175
experiment-matrix-20260816-a,Dyadic layout / scale floor u64 (bitbox-lsb),64,4,42640,46612488.000000,1093.163414634146,58545684.152281247079,entries/s,3.038685088545,7.767494885439
experiment-matrix-20260816-a,Dyadic layout / scale floor u64 (bitbox-lsb),64,5,51168,55633759.000000,1087.276403220763,58862677.246022500098,entries/s,3.036339962793,7.769840011191
experiment-matrix-20260816-a,Dyadic layout / scale floor u64 (bitbox-lsb),64,6,59696,58561551.000000,980.996230903243,65239802.135705046356,entries/s,2.991667338775,7.814512635208
experiment-matrix-20260816-a,Dyadic layout / scale floor u64 (bitbox-lsb),64,7,68224,67318188.000000,986.722971388368,64861163.523890458047,entries/s,2.994195238906,7.811984735078
experiment-matrix-20260816-a,Dyadic layout / scale floor u64 (bitbox-lsb),64,8,76752,75229320.000000,980.161038148843,65295392.806953459978,entries/s,2.991297435115,7.814882538869
experiment-matrix-20260816-a,Dyadic layout / scale floor u64 (bitbox-lsb),64,9,85280,83494782.000000,979.066393058161,65368396.314873903990,entries/s,2.990812143449,7.815367830535
experiment-matrix-20260816-a,Dyadic layout / scale floor u64 (bitbox-lsb),64,10,93808,92382316.000000,984.802106430155,64987675.779853798449,entries/s,2.993348968853,7.812831005131
experiment-matrix-20260816-a,Dyadic layout / scale floor u64 (bitbox-lsb),64,11,102336,99440031.000000,971.701366088180,65863857.182425864041,entries/s,2.987532813293,7.818647160691
experiment-matrix-20260816-a,Dyadic layout / scale floor u64 (bitbox-lsb),64,12,110864,124856879.000000,1126.216616755665,56827433.592986099422,entries/s,3.051621930847,7.754558043137
experiment-matrix-20260816-a,Dyadic layout / scale floor u64 (bitbox-lsb),64,13,119392,137670083.000000,1153.093029683731,55502893.827702566981,entries/s,3.061864346886,7.744315627098
experiment-matrix-20260816-a,Dyadic layout / scale floor u64 (bitbox-lsb),64,14,127920,132666263.000000,1037.103369293308,61710338.520653136075,entries/s,3.015822045180,7.790357928804
experiment-matrix-20260816-a,Dyadic layout / scale floor u64 (bitbox-lsb),64,15,136448,142331574.000000,1043.119532715760,61354425.828242443502,entries/s,3.018334077769,7.787845896215
experiment-matrix-20260816-a,Dyadic layout / scale floor u64 (bitbox-lsb),64,16,144976,156063572.000000,1076.478672331972,59453105.430651046336,entries/s,3.032005429812,7.774174544172
experiment-matrix-20260816-a,Dyadic layout / scale floor u64 (bitbox-lsb),64,17,153504,161996518.000000,1055.324408484469,60644859.045674063265,entries/s,3.023385983006,7.782793990978
experiment-matrix-20260816-a,Dyadic layout / scale floor u64 (bitbox-lsb),64,18,162032,158665103.000000,979.220789720549,65358089.484869271517,entries/s,2.990880625354,7.815299348630
experiment-matrix-20260816-a,Dyadic layout / scale floor u64 (bitbox-lsb),64,19,170560,161125132.000000,944.682997185741,67747593.839054226875,entries/s,2.975286098806,7.830893875178
experiment-matrix-20260816-a,Dyadic layout / scale floor u64 (bitbox-lsb),8,0,58401,11351956.000000,194.379479803428,41156607.724695198238,entries/s,2.288650415536,7.614439571456
experiment-matrix-20260816-a,Dyadic layout / scale floor u64 (bitbox-lsb),8,1,116802,17866222.000000,152.961610246400,52300704.648134343326,entries/s,2.184582446830,7.718507540162
experiment-matrix-20260816-a,Dyadic layout / scale floor u64 (bitbox-lsb),8,2,175203,26809490.000000,153.019582998008,52280890.087801001966,entries/s,2.184747014110,7.718342972882
experiment-matrix-20260816-a,Dyadic layout / scale floor u64 (bitbox-lsb),8,3,233604,37105576.000000,158.839643156795,50365260.466513171792,entries/s,2.200958902723,7.702131084269
experiment-matrix-20260816-a,Dyadic layout / scale floor u64 (bitbox-lsb),8,4,292005,49946542.000000,171.046872485060,46770805.474380984902,entries/s,2.233115137715,7.669974849277
experiment-matrix-20260816-a,Dyadic layout / scale floor u64 (bitbox-lsb),8,5,350406,57452317.000000,163.959284372984,48792601.349741905928,entries/s,2.214736014100,7.688353972892
experiment-matrix-20260816-a,Dyadic layout / scale floor u64 (bitbox-lsb),8,6,408807,64805288.000000,158.522941143376,50465881.734836205840,entries/s,2.200092121387,7.702997865605
experiment-matrix-20260816-a,Dyadic layout / scale floor u64 (bitbox-lsb),8,7,467208,70057201.000000,149.948633156966,53351603.356234572828,entries/s,2.175942511342,7.727147475650
experiment-matrix-20260816-a,Dyadic layout / scale floor u64 (bitbox-lsb),8,8,525609,82815867.000000,157.561736956559,50773748.465375602245,entries/s,2.197450759815,7.705639227177
experiment-matrix-20260816-a,Dyadic layout / scale floor u64 (bitbox-lsb),8,9,584010,91255830.000000,156.257307237890,51197605.676261998713,entries/s,2.193840335897,7.709249651095
experiment-matrix-20260816-a,Dyadic layout / scale floor u64 (bitbox-lsb),8,10,642411,98698555.000000,153.637710126383,52070549.563770204782,entries/s,2.186497825655,7.716592161337
experiment-matrix-20260816-a,Dyadic layout / scale floor u64 (bitbox-lsb),8,11,700812,109937456.000000,156.871537587827,50997141.501982733607,entries/s,2.195544153339,7.707545833653
experiment-matrix-20260816-a,Dyadic layout / scale floor u64 (bitbox-lsb),8,12,759213,123599083.000000,162.798954970476,49140364.576976671815,entries/s,2.211651612764,7.691438374228
experiment-matrix-20260816-a,Dyadic layout / scale floor u64 (bitbox-lsb),8,13,817614,127864175.000000,156.386968667366,51155157.416062787175,entries/s,2.194200561565,7.708889425427
experiment-matrix-20260816-a,Dyadic layout / scale floor u64 (bitbox-lsb),8,14,876015,135924501.000000,155.162298590778,51558916.519399248064,entries/s,2.190786204660,7.712303782332
experiment-matrix-20260816-a,Dyadic layout / scale floor u64 (bitbox-lsb),8,15,934416,143212503.000000,153.264181049982,52197453.737680986524,entries/s,2.185440668945,7.717649318047
experiment-matrix-20260816-a,Dyadic layout / scale floor u64 (bitbox-lsb),8,16,992817,148947201.000000,150.024829349215,53324506.581362344325,entries/s,2.176163141436,7.726926845556
experiment-matrix-20260816-a,Dyadic layout / scale floor u64 (bitbox-lsb),8,17,1051218,160152597.000000,152.349557370593,52510818.791155785322,entries/s,2.182841196781,7.720248790211
experiment-matrix-20260816-a,Dyadic layout / scale floor u64 (bitbox-lsb),8,18,1109619,169970647.000000,153.179286764196,52226382.358831636608,entries/s,2.185200043024,7.717889943968
experiment-matrix-20260816-a,Dyadic layout / scale floor u64 (bitbox-lsb),8,19,1168020,176814704.000000,151.379859933905,52847188.546038568020,entries/s,2.180068099065,7.723021887927
experiment-matrix-20260816-a,Dyadic layout / scale floor u64 (bitbox-msb),16,0,31474,9536142.000000,302.984749316897,52807938.472392708063,entries/s,2.481420768917,7.722699213738
experiment-matrix-20260816-a,Dyadic layout / scale floor u64 (bitbox-msb),16,1,62948,18767881.000000,298.148964224439,53664449.385628566146,entries/s,2.474433304937,7.729686677719
experiment-matrix-20260816-a,Dyadic layout / scale floor u64 (bitbox-msb),16,2,94422,28566417.000000,302.539842409608,52885596.398036189377,entries/s,2.480782576341,7.723337406315
experiment-matrix-20260816-a,Dyadic layout / scale floor u64 (bitbox-msb),16,3,125896,38696715.000000,307.370488339582,52054444.414726160467,entries/s,2.487662167111,7.716457815545
experiment-matrix-20260816-a,Dyadic layout / scale floor u64 (bitbox-msb),16,4,157370,47716793.000000,303.214036982907,52768005.595011383295,entries/s,2.481749302643,7.722370680013
experiment-matrix-20260816-a,Dyadic layout / scale floor u64 (bitbox-msb),16,5,188844,56712236.000000,300.312617822118,53277814.685352914035,entries/s,2.477573579736,7.726546402920
experiment-matrix-20260816-a,Dyadic layout / scale floor u64 (bitbox-msb),16,6,220318,69060393.000000,313.457788287838,51043555.457322694361,entries/s,2.496179064950,7.707940917706
experiment-matrix-20260816-a,Dyadic layout / scale floor u64 (bitbox-msb),16,7,251792,77872061.000000,309.271386700133,51734498.204689867795,entries/s,2.490339741623,7.713780241033
experiment-matrix-20260816-a,Dyadic layout / scale floor u64 (bitbox-msb),16,8,283266,86986460.000000,307.084012906597,52103005.456251464784,entries/s,2.487257207237,7.716862775419
experiment-matrix-20260816-a,Dyadic layout / scale floor u64 (bitbox-msb),16,9,314740,93436361.000000,296.868402490945,53895934.581613257527,entries/s,2.472563975454,7.731556007202
experiment-matrix-20260816-a,Dyadic layout / scale floor u64 (bitbox-msb),16,10,346214,111076181.000000,320.830991814311,49870493.837018035352,entries/s,2.506276313863,7.697843668792
experiment-matrix-20260816-a,Dyadic layout / scale floor u64 (bitbox-msb),16,11,377688,114670904.000000,303.612780919701,52698703.761854007840,entries/s,2.482320049720,7.721799932936
experiment-matrix-20260816-a,Dyadic layout / scale floor u64 (bitbox-msb),16,12,409162,122099656.000000,298.413968061550,53616793.154601521790,entries/s,2.474819147588,7.729300835068
experiment-matrix-20260816-a,Dyadic layout / scale floor u64 (bitbox-msb),16,13,440636,129093556.000000,292.970969235378,54612919.641008265316,entries/s,2.466824587844,7.737295394812
experiment-matrix-20260816-a,Dyadic layout / scale floor u64 (bitbox-msb),16,14,472110,139666128.000000,295.833869225392,54084409.070179134607,entries/s,2.471047893716,7.733072088939
experiment-matrix-20260816-a,Dyadic layout / scale floor u64 (bitbox-msb),16,15,503584,146439568.000000,290.794719450975,55021631.858405917883,entries/s,2.463586515894,7.740533466762
experiment-matrix-20260816-a,Dyadic layout / scale floor u64 (bitbox-msb),16,16,535058,159104869.000000,297.360041341313,53806825.987204708159,entries/s,2.473282608467,7.730837374189
experiment-matrix-20260816-a,Dyadic layout / scale floor u64 (bitbox-msb),16,17,566532,177061068.000000,312.534981254369,51194269.312777444720,entries/s,2.494898633890,7.709221348766
experiment-matrix-20260816-a,Dyadic layout / scale floor u64 (bitbox-msb),16,18,598006,183350450.000000,306.603027394374,52184742.388142488897,entries/s,2.486576438758,7.717543543898
experiment-matrix-20260816-a,Dyadic layout / scale floor u64 (bitbox-msb),16,19,629480,185964803.000000,295.426070725043,54159065.788379319012,entries/s,2.470448818235,7.733671164421
experiment-matrix-20260816-a,Dyadic layout / scale floor u64 (bitbox-msb),200000,0,2,12303778.000000,6151889.000000000000,32510339.507100988179,entries/s,6.789008490785,7.512021504879
experiment-matrix-20260816-a,Dyadic layout / scale floor u64 (bitbox-msb),200000,1,4,24723290.000000,6180822.500000000000,32358152.980448801070,entries/s,6.791046271762,7.509983723902
experiment-matrix-20260816-a,Dyadic layout / scale floor u64 (bitbox-msb),200000,2,6,37124794.000000,6187465.666666666977,32323411.680075582117,entries/s,6.791512802112,7.509517193552
experiment-matrix-20260816-a,Dyadic layout / scale floor u64 (bitbox-msb),200000,3,8,58861664.000000,7357708.000000000000,27182377.990537270904,entries/s,6.866742548308,7.434287447356
experiment-matrix-20260816-a,Dyadic layout / scale floor u64 (bitbox-msb),200000,4,10,69102269.000000,6910226.900000000373,28942609.684784732759,entries/s,6.839492307837,7.461537687827
experiment-matrix-20260816-a,Dyadic layout / scale floor u64 (bitbox-msb),200000,5,12,74178154.000000,6181512.833333333023,32354539.316252060235,entries/s,6.791094775213,7.509935220451
experiment-matrix-20260816-a,Dyadic layout / scale floor u64 (bitbox-msb),200000,6,14,86422093.000000,6173006.642857142724,32399122.756723795086,entries/s,6.790496744318,7.510533251346
experiment-matrix-20260816-a,Dyadic layout / scale floor u64 (bitbox-msb),200000,7,16,101420368.000000,6338773.000000000000,31551847.652534645051,entries/s,6.802005199380,7.499024796284
experiment-matrix-20260816-a,Dyadic layout / scale floor u64 (bitbox-msb),200000,8,18,109101345.000000,6061185.833333333023,32996843.439464472234,entries/s,6.782557599495,7.518472396169
experiment-matrix-20260816-a,Dyadic layout / scale floor u64 (bitbox-msb),200000,9,20,120829431.000000,6041471.549999999814,33104517.391958918422,entries/s,6.781142734682,7.519887260982
experiment-matrix-20260816-a,Dyadic layout / scale floor u64 (bitbox-msb),200000,10,22,133419460.000000,6064520.909090909176,32978697.410407748073,entries/s,6.782796497741,7.518233497923
experiment-matrix-20260816-a,Dyadic layout / scale floor u64 (bitbox-msb),200000,11,24,144773675.000000,6032236.458333333023,33155198.968320727348,entries/s,6.780478357155,7.520551638509
experiment-matrix-20260816-a,Dyadic layout / scale floor u64 (bitbox-msb),200000,12,26,157852473.000000,6071248.961538461968,32942150.991831466556,entries/s,6.783278042197,7.517751953467
experiment-matrix-20260816-a,Dyadic layout / scale floor u64 (bitbox-msb),200000,13,28,171198092.000000,6114217.571428571828,32710644.929383907467,entries/s,6.786340888821,7.514689106843
experiment-matrix-20260816-a,Dyadic layout / scale floor u64 (bitbox-msb),200000,14,30,182804343.000000,6093478.099999999627,32821977.320309072733,entries/s,6.784865254613,7.516164741051
experiment-matrix-20260816-a,Dyadic layout / scale floor u64 (bitbox-msb),200000,15,32,193692935.000000,6052904.218750000000,33041989.889822259545,entries/s,6.781963801684,7.519066193980
experiment-matrix-20260816-a,Dyadic layout / scale floor u64 (bitbox-msb),200000,16,34,206641947.000000,6077704.323529412039,32907161.874544281512,entries/s,6.783739568106,7.517290427558
experiment-matrix-20260816-a,Dyadic layout / scale floor u64 (bitbox-msb),200000,17,36,217837261.000000,6051035.027777777985,33052196.703850403428,entries/s,6.781829666951,7.519200328713
experiment-matrix-20260816-a,Dyadic layout / scale floor u64 (bitbox-msb),200000,18,38,230659231.000000,6069979.763157894835,32949039.008978571743,entries/s,6.783187243174,7.517842752490
experiment-matrix-20260816-a,Dyadic layout / scale floor u64 (bitbox-msb),200000,19,40,243074211.000000,6076855.275000000373,32911759.610730566084,entries/s,6.783678893412,7.517351102252
experiment-matrix-20260816-a,Dyadic layout / scale floor u64 (bitbox-msb),256,0,2483,8907511.000000,3587.398711236408,71360899.806915760040,entries/s,3.554779647785,7.853460317527
experiment-matrix-20260816-a,Dyadic layout / scale floor u64 (bitbox-msb),256,1,4966,17378086.000000,3499.413209826822,73155121.916188001633,entries/s,3.543995226893,7.864244738418
experiment-matrix-20260816-a,Dyadic layout / scale floor u64 (bitbox-msb),256,2,7449,25852149.000000,3470.552960128876,73763461.598492264748,entries/s,3.540398676059,7.867841289253
experiment-matrix-20260816-a,Dyadic layout / scale floor u64 (bitbox-msb),256,3,9932,36534002.000000,3678.413411196134,69595222.554594486952,entries/s,3.565660537330,7.842579427981
experiment-matrix-20260816-a,Dyadic layout / scale floor u64 (bitbox-msb),256,4,12415,46826170.000000,3771.741441804269,67873157.253732264042,entries/s,3.576541913586,7.831698051725
experiment-matrix-20260816-a,Dyadic layout / scale floor u64 (bitbox-msb),256,5,14898,54312031.000000,3645.592092898376,70221789.349030241370,entries/s,3.561768073613,7.846471891699
experiment-matrix-20260816-a,Dyadic layout / scale floor u64 (bitbox-msb),256,6,17381,66554642.000000,3829.160692710431,66855381.777878098190,entries/s,3.583103592123,7.825136373189
experiment-matrix-20260816-a,Dyadic layout / scale floor u64 (bitbox-msb),256,7,19864,78290657.000000,3941.333920660491,64952629.021876774728,entries/s,3.595643231049,7.812596734263
experiment-matrix-20260816-a,Dyadic layout / scale floor u64 (bitbox-msb),256,8,22347,86067855.000000,3851.427708417237,66468857.624022349715,entries/s,3.585621750534,7.822618214778
experiment-matrix-20260816-a,Dyadic layout / scale floor u64 (bitbox-msb),256,9,24830,89478686.000000,3603.652275473218,71039040.515190407634,entries/s,3.556742878276,7.851497087036
experiment-matrix-20260816-a,Dyadic layout / scale floor u64 (bitbox-msb),256,10,27313,102277867.000000,3744.658843774027,68364038.135445281863,entries/s,3.573412257545,7.834827707766
experiment-matrix-20260816-a,Dyadic layout / scale floor u64 (bitbox-msb),256,11,29796,114701325.000000,3849.554470398711,66501202.143915951252,entries/s,3.585410469185,7.822829496126
experiment-matrix-20260816-a,Dyadic layout / scale floor u64 (bitbox-msb),256,12,32279,123686452.000000,3831.793178227330,66809451.369823433459,entries/s,3.583402059911,7.824837905401
experiment-matrix-20260816-a,Dyadic layout / scale floor u64 (bitbox-msb),256,13,34762,126486920.000000,3638.654853000403,70355669.977575540543,entries/s,3.560940862251,7.847299103061
experiment-matrix-20260816-a,Dyadic layout / scale floor u64 (bitbox-msb),256,14,37245,132959406.000000,3569.859202577527,71711511.707565844059,entries/s,3.552651087611,7.855588877701
experiment-matrix-20260816-a,Dyadic layout / scale floor u64 (bitbox-msb),256,15,39728,151388154.000000,3810.616039065646,67180738.593324810266,entries/s,3.580995191093,7.827244774219
experiment-matrix-20260816-a,Dyadic layout / scale floor u64 (bitbox-msb),256,16,42211,150450820.000000,3564.256236526024,71824241.303570166230,entries/s,3.551968918179,7.856271047133
experiment-matrix-20260816-a,Dyadic layout / scale floor u64 (bitbox-msb),256,17,44694,159013233.000000,3557.820579943616,71954162.456403866410,entries/s,3.551184042931,7.857055922380
experiment-matrix-20260816-a,Dyadic layout / scale floor u64 (bitbox-msb),256,18,47177,169711015.000000,3597.325285626470,71163984.258770719171,entries/s,3.555979710369,7.852260254943
experiment-matrix-20260816-a,Dyadic layout / scale floor u64 (bitbox-msb),256,19,49660,176212746.000000,3548.383930728957,72145518.917229741812,entries/s,3.550030603825,7.858209361487
experiment-matrix-20260816-a,Dyadic layout / scale floor u64 (bitbox-msb),4096,0,78,9299227.000000,119220.858974358969,34356404.032292149961,entries/s,5.076352246553,7.536007701415
experiment-matrix-20260816-a,Dyadic layout / scale floor u64 (bitbox-msb),4096,1,156,18171762.000000,116485.653846153844,35163128.374672748148,entries/s,5.066272441765,7.546087506203
experiment-matrix-20260816-a,Dyadic layout / scale floor u64 (bitbox-msb),4096,2,234,27014071.000000,115444.747863247860,35480176.238523989916,entries/s,5.062374179558,7.549985768410
experiment-matrix-20260816-a,Dyadic layout / scale floor u64 (bitbox-msb),4096,3,312,37427879.000000,119961.150641025641,34144387.396357670426,entries/s,5.079040622765,7.533319325203
experiment-matrix-20260816-a,Dyadic layout / scale floor u64 (bitbox-msb),4096,4,390,50011938.000000,128235.738461538465,31941173.725361332297,entries/s,5.108009077083,7.504350870885
experiment-matrix-20260816-a,Dyadic layout / scale floor u64 (bitbox-msb),4096,5,468,58903737.000000,125862.685897435891,32543402.127440575510,entries/s,5.099896995312,7.512462952656
experiment-matrix-20260816-a,Dyadic layout / scale floor u64 (bitbox-msb),4096,6,546,66351704.000000,121523.267399267395,33705479.515642881393,entries/s,5.084659437899,7.527700510069
experiment-matrix-20260816-a,Dyadic layout / scale floor u64 (bitbox-msb),4096,7,624,78331426.000000,125531.131410256407,32629356.192238859832,entries/s,5.098751443132,7.513608504835
experiment-matrix-20260816-a,Dyadic layout / scale floor u64 (bitbox-msb),4096,8,702,85550447.000000,121866.733618233615,33610484.817221350968,entries/s,5.085885170936,7.526474777031
experiment-matrix-20260816-a,Dyadic layout / scale floor u64 (bitbox-msb),4096,9,780,95576859.000000,122534.434615384613,33427338.305813126266,entries/s,5.088258151247,7.524101796721
experiment-matrix-20260816-a,Dyadic layout / scale floor u64 (bitbox-msb),4096,10,858,104963966.000000,122335.624708624702,33481661.697119943798,entries/s,5.087552944047,7.524807003920
experiment-matrix-20260816-a,Dyadic layout / scale floor u64 (bitbox-msb),4096,11,936,110895997.000000,118478.629273504281,34571635.619994468987,entries/s,5.073640021016,7.538719926952
experiment-matrix-20260816-a,Dyadic layout / scale floor u64 (bitbox-msb),4096,12,1014,115039449.000000,113451.133136094679,36103649.974888175726,entries/s,5.054808837923,7.557551110045
experiment-matrix-20260816-a,Dyadic layout / scale floor u64 (bitbox-msb),4096,13,1092,124787450.000000,114274.221611721616,35843604.465032339096,entries/s,5.057948271739,7.554411676229
experiment-matrix-20260816-a,Dyadic layout / scale floor u64 (bitbox-msb),4096,14,1170,132603420.000000,113336.256410256407,36140244.346639022231,entries/s,5.054368863439,7.557991084529
experiment-matrix-20260816-a,Dyadic layout / scale floor u64 (bitbox-msb),4096,15,1248,142837939.000000,114453.476762820515,35787466.801799766719,entries/s,5.058628989811,7.553730958157
experiment-matrix-20260816-a,Dyadic layout / scale floor u64 (bitbox-msb),4096,16,1326,162473686.000000,122529.174962292615,33428773.198387335986,entries/s,5.088239509244,7.524120438724
experiment-matrix-20260816-a,Dyadic layout / scale floor u64 (bitbox-msb),4096,17,1404,166327852.000000,118467.131054131052,34574991.084475740790,entries/s,5.073597871174,7.538762076794
experiment-matrix-20260816-a,Dyadic layout / scale floor u64 (bitbox-msb),4096,18,1482,172728169.000000,116550.721322537109,35143497.642240390182,entries/s,5.066514965677,7.545844982291
experiment-matrix-20260816-a,Dyadic layout / scale floor u64 (bitbox-msb),4096,19,1560,180581128.000000,115757.133333333331,35384428.432632230222,entries/s,5.063547763162,7.548812184806
experiment-matrix-20260816-a,Dyadic layout / scale floor u64 (bitbox-msb),50000,0,7,10432155.000000,1490307.857142857043,33550115.005001366138,entries/s,6.173275991129,7.525694013207
experiment-matrix-20260816-a,Dyadic layout / scale floor u64 (bitbox-msb),50000,1,14,20864101.000000,1490292.928571428638,33550451.083418354392,entries/s,6.173271640733,7.525698363603
experiment-matrix-20260816-a,Dyadic layout / scale floor u64 (bitbox-msb),50000,2,21,31910450.000000,1519545.238095238106,32904581.414552286267,entries/s,6.181713633908,7.517256370428
experiment-matrix-20260816-a,Dyadic layout / scale floor u64 (bitbox-msb),50000,3,28,42846162.000000,1530220.071428571362,32675038.665073432028,entries/s,6.184753894173,7.514216110163
experiment-matrix-20260816-a,Dyadic layout / scale floor u64 (bitbox-msb),50000,4,35,57528464.000000,1643670.399999999907,30419724.051732026041,entries/s,6.215814734243,7.483155270093
experiment-matrix-20260816-a,Dyadic layout / scale floor u64 (bitbox-msb),50000,5,42,67612862.000000,1609830.047619047575,31059179.243144597858,entries/s,6.206780029276,7.492189975060
experiment-matrix-20260816-a,Dyadic layout / scale floor u64 (bitbox-msb),50000,6,49,77555909.000000,1582773.653061224381,31590113.913821835071,entries/s,6.199418812364,7.499551191972
experiment-matrix-20260816-a,Dyadic layout / scale floor u64 (bitbox-msb),50000,7,56,87853764.000000,1568817.214285714319,31871144.416760560125,entries/s,6.195572346104,7.503397658232
experiment-matrix-20260816-a,Dyadic layout / scale floor u64 (bitbox-msb),50000,8,63,108800441.000000,1726991.126984127099,28952088.530597038567,entries/s,6.237290106235,7.461679898101
experiment-matrix-20260816-a,Dyadic layout / scale floor u64 (bitbox-msb),50000,9,70,106595234.000000,1522789.057142857229,32834488.641396477818,entries/s,6.182639747286,7.516330257050
experiment-matrix-20260816-a,Dyadic layout / scale floor u64 (bitbox-msb),50000,10,77,116017622.000000,1506722.363636363531,33184613.971832659096,entries/s,6.178033234366,7.520936769970
experiment-matrix-20260816-a,Dyadic layout / scale floor u64 (bitbox-msb),50000,11,84,126106678.000000,1501269.976190476213,33305135.513917826116,entries/s,6.176458799256,7.522511205080
experiment-matrix-20260816-a,Dyadic layout / scale floor u64 (bitbox-msb),50000,12,91,136264091.000000,1497407.593406593427,33391042.105142727494,entries/s,6.175340031120,7.523629973216
experiment-matrix-20260816-a,Dyadic layout / scale floor u64 (bitbox-msb),50000,13,98,150338155.000000,1534062.806122448994,32593189.666322562844,entries/s,6.185843140443,7.513126863893
experiment-matrix-20260816-a,Dyadic layout / scale floor u64 (bitbox-msb),50000,14,105,157781964.000000,1502685.371428571409,33273765.054667465389,entries/s,6.176868058593,7.522101945743
experiment-matrix-20260816-a,Dyadic layout / scale floor u64 (bitbox-msb),50000,15,112,172887440.000000,1543637.857142857043,32391016.952995546162,entries/s,6.188545420940,7.510424583396
experiment-matrix-20260816-a,Dyadic layout / scale floor u64 (bitbox-msb),50000,16,119,184180336.000000,1547733.915966386441,32305294.523949615657,entries/s,6.189696299525,7.509273704811
experiment-matrix-20260816-a,Dyadic layout / scale floor u64 (bitbox-msb),50000,17,126,194301248.000000,1542073.396825396921,32423878.203808549792,entries/s,6.188105044972,7.510864959364
experiment-matrix-20260816-a,Dyadic layout / scale floor u64 (bitbox-msb),50000,18,133,204589298.000000,1538265.398496240610,32504143.985087625682,entries/s,6.187031271199,7.511938733137
experiment-matrix-20260816-a,Dyadic layout / scale floor u64 (bitbox-msb),50000,19,140,212589206.000000,1518494.328571428545,32927353.799891419709,entries/s,6.181413174210,7.517556830126
experiment-matrix-20260816-a,Dyadic layout / scale floor u64 (bitbox-msb),64,0,9855,9219031.000000,935.467376966007,68414999.363815993071,entries/s,2.971028646726,7.835151327258
experiment-matrix-20260816-a,Dyadic layout / scale floor u64 (bitbox-msb),64,1,19710,18540797.000000,940.679705733130,68035910.214647188783,entries/s,2.973441774637,7.832738199347
experiment-matrix-20260816-a,Dyadic layout / scale floor u64 (bitbox-msb),64,2,29565,28448121.000000,962.222932521563,66512652.979787304997,entries/s,2.983275703168,7.822904270816
experiment-matrix-20260816-a,Dyadic layout / scale floor u64 (bitbox-msb),64,3,39420,36531629.000000,926.728285134449,69060156.063667461276,entries/s,2.966952418541,7.839227555443
experiment-matrix-20260816-a,Dyadic layout / scale floor u64 (bitbox-msb),64,4,49275,45743751.000000,928.335890410959,68940564.143941760063,entries/s,2.967705141045,7.838474832939
experiment-matrix-20260816-a,Dyadic layout / scale floor u64 (bitbox-msb),64,5,59130,56180591.000000,950.119922205310,67359917.947463393211,entries/s,2.977778424515,7.828401549469
experiment-matrix-20260816-a,Dyadic layout / scale floor u64 (bitbox-msb),64,6,68985,66899114.000000,969.763194897442,65995492.855107165873,entries/s,2.986665697457,7.819514276527
experiment-matrix-20260816-a,Dyadic layout / scale floor u64 (bitbox-msb),64,7,78840,80702222.000000,1023.620268899036,62523185.545002713799,entries/s,3.010138876848,7.796041097136
experiment-matrix-20260816-a,Dyadic layout / scale floor u64 (bitbox-msb),64,8,88695,86918877.000000,979.974936580416,65307792.690418675542,entries/s,2.991214968505,7.814965005479
experiment-matrix-20260816-a,Dyadic layout / scale floor u64 (bitbox-msb),64,9,98550,94477732.000000,958.678153221715,66758588.150697775185,entries/s,2.981672830591,7.824507143393
experiment-matrix-20260816-a,Dyadic layout / scale floor u64 (bitbox-msb),64,10,108405,109969749.000000,1014.434288086343,63089350.144829370081,entries/s,3.006223920028,7.799956053956
experiment-matrix-20260816-a,Dyadic layout / scale floor u64 (bitbox-msb),64,11,118260,110567328.000000,934.951192288179,68452771.147730007768,entries/s,2.970788939778,7.835391034206
experiment-matrix-20260816-a,Dyadic layout / scale floor u64 (bitbox-msb),64,12,128115,114840828.000000,896.388619599579,71397604.343291565776,entries/s,2.952496334168,7.853683639816
experiment-matrix-20260816-a,Dyadic layout / scale floor u64 (bitbox-msb),64,13,137970,123961888.000000,898.469870261651,71232216.146949946880,entries/s,2.953503517841,7.852676456143
experiment-matrix-20260816-a,Dyadic layout / scale floor u64 (bitbox-msb),64,14,147825,130892524.000000,885.455937764248,72279147.126844316721,entries/s,2.947166954615,7.859013019369
experiment-matrix-20260816-a,Dyadic layout / scale floor u64 (bitbox-msb),64,15,157680,144960251.000000,919.331881024860,69615773.499178066850,entries/s,2.963472321047,7.842707652937
experiment-matrix-20260816-a,Dyadic layout / scale floor u64 (bitbox-msb),64,16,167535,154225016.000000,920.554009609932,69523351.516462162137,entries/s,2.964049273978,7.842130700006
experiment-matrix-20260816-a,Dyadic layout / scale floor u64 (bitbox-msb),64,17,177390,157568440.000000,888.259992107785,72050976.705741330981,entries/s,2.948540101602,7.857639872382
experiment-matrix-20260816-a,Dyadic layout / scale floor u64 (bitbox-msb),64,18,187245,169557676.000000,905.539138561777,70676127.927113130689,entries/s,2.956907225820,7.849272748164
experiment-matrix-20260816-a,Dyadic layout / scale floor u64 (bitbox-msb),64,19,197100,185243293.000000,939.844205986809,68096392.564129173756,entries/s,2.973055868400,7.833124105584
experiment-matrix-20260816-a,Dyadic layout / scale floor u64 (bitbox-msb),8,0,61138,9470835.000000,154.909139978410,51643176.129665434361,entries/s,2.190077042840,7.713012944152
experiment-matrix-20260816-a,Dyadic layout / scale floor u64 (bitbox-msb),8,1,122276,19012843.000000,155.491208413753,51449854.185405090451,entries/s,2.191705838730,7.711384148261
experiment-matrix-20260816-a,Dyadic layout / scale floor u64 (bitbox-msb),8,2,183414,27866445.000000,151.931940855115,52655155.689934618771,entries/s,2.181649085771,7.721440901221
experiment-matrix-20260816-a,Dyadic layout / scale floor u64 (bitbox-msb),8,3,244552,40539696.000000,165.771271549609,48259266.670376613736,entries/s,2.219509268744,7.683580718248
experiment-matrix-20260816-a,Dyadic layout / scale floor u64 (bitbox-msb),8,4,305690,45363763.000000,148.397929274755,53909108.025275588036,entries/s,2.171427840897,7.731662146095
experiment-matrix-20260816-a,Dyadic layout / scale floor u64 (bitbox-msb),8,5,366828,57989987.000000,158.084952620847,50605701.980929918587,entries/s,2.198890533406,7.704199453586
experiment-matrix-20260816-a,Dyadic layout / scale floor u64 (bitbox-msb),8,6,427966,68233376.000000,159.436441212620,50176734.623243622482,entries/s,2.202587591896,7.700502395096
experiment-matrix-20260816-a,Dyadic layout / scale floor u64 (bitbox-msb),8,7,489104,76885466.000000,157.196559422945,50891699.089136041701,entries/s,2.196443036360,7.706646950632
experiment-matrix-20260816-a,Dyadic layout / scale floor u64 (bitbox-msb),8,8,550242,84457968.000000,153.492405159911,52119842.618046402931,entries/s,2.186086891352,7.717003095640
experiment-matrix-20260816-a,Dyadic layout / scale floor u64 (bitbox-msb),8,9,611380,94053204.000000,153.837554385161,52002906.780294269323,entries/s,2.187062367139,7.716027619853
experiment-matrix-20260816-a,Dyadic layout / scale floor u64 (bitbox-msb),8,10,672518,106059508.000000,157.705084473575,50727597.190060511231,entries/s,2.197845695378,7.705244291613
experiment-matrix-20260816-a,Dyadic layout / scale floor u64 (bitbox-msb),8,11,733656,112498607.000000,153.339721886007,52171739.335403509438,entries/s,2.185654671236,7.717435315756
experiment-matrix-20260816-a,Dyadic layout / scale floor u64 (bitbox-msb),8,12,794794,117748386.000000,148.149565799440,53999483.271048836410,entries/s,2.170700382976,7.732389604015
experiment-matrix-20260816-a,Dyadic layout / scale floor u64 (bitbox-msb),8,13,855932,126746851.000000,148.080514573588,54024663.697561994195,entries/s,2.170497914903,7.732592072089
experiment-matrix-20260816-a,Dyadic layout / scale floor u64 (bitbox-msb),8,14,917070,134743145.000000,146.927873553818,54448484.188193768263,entries/s,2.167104193219,7.735985793773
experiment-matrix-20260816-a,Dyadic layout / scale floor u64 (bitbox-msb),8,15,978208,144104114.000000,147.314389168766,54305625.167647883296,entries/s,2.168245169323,7.734844817669
experiment-matrix-20260816-a,Dyadic layout / scale floor u64 (bitbox-msb),8,16,1039346,159759725.000000,153.711781254751,52045457.639589704573,entries/s,2.186707155319,7.716382831673
experiment-matrix-20260816-a,Dyadic layout / scale floor u64 (bitbox-msb),8,17,1100484,164087088.000000,149.104474031426,53653654.942063443363,entries/s,2.173490675096,7.729599311896
experiment-matrix-20260816-a,Dyadic layout / scale floor u64 (bitbox-msb),8,18,1161622,175328945.000000,150.934594041780,53003090.847321301699,entries/s,2.178788790999,7.724301195993
experiment-matrix-20260816-a,Dyadic layout / scale floor u64 (bitbox-msb),8,19,1222760,184197003.000000,150.640357061075,53106618.678263723850,entries/s,2.177941336413,7.725148650579
experiment-matrix-20260816-a,Dyadic layout / scale floor u64 (little-endian-bytes),16,0,76622,9457621.000000,123.432186578267,129625832.965816676617,entries/s,2.091428422506,8.112691560150
experiment-matrix-20260816-a,Dyadic layout / scale floor u64 (little-endian-bytes),16,1,153244,19385374.000000,126.500052204328,126482161.241769179702,entries/s,2.102090704738,8.102029277918
experiment-matrix-20260816-a,Dyadic layout / scale floor u64 (little-endian-bytes),16,2,229866,32658742.000000,142.077305908660,112614747.989986866713,entries/s,2.152524713355,8.051595269301
experiment-matrix-20260816-a,Dyadic layout / scale floor u64 (little-endian-bytes),16,3,306488,39283399.000000,128.172714755553,124831560.527641698718,entries/s,2.107795582965,8.096324399691
experiment-matrix-20260816-a,Dyadic layout / scale floor u64 (little-endian-bytes),16,4,383110,47985856.000000,125.253467672470,127740974.340438976884,entries/s,2.097789758253,8.106330224403
experiment-matrix-20260816-a,Dyadic layout / scale floor u64 (little-endian-bytes),16,5,459732,57090965.000000,124.183143657609,128841962.997122213244,entries/s,2.094062649679,8.110057332977
experiment-matrix-20260816-a,Dyadic layout / scale floor u64 (little-endian-bytes),16,6,536354,67194100.000000,125.279386375416,127714546.366422057152,entries/s,2.097879617523,8.106240365133
experiment-matrix-20260816-a,Dyadic layout / scale floor u64 (little-endian-bytes),16,7,612976,76465081.000000,124.744004659236,128262677.182019859552,entries/s,2.096019682103,8.108100300553
experiment-matrix-20260816-a,Dyadic layout / scale floor u64 (little-endian-bytes),16,8,689598,87254150.000000,126.529006754660,126453217.411435440183,entries/s,2.102190098867,8.101929883789
experiment-matrix-20260816-a,Dyadic layout / scale floor u64 (little-endian-bytes),16,9,766220,98033220.000000,127.943958654172,125054751.848404034972,entries/s,2.107019783892,8.097100198764
experiment-matrix-20260816-a,Dyadic layout / scale floor u64 (little-endian-bytes),16,10,842842,104394033.000000,123.859552561453,129178570.962959155440,entries/s,2.092929506802,8.111190475854
experiment-matrix-20260816-a,Dyadic layout / scale floor u64 (little-endian-bytes),16,11,919464,112518318.000000,122.373815614314,130746924.247481197119,entries/s,2.087688501545,8.116431481111
experiment-matrix-20260816-a,Dyadic layout / scale floor u64 (little-endian-bytes),16,12,996086,120157224.000000,120.629367343784,132637684.772078290582,entries/s,2.081453050115,8.122666932541
experiment-matrix-20260816-a,Dyadic layout / scale floor u64 (little-endian-bytes),16,13,1072708,127212189.000000,118.589764409327,134918895.232594430447,entries/s,2.074047206293,8.130072776363
experiment-matrix-20260816-a,Dyadic layout / scale floor u64 (little-endian-bytes),16,14,1149330,138466672.000000,120.475992099745,132806542.790311306715,entries/s,2.080900511331,8.123219471325
experiment-matrix-20260816-a,Dyadic layout / scale floor u64 (little-endian-bytes),16,15,1225952,146538167.000000,119.530101504790,133857495.296771392226,entries/s,2.077477288307,8.126642694349
experiment-matrix-20260816-a,Dyadic layout / scale floor u64 (little-endian-bytes),16,16,1302574,154561135.000000,118.658237459062,134841038.790249586105,entries/s,2.074297893070,8.129822089586
experiment-matrix-20260816-a,Dyadic layout / scale floor u64 (little-endian-bytes),16,17,1379196,164126872.000000,119.001847453154,134451694.174735754728,entries/s,2.075553703682,8.128566278974
experiment-matrix-20260816-a,Dyadic layout / scale floor u64 (little-endian-bytes),16,18,1455818,174777385.000000,120.054419577172,133272894.545252516866,entries/s,2.079378152420,8.124741830236
experiment-matrix-20260816-a,Dyadic layout / scale floor u64 (little-endian-bytes),16,19,1532440,182550169.000000,119.123860640547,134313981.380099385977,entries/s,2.075998759859,8.128121222797
experiment-matrix-20260816-a,Dyadic layout / scale floor u64 (little-endian-bytes),200000,0,155,9228033.000000,59535.696774193551,3359329122.468461036682,entries/s,4.774777440745,9.526252554919
experiment-matrix-20260816-a,Dyadic layout / scale floor u64 (little-endian-bytes),200000,1,310,18471056.000000,59584.051612903226,3356602892.655406475067,entries/s,4.775130031160,9.525899964504
experiment-matrix-20260816-a,Dyadic layout / scale floor u64 (little-endian-bytes),200000,2,465,27686944.000000,59541.815053763443,3358983931.198762893677,entries/s,4.774822069407,9.526207926257
experiment-matrix-20260816-a,Dyadic layout / scale floor u64 (little-endian-bytes),200000,3,620,36241902.000000,58454.680645161294,3421453984.396293163300,entries/s,4.766819292178,9.534210703486
experiment-matrix-20260816-a,Dyadic layout / scale floor u64 (little-endian-bytes),200000,4,775,46759040.000000,60334.245161290324,3314867028.921038627625,entries/s,4.780563883667,9.520466111997
experiment-matrix-20260816-a,Dyadic layout / scale floor u64 (little-endian-bytes),200000,5,930,55871042.000000,60076.389247311825,3329094882.461651802063,entries/s,4.778703822513,9.522326173151
experiment-matrix-20260816-a,Dyadic layout / scale floor u64 (little-endian-bytes),200000,6,1085,66935715.000000,61691.903225806454,3241916516.466582775116,entries/s,4.790228168651,9.510801827013
experiment-matrix-20260816-a,Dyadic layout / scale floor u64 (little-endian-bytes),200000,7,1240,74614338.000000,60172.853225806452,3323757961.908071994781,entries/s,4.779400604991,9.521629390673
experiment-matrix-20260816-a,Dyadic layout / scale floor u64 (little-endian-bytes),200000,8,1395,81698236.000000,58565.043727598568,3415006414.581583023071,entries/s,4.767638471888,9.533391523776
experiment-matrix-20260816-a,Dyadic layout / scale floor u64 (little-endian-bytes),200000,9,1550,91576581.000000,59081.665161290322,3385144942.242383956909,entries/s,4.771452726995,9.529577268669
experiment-matrix-20260816-a,Dyadic layout / scale floor u64 (little-endian-bytes),200000,10,1705,101687403.000000,59640.705571847509,3353414385.063998222351,entries/s,4.775542772677,9.525487222987
experiment-matrix-20260816-a,Dyadic layout / scale floor u64 (little-endian-bytes),200000,11,1860,113176236.000000,60847.438709677423,3286909099.892666339874,entries/s,4.784242301914,9.516787693750
experiment-matrix-20260816-a,Dyadic layout / scale floor u64 (little-endian-bytes),200000,12,2015,119146649.000000,59129.850620347395,3382386356.497529506683,entries/s,4.771806781843,9.529223213821
experiment-matrix-20260816-a,Dyadic layout / scale floor u64 (little-endian-bytes),200000,13,2170,127894271.000000,58937.452073732718,3393427998.037535190582,entries/s,4.770391356926,9.530638638738
experiment-matrix-20260816-a,Dyadic layout / scale floor u64 (little-endian-bytes),200000,14,2325,141036748.000000,60660.966881720429,3297013059.319830417633,entries/s,4.782909328297,9.518120667367
experiment-matrix-20260816-a,Dyadic layout / scale floor u64 (little-endian-bytes),200000,15,2480,148430607.000000,59851.051209677418,3341628859.605755329132,entries/s,4.777071782655,9.523958213009
experiment-matrix-20260816-a,Dyadic layout / scale floor u64 (little-endian-bytes),200000,16,2635,155367840.000000,58963.127134724855,3391950354.719483852386,entries/s,4.770580508456,9.530449487208
experiment-matrix-20260816-a,Dyadic layout / scale floor u64 (little-endian-bytes),200000,17,2790,165463740.000000,59306.000000000000,3372340066.772333145142,entries/s,4.773098633247,9.527931362417
experiment-matrix-20260816-a,Dyadic layout / scale floor u64 (little-endian-bytes),200000,18,2945,171088433.000000,58094.544312393889,3442664063.677525043488,entries/s,4.764135349494,9.536894646170
experiment-matrix-20260816-a,Dyadic layout / scale floor u64 (little-endian-bytes),200000,19,3100,182752470.000000,58952.409677419353,3392567006.071108341217,entries/s,4.770501561564,9.530528434100
experiment-matrix-20260816-a,Dyadic layout / scale floor u64 (little-endian-bytes),256,0,50215,14545751.000000,289.669441401972,883765987.744462251663,entries/s,2.461902681843,8.946337283468
experiment-matrix-20260816-a,Dyadic layout / scale floor u64 (little-endian-bytes),256,1,100430,19433781.000000,193.505735338046,1322958203.552875280380,entries/s,2.286693841648,9.121546123664
experiment-matrix-20260816-a,Dyadic layout / scale floor u64 (little-endian-bytes),256,2,150645,28075857.000000,186.370984765508,1373604374.748026371002,entries/s,2.270378299986,9.137861665325
experiment-matrix-20260816-a,Dyadic layout / scale floor u64 (little-endian-bytes),256,3,200860,36708915.000000,182.758712536095,1400754013.023811578751,entries/s,2.261878089959,9.146361875353
experiment-matrix-20260816-a,Dyadic layout / scale floor u64 (little-endian-bytes),256,4,251075,47025721.000000,187.297504729662,1366809453.065057754517,entries/s,2.272531991527,9.135707973785
experiment-matrix-20260816-a,Dyadic layout / scale floor u64 (little-endian-bytes),256,5,301290,55254339.000000,183.392542069103,1395912816.910179615021,entries/s,2.263381670461,9.144858294851
experiment-matrix-20260816-a,Dyadic layout / scale floor u64 (little-endian-bytes),256,6,351505,63802398.000000,181.512063839775,1410374575.576297283173,entries/s,2.258905494854,9.149334470458
experiment-matrix-20260816-a,Dyadic layout / scale floor u64 (little-endian-bytes),256,7,401720,72960475.000000,181.620220551628,1409534682.991030454636,entries/s,2.259164198729,9.149075766583
experiment-matrix-20260816-a,Dyadic layout / scale floor u64 (little-endian-bytes),256,8,451935,81345947.000000,179.994793499065,1422263361.197331666946,entries/s,2.255259942951,9.152980022360
experiment-matrix-20260816-a,Dyadic layout / scale floor u64 (little-endian-bytes),256,9,502150,93213972.000000,185.629736134621,1379089392.306981563568,entries/s,2.268647547339,9.139592417972
experiment-matrix-20260816-a,Dyadic layout / scale floor u64 (little-endian-bytes),256,10,552365,101643762.000000,184.015573035945,1391186603.266415834427,entries/s,2.264854578430,9.143385386882
experiment-matrix-20260816-a,Dyadic layout / scale floor u64 (little-endian-bytes),256,11,602580,109152690.000000,181.142238374988,1413254038.906416416168,entries/s,2.258019730018,9.150220235294
experiment-matrix-20260816-a,Dyadic layout / scale floor u64 (little-endian-bytes),256,12,652795,116750923.000000,178.847759250607,1431385000.699309349060,entries/s,2.252483503327,9.155756461985
experiment-matrix-20260816-a,Dyadic layout / scale floor u64 (little-endian-bytes),256,13,703010,126501097.000000,179.942101819320,1422679836.523473024368,entries/s,2.255132788963,9.153107176349
experiment-matrix-20260816-a,Dyadic layout / scale floor u64 (little-endian-bytes),256,14,753225,135861415.000000,180.372949649839,1419281552.455492973328,entries/s,2.256171407382,9.152068557930
experiment-matrix-20260816-a,Dyadic layout / scale floor u64 (little-endian-bytes),256,15,803440,146170795.000000,181.931189634571,1407125411.064501523972,entries/s,2.259907159344,9.148332805968
experiment-matrix-20260816-a,Dyadic layout / scale floor u64 (little-endian-bytes),256,16,853655,162838770.000000,190.754777984080,1342037157.367376327515,entries/s,2.280475424877,9.127764540435
experiment-matrix-20260816-a,Dyadic layout / scale floor u64 (little-endian-bytes),256,17,903870,162500679.000000,179.783242059146,1423936942.441945314407,entries/s,2.254749207862,9.153490757450
experiment-matrix-20260816-a,Dyadic layout / scale floor u64 (little-endian-bytes),256,18,954085,170473753.000000,178.677741501019,1432747010.620455980301,entries/s,2.252070454322,9.156169510990
experiment-matrix-20260816-a,Dyadic layout / scale floor u64 (little-endian-bytes),256,19,1004300,177866972.000000,177.105418699592,1445466784.018789052963,entries/s,2.248231849024,9.160008116288
experiment-matrix-20260816-a,Dyadic layout / scale floor u64 (little-endian-bytes),4096,0,6571,9408383.000000,1431.803835032719,2860727077.118352890015,entries/s,3.155883521325,9.456476426643
experiment-matrix-20260816-a,Dyadic layout / scale floor u64 (little-endian-bytes),4096,1,13142,17960308.000000,1366.634302237102,2997144146.971199035645,entries/s,3.135652317225,9.476707630743
experiment-matrix-20260816-a,Dyadic layout / scale floor u64 (little-endian-bytes),4096,2,19713,27087935.000000,1374.115304621316,2980826999.178785800934,entries/s,3.138023176726,9.474336771242
experiment-matrix-20260816-a,Dyadic layout / scale floor u64 (little-endian-bytes),4096,3,26284,38918218.000000,1480.680946583473,2766294797.978673934937,entries/s,3.170461487916,9.441898460051
experiment-matrix-20260816-a,Dyadic layout / scale floor u64 (little-endian-bytes),4096,4,32855,46548267.000000,1416.778785572972,2891065310.766564369202,entries/s,3.151302045233,9.461057902734
experiment-matrix-20260816-a,Dyadic layout / scale floor u64 (little-endian-bytes),4096,5,39426,56034089.000000,1421.247121189063,2881975934.328119277954,entries/s,3.152669598010,9.459690349957
experiment-matrix-20260816-a,Dyadic layout / scale floor u64 (little-endian-bytes),4096,6,45997,87830514.000000,1909.483531534665,2145082653.165390729904,entries/s,3.280915917124,9.331444030843
experiment-matrix-20260816-a,Dyadic layout / scale floor u64 (little-endian-bytes),4096,7,52568,73961548.000000,1406.969030588951,2911222572.031618595123,entries/s,3.148284538094,9.464075409874
experiment-matrix-20260816-a,Dyadic layout / scale floor u64 (little-endian-bytes),4096,8,59139,82019267.000000,1386.889649808079,2953371236.541287422180,entries/s,3.142041907082,9.470318040886
experiment-matrix-20260816-a,Dyadic layout / scale floor u64 (little-endian-bytes),4096,9,65710,89610106.000000,1363.720986151271,3003546943.689587593079,entries/s,3.134725523862,9.477634424106
experiment-matrix-20260816-a,Dyadic layout / scale floor u64 (little-endian-bytes),4096,10,72281,104804060.000000,1449.953099708084,2824918958.292264461517,entries/s,3.161353954740,9.451005993228
experiment-matrix-20260816-a,Dyadic layout / scale floor u64 (little-endian-bytes),4096,11,78852,110803689.000000,1405.210888753614,2914864973.493797302246,entries/s,3.147741506411,9.464618441557
experiment-matrix-20260816-a,Dyadic layout / scale floor u64 (little-endian-bytes),4096,12,85423,115748413.000000,1355.002903199372,3022871752.029982566833,entries/s,3.131940225721,9.480419722247
experiment-matrix-20260816-a,Dyadic layout / scale floor u64 (little-endian-bytes),4096,13,91994,124157869.000000,1349.630073700459,3034905697.358578205109,entries/s,3.130214747039,9.482145200929
experiment-matrix-20260816-a,Dyadic layout / scale floor u64 (little-endian-bytes),4096,14,98565,137445724.000000,1394.467853700604,2937321207.606284141541,entries/s,3.144408507041,9.467951440926
experiment-matrix-20260816-a,Dyadic layout / scale floor u64 (little-endian-bytes),4096,15,105136,145789973.000000,1386.679852762137,2953818065.389174461365,entries/s,3.141976205682,9.470383742286
experiment-matrix-20260816-a,Dyadic layout / scale floor u64 (little-endian-bytes),4096,16,111707,151315763.000000,1354.577269105786,3023821596.167743682861,entries/s,3.131803783521,9.480556164446
experiment-matrix-20260816-a,Dyadic layout / scale floor u64 (little-endian-bytes),4096,17,118278,158771849.000000,1342.361631072558,3051338704.256067276001,entries/s,3.127869530157,9.484490417811
experiment-matrix-20260816-a,Dyadic layout / scale floor u64 (little-endian-bytes),4096,18,124849,167282571.000000,1339.879142003540,3056992135.779644489288,entries/s,3.127065626478,9.485294321490
experiment-matrix-20260816-a,Dyadic layout / scale floor u64 (little-endian-bytes),4096,19,131420,179070611.000000,1362.582643433267,3006056197.574486732483,entries/s,3.134362852599,9.477997095369
experiment-matrix-20260816-a,Dyadic layout / scale floor u64 (little-endian-bytes),50000,0,597,9449679.000000,15828.608040201005,3158837458.923207759857,entries/s,4.199442724904,9.499527279432
experiment-matrix-20260816-a,Dyadic layout / scale floor u64 (little-endian-bytes),50000,1,1194,18863576.000000,15798.639865996651,3164829404.562528133392,entries/s,4.198619699352,9.500350304984
experiment-matrix-20260816-a,Dyadic layout / scale floor u64 (little-endian-bytes),50000,2,1791,30235353.000000,16881.827470686767,2961764660.065321445465,entries/s,4.227419457543,9.471550546793
experiment-matrix-20260816-a,Dyadic layout / scale floor u64 (little-endian-bytes),50000,3,2388,39919852.000000,16716.855946398660,2990993052.779854774475,entries/s,4.223154600045,9.475815404291
experiment-matrix-20260816-a,Dyadic layout / scale floor u64 (little-endian-bytes),50000,4,2985,46339168.000000,15524.009380234505,3220817430.300000190735,entries/s,4.191003896486,9.507966107850
experiment-matrix-20260816-a,Dyadic layout / scale floor u64 (little-endian-bytes),50000,5,3582,55457164.000000,15482.178671133444,3229519634.289268970490,entries/s,4.189832075098,9.509137929238
experiment-matrix-20260816-a,Dyadic layout / scale floor u64 (little-endian-bytes),50000,6,4179,64376263.000000,15404.705192629815,3245761562.767320156097,entries/s,4.187653391427,9.511316612909
experiment-matrix-20260816-a,Dyadic layout / scale floor u64 (little-endian-bytes),50000,7,4776,81916182.000000,17151.629396984925,2915174928.440878868103,entries/s,4.234305384117,9.464664620219
experiment-matrix-20260816-a,Dyadic layout / scale floor u64 (little-endian-bytes),50000,8,5373,93337299.000000,17371.542713567840,2878270561.482607364655,entries/s,4.239838388524,9.459131615812
experiment-matrix-20260816-a,Dyadic layout / scale floor u64 (little-endian-bytes),50000,9,5970,94723714.000000,15866.618760469011,3151270018.825486660004,entries/s,4.200484386734,9.498485617602
experiment-matrix-20260816-a,Dyadic layout / scale floor u64 (little-endian-bytes),50000,10,6567,102536014.000000,15613.828841175575,3202289490.207801342010,entries/s,4.193509414318,9.505460590018
experiment-matrix-20260816-a,Dyadic layout / scale floor u64 (little-endian-bytes),50000,11,7164,110187967.000000,15380.788246789503,3250808684.037159919739,entries/s,4.186978593103,9.511991411233
experiment-matrix-20260816-a,Dyadic layout / scale floor u64 (little-endian-bytes),50000,12,7761,118771682.000000,15303.657002963535,3267192932.402860164642,entries/s,4.184795223395,9.514174780941
experiment-matrix-20260816-a,Dyadic layout / scale floor u64 (little-endian-bytes),50000,13,8358,123716780.000000,14802.199090691553,3377876469.141857624054,entries/s,4.170326241206,9.528643763130
experiment-matrix-20260816-a,Dyadic layout / scale floor u64 (little-endian-bytes),50000,14,8955,132693085.000000,14817.764935790061,3374328059.370991230011,entries/s,4.170782700994,9.528187303342
experiment-matrix-20260816-a,Dyadic layout / scale floor u64 (little-endian-bytes),50000,15,9552,152209033.000000,15934.781511725294,3137790120.511441707611,entries/s,4.202346113062,9.496623891274
experiment-matrix-20260816-a,Dyadic layout / scale floor u64 (little-endian-bytes),50000,16,10149,153053570.000000,15080.655236969160,3315505806.235032558441,entries/s,4.178420211535,9.520549792801
experiment-matrix-20260816-a,Dyadic layout / scale floor u64 (little-endian-bytes),50000,17,10746,160462800.000000,14932.328308207705,3348439638.346084117889,entries/s,4.174127529933,9.524842474403
experiment-matrix-20260816-a,Dyadic layout / scale floor u64 (little-endian-bytes),50000,18,11343,170205183.000000,15005.305739222427,3332154697.075235366821,entries/s,4.176244848778,9.522725155558
experiment-matrix-20260816-a,Dyadic layout / scale floor u64 (little-endian-bytes),50000,19,11940,175562805.000000,14703.752512562814,3400492490.422444343567,entries/s,4.167428184240,9.531541820096
experiment-matrix-20260816-a,Dyadic layout / scale floor u64 (little-endian-bytes),64,0,68019,11361123.000000,167.028668460283,383167755.511493027210,entries/s,2.222791018965,8.583388955019
experiment-matrix-20260816-a,Dyadic layout / scale floor u64 (little-endian-bytes),64,1,136038,18506436.000000,136.038724474044,470454278.716874480247,entries/s,2.133662551249,8.672517422735
experiment-matrix-20260816-a,Dyadic layout / scale floor u64 (little-endian-bytes),64,2,204057,29217451.000000,143.182792063002,446981086.748464107513,entries/s,2.155890826902,8.650289147081
experiment-matrix-20260816-a,Dyadic layout / scale floor u64 (little-endian-bytes),64,3,272076,36544046.000000,134.315580940620,476489767.991207122803,entries/s,2.128126394828,8.678053579156
experiment-matrix-20260816-a,Dyadic layout / scale floor u64 (little-endian-bytes),64,4,340095,44124349.000000,129.741245828371,493289544.056502640247,entries/s,2.113078063887,8.693101910097
experiment-matrix-20260816-a,Dyadic layout / scale floor u64 (little-endian-bytes),64,5,408114,54482310.000000,133.497772681163,479408747.536585748196,entries/s,2.125474019855,8.680705954129
experiment-matrix-20260816-a,Dyadic layout / scale floor u64 (little-endian-bytes),64,6,476133,66325613.000000,139.300600882527,459438075.604367256165,entries/s,2.143952989787,8.662226984197
experiment-matrix-20260816-a,Dyadic layout / scale floor u64 (little-endian-bytes),64,7,544152,72645550.000000,133.502311854041,479392447.300626099110,entries/s,2.125488786425,8.680691187559
experiment-matrix-20260816-a,Dyadic layout / scale floor u64 (little-endian-bytes),64,8,612171,80862259.000000,132.090966412979,484514586.712201535702,entries/s,2.120873117606,8.685306856378
experiment-matrix-20260816-a,Dyadic layout / scale floor u64 (little-endian-bytes),64,9,680190,89786404.000000,132.001946514944,484841335.220419287682,entries/s,2.120580335406,8.685599638578
experiment-matrix-20260816-a,Dyadic layout / scale floor u64 (little-endian-bytes),64,10,748209,98139720.000000,131.166184849420,487930636.036051511765,entries/s,2.117821886670,8.688358087314
experiment-matrix-20260816-a,Dyadic layout / scale floor u64 (little-endian-bytes),64,11,816228,107675870.000000,131.918863356807,485146690.711670100689,entries/s,2.120306900672,8.685873073312
experiment-matrix-20260816-a,Dyadic layout / scale floor u64 (little-endian-bytes),64,12,884247,116748227.000000,132.031239009010,484733768.162492036819,entries/s,2.120676698813,8.685503275171
experiment-matrix-20260816-a,Dyadic layout / scale floor u64 (little-endian-bytes),64,13,952266,124642862.000000,130.890803619997,488957193.553530514240,entries/s,2.116909134118,8.689270839865
experiment-matrix-20260816-a,Dyadic layout / scale floor u64 (little-endian-bytes),64,14,1020285,133144417.000000,130.497279681658,490431679.159329712391,entries/s,2.115601458559,8.690578515425
experiment-matrix-20260816-a,Dyadic layout / scale floor u64 (little-endian-bytes),64,15,1088304,142577480.000000,131.008872520913,488516531.502730965614,entries/s,2.117300709063,8.688879264921
experiment-matrix-20260816-a,Dyadic layout / scale floor u64 (little-endian-bytes),64,16,1156323,152053816.000000,131.497700901911,486700524.503771722317,entries/s,2.118918159713,8.687261814271
experiment-matrix-20260816-a,Dyadic layout / scale floor u64 (little-endian-bytes),64,17,1224342,158599992.000000,129.538962152732,494059848.376284897327,entries/s,2.112400413228,8.693779560756
experiment-matrix-20260816-a,Dyadic layout / scale floor u64 (little-endian-bytes),64,18,1292361,170423181.000000,131.869640913027,485327779.440990507603,entries/s,2.120144823586,8.686035150398
experiment-matrix-20260816-a,Dyadic layout / scale floor u64 (little-endian-bytes),64,19,1360380,179317539.000000,131.814301151149,485531535.205822765827,entries/s,2.119962531457,8.686217442526
experiment-matrix-20260816-a,Dyadic layout / scale floor u64 (little-endian-bytes),8,0,72085,9228961.000000,128.028868696678,62485907.135158553720,entries/s,2.107307907945,7.795782079047
experiment-matrix-20260816-a,Dyadic layout / scale floor u64 (little-endian-bytes),8,1,144170,18744246.000000,130.014885204966,61531416.094304352999,entries/s,2.113993076863,7.789096910129
experiment-matrix-20260816-a,Dyadic layout / scale floor u64 (little-endian-bytes),8,2,216255,28601473.000000,132.258088830316,60487793.758034765720,entries/s,2.121422242726,7.781667744266
experiment-matrix-20260816-a,Dyadic layout / scale floor u64 (little-endian-bytes),8,3,288340,39038836.000000,135.391676493029,59087827.311244629323,entries/s,2.131591965942,7.771498021049
experiment-matrix-20260816-a,Dyadic layout / scale floor u64 (little-endian-bytes),8,4,360425,46889822.000000,130.095920094333,61493089.054592698812,entries/s,2.114263676974,7.788826310018
experiment-matrix-20260816-a,Dyadic layout / scale floor u64 (little-endian-bytes),8,5,432510,56799095.000000,131.324350882061,60917872.018911562860,entries/s,2.118345262823,7.784744724169
experiment-matrix-20260816-a,Dyadic layout / scale floor u64 (little-endian-bytes),8,6,504595,65650368.000000,130.105070402996,61488764.236630022526,entries/s,2.114294222043,7.788795764949
experiment-matrix-20260816-a,Dyadic layout / scale floor u64 (little-endian-bytes),8,7,576680,74913815.000000,129.905346119165,61583300.757009908557,entries/s,2.113627024378,7.789462962614
experiment-matrix-20260816-a,Dyadic layout / scale floor u64 (little-endian-bytes),8,8,648765,94853663.000000,146.206504666559,54717127.792945645750,entries/s,2.164966694632,7.738123292359
experiment-matrix-20260816-a,Dyadic layout / scale floor u64 (little-endian-bytes),8,9,720850,101209850.000000,140.403482000416,56978643.877053469419,entries/s,2.147377878412,7.755712108580
experiment-matrix-20260816-a,Dyadic layout / scale floor u64 (little-endian-bytes),8,10,792935,107731269.000000,135.863934622636,58882440.157648198307,entries/s,2.133104187615,7.769985799377
experiment-matrix-20260816-a,Dyadic layout / scale floor u64 (little-endian-bytes),8,11,865020,111149483.000000,128.493541189799,62259938.716943912208,entries/s,2.108881298125,7.794208688866
experiment-matrix-20260816-a,Dyadic layout / scale floor u64 (little-endian-bytes),8,12,937105,118666713.000000,126.631181137653,63175593.310653172433,entries/s,2.102540657724,7.800549329268
experiment-matrix-20260816-a,Dyadic layout / scale floor u64 (little-endian-bytes),8,13,1009190,132300819.000000,131.096046334189,61023960.856961891055,entries/s,2.117589594199,7.785500392793
experiment-matrix-20260816-a,Dyadic layout / scale floor u64 (little-endian-bytes),8,14,1081275,139206187.000000,128.742629765786,62139479.475865542889,entries/s,2.109722376015,7.793367610977
experiment-matrix-20260816-a,Dyadic layout / scale floor u64 (little-endian-bytes),8,15,1153360,145896235.000000,126.496700943331,63242756.058783829212,entries/s,2.102079199181,7.801010787810
experiment-matrix-20260816-a,Dyadic layout / scale floor u64 (little-endian-bytes),8,16,1225445,155426687.000000,126.832854187662,63075139.728095732629,entries/s,2.103231765724,7.799858221268
experiment-matrix-20260816-a,Dyadic layout / scale floor u64 (little-endian-bytes),8,17,1297530,166434173.000000,128.269999922930,62368441.606039650738,entries/s,2.108125094478,7.794964892514
experiment-matrix-20260816-a,Dyadic layout / scale floor u64 (little-endian-bytes),8,18,1369615,173334266.000000,126.556927311690,63212659.867264792323,entries/s,2.102285922002,7.800804064990
experiment-matrix-20260816-a,Dyadic layout / scale floor u64 (little-endian-bytes),8,19,1441700,182736231.000000,126.750524380939,63116109.689271196723,entries/s,2.102949764733,7.800140222259
experiment-matrix-20260816-a,Dyadic layout / scale floor u64 (native-biguint),16,0,107622,9165375.000000,85.162652617495,187875782.496624529362,entries/s,1.930249180235,8.273870802421
experiment-matrix-20260816-a,Dyadic layout / scale floor u64 (native-biguint),16,1,215244,18093251.000000,84.059258330081,190341912.572815150023,entries/s,1.924585553828,8.279534428828
experiment-matrix-20260816-a,Dyadic layout / scale floor u64 (native-biguint),16,2,322866,27180573.000000,84.185305978332,190056920.433575838804,entries/s,1.925236294713,8.278883687943
experiment-matrix-20260816-a,Dyadic layout / scale floor u64 (native-biguint),16,3,430488,36670274.000000,85.183034138002,187830829.952347785234,entries/s,1.930353105166,8.273766877490
experiment-matrix-20260816-a,Dyadic layout / scale floor u64 (native-biguint),16,4,538110,45642711.000000,84.820410325026,188633843.419160604477,entries/s,1.928500369061,8.275619613595
experiment-matrix-20260816-a,Dyadic layout / scale floor u64 (native-biguint),16,5,645732,54781140.000000,84.835721320920,188599799.127948045731,entries/s,1.928578756809,8.275541225847
experiment-matrix-20260816-a,Dyadic layout / scale floor u64 (native-biguint),16,6,753354,64524705.000000,85.649913586441,186806960.217795670033,entries/s,1.932726929135,8.271393053521
experiment-matrix-20260816-a,Dyadic layout / scale floor u64 (native-biguint),16,7,860976,75453062.000000,87.636661184516,182571994.228676915169,entries/s,1.942685823284,8.261434159372
experiment-matrix-20260816-a,Dyadic layout / scale floor u64 (native-biguint),16,8,968598,82735692.000000,85.417987648126,187314176.329122871161,entries/s,1.931549335721,8.272570646935
experiment-matrix-20260816-a,Dyadic layout / scale floor u64 (native-biguint),16,9,1076220,91528122.000000,85.045921837543,188133653.610854148865,entries/s,1.929653492953,8.274466489703
experiment-matrix-20260816-a,Dyadic layout / scale floor u64 (native-biguint),16,10,1183842,101446672.000000,85.692746160383,186713586.819289624691,entries/s,1.932944060711,8.271175921945
experiment-matrix-20260816-a,Dyadic layout / scale floor u64 (native-biguint),16,11,1291464,110839287.000000,85.824527048373,186426893.922549307346,entries/s,1.933611418846,8.270508563810
experiment-matrix-20260816-a,Dyadic layout / scale floor u64 (native-biguint),16,12,1399086,123911231.000000,88.565842986064,180656554.045532822609,entries/s,1.947266260681,8.256853721975
experiment-matrix-20260816-a,Dyadic layout / scale floor u64 (native-biguint),16,13,1506708,132759242.000000,88.112123915185,181586815.628248333931,entries/s,1.945035669901,8.259084312755
experiment-matrix-20260816-a,Dyadic layout / scale floor u64 (native-biguint),16,14,1614330,139102383.000000,86.167253907194,185685388.294174671173,entries/s,1.935342252491,8.268777730165
experiment-matrix-20260816-a,Dyadic layout / scale floor u64 (native-biguint),16,15,1721952,148301437.000000,86.124024943785,185778590.938400685787,entries/s,1.935124318063,8.268995664593
experiment-matrix-20260816-a,Dyadic layout / scale floor u64 (native-biguint),16,16,1829574,154495720.000000,84.443548060915,189475695.507940292358,entries/s,1.926566472751,8.277553509904
experiment-matrix-20260816-a,Dyadic layout / scale floor u64 (native-biguint),16,17,1937196,166090624.000000,85.737645545417,186615808.006115972996,entries/s,1.933171553111,8.270948429545
experiment-matrix-20260816-a,Dyadic layout / scale floor u64 (native-biguint),16,18,2044818,172979711.000000,84.594184421303,189138297.265394300222,entries/s,1.927340507713,8.276779474943
experiment-matrix-20260816-a,Dyadic layout / scale floor u64 (native-biguint),16,19,2152440,183083181.000000,85.058436472097,188105973.535602927208,entries/s,1.929717395333,8.274402587323
experiment-matrix-20260816-a,Dyadic layout / scale floor u64 (native-biguint),200000,0,625,9221893.000000,14755.028800000000,13554700753.955831527710,entries/s,4.168940061526,10.132089934138
experiment-matrix-20260816-a,Dyadic layout / scale floor u64 (native-biguint),200000,1,1250,18537803.000000,14830.242399999999,13485956237.640459060669,entries/s,4.171148249621,10.129881746043
experiment-matrix-20260816-a,Dyadic layout / scale floor u64 (native-biguint),200000,2,1875,28905479.000000,15416.255466666667,12973319002.947502136230,entries/s,4.187978898511,10.113051097153
experiment-matrix-20260816-a,Dyadic layout / scale floor u64 (native-biguint),200000,3,2500,37459905.000000,14983.962000000000,13347604592.163274765015,entries/s,4.175626662978,10.125403332686
experiment-matrix-20260816-a,Dyadic layout / scale floor u64 (native-biguint),200000,4,3125,48391400.000000,15485.248000000000,12915518046.595056533813,entries/s,4.189918165080,10.111111830584
experiment-matrix-20260816-a,Dyadic layout / scale floor u64 (native-biguint),200000,5,3750,57076835.000000,15220.489333333333,13140182002.032873153687,entries/s,4.182428615073,10.118601380591
experiment-matrix-20260816-a,Dyadic layout / scale floor u64 (native-biguint),200000,6,4375,65010211.000000,14859.476800000000,13459424089.548025131226,entries/s,4.172003518249,10.129026477415
experiment-matrix-20260816-a,Dyadic layout / scale floor u64 (native-biguint),200000,7,5000,81959998.000000,16391.999599999999,12201073992.217521667480,entries/s,4.214631934795,10.086398060869
experiment-matrix-20260816-a,Dyadic layout / scale floor u64 (native-biguint),200000,8,5625,86425104.000000,15364.462933333334,13017051156.802772521973,entries/s,4.186517384041,10.114512611623
experiment-matrix-20260816-a,Dyadic layout / scale floor u64 (native-biguint),200000,9,6250,95781077.000000,15324.972320000001,13050594534.450681686401,entries/s,4.185399698767,10.115630296897
experiment-matrix-20260816-a,Dyadic layout / scale floor u64 (native-biguint),200000,10,6875,104380035.000000,15182.550545454545,13173017234.569810867310,entries/s,4.181344735642,10.119685260022
experiment-matrix-20260816-a,Dyadic layout / scale floor u64 (native-biguint),200000,11,7500,110288328.000000,14705.110400000000,13600713939.556686401367,entries/s,4.167468289362,10.133561706302
experiment-matrix-20260816-a,Dyadic layout / scale floor u64 (native-biguint),200000,12,8125,122484623.000000,15075.030523076923,13266971479.350513458252,entries/s,4.178258200148,10.122771795516
experiment-matrix-20260816-a,Dyadic layout / scale floor u64 (native-biguint),200000,13,8750,128786789.000000,14718.490171428572,13588350277.139062881470,entries/s,4.167863262186,10.133166733478
experiment-matrix-20260816-a,Dyadic layout / scale floor u64 (native-biguint),200000,14,9375,141314203.000000,15073.514986666667,13268305380.457757949829,entries/s,4.178214537073,10.122815458591
experiment-matrix-20260816-a,Dyadic layout / scale floor u64 (native-biguint),200000,15,10000,173102838.000000,17310.283800000001,11553825593.546882629395,entries/s,4.238304188139,10.062725807525
experiment-matrix-20260816-a,Dyadic layout / scale floor u64 (native-biguint),200000,16,10625,157279157.000000,14802.744188235294,13511008327.695957183838,entries/s,4.170342233998,10.130687761665
experiment-matrix-20260816-a,Dyadic layout / scale floor u64 (native-biguint),200000,17,11250,167943144.000000,14928.279466666667,13397391202.822784423828,entries/s,4.174009756741,10.127020238923
experiment-matrix-20260816-a,Dyadic layout / scale floor u64 (native-biguint),200000,18,11875,181289147.000000,15266.454484210526,13100618759.047943115234,entries/s,4.183738187238,10.117291808426
experiment-matrix-20260816-a,Dyadic layout / scale floor u64 (native-biguint),200000,19,12500,189898751.000000,15191.900079999999,13164910178.898439407349,entries/s,4.181612095301,10.119417900363
experiment-matrix-20260816-a,Dyadic layout / scale floor u64 (native-biguint),256,0,95414,10358319.000000,108.561835789297,2358103086.031623363495,entries/s,2.035677178668,9.372562786644
experiment-matrix-20260816-a,Dyadic layout / scale floor u64 (native-biguint),256,1,190828,18879280.000000,98.933489844258,2587596984.630770206451,entries/s,1.995343328934,9.412896636378
experiment-matrix-20260816-a,Dyadic layout / scale floor u64 (native-biguint),256,2,286242,28529786.000000,99.670160214085,2568471842.025032997131,entries/s,1.998565156365,9.409674808947
experiment-matrix-20260816-a,Dyadic layout / scale floor u64 (native-biguint),256,3,381656,38425992.000000,100.682268849435,2542652275.574304103851,entries/s,2.002952993703,9.405286971609
experiment-matrix-20260816-a,Dyadic layout / scale floor u64 (native-biguint),256,4,477070,47843489.000000,100.286098476115,2552696773.431385993958,entries/s,2.001240735876,9.406999229435
experiment-matrix-20260816-a,Dyadic layout / scale floor u64 (native-biguint),256,5,572484,57352767.000000,100.182305531683,2555341471.144713878632,entries/s,2.000791022045,9.407448943267
experiment-matrix-20260816-a,Dyadic layout / scale floor u64 (native-biguint),256,6,667898,75873432.000000,113.600328193826,2253514616.288874149323,entries/s,2.055379586063,9.352860379249
experiment-matrix-20260816-a,Dyadic layout / scale floor u64 (native-biguint),256,7,763312,74343637.000000,97.396132905024,2628441113.258959770203,entries/s,1.988541713641,9.419698251671
experiment-matrix-20260816-a,Dyadic layout / scale floor u64 (native-biguint),256,8,858726,83006663.000000,96.662571064577,2648388069.762544155121,entries/s,1.985258342472,9.422981622840
experiment-matrix-20260816-a,Dyadic layout / scale floor u64 (native-biguint),256,9,954140,91478734.000000,95.875588488063,2670127026.462784290314,entries/s,1.981708042682,9.426531922630
experiment-matrix-20260816-a,Dyadic layout / scale floor u64 (native-biguint),256,10,1049554,101066332.000000,96.294551781042,2658509700.342147827148,entries/s,1.983601716010,9.424638249302
experiment-matrix-20260816-a,Dyadic layout / scale floor u64 (native-biguint),256,11,1144968,110489097.000000,96.499724883141,2652857304.101236343384,entries/s,1.984526075189,9.423713890123
experiment-matrix-20260816-a,Dyadic layout / scale floor u64 (native-biguint),256,12,1240382,119387121.000000,96.250284992849,2659732384.366652011871,entries/s,1.983402024109,9.424837941203
experiment-matrix-20260816-a,Dyadic layout / scale floor u64 (native-biguint),256,13,1335796,129587920.000000,97.011759280609,2638855350.097447395325,entries/s,1.986824380464,9.421415584848
experiment-matrix-20260816-a,Dyadic layout / scale floor u64 (native-biguint),256,14,1431210,144984364.000000,101.301950098169,2527098439.387574195862,entries/s,2.005617805762,9.402622159550
experiment-matrix-20260816-a,Dyadic layout / scale floor u64 (native-biguint),256,15,1526624,146578394.000000,96.014731852768,2666257511.321893692017,entries/s,1.982337873368,9.425902091944
experiment-matrix-20260816-a,Dyadic layout / scale floor u64 (native-biguint),256,16,1622038,163147918.000000,100.582056647255,2545185578.157362461090,entries/s,2.002520511593,9.405719453719
experiment-matrix-20260816-a,Dyadic layout / scale floor u64 (native-biguint),256,17,1717452,182415358.000000,106.212783821615,2410256004.869940757751,entries/s,2.026176791784,9.382063173528
experiment-matrix-20260816-a,Dyadic layout / scale floor u64 (native-biguint),256,18,1812866,182230362.000000,100.520591152352,2546741887.062705993652,entries/s,2.002255033974,9.405984931338
experiment-matrix-20260816-a,Dyadic layout / scale floor u64 (native-biguint),256,19,1908280,192134151.000000,100.684465068019,2542596812.994479179382,entries/s,2.002962467021,9.405277498290
experiment-matrix-20260816-a,Dyadic layout / scale floor u64 (native-biguint),4096,0,22378,9988208.000000,446.340513003843,9176850141.687076568604,entries/s,2.649666308251,9.962693639717
experiment-matrix-20260816-a,Dyadic layout / scale floor u64 (native-biguint),4096,1,44756,20705268.000000,462.625525069264,8853813242.117898941040,entries/s,2.665229591018,9.947130356950
experiment-matrix-20260816-a,Dyadic layout / scale floor u64 (native-biguint),4096,2,67134,27918158.000000,415.857210951232,9849534629.039638519287,entries/s,2.618944236538,9.993415711430
experiment-matrix-20260816-a,Dyadic layout / scale floor u64 (native-biguint),4096,3,89512,38503988.000000,430.154482080615,9522160457.768686294556,entries/s,2.633624452478,9.978735495489
experiment-matrix-20260816-a,Dyadic layout / scale floor u64 (native-biguint),4096,4,111890,46939120.000000,419.511305746716,9763741629.583169937134,entries/s,2.622743669473,9.989616278495
experiment-matrix-20260816-a,Dyadic layout / scale floor u64 (native-biguint),4096,5,134268,55520973.000000,413.508602198588,9905477124.833530426025,entries/s,2.616484548589,9.995875399379
experiment-matrix-20260816-a,Dyadic layout / scale floor u64 (native-biguint),4096,6,156646,62976861.000000,402.032997969945,10188218431.528367996216,entries/s,2.604261700468,10.008098247500
experiment-matrix-20260816-a,Dyadic layout / scale floor u64 (native-biguint),4096,7,179024,71884952.000000,401.538073107516,10200776151.314672470093,entries/s,2.603726730578,10.008633217390
experiment-matrix-20260816-a,Dyadic layout / scale floor u64 (native-biguint),4096,8,201402,93939050.000000,466.425606498446,8781679099.373476028442,entries/s,2.668782384924,9.943577563044
experiment-matrix-20260816-a,Dyadic layout / scale floor u64 (native-biguint),4096,9,223780,93831460.000000,419.302261149343,9768609376.855054855347,entries/s,2.622527204407,9.989832743561
experiment-matrix-20260816-a,Dyadic layout / scale floor u64 (native-biguint),4096,10,246158,104365760.000000,423.978745358672,9660861646.578340530396,entries/s,2.627344085355,9.985015862613
experiment-matrix-20260816-a,Dyadic layout / scale floor u64 (native-biguint),4096,11,268536,116566444.000000,434.081255399648,9436021364.776298522949,entries/s,2.637571032436,9.974788915532
experiment-matrix-20260816-a,Dyadic layout / scale floor u64 (native-biguint),4096,12,290914,126902101.000000,436.218610998439,9389787360.573329925537,entries/s,2.639704190545,9.972655757423
experiment-matrix-20260816-a,Dyadic layout / scale floor u64 (native-biguint),4096,13,313292,126383758.000000,403.405634360277,10153551787.880844116211,entries/s,2.605741959703,10.006617988264
experiment-matrix-20260816-a,Dyadic layout / scale floor u64 (native-biguint),4096,14,335670,135373566.000000,403.293609795335,10156372182.734701156616,entries/s,2.605621340647,10.006738607320
experiment-matrix-20260816-a,Dyadic layout / scale floor u64 (native-biguint),4096,15,358048,145005832.000000,404.989923138797,10113831890.568372726440,entries/s,2.607444217339,10.004915730629
experiment-matrix-20260816-a,Dyadic layout / scale floor u64 (native-biguint),4096,16,380426,154198187.000000,405.330306025351,10105338631.510629653931,entries/s,2.607809076595,10.004550871373
experiment-matrix-20260816-a,Dyadic layout / scale floor u64 (native-biguint),4096,17,402804,163666326.000000,406.317529120863,10080785854.507421493530,entries/s,2.608865558817,10.003494389150
experiment-matrix-20260816-a,Dyadic layout / scale floor u64 (native-biguint),4096,18,425182,175672230.000000,413.169489771439,9913607130.734323501587,entries/s,2.616128243842,9.996231704126
experiment-matrix-20260816-a,Dyadic layout / scale floor u64 (native-biguint),4096,19,447560,181911522.000000,406.451698096345,10077458205.203737258911,entries/s,2.609008942312,10.003351005655
experiment-matrix-20260816-a,Dyadic layout / scale floor u64 (native-biguint),50000,0,2086,9236336.000000,4427.773729626078,11292356622.799345016479,entries/s,3.646185419233,10.052784585103
experiment-matrix-20260816-a,Dyadic layout / scale floor u64 (native-biguint),50000,1,4172,21221983.000000,5086.764860977948,9829430171.534866333008,entries/s,3.706441662550,9.992528341786
experiment-matrix-20260816-a,Dyadic layout / scale floor u64 (native-biguint),50000,2,6258,28266505.000000,4516.859220198146,11069638782.721811294556,entries/s,3.654836554842,10.044133449494
experiment-matrix-20260816-a,Dyadic layout / scale floor u64 (native-biguint),50000,3,8344,35829446.000000,4294.037152444870,11644053887.966897964478,entries/s,3.632865797676,10.066104206660
experiment-matrix-20260816-a,Dyadic layout / scale floor u64 (native-biguint),50000,4,10430,45619859.000000,4373.907861936721,11431425073.014802932739,entries/s,3.640869630216,10.058100374120
experiment-matrix-20260816-a,Dyadic layout / scale floor u64 (native-biguint),50000,5,12516,57101254.000000,4562.260626398211,10959479103.558740615845,entries/s,3.659180091413,10.039789912923
experiment-matrix-20260816-a,Dyadic layout / scale floor u64 (native-biguint),50000,6,14602,64251106.000000,4400.157923572114,11363228517.809482574463,entries/s,3.643468263783,10.055501740553
experiment-matrix-20260816-a,Dyadic layout / scale floor u64 (native-biguint),50000,7,16688,72981155.000000,4373.271512464046,11433088445.914564132690,entries/s,3.640806441146,10.058163563190
experiment-matrix-20260816-a,Dyadic layout / scale floor u64 (native-biguint),50000,8,18774,90024361.000000,4795.161446681581,10427177594.740161895752,entries/s,3.680803233868,10.018166770468
experiment-matrix-20260816-a,Dyadic layout / scale floor u64 (native-biguint),50000,9,20860,98295462.000000,4712.150623202301,10610866247.314651489258,entries/s,3.673219164160,10.025750840176
experiment-matrix-20260816-a,Dyadic layout / scale floor u64 (native-biguint),50000,10,22946,101540494.000000,4425.193672099713,11298940499.541000366211,entries/s,3.645932282691,10.053037721645
experiment-matrix-20260816-a,Dyadic layout / scale floor u64 (native-biguint),50000,11,25032,109167322.000000,4361.110658357303,11464969343.115331649780,entries/s,3.639597106555,10.059372897781
experiment-matrix-20260816-a,Dyadic layout / scale floor u64 (native-biguint),50000,12,27118,117194726.000000,4321.658160631315,11569633261.483116149902,entries/s,3.635650411593,10.063319592743
experiment-matrix-20260816-a,Dyadic layout / scale floor u64 (native-biguint),50000,13,29204,126746073.000000,4340.024414463772,11520672518.193128585815,entries/s,3.637492172609,10.061477831727
experiment-matrix-20260816-a,Dyadic layout / scale floor u64 (native-biguint),50000,14,31290,135513431.000000,4330.886257590284,11544981102.279081344604,entries/s,3.636576777969,10.062393226367
experiment-matrix-20260816-a,Dyadic layout / scale floor u64 (native-biguint),50000,15,33376,145519467.000000,4360.003205896453,11467881475.954004287720,entries/s,3.639486808604,10.059483195732
experiment-matrix-20260816-a,Dyadic layout / scale floor u64 (native-biguint),50000,16,35462,153136584.000000,4318.329028255597,11578552646.831930160522,entries/s,3.635315729641,10.063654274695
experiment-matrix-20260816-a,Dyadic layout / scale floor u64 (native-biguint),50000,17,37548,163337830.000000,4350.107329285182,11493969278.274358749390,entries/s,3.638499972343,10.060470031993
experiment-matrix-20260816-a,Dyadic layout / scale floor u64 (native-biguint),50000,18,39634,171187339.000000,4319.204193369329,11576206579.155950546265,entries/s,3.635403736105,10.063566268231
experiment-matrix-20260816-a,Dyadic layout / scale floor u64 (native-biguint),50000,19,41720,186195495.000000,4462.979266538830,11203278575.563817977905,entries/s,3.649624869263,10.049345135073
experiment-matrix-20260816-a,Dyadic layout / scale floor u64 (native-biguint),64,0,85163,9482138.000000,111.341051865247,574810448.867122650146,entries/s,2.046655319873,8.759524654111
experiment-matrix-20260816-a,Dyadic layout / scale floor u64 (native-biguint),64,1,170326,18805069.000000,110.406332562263,579676894.564970731735,entries/s,2.042993983882,8.763185990102
experiment-matrix-20260816-a,Dyadic layout / scale floor u64 (native-biguint),64,2,255489,30805048.000000,120.572893549233,530799237.839200854301,entries/s,2.081249683383,8.724930290601
experiment-matrix-20260816-a,Dyadic layout / scale floor u64 (native-biguint),64,3,340652,38422419.000000,112.790821718352,567422056.378074526787,entries/s,2.052273760647,8.753906213337
experiment-matrix-20260816-a,Dyadic layout / scale floor u64 (native-biguint),64,4,425815,50263608.000000,118.040952056644,542184715.430694937706,entries/s,2.072032703634,8.734147270349
experiment-matrix-20260816-a,Dyadic layout / scale floor u64 (native-biguint),64,5,510978,56434516.000000,110.444120881917,579478558.830911278725,entries/s,2.043142602629,8.763037371355
experiment-matrix-20260816-a,Dyadic layout / scale floor u64 (native-biguint),64,6,596141,68274938.000000,114.528170348961,558814480.358810424805,entries/s,2.058912322679,8.747267651305
experiment-matrix-20260816-a,Dyadic layout / scale floor u64 (native-biguint),64,7,681304,75315704.000000,110.546399257894,578942420.826339244843,entries/s,2.043544601208,8.762635372776
experiment-matrix-20260816-a,Dyadic layout / scale floor u64 (native-biguint),64,8,766467,84396407.000000,110.110946720472,581231947.469043254852,entries/s,2.041830496665,8.764349477319
experiment-matrix-20260816-a,Dyadic layout / scale floor u64 (native-biguint),64,9,851630,95595677.000000,112.250245998849,570154652.495426177979,entries/s,2.050187301442,8.755992672542
experiment-matrix-20260816-a,Dyadic layout / scale floor u64 (native-biguint),64,10,936793,102726920.000000,109.658078145332,583632333.180046677589,entries/s,2.040040630220,8.766139343764
experiment-matrix-20260816-a,Dyadic layout / scale floor u64 (native-biguint),64,11,1021956,115903183.000000,113.413085299171,564308781.752784132957,entries/s,2.054663165186,8.751516808798
experiment-matrix-20260816-a,Dyadic layout / scale floor u64 (native-biguint),64,12,1107119,121865322.000000,110.074275665037,581425583.891699790955,entries/s,2.041685836301,8.764494137683
experiment-matrix-20260816-a,Dyadic layout / scale floor u64 (native-biguint),64,13,1192282,131938301.000000,110.660314422259,578346449.981950283051,entries/s,2.043991899853,8.762188074131
experiment-matrix-20260816-a,Dyadic layout / scale floor u64 (native-biguint),64,14,1277445,140021982.000000,109.610967204067,583883179.142543554306,entries/s,2.039854009969,8.766325964015
experiment-matrix-20260816-a,Dyadic layout / scale floor u64 (native-biguint),64,15,1362608,149439139.000000,109.671408798422,583561392.173170924187,entries/s,2.040093422292,8.766086551692
experiment-matrix-20260816-a,Dyadic layout / scale floor u64 (native-biguint),64,16,1447771,162188958.000000,112.026665819387,571292553.713798522949,entries/s,2.049321410526,8.756858563458
experiment-matrix-20260816-a,Dyadic layout / scale floor u64 (native-biguint),64,17,1532934,171376528.000000,111.796416545005,572469154.002233028412,entries/s,2.048427883160,8.757752090824
experiment-matrix-20260816-a,Dyadic layout / scale floor u64 (native-biguint),64,18,1618097,182434324.000000,112.746222259852,567646513.711970090866,entries/s,2.052101999072,8.754077974912
experiment-matrix-20260816-a,Dyadic layout / scale floor u64 (native-biguint),64,19,1703260,192218943.000000,112.853553186243,567106645.675395250320,entries/s,2.052515237360,8.753664736623
experiment-matrix-20260816-a,Dyadic layout / scale floor u64 (native-biguint),8,0,260452,9408692.000000,36.124475911108,221456500.010841012001,entries/s,1.557801555126,8.345288431866
experiment-matrix-20260816-a,Dyadic layout / scale floor u64 (native-biguint),8,1,520904,18608848.000000,35.724141108534,223938204.019937157631,entries/s,1.552961796139,8.350128190853
experiment-matrix-20260816-a,Dyadic layout / scale floor u64 (native-biguint),8,2,781356,28236992.000000,36.138446495579,221370888.230587720871,entries/s,1.557969479357,8.345120507635
experiment-matrix-20260816-a,Dyadic layout / scale floor u64 (native-biguint),8,3,1041808,38345759.000000,36.806934675103,217350346.357728868723,entries/s,1.565929650396,8.337160336596
experiment-matrix-20260816-a,Dyadic layout / scale floor u64 (native-biguint),8,4,1302260,46852375.000000,35.977742539892,222359698.948025554419,entries/s,1.556033909615,8.347056077377
experiment-matrix-20260816-a,Dyadic layout / scale floor u64 (native-biguint),8,5,1562712,56629880.000000,36.238206400156,220761477.862923264503,entries/s,1.559166694253,8.343923292739
experiment-matrix-20260816-a,Dyadic layout / scale floor u64 (native-biguint),8,6,1823164,67776317.000000,37.175107121466,215197765.909882664680,entries/s,1.570252228632,8.332837758360
experiment-matrix-20260816-a,Dyadic layout / scale floor u64 (native-biguint),8,7,2083616,76782123.000000,36.850419175126,217093867.019019514322,entries/s,1.566442432342,8.336647554650
experiment-matrix-20260816-a,Dyadic layout / scale floor u64 (native-biguint),8,8,2344068,97712043.000000,41.684815884181,191916404.818186014891,entries/s,1.619977887621,8.283112099371
experiment-matrix-20260816-a,Dyadic layout / scale floor u64 (native-biguint),8,9,2604520,100807805.000000,38.704945632977,206691932.236794561148,entries/s,1.587766461760,8.315323525232
experiment-matrix-20260816-a,Dyadic layout / scale floor u64 (native-biguint),8,10,2864972,101757929.000000,35.517948866516,225238231.804029732943,entries/s,1.550447877668,8.352642109324
experiment-matrix-20260816-a,Dyadic layout / scale floor u64 (native-biguint),8,11,3125424,115443950.000000,36.937052380733,216584688.933460801840,entries/s,1.567462235288,8.335627751704
experiment-matrix-20260816-a,Dyadic layout / scale floor u64 (native-biguint),8,12,3385876,122388556.000000,36.146792144780,221319777.643262654543,entries/s,1.558069761779,8.345020225213
experiment-matrix-20260816-a,Dyadic layout / scale floor u64 (native-biguint),8,13,3646328,134760123.000000,36.957762165115,216463322.759062796831,entries/s,1.567705666315,8.335384320677
experiment-matrix-20260816-a,Dyadic layout / scale floor u64 (native-biguint),8,14,3906780,141342769.000000,36.178840118973,221123727.949605971575,entries/s,1.558454639417,8.344635347575
experiment-matrix-20260816-a,Dyadic layout / scale floor u64 (native-biguint),8,15,4167232,154701674.000000,37.123364861856,215497706.896177500486,entries/s,1.569647333784,8.333442653208
experiment-matrix-20260816-a,Dyadic layout / scale floor u64 (native-biguint),8,16,4427684,159518285.000000,36.027477344815,222052738.342817574739,entries/s,1.556633853752,8.346456133240
experiment-matrix-20260816-a,Dyadic layout / scale floor u64 (native-biguint),8,17,4688136,172437368.000000,36.781647972670,217499770.699353277683,entries/s,1.565631183559,8.337458803433
experiment-matrix-20260816-a,Dyadic layout / scale floor u64 (native-biguint),8,18,4948588,182659287.000000,36.911395129277,216735237.776330530643,entries/s,1.567160460408,8.335929526584
experiment-matrix-20260816-a,Dyadic layout / scale floor u64 (native-biguint),8,19,5209040,188464126.000000,36.180203262021,221115396.783788979053,entries/s,1.558471002417,8.344618984575
experiment-matrix-20260816-a,Production dyadic multiply,16,0,1345,1111371.000000,826.298141263940,19363470.884160194546,entries/s,2.917136775823,7.286983206832
experiment-matrix-20260816-a,Production dyadic multiply,16,1,2690,2446845.000000,909.607806691450,17589998.549152072519,entries/s,2.958854179020,7.245265803636
experiment-matrix-20260816-a,Production dyadic multiply,16,2,4035,3154690.000000,781.831474597274,20464768.329059273005,entries/s,2.893113150068,7.311006832588
experiment-matrix-20260816-a,Production dyadic multiply,16,3,5380,4218028.000000,784.020074349442,20407640.726898923516,entries/s,2.894327182669,7.309792799987
experiment-matrix-20260816-a,Production dyadic multiply,16,4,6725,6660335.000000,990.384386617100,16155343.537524763495,entries/s,2.995803785089,7.208316197567
experiment-matrix-20260816-a,Production dyadic multiply,16,5,8070,6600016.000000,817.845848822800,19563588.936754092574,entries/s,2.912671453654,7.291448529002
experiment-matrix-20260816-a,Production dyadic multiply,16,6,9415,7327618.000000,778.291874668083,20557840.214923866093,entries/s,2.891142496458,7.312977486198
experiment-matrix-20260816-a,Production dyadic multiply,16,7,10760,8501822.000000,790.132156133829,20249777.047790464014,entries/s,2.897699736708,7.306420245948
experiment-matrix-20260816-a,Production dyadic multiply,16,8,12105,9557481.000000,789.548203221809,20264753.861399251968,entries/s,2.897378649549,7.306741333107
experiment-matrix-20260816-a,Production dyadic multiply,16,9,13450,10596734.000000,787.861263940520,20308143.999839950353,entries/s,2.896449748442,7.307670234214
experiment-matrix-20260816-a,Production dyadic multiply,16,10,14795,11800748.000000,797.617303142954,20059745.365293793380,entries/s,2.901794566791,7.302325415865
experiment-matrix-20260816-a,Production dyadic multiply,16,11,16140,12655691.000000,784.119640644362,20405049.396354570985,entries/s,2.894382332209,7.309737650447
experiment-matrix-20260816-a,Production dyadic multiply,16,12,17485,14094071.000000,806.066399771232,19849481.388308603317,entries/s,2.906370818314,7.297749164342
experiment-matrix-20260816-a,Production dyadic multiply,16,13,18830,15087246.000000,801.234519383962,19969184.568210791796,entries/s,2.903759651624,7.300360331032
experiment-matrix-20260816-a,Production dyadic multiply,16,14,20175,16032529.000000,794.673060718711,20134066.185066621751,entries/s,2.900188490758,7.303931491898
experiment-matrix-20260816-a,Production dyadic multiply,16,15,21520,16995127.000000,789.736384758364,20259925.094999287277,entries/s,2.897482147302,7.306637835354
experiment-matrix-20260816-a,Production dyadic multiply,16,16,22865,18901890.000000,826.673518478023,19354678.288784876466,entries/s,2.917334025733,7.286785956923
experiment-matrix-20260816-a,Production dyadic multiply,16,17,24210,18202981.000000,751.878603882693,21280031.001515630633,entries/s,2.876147726337,7.327972256319
experiment-matrix-20260816-a,Production dyadic multiply,16,18,25555,19691487.000000,770.553198982587,20764302.868544157594,entries/s,2.886802627775,7.317317354881
experiment-matrix-20260816-a,Production dyadic multiply,16,19,26900,20035810.000000,744.825650557621,21481537.307451006025,entries/s,2.872054624611,7.332065358045
experiment-matrix-20260816-a,Production dyadic multiply,16,20,28245,20419299.000000,722.934997344663,22132003.650076333433,entries/s,2.859099249489,7.345020733167
experiment-matrix-20260816-a,Production dyadic multiply,16,21,29590,21666528.000000,732.224670496789,21851216.770864255726,entries/s,2.864644357269,7.339475625387
experiment-matrix-20260816-a,Production dyadic multiply,16,22,30935,24010048.000000,776.145078390173,20614702.644492838532,entries/s,2.889942907927,7.314177074729
experiment-matrix-20260816-a,Production dyadic multiply,16,23,32280,26053506.000000,807.109851301115,19823819.489016182721,entries/s,2.906932648188,7.297187334468
experiment-matrix-20260816-a,Production dyadic multiply,16,24,33625,25817954.000000,767.820193308550,20838212.044223178178,entries/s,2.885259529671,7.318860452985
experiment-matrix-20260816-a,Production dyadic multiply,16,25,34970,26253036.000000,750.730225907921,21312582.666629489511,entries/s,2.875483901787,7.328636080869
experiment-matrix-20260816-a,Production dyadic multiply,16,26,36315,27578666.000000,759.429051356189,21068459.221341598779,entries/s,2.880487206713,7.323632775943
experiment-matrix-20260816-a,Production dyadic multiply,16,27,37660,29147110.000000,773.954062665959,20673061.583120934665,entries/s,2.888715184297,7.315404798359
experiment-matrix-20260816-a,Production dyadic multiply,16,28,39005,29411146.000000,754.035277528522,21219166.366383682936,entries/s,2.877391664806,7.326728317850
experiment-matrix-20260816-a,Production dyadic multiply,16,29,40350,29652424.000000,734.880396530359,21772250.390052430332,entries/s,2.866216662413,7.337903320243
experiment-matrix-20260816-a,Production dyadic multiply,16,30,41695,31120964.000000,746.395587000839,21436353.963842507452,entries/s,2.872969063018,7.331150919638
experiment-matrix-20260816-a,Production dyadic multiply,16,31,43040,32189049.000000,747.886826208178,21393611.224736709148,entries/s,2.873835883330,7.330284099326
experiment-matrix-20260816-a,Production dyadic multiply,16,32,44385,32785262.000000,738.656347865270,21660952.412092968822,entries/s,2.868442434419,7.335677548237
experiment-matrix-20260816-a,Production dyadic multiply,16,33,45730,34459613.000000,753.545003280123,21232972.059204492718,entries/s,2.877109194398,7.327010788258
experiment-matrix-20260816-a,Production dyadic multiply,16,34,47075,34655791.000000,736.182496016994,21733741.411356043071,entries/s,2.866985487148,7.337134495508
experiment-matrix-20260816-a,Production dyadic multiply,16,35,48420,36005716.000000,743.612474184221,21516583.644663531333,entries/s,2.871346666501,7.332773316155
experiment-matrix-20260816-a,Production dyadic multiply,16,36,49765,37196187.000000,747.436692454536,21406495.241031020880,entries/s,2.873574414011,7.330545568645
experiment-matrix-20260816-a,Production dyadic multiply,16,37,51110,38658932.000000,756.386851888084,21153196.886039171368,entries/s,2.878743970990,7.325376011666
experiment-matrix-20260816-a,Production dyadic multiply,16,38,52455,38811755.000000,739.905728719855,21624376.429254487157,entries/s,2.869176389860,7.334943592796
experiment-matrix-20260816-a,Production dyadic multiply,16,39,53800,39756549.000000,738.969312267658,21651778.679281242192,entries/s,2.868626403497,7.335493579159
experiment-matrix-20260816-a,Production dyadic multiply,16,40,55145,41814948.000000,758.272699247439,21100588.239401850849,entries/s,2.879825419985,7.324294562670
experiment-matrix-20260816-a,Production dyadic multiply,16,41,56490,44562482.000000,788.856116126748,20282532.736843515188,entries/s,2.896997797036,7.307122185620
experiment-matrix-20260816-a,Production dyadic multiply,16,42,57835,44483716.000000,769.148716175326,20802218.951312430203,entries/s,2.886010319476,7.318109663180
experiment-matrix-20260816-a,Production dyadic multiply,16,43,59180,44495245.000000,751.862875971612,21280476.149754878134,entries/s,2.876138641604,7.327981341052
experiment-matrix-20260816-a,Production dyadic multiply,16,44,60525,45151780.000000,746.002147872780,21447659.427823223174,entries/s,2.872740077885,7.331379904770
experiment-matrix-20260816-a,Production dyadic multiply,16,45,61870,45797565.000000,740.222482624859,21615122.987433940172,entries/s,2.869362271696,7.334757710960
experiment-matrix-20260816-a,Production dyadic multiply,16,46,63215,47299694.000000,748.235292256585,21383647.851929020137,entries/s,2.874038188854,7.330081793802
experiment-matrix-20260816-a,Production dyadic multiply,16,47,64560,48570179.000000,752.326192688971,21267370.663797639310,entries/s,2.876406182306,7.327713800350
experiment-matrix-20260816-a,Production dyadic multiply,16,48,65905,49430713.000000,750.029785297018,21332486.140752207488,entries/s,2.875078510503,7.329041472153
experiment-matrix-20260816-a,Production dyadic multiply,16,49,67250,49045336.000000,729.298676579926,21938885.279529944062,entries/s,2.862905425472,7.341214557184
experiment-matrix-20260816-a,Production dyadic multiply,16,50,68595,50361760.000000,734.189955536118,21792725.274096857756,entries/s,2.865808438619,7.338311544037
experiment-matrix-20260816-a,Production dyadic multiply,16,51,69940,50501249.000000,722.065327423506,22158659.877897277474,entries/s,2.858576491276,7.345543491380
experiment-matrix-20260816-a,Production dyadic multiply,16,52,71285,52854139.000000,741.448256996563,21579388.512979086488,entries/s,2.870080848574,7.334039134082
experiment-matrix-20260816-a,Production dyadic multiply,16,53,72630,53790211.000000,740.605961723806,21603930.871362451464,entries/s,2.869587203708,7.334532778948
experiment-matrix-20260816-a,Production dyadic multiply,16,54,73975,53799637.000000,727.267820209530,22000148.439663264900,entries/s,2.861694371547,7.342425611109
experiment-matrix-20260816-a,Production dyadic multiply,16,55,75320,54708273.000000,726.344569835369,22028112.640294823796,entries/s,2.861142694085,7.342977288571
experiment-matrix-20260816-a,Production dyadic multiply,16,56,76665,55547723.000000,724.551268505837,22082633.342144373804,entries/s,2.860069121127,7.344050861529
experiment-matrix-20260816-a,Production dyadic multiply,16,57,78010,56154062.000000,719.831585694142,22227421.410760991275,entries/s,2.857230899266,7.346889083390
experiment-matrix-20260816-a,Production dyadic multiply,16,58,79355,57353476.000000,722.745586289459,22137803.818551469594,entries/s,2.858985448173,7.345134534483
experiment-matrix-20260816-a,Production dyadic multiply,16,59,80700,59443723.000000,736.601276332094,21721385.115801043808,entries/s,2.867232467035,7.336887515621
experiment-matrix-20260816-a,Production dyadic multiply,16,60,82045,61421568.000000,748.632677189347,21372297.105798404664,entries/s,2.874268779783,7.329851202873
experiment-matrix-20260816-a,Production dyadic multiply,16,61,83390,60717107.000000,728.110169085022,21974696.521690335125,entries/s,2.862197096629,7.341922886027
experiment-matrix-20260816-a,Production dyadic multiply,16,62,84735,61690021.000000,728.034708207942,21976974.201386637986,entries/s,2.862152084291,7.341967898365
experiment-matrix-20260816-a,Production dyadic multiply,16,63,86080,64454623.000000,748.775824814126,21368211.245297331363,entries/s,2.874351814203,7.329768168453
experiment-matrix-20260816-a,Production dyadic multiply,16,64,87425,64240431.000000,734.806188161281,21774449.178275283426,entries/s,2.866172805055,7.337947177601
experiment-matrix-20260816-a,Production dyadic multiply,16,65,88770,64556344.000000,727.231542187676,22001245.919378582388,entries/s,2.861672707261,7.342447275394
experiment-matrix-20260816-a,Production dyadic multiply,16,66,90115,67327159.000000,747.124884869334,21415429.098976239562,entries/s,2.873393201918,7.330726780738
experiment-matrix-20260816-a,Production dyadic multiply,16,67,91460,70001002.000000,765.372862453532,20904843.619238477200,entries/s,2.883873059540,7.320246923116
experiment-matrix-20260816-a,Production dyadic multiply,16,68,92805,72027311.000000,776.114552017671,20615513.468217629939,entries/s,2.889925826461,7.314194156195
experiment-matrix-20260816-a,Production dyadic multiply,16,69,94150,72629325.000000,771.421402018056,20740933.500345762819,entries/s,2.887291683596,7.316828299060
experiment-matrix-20260816-a,Production dyadic multiply,16,70,95495,70455567.000000,737.793256191424,21686292.014369849116,entries/s,2.867934681235,7.336185301421
experiment-matrix-20260816-a,Production dyadic multiply,16,71,96840,71126558.000000,734.474989673689,21784267.980463780463,entries/s,2.865977011792,7.338142970864
experiment-matrix-20260816-a,Production dyadic multiply,16,72,98185,72294074.000000,736.304669756073,21730135.169861916453,entries/s,2.867057554847,7.337062427809
experiment-matrix-20260816-a,Production dyadic multiply,16,73,99530,74716443.000000,750.692685622425,21313648.456203944981,entries/s,2.875462184337,7.328657798319
experiment-matrix-20260816-a,Production dyadic multiply,16,74,100875,75719195.000000,750.623990086741,21315599.036677554250,entries/s,2.875422440434,7.328697542222
experiment-matrix-20260816-a,Production dyadic multiply,16,75,102220,75941416.000000,742.921306984934,21536601.319101031870,entries/s,2.870942814094,7.333177168562
experiment-matrix-20260816-a,Production dyadic multiply,16,76,103565,76156579.000000,735.350543137160,21758330.294747088104,entries/s,2.866494417531,7.337625565125
experiment-matrix-20260816-a,Production dyadic multiply,16,77,104910,77009957.000000,734.057353922410,21796661.956323388964,entries/s,2.865729993866,7.338389988790
experiment-matrix-20260816-a,Production dyadic multiply,16,78,106255,79464176.000000,747.862933509011,21394294.707089141011,entries/s,2.873822008726,7.330297973930
experiment-matrix-20260816-a,Production dyadic multiply,16,79,107600,80604261.000000,749.110232342007,21358672.341155759990,entries/s,2.874545729282,7.329574253374
experiment-matrix-20260816-a,Production dyadic multiply,16,80,108945,81437996.000000,747.514764330626,21404259.505599819124,entries/s,2.873619774928,7.330500207728
experiment-matrix-20260816-a,Production dyadic multiply,16,81,110290,83499712.000000,757.092320246623,21133486.065197445452,entries/s,2.879148840833,7.324971141823
experiment-matrix-20260816-a,Production dyadic multiply,16,82,111635,84469099.000000,756.654266135173,21145720.993188291788,entries/s,2.878897485038,7.325222497618
experiment-matrix-20260816-a,Production dyadic multiply,16,83,112980,82337846.000000,728.782492476545,21954424.214595071971,entries/s,2.862597931045,7.341522051611
experiment-matrix-20260816-a,Production dyadic multiply,16,84,114325,86939934.000000,760.463013339165,21039813.533789891750,entries/s,2.881078096110,7.323041886546
experiment-matrix-20260816-a,Production dyadic multiply,16,85,115670,87657007.000000,757.819719892799,21113200.910453170538,entries/s,2.879565902244,7.324554080412
experiment-matrix-20260816-a,Production dyadic multiply,16,86,117015,87808646.000000,750.405042088621,21321818.354880452156,entries/s,2.875295743473,7.328824239183
experiment-matrix-20260816-a,Production dyadic multiply,16,87,118360,89192805.000000,753.572194998310,21232205.893737729639,entries/s,2.877124865659,7.326995116997
experiment-matrix-20260816-a,Production dyadic multiply,16,88,119705,87708065.000000,732.701766843490,21836988.422900449485,entries/s,2.864927238802,7.339192743854
experiment-matrix-20260816-a,Production dyadic multiply,16,89,121050,87949185.000000,726.552540272615,22021807.251539625227,entries/s,2.861267025551,7.342852957105
experiment-matrix-20260816-a,Production dyadic multiply,16,90,122395,93318294.000000,762.435507986437,20985381.494436666369,entries/s,2.882203113973,7.321916868683
experiment-matrix-20260816-a,Production dyadic multiply,16,91,123740,93726227.000000,757.444860190722,21123649.840294968337,entries/s,2.879351022935,7.324768959721
experiment-matrix-20260816-a,Production dyadic multiply,16,92,125085,90063414.000000,720.017699964024,22221675.940465681255,entries/s,2.857343172684,7.346776809972
experiment-matrix-20260816-a,Production dyadic multiply,16,93,126430,91239670.000000,721.661551846872,22171057.830437131226,entries/s,2.858333567892,7.345786414764
experiment-matrix-20260816-a,Production dyadic multiply,16,94,127775,93344335.000000,730.536763842692,21901704.050920709968,entries/s,2.863642076440,7.340477906216
experiment-matrix-20260816-a,Production dyadic multiply,16,95,129120,95571178.000000,740.173311648079,21616558.916957158595,entries/s,2.869333421731,7.334786560925
experiment-matrix-20260816-a,Production dyadic multiply,16,96,130465,93078686.000000,713.437979534741,22426616.551075935364,entries/s,2.853356225080,7.350763757576
experiment-matrix-20260816-a,Production dyadic multiply,16,97,131810,94984376.000000,720.615856156589,22203230.560781911016,entries/s,2.857703813942,7.346416168714
experiment-matrix-20260816-a,Production dyadic multiply,16,98,133155,97357902.000000,731.162194435057,21882969.499486543238,entries/s,2.864013727621,7.340106255035
experiment-matrix-20260816-a,Production dyadic multiply,16,99,134500,97828701.000000,727.350936802974,21997634.416100446135,entries/s,2.861744002528,7.342375980128
experiment-matrix-20260816-a,Production dyadic multiply,200000,0,2,85171351.000000,42585675.500000000000,4696414.877814958803,entries/s,7.629263540477,6.671766455187
experiment-matrix-20260816-a,Production dyadic multiply,200000,1,2,86731727.000000,43365863.500000000000,4611922.462929856963,entries/s,7.637147998473,6.663881997191
experiment-matrix-20260816-a,Production dyadic multiply,200000,2,2,82599980.000000,41299990.000000000000,4842616.184652829543,entries/s,7.615949946500,6.685080049164
experiment-matrix-20260816-a,Production dyadic multiply,200000,3,2,83073603.000000,41536801.500000000000,4815007.241229202598,entries/s,7.618433051073,6.682596944591
experiment-matrix-20260816-a,Production dyadic multiply,200000,4,2,87744720.000000,43872360.000000000000,4558678.858397405595,entries/s,7.642190996780,6.658838998884
experiment-matrix-20260816-a,Production dyadic multiply,200000,5,2,85392736.000000,42696368.000000000000,4684239.183998038992,entries/s,7.630390932996,6.670639062668
experiment-matrix-20260816-a,Production dyadic multiply,200000,6,2,84754048.000000,42377024.000000000000,4719538.587702618912,entries/s,7.627130454363,6.673899541301
experiment-matrix-20260816-a,Production dyadic multiply,200000,7,2,87422619.000000,43711309.500000000000,4575474.912276421674,entries/s,7.640593817245,6.660436178419
experiment-matrix-20260816-a,Production dyadic multiply,200000,8,2,85370183.000000,42685091.500000000000,4685476.661096064374,entries/s,7.630276216715,6.670753778949
experiment-matrix-20260816-a,Production dyadic multiply,200000,9,2,83282486.000000,41641243.000000000000,4802930.594555018470,entries/s,7.619523684815,6.681506310849
experiment-matrix-20260816-a,Production dyadic multiply,200000,10,2,88901023.000000,44450511.500000000000,4499385.794469429180,entries/s,7.647876762839,6.653153232825
experiment-matrix-20260816-a,Production dyadic multiply,200000,11,2,90428584.000000,45214292.000000000000,4423380.111757582985,entries/s,7.655275734715,6.645754260949
experiment-matrix-20260816-a,Production dyadic multiply,200000,12,2,80818781.000000,40409390.500000000000,4949344.633149069734,entries/s,7.606482299973,6.694547695691
experiment-matrix-20260816-a,Production dyadic multiply,200000,13,2,83338905.000000,41669452.500000000000,4799679.093455811962,entries/s,7.619817794247,6.681212201417
experiment-matrix-20260816-a,Production dyadic multiply,200000,14,2,81908330.000000,40954165.000000000000,4883508.185309113003,entries/s,7.612298075682,6.688731919982
experiment-matrix-20260816-a,Production dyadic multiply,200000,15,2,81650979.000000,40825489.500000000000,4898900.232414849102,entries/s,7.610931400656,6.690098595008
experiment-matrix-20260816-a,Production dyadic multiply,200000,16,2,84612129.000000,42306064.500000000000,4727454.618238006718,entries/s,7.626402627188,6.674627368476
experiment-matrix-20260816-a,Production dyadic multiply,200000,17,2,82532390.000000,41266195.000000000000,4846582.050998401828,entries/s,7.615594426069,6.685435569595
experiment-matrix-20260816-a,Production dyadic multiply,200000,18,2,84823979.000000,42411989.500000000000,4715647.682596921921,entries/s,7.627488645216,6.673541350448
experiment-matrix-20260816-a,Production dyadic multiply,200000,19,2,85627665.000000,42813832.500000000000,4671387.454043036327,entries/s,7.631584105646,6.669445890018
experiment-matrix-20260816-a,Production dyadic multiply,200000,20,2,82402236.000000,41201118.000000000000,4854237.207834991626,entries/s,7.614909000855,6.686120994809
experiment-matrix-20260816-a,Production dyadic multiply,200000,21,2,81500096.000000,40750048.000000000000,4907969.678955961019,entries/s,7.610128124637,6.690901871027
experiment-matrix-20260816-a,Production dyadic multiply,200000,22,2,80521706.000000,40260853.000000000000,4967604.635699099861,entries/s,7.604882971975,6.696147023689
experiment-matrix-20260816-a,Production dyadic multiply,200000,23,2,81370430.000000,40685215.000000000000,4915790.662529373541,entries/s,7.609436615356,6.691593380308
experiment-matrix-20260816-a,Production dyadic multiply,200000,24,2,80659542.000000,40329771.000000000000,4959115.686523486860,entries/s,7.605625756009,6.695404239655
experiment-matrix-20260816-a,Production dyadic multiply,200000,25,2,81169195.000000,40584597.500000000000,4927977.910831812769,entries/s,7.608361243185,6.692668752479
experiment-matrix-20260816-a,Production dyadic multiply,200000,26,2,80544331.000000,40272165.500000000000,4966209.229548383504,entries/s,7.605004982958,6.696025012706
experiment-matrix-20260816-a,Production dyadic multiply,200000,27,2,81633748.000000,40816874.000000000000,4899934.277181540616,entries/s,7.610839740788,6.690190254876
experiment-matrix-20260816-a,Production dyadic multiply,200000,28,2,80980765.000000,40490382.500000000000,4939444.570571789518,entries/s,7.607351879432,6.693678116232
experiment-matrix-20260816-a,Production dyadic multiply,200000,29,2,80579620.000000,40289810.000000000000,4964034.330268621445,entries/s,7.605195219333,6.695834776331
experiment-matrix-20260816-a,Production dyadic multiply,200000,30,2,80510563.000000,40255281.500000000000,4968292.173040697351,entries/s,7.604822867954,6.696207127710
experiment-matrix-20260816-a,Production dyadic multiply,200000,31,2,80159412.000000,40079706.000000000000,4990056.563788167201,entries/s,7.602924527154,6.698105468510
experiment-matrix-20260816-a,Production dyadic multiply,200000,32,2,81074889.000000,40537444.500000000000,4933710.115841169842,entries/s,7.607856367087,6.693173628577
experiment-matrix-20260816-a,Production dyadic multiply,200000,33,2,80962541.000000,40481270.500000000000,4940556.398791880347,entries/s,7.607254134328,6.693775861336
experiment-matrix-20260816-a,Production dyadic multiply,200000,34,2,81686907.000000,40843453.500000000000,4896745.570253994316,entries/s,7.611122456544,6.689907539120
experiment-matrix-20260816-a,Production dyadic multiply,200000,35,2,80919668.000000,40459834.000000000000,4943174.013022396713,entries/s,7.607024096600,6.694005899064
experiment-matrix-20260816-a,Production dyadic multiply,200000,36,2,80591420.000000,40295710.000000000000,4963307.508417149074,entries/s,7.605258812332,6.695771183332
experiment-matrix-20260816-a,Production dyadic multiply,200000,37,2,80996825.000000,40498412.500000000000,4938465.180579609238,entries/s,7.607437999610,6.693591996054
experiment-matrix-20260816-a,Production dyadic multiply,200000,38,2,82066617.000000,41033308.500000000000,4874089.058648536913,entries/s,7.613136535377,6.687893460287
experiment-matrix-20260816-a,Production dyadic multiply,200000,39,2,82784672.000000,41392336.000000000000,4831812.343231848441,entries/s,7.616919936748,6.684110058916
experiment-matrix-20260816-a,Production dyadic multiply,200000,40,2,81242217.000000,40621108.500000000000,4923548.553580215201,entries/s,7.608751770592,6.692278225072
experiment-matrix-20260816-a,Production dyadic multiply,200000,41,2,79760804.000000,39880402.000000000000,5014994.583053600974,entries/s,7.600759527410,6.700270468254
experiment-matrix-20260816-a,Production dyadic multiply,200000,42,2,79892843.000000,39946421.500000000000,5006706.295331110246,entries/s,7.601477880210,6.699552115454
experiment-matrix-20260816-a,Production dyadic multiply,200000,43,2,80112514.000000,40056257.000000000000,4992977.751266175881,entries/s,7.602670364823,6.698359630841
experiment-matrix-20260816-a,Production dyadic multiply,200000,44,2,81890962.000000,40945481.000000000000,4884543.913405242376,entries/s,7.612205977279,6.688824018385
experiment-matrix-20260816-a,Production dyadic multiply,200000,45,2,82484407.000000,41242203.500000000000,4849401.414742546156,entries/s,7.615341860839,6.685688134825
experiment-matrix-20260816-a,Production dyadic multiply,200000,46,2,80815514.000000,40407757.000000000000,4949544.712417469360,entries/s,7.606464743797,6.694565251867
experiment-matrix-20260816-a,Production dyadic multiply,200000,47,2,80265850.000000,40132925.000000000000,4983439.407917563803,entries/s,7.603500813486,6.697529182178
experiment-matrix-20260816-a,Production dyadic multiply,200000,48,2,80753160.000000,40376580.000000000000,4953366.530795822851,entries/s,7.606129530308,6.694900465356
experiment-matrix-20260816-a,Production dyadic multiply,200000,49,2,83496245.000000,41748122.500000000000,4790634.596801329404,entries/s,7.620636949132,6.680393046532
experiment-matrix-20260816-a,Production dyadic multiply,200000,50,2,81816039.000000,40908019.500000000000,4889016.932242344134,entries/s,7.611808454296,6.689221541368
experiment-matrix-20260816-a,Production dyadic multiply,200000,51,2,81958776.000000,40979388.000000000000,4880502.363773710094,entries/s,7.612565468213,6.688464527451
experiment-matrix-20260816-a,Production dyadic multiply,200000,52,2,81547236.000000,40773618.000000000000,4905132.529568506405,entries/s,7.610379249782,6.690650745882
experiment-matrix-20260816-a,Production dyadic multiply,200000,53,2,81424902.000000,40712451.000000000000,4912502.074611032382,entries/s,7.609727248872,6.691302746792
experiment-matrix-20260816-a,Production dyadic multiply,200000,54,2,80570170.000000,40285085.000000000000,4964616.557219626382,entries/s,7.605144284326,6.695885711338
experiment-matrix-20260816-a,Production dyadic multiply,200000,55,2,79855368.000000,39927684.000000000000,5009055.872111190110,entries/s,7.601274119731,6.699755875933
experiment-matrix-20260816-a,Production dyadic multiply,200000,56,2,79848386.000000,39924193.000000000000,5009493.867540416308,entries/s,7.601236146371,6.699793849293
experiment-matrix-20260816-a,Production dyadic multiply,200000,57,2,80800734.000000,40400367.000000000000,4950450.078832204454,entries/s,7.606385310293,6.694644685371
experiment-matrix-20260816-a,Production dyadic multiply,200000,58,2,79997602.000000,39998801.000000000000,5000149.879492637701,entries/s,7.602046973156,6.698983022508
experiment-matrix-20260816-a,Production dyadic multiply,200000,59,2,79839309.000000,39919654.500000000000,5010063.401225077920,entries/s,7.601186773863,6.699843221801
experiment-matrix-20260816-a,Production dyadic multiply,200000,60,2,82256172.000000,41128086.000000000000,4862856.978075760417,entries/s,7.614138498982,6.686891496682
experiment-matrix-20260816-a,Production dyadic multiply,200000,61,2,81668383.000000,40834191.500000000000,4897856.248727246188,entries/s,7.611023961160,6.690006034504
experiment-matrix-20260816-a,Production dyadic multiply,200000,62,2,80154151.000000,40077075.500000000000,4990384.091274324805,entries/s,7.602896022726,6.698133972938
experiment-matrix-20260816-a,Production dyadic multiply,200000,63,2,80342260.000000,40171130.000000000000,4978699.877250154503,entries/s,7.603914048457,6.697115947207
experiment-matrix-20260816-a,Production dyadic multiply,200000,64,2,80683981.000000,40341990.500000000000,4957613.581312999129,entries/s,7.605757322777,6.695272672887
experiment-matrix-20260816-a,Production dyadic multiply,200000,65,2,80660404.000000,40330202.000000000000,4959062.689544674009,entries/s,7.605630397244,6.695399598420
experiment-matrix-20260816-a,Production dyadic multiply,200000,66,2,80696223.000000,40348111.500000000000,4956861.487804701552,entries/s,7.605823212309,6.695206783355
experiment-matrix-20260816-a,Production dyadic multiply,200000,67,2,80861779.000000,40430889.500000000000,4946712.834502441809,entries/s,7.606713296137,6.694316699527
experiment-matrix-20260816-a,Production dyadic multiply,200000,68,2,82054956.000000,41027478.000000000000,4874781.725554761477,entries/s,7.613074821272,6.687955174392
experiment-matrix-20260816-a,Production dyadic multiply,200000,69,2,83311045.000000,41655522.500000000000,4801284.151459149085,entries/s,7.619672586350,6.681357409314
experiment-matrix-20260816-a,Production dyadic multiply,200000,70,2,81186538.000000,40593269.000000000000,4926925.200333089568,entries/s,7.608454026718,6.692575968946
experiment-matrix-20260816-a,Production dyadic multiply,200000,71,2,80357291.000000,40178645.500000000000,4977768.600984819233,entries/s,7.603995291750,6.697034703914
experiment-matrix-20260816-a,Production dyadic multiply,200000,72,2,80620463.000000,40310231.500000000000,4961519.509011005983,entries/s,7.605415292296,6.695614703368
experiment-matrix-20260816-a,Production dyadic multiply,200000,73,2,83229908.000000,41614954.000000000000,4805964.702015530318,entries/s,7.619249418912,6.681780576752
experiment-matrix-20260816-a,Production dyadic multiply,200000,74,2,82197260.000000,41098630.000000000000,4866342.260070469230,entries/s,7.613827345152,6.687202650512
experiment-matrix-20260816-a,Production dyadic multiply,200000,75,2,90359080.000000,45179540.000000000000,4426782.565736614168,entries/s,7.654941804794,6.646088190870
experiment-matrix-20260816-a,Production dyadic multiply,200000,76,2,81015026.000000,40507513.000000000000,4937355.694979348220,entries/s,7.607535580050,6.693494415614
experiment-matrix-20260816-a,Production dyadic multiply,200000,77,2,80420429.000000,40210214.500000000000,4973860.559734144248,entries/s,7.604336389838,6.696693605826
experiment-matrix-20260816-a,Production dyadic multiply,200000,78,2,81247442.000000,40623721.000000000000,4923231.921566220000,entries/s,7.608779700845,6.692250294819
experiment-matrix-20260816-a,Production dyadic multiply,200000,79,2,81184949.000000,40592474.500000000000,4927021.633036931977,entries/s,7.608445526531,6.692584469133
experiment-matrix-20260816-a,Production dyadic multiply,200000,80,2,82031233.000000,41015616.500000000000,4876191.486723111942,entries/s,7.612949243756,6.688080751908
experiment-matrix-20260816-a,Production dyadic multiply,200000,81,2,82689478.000000,41344739.000000000000,4837374.835042494349,entries/s,7.616420254671,6.684609740993
experiment-matrix-20260816-a,Production dyadic multiply,200000,82,2,81510754.000000,40755377.000000000000,4907327.933685903437,entries/s,7.610184914852,6.690845080812
experiment-matrix-20260816-a,Production dyadic multiply,200000,83,2,80580400.000000,40290200.000000000000,4963986.279541923665,entries/s,7.605199423226,6.695830572438
experiment-matrix-20260816-a,Production dyadic multiply,200000,84,2,80346275.000000,40173137.500000000000,4978451.085629047826,entries/s,7.603935751217,6.697094244447
experiment-matrix-20260816-a,Production dyadic multiply,200000,85,2,80260249.000000,40130124.500000000000,4983787.179628610611,entries/s,7.603470507094,6.697559488570
experiment-matrix-20260816-a,Production dyadic multiply,200000,86,2,80185467.000000,40092733.500000000000,4988435.123786209151,entries/s,7.603065667213,6.697964328451
experiment-matrix-20260816-a,Production dyadic multiply,200000,87,2,82837787.000000,41418893.500000000000,4828714.219514338300,entries/s,7.617198492596,6.683831503068
experiment-matrix-20260816-a,Production dyadic multiply,200000,88,2,82370888.000000,41185444.000000000000,4856084.591439635493,entries/s,7.614743752260,6.686286243404
experiment-matrix-20260816-a,Production dyadic multiply,200000,89,2,80469390.000000,40234695.000000000000,4970834.251384284347,entries/s,7.604600713496,6.696429282168
experiment-matrix-20260816-a,Production dyadic multiply,200000,90,2,80598568.000000,40299284.000000000000,4962867.330347605981,entries/s,7.605297330071,6.695732665593
experiment-matrix-20260816-a,Production dyadic multiply,200000,91,2,80873471.000000,40436735.500000000000,4945997.680747497827,entries/s,7.606776087286,6.694253908378
experiment-matrix-20260816-a,Production dyadic multiply,200000,92,2,81848794.000000,40924397.000000000000,4887060.400670045055,entries/s,7.611982289025,6.689047706639
experiment-matrix-20260816-a,Production dyadic multiply,200000,93,2,81059556.000000,40529778.000000000000,4934643.362714692950,entries/s,7.607774224920,6.693255770744
experiment-matrix-20260816-a,Production dyadic multiply,200000,94,2,80934638.000000,40467319.000000000000,4942259.703441189602,entries/s,7.607104432905,6.693925562759
experiment-matrix-20260816-a,Production dyadic multiply,200000,95,2,80584672.000000,40292336.000000000000,4963723.125906623900,entries/s,7.605222446899,6.695807548765
experiment-matrix-20260816-a,Production dyadic multiply,200000,96,2,81534161.000000,40767080.500000000000,4905919.127566665411,entries/s,7.610309610934,6.690720384730
experiment-matrix-20260816-a,Production dyadic multiply,200000,97,2,80708404.000000,40354202.000000000000,4956113.368317876942,entries/s,7.605888763603,6.695141232061
experiment-matrix-20260816-a,Production dyadic multiply,200000,98,2,81943268.000000,40971634.000000000000,4881426.012933728285,entries/s,7.612483284506,6.688546711158
experiment-matrix-20260816-a,Production dyadic multiply,200000,99,2,80850079.000000,40425039.500000000000,4947428.684639874846,entries/s,7.606650452935,6.694379542729
experiment-matrix-20260816-a,Production dyadic multiply,256,0,74,960096.000000,12974.270270270270,19731360.197313603014,entries/s,4.113082940585,7.295157024726
experiment-matrix-20260816-a,Production dyadic multiply,256,1,148,2035255.000000,13751.722972972973,18615849.119643483311,entries/s,4.138357114950,7.269882850362
experiment-matrix-20260816-a,Production dyadic multiply,256,2,222,3157124.000000,14221.279279279279,18001193.491291441023,entries/s,4.152938665236,7.255301300075
experiment-matrix-20260816-a,Production dyadic multiply,256,3,296,4019191.000000,13578.347972972973,18853545.402544938028,entries/s,4.132846934166,7.275393031145
experiment-matrix-20260816-a,Production dyadic multiply,256,4,370,5283005.000000,14278.391891891892,17929189.921266399324,entries/s,4.154679297650,7.253560667662
experiment-matrix-20260816-a,Production dyadic multiply,256,5,444,6455842.000000,14540.184684684684,17606378.842604886740,entries/s,4.162569922825,7.245670042487
experiment-matrix-20260816-a,Production dyadic multiply,256,6,518,7083663.000000,13675.025096525096,18720258.148926623166,entries/s,4.135928132027,7.272311833285
experiment-matrix-20260816-a,Production dyadic multiply,256,7,592,8285616.000000,13995.972972972973,18290975.589503545314,entries/s,4.146003095164,7.262236870148
experiment-matrix-20260816-a,Production dyadic multiply,256,8,666,9394359.000000,14105.644144144144,18148763.529262613505,entries/s,4.149392923307,7.258847042005
experiment-matrix-20260816-a,Production dyadic multiply,256,9,740,10859043.000000,14674.382432432432,17445367.883707616478,entries/s,4.166559833134,7.241680132178
experiment-matrix-20260816-a,Production dyadic multiply,256,10,814,12218160.000000,15010.024570024570,17055268.551074791700,entries/s,4.176381403144,7.231858562168
experiment-matrix-20260816-a,Production dyadic multiply,256,11,888,13180142.000000,14842.502252252252,17247765.615878798068,entries/s,4.171507123499,7.236732841812
experiment-matrix-20260816-a,Production dyadic multiply,256,12,962,13233693.000000,13756.437629937631,18609469.027277570218,entries/s,4.138505983466,7.269733981846
experiment-matrix-20260816-a,Production dyadic multiply,256,13,1036,14014351.000000,13527.365830115830,18924600.932287197560,entries/s,4.131213235118,7.277026730194
experiment-matrix-20260816-a,Production dyadic multiply,256,14,1110,16269329.000000,14657.053153153152,17465993.834164887667,entries/s,4.166046662804,7.242193302508
experiment-matrix-20260816-a,Production dyadic multiply,256,15,1184,16772732.000000,14166.158783783783,18071236.099163811654,entries/s,4.151252105353,7.256987859959
experiment-matrix-20260816-a,Production dyadic multiply,256,16,1258,17263288.000000,13722.804451510334,18655078.916600361466,entries/s,4.137442874735,7.270797090577
experiment-matrix-20260816-a,Production dyadic multiply,256,17,1332,18094495.000000,13584.455705705706,18845068.624462854117,entries/s,4.133042242037,7.275197723275
experiment-matrix-20260816-a,Production dyadic multiply,256,18,1406,18907131.000000,13447.461593172120,19037050.095014415681,entries/s,4.128640312582,7.279599652730
experiment-matrix-20260816-a,Production dyadic multiply,256,19,1480,19941865.000000,13474.233108108108,18999226.000176012516,entries/s,4.129504056501,7.278735908811
experiment-matrix-20260816-a,Production dyadic multiply,256,20,1554,20915086.000000,13458.871299871300,19020911.508563723415,entries/s,4.129008640215,7.279231325096
experiment-matrix-20260816-a,Production dyadic multiply,256,21,1628,21655667.000000,13302.006756756757,19245216.506145942956,entries/s,4.123917164098,7.284322801214
experiment-matrix-20260816-a,Production dyadic multiply,256,22,1702,22720004.000000,13349.003525264396,19177461.412418764085,entries/s,4.125448847751,7.282791117561
experiment-matrix-20260816-a,Production dyadic multiply,256,23,1776,23624593.000000,13302.135698198199,19245029.956706553698,entries/s,4.123921373860,7.284318591452
experiment-matrix-20260816-a,Production dyadic multiply,256,24,1850,24400364.000000,13189.385945945945,19409546.513322506100,entries/s,4.120224576707,7.288015388605
experiment-matrix-20260816-a,Production dyadic multiply,256,25,1924,25539129.000000,13273.975571725572,19285857.399443808943,entries/s,4.123001014069,7.285238951243
experiment-matrix-20260816-a,Production dyadic multiply,256,26,1998,26787372.000000,13407.093093093094,19094370.287611640990,entries/s,4.127334624945,7.280905340367
experiment-matrix-20260816-a,Production dyadic multiply,256,27,2072,27323590.000000,13187.060810810810,19412968.793632172048,entries/s,4.120148008898,7.288091956414
experiment-matrix-20260816-a,Production dyadic multiply,256,28,2146,28232856.000000,13156.037278657968,19458746.929464027286,entries/s,4.119125095420,7.289114869892
experiment-matrix-20260816-a,Production dyadic multiply,256,29,2220,29111751.000000,13113.401351351351,19522013.636349115521,entries/s,4.117715353515,7.290524611796
experiment-matrix-20260816-a,Production dyadic multiply,256,30,2294,30006844.000000,13080.577157802963,19571001.868773672730,entries/s,4.116626906903,7.291613058409
experiment-matrix-20260816-a,Production dyadic multiply,256,31,2368,33990497.000000,14354.095016891892,17834631.838422369212,entries/s,4.156975816717,7.251264148595
experiment-matrix-20260816-a,Production dyadic multiply,256,32,2442,33729871.000000,13812.395986895986,18534076.219858653843,entries/s,4.140269020623,7.267970944689
experiment-matrix-20260816-a,Production dyadic multiply,256,33,2516,34096671.000000,13551.936009538951,18890289.905428010970,entries/s,4.132001342310,7.276238623002
experiment-matrix-20260816-a,Production dyadic multiply,256,34,2590,35022488.000000,13522.196138996140,18931836.024899199605,entries/s,4.131047231073,7.277192734239
experiment-matrix-20260816-a,Production dyadic multiply,256,35,2664,35374592.000000,13278.750750750751,19278922.001418419182,entries/s,4.123157219040,7.285082746272
experiment-matrix-20260816-a,Production dyadic multiply,256,36,2738,35345756.000000,12909.333820306792,19830612.761543422937,entries/s,4.110903831296,7.297336134016
experiment-matrix-20260816-a,Production dyadic multiply,256,37,2812,36300829.000000,12909.256401137980,19830731.689350675792,entries/s,4.110901226760,7.297338738551
experiment-matrix-20260816-a,Production dyadic multiply,256,38,2886,37455656.000000,12978.397782397782,19725085.044565767050,entries/s,4.113221080969,7.295018884343
experiment-matrix-20260816-a,Production dyadic multiply,256,39,2960,38276464.000000,12931.237837837838,19797022.002868395299,entries/s,4.111640099545,7.296599865767
experiment-matrix-20260816-a,Production dyadic multiply,256,40,3034,39327747.000000,12962.342452208306,19749516.797898441553,entries/s,4.112683490897,7.295556474414
experiment-matrix-20260816-a,Production dyadic multiply,256,41,3108,43506492.000000,13998.227799227800,18288029.289973549545,entries/s,4.146073056697,7.262166908615
experiment-matrix-20260816-a,Production dyadic multiply,256,42,3182,45842610.000000,14406.854179761156,17769319.853298056871,entries/s,4.158569160445,7.249670804867
experiment-matrix-20260816-a,Production dyadic multiply,256,43,3256,45216322.000000,13887.076781326781,18434405.169000700116,entries/s,4.142610836713,7.265629128599
experiment-matrix-20260816-a,Production dyadic multiply,256,44,3330,47160049.000000,14162.176876876876,18076317.096277825534,entries/s,4.151130014155,7.257109951156
experiment-matrix-20260816-a,Production dyadic multiply,256,45,3404,44379805.000000,13037.545534665100,19635597.767948731780,entries/s,4.115195838245,7.293044127067
experiment-matrix-20260816-a,Production dyadic multiply,256,46,3478,44338680.000000,12748.326624496838,20081066.914937473834,entries/s,4.105453181990,7.302786783322
experiment-matrix-20260816-a,Production dyadic multiply,256,47,3552,44490959.000000,12525.607826576577,20438129.913090880960,entries/s,4.097798809934,7.310441155378
experiment-matrix-20260816-a,Production dyadic multiply,256,48,3626,47626030.000000,13134.591836734693,19490518.105330217630,entries/s,4.118416581438,7.289823383874
experiment-matrix-20260816-a,Production dyadic multiply,256,49,3700,48361098.000000,13070.567027027028,19585990.375983603299,entries/s,4.116294428542,7.291945536770
experiment-matrix-20260816-a,Production dyadic multiply,256,50,3774,51203691.000000,13567.485691573927,18868639.762707728893,entries/s,4.132499372240,7.275740593072
experiment-matrix-20260816-a,Production dyadic multiply,256,51,3848,53113206.000000,13802.808212058211,18546950.451456461102,entries/s,4.139967453570,7.268272511742
experiment-matrix-20260816-a,Production dyadic multiply,256,52,3922,52491457.000000,13383.849311575726,19127531.552420046180,entries/s,4.126581038271,7.281658927041
experiment-matrix-20260816-a,Production dyadic multiply,256,53,3996,52075188.000000,13031.828828828830,19644211.366073224694,entries/s,4.115005366943,7.293234598369
experiment-matrix-20260816-a,Production dyadic multiply,256,54,4070,62696740.000000,15404.604422604423,16618407.910841934383,entries/s,4.187650550476,7.220589414836
experiment-matrix-20260816-a,Production dyadic multiply,256,55,4144,54541561.000000,13161.573600386100,19450561.746848426759,entries/s,4.119307816718,7.288932148594
experiment-matrix-20260816-a,Production dyadic multiply,256,56,4218,54497995.000000,12920.340208629683,19813719.752442266792,entries/s,4.111273949324,7.296966015988
experiment-matrix-20260816-a,Production dyadic multiply,256,57,4292,56997570.000000,13279.955731593662,19277172.693502549082,entries/s,4.123196627324,7.285043337987
experiment-matrix-20260816-a,Production dyadic multiply,256,58,4366,56112665.000000,12852.190792487403,19918783.041226074100,entries/s,4.108977164087,7.299262801225
experiment-matrix-20260816-a,Production dyadic multiply,256,59,4440,64043788.000000,14424.276576576576,17747857.137994397432,entries/s,4.159094041122,7.249145924190
experiment-matrix-20260816-a,Production dyadic multiply,256,60,4514,60024918.000000,13297.500664599025,19251738.086506009102,entries/s,4.123770020698,7.284469944614
experiment-matrix-20260816-a,Production dyadic multiply,256,61,4588,58307753.000000,12708.751743679162,20143599.085356626660,entries/s,4.104102896152,7.304137069160
experiment-matrix-20260816-a,Production dyadic multiply,256,62,4662,59594405.000000,12783.012655512655,20026577.998387601227,entries/s,4.106633218883,7.301606746429
experiment-matrix-20260816-a,Production dyadic multiply,256,63,4736,58740780.000000,12403.036317567568,20640107.264493253082,entries/s,4.093528015368,7.314711949944
experiment-matrix-20260816-a,Production dyadic multiply,256,64,4810,58850817.000000,12235.097089397090,20923413.858468607068,entries/s,4.087607419967,7.320632545345
experiment-matrix-20260816-a,Production dyadic multiply,256,65,4884,58697421.000000,12018.308968058967,21300833.643099926412,entries/s,4.079843364713,7.328396600599
experiment-matrix-20260816-a,Production dyadic multiply,256,66,4958,59094280.000000,11918.975393303752,21478356.280844777822,entries/s,4.076238923176,7.332001042136
experiment-matrix-20260816-a,Production dyadic multiply,256,67,5032,59801004.000000,11884.142289348172,21541310.577327430248,entries/s,4.074967842989,7.333272122323
experiment-matrix-20260816-a,Production dyadic multiply,256,68,5106,61158245.000000,11977.721308264787,21373013.565055701882,entries/s,4.078374203915,7.329865761397
experiment-matrix-20260816-a,Production dyadic multiply,256,69,5180,64604028.000000,12471.820077220078,20526274.305992189795,entries/s,4.095929836944,7.312310128368
experiment-matrix-20260816-a,Production dyadic multiply,256,70,5254,63289447.000000,12045.954891511230,21251947.421818993986,entries/s,4.080841232535,7.327398732777
experiment-matrix-20260816-a,Production dyadic multiply,256,71,5328,65105619.000000,12219.523085585586,20950081.128942187876,entries/s,4.087054256206,7.321185709106
experiment-matrix-20260816-a,Production dyadic multiply,256,72,5402,65177370.000000,12065.414661236578,21217671.102715559304,entries/s,4.081542252228,7.326697713083
experiment-matrix-20260816-a,Production dyadic multiply,256,73,5476,65628020.000000,11984.663988312637,21360632.242142912000,entries/s,4.078625862311,7.329614103001
experiment-matrix-20260816-a,Production dyadic multiply,256,74,5550,65825263.000000,11860.407747747748,21584418.128340788186,entries/s,4.074099619851,7.334140345461
experiment-matrix-20260816-a,Production dyadic multiply,256,75,5624,67060810.000000,11924.041607396870,21469230.687789186835,entries/s,4.076423482778,7.331816482534
experiment-matrix-20260816-a,Production dyadic multiply,256,76,5698,67166868.000000,11787.797121797123,21717374.107722274959,entries/s,4.071432652658,7.336807312654
experiment-matrix-20260816-a,Production dyadic multiply,256,77,5772,68898424.000000,11936.663894663894,21446528.297947715968,entries/s,4.076882965438,7.331356999874
experiment-matrix-20260816-a,Production dyadic multiply,256,78,5846,70041110.000000,11981.031474512487,21367108.545252922922,entries/s,4.078494209072,7.329745756240
experiment-matrix-20260816-a,Production dyadic multiply,256,79,5920,70395590.000000,11891.146959459460,21528621.324148286134,entries/s,4.075223746472,7.333016218839
experiment-matrix-20260816-a,Production dyadic multiply,256,80,5994,70869952.000000,11823.482148815483,21651827.843766562641,entries/s,4.072745400006,7.335494565306
experiment-matrix-20260816-a,Production dyadic multiply,256,81,6068,71688879.000000,11814.251647989453,21668744.464535426348,entries/s,4.072406217256,7.335833748056
experiment-matrix-20260816-a,Production dyadic multiply,256,82,6142,73056598.000000,11894.594268967763,21522381.866179972887,entries/s,4.075349632607,7.332890332705
experiment-matrix-20260816-a,Production dyadic multiply,256,83,6216,73407727.000000,11809.479890604891,21677499.972175952047,entries/s,4.072230770974,7.336009194338
experiment-matrix-20260816-a,Production dyadic multiply,256,84,6290,73709911.000000,11718.586804451510,21845637.556121863425,entries/s,4.068875241372,7.339364723940
experiment-matrix-20260816-a,Production dyadic multiply,256,85,6364,75681509.000000,11892.129006913890,21526843.498852539808,entries/s,4.075259611825,7.332980353487
experiment-matrix-20260816-a,Production dyadic multiply,256,86,6438,76171446.000000,11831.538676607643,21637084.321597360075,entries/s,4.073041227748,7.335198737564
experiment-matrix-20260816-a,Production dyadic multiply,256,87,6512,76988936.000000,11822.625307125307,21653397.054350771010,entries/s,4.072713925767,7.335526039545
experiment-matrix-20260816-a,Production dyadic multiply,256,88,6586,77739022.000000,11803.677801396903,21688155.531465265900,entries/s,4.072017346288,7.336222619024
experiment-matrix-20260816-a,Production dyadic multiply,256,89,6660,78237614.000000,11747.389489489489,21792075.612121812999,entries/s,4.069941368202,7.338298597110
experiment-matrix-20260816-a,Production dyadic multiply,256,90,6734,80575569.000000,11965.483961983962,21394872.185140881687,entries/s,4.077930268998,7.330309696314
experiment-matrix-20260816-a,Production dyadic multiply,256,91,6808,83225415.000000,12224.649676850764,20941295.396364200860,entries/s,4.087236422349,7.321003542963
experiment-matrix-20260816-a,Production dyadic multiply,256,92,6882,86340967.000000,12545.912089508864,20405052.910746298730,entries/s,4.098502240066,7.309737725246
experiment-matrix-20260816-a,Production dyadic multiply,256,93,6956,85992141.000000,12362.297441058079,20708124.943650376052,entries/s,4.092099188654,7.316140776658
experiment-matrix-20260816-a,Production dyadic multiply,256,94,7030,86647132.000000,12325.338833570413,20770220.069142043591,entries/s,4.090798867221,7.317441098091
experiment-matrix-20260816-a,Production dyadic multiply,256,95,7104,84628747.000000,11912.830377252252,21489435.498790971935,entries/s,4.076014958056,7.332225007256
experiment-matrix-20260816-a,Production dyadic multiply,256,96,7178,85558762.000000,11919.582334912231,21477262.609293013811,entries/s,4.076261037886,7.331978927426
experiment-matrix-20260816-a,Production dyadic multiply,256,97,7252,87306940.000000,12039.015444015444,21264197.324977830052,entries/s,4.080590971580,7.327648993732
experiment-matrix-20260816-a,Production dyadic multiply,256,98,7326,93448416.000000,12755.721539721540,20069425.253821317106,entries/s,4.105705029928,7.302534935384
experiment-matrix-20260816-a,Production dyadic multiply,256,99,7400,111231993.000000,15031.350405405405,17031071.267418541014,entries/s,4.176997999035,7.231241966277
experiment-matrix-20260816-a,Production dyadic multiply,4096,0,2,997130.000000,498565.000000000000,8215578.710900283419,entries/s,5.697721787123,6.914638160845
experiment-matrix-20260816-a,Production dyadic multiply,4096,1,4,2107162.000000,526790.500000000000,7775386.989704635926,entries/s,5.721637934409,6.890722013559
experiment-matrix-20260816-a,Production dyadic multiply,4096,2,6,3042919.000000,507153.166666666686,8076455.534964946099,entries/s,5.705139141567,6.907220806401
experiment-matrix-20260816-a,Production dyadic multiply,4096,3,8,4051710.000000,506463.750000000000,8087449.496632286347,entries/s,5.704548366304,6.907811581664
experiment-matrix-20260816-a,Production dyadic multiply,4096,4,10,5726953.000000,572695.300000000047,7152145.303095729090,entries/s,5.757923618957,6.854436329011
experiment-matrix-20260816-a,Production dyadic multiply,4096,5,12,6476773.000000,539731.083333333372,7588964.442632155493,entries/s,5.732177429982,6.880182517986
experiment-matrix-20260816-a,Production dyadic multiply,4096,6,14,7698451.000000,549889.357142857159,7448771.187866234221,entries/s,5.740275314192,6.872084633776
experiment-matrix-20260816-a,Production dyadic multiply,4096,7,16,8707939.000000,544246.187500000000,7526005.866600581445,entries/s,5.735795395447,6.876564552521
experiment-matrix-20260816-a,Production dyadic multiply,4096,8,18,9835428.000000,546412.666666666628,7496165.901473733597,entries/s,5.737520758389,6.874839189579
experiment-matrix-20260816-a,Production dyadic multiply,4096,9,20,10297580.000000,514879.000000000000,7955267.159856976010,entries/s,5.711705178931,6.900654769036
experiment-matrix-20260816-a,Production dyadic multiply,4096,10,22,12361034.000000,561865.181818181765,7290005.027087540366,entries/s,5.749632120166,6.862727827802
experiment-matrix-20260816-a,Production dyadic multiply,4096,11,24,13284573.000000,553523.875000000000,7399861.478423130699,entries/s,5.743136357929,6.869223590039
experiment-matrix-20260816-a,Production dyadic multiply,4096,12,26,13938248.000000,536086.461538461503,7640558.555135481060,entries/s,5.729234839582,6.883125108385
experiment-matrix-20260816-a,Production dyadic multiply,4096,13,28,15212362.000000,543298.642857142841,7539131.661473740824,entries/s,5.735038620181,6.877321327787
experiment-matrix-20260816-a,Production dyadic multiply,4096,14,30,16161943.000000,538731.433333333349,7603046.242645453662,entries/s,5.731372316041,6.880987631926
experiment-matrix-20260816-a,Production dyadic multiply,4096,15,32,17189167.000000,537161.468750000000,7625267.704944632016,entries/s,5.730104852639,6.882255095329
experiment-matrix-20260816-a,Production dyadic multiply,4096,16,34,18465585.000000,543105.441176470602,7541813.595399225131,entries/s,5.734884153853,6.877475794114
experiment-matrix-20260816-a,Production dyadic multiply,4096,17,36,17812539.000000,494792.750000000000,8278213.454016858712,entries/s,5.694423327461,6.917936620507
experiment-matrix-20260816-a,Production dyadic multiply,4096,18,38,18855403.000000,496194.815789473709,8254822.238485170528,entries/s,5.695652222480,6.916707725488
experiment-matrix-20260816-a,Production dyadic multiply,4096,19,40,20505719.000000,512642.974999999977,7989966.116281999275,entries/s,5.709815010399,6.902544937569
experiment-matrix-20260816-a,Production dyadic multiply,4096,20,42,22294144.000000,530812.952380952425,7716465.812726426870,entries/s,5.724941511553,6.887418436415
experiment-matrix-20260816-a,Production dyadic multiply,4096,21,44,22883792.000000,520086.181818181823,7875617.817186941393,entries/s,5.716075315148,6.896284632820
experiment-matrix-20260816-a,Production dyadic multiply,4096,22,46,23397125.000000,508633.152173913026,8052955.224199554883,entries/s,5.706404663620,6.905955284348
experiment-matrix-20260816-a,Production dyadic multiply,4096,23,48,24229335.000000,504777.812500000000,8114461.251206440851,entries/s,5.703100257249,6.909259690719
experiment-matrix-20260816-a,Production dyadic multiply,4096,24,50,26287482.000000,525749.640000000014,7790780.417842986993,entries/s,5.720778983981,6.891580963987
experiment-matrix-20260816-a,Production dyadic multiply,4096,25,52,26476212.000000,509157.923076923063,8044655.330603940412,entries/s,5.706852506273,6.905507441695
experiment-matrix-20260816-a,Production dyadic multiply,4096,26,54,28966977.000000,536425.500000000000,7635729.472219347954,entries/s,5.729509414679,6.882850533288
experiment-matrix-20260816-a,Production dyadic multiply,4096,27,56,29517525.000000,527098.660714285681,7770841.220596916974,entries/s,5.721891912733,6.890468035234
experiment-matrix-20260816-a,Production dyadic multiply,4096,28,58,28603344.000000,493161.103448275884,8305602.309995641932,entries/s,5.692988815645,6.919371132323
experiment-matrix-20260816-a,Production dyadic multiply,4096,29,60,30312101.000000,505201.683333333349,8107653.111871063709,entries/s,5.703464788956,6.908895159012
experiment-matrix-20260816-a,Production dyadic multiply,4096,30,62,31521282.000000,508407.774193548365,8056525.112144867890,entries/s,5.706212182841,6.906147765127
experiment-matrix-20260816-a,Production dyadic multiply,4096,31,64,33086205.000000,516971.953125000000,7923060.381207212806,entries/s,5.713466982294,6.898892965674
experiment-matrix-20260816-a,Production dyadic multiply,4096,32,66,33792665.000000,512010.075757575745,7999842.569385989569,entries/s,5.709278507466,6.903081440502
experiment-matrix-20260816-a,Production dyadic multiply,4096,33,68,37060482.000000,545007.088235294097,7515498.584179234691,entries/s,5.736402150646,6.875957797321
experiment-matrix-20260816-a,Production dyadic multiply,4096,34,70,37935563.000000,541936.614285714342,7558079.472815521061,entries/s,5.733948493779,6.878411454189
experiment-matrix-20260816-a,Production dyadic multiply,4096,35,72,38164091.000000,530056.819444444496,7727473.451417982578,entries/s,5.724322426296,6.888037521672
experiment-matrix-20260816-a,Production dyadic multiply,4096,36,74,38400509.000000,518925.797297297278,7893228.706942400895,entries/s,5.715105261262,6.897254686706
experiment-matrix-20260816-a,Production dyadic multiply,4096,37,76,39881786.000000,524760.342105263146,7805467.889527314343,entries/s,5.719961006521,6.892398941447
experiment-matrix-20260816-a,Production dyadic multiply,4096,38,78,40828510.000000,523442.435897435877,7825120.240733742714,entries/s,5.718868928333,6.893491019635
experiment-matrix-20260816-a,Production dyadic multiply,4096,39,80,41823366.000000,522792.075000000012,7834854.803413000889,entries/s,5.718328995493,6.894030952475
experiment-matrix-20260816-a,Production dyadic multiply,4096,40,82,43132186.000000,526002.268292682944,7787038.662960416637,entries/s,5.720987616977,6.891372330991
experiment-matrix-20260816-a,Production dyadic multiply,4096,41,84,42271416.000000,503231.142857142841,8139400.866060413420,entries/s,5.701767509926,6.910592438042
experiment-matrix-20260816-a,Production dyadic multiply,4096,42,86,46869984.000000,544999.813953488367,7515598.895873316564,entries/s,5.736396354022,6.875963593946
experiment-matrix-20260816-a,Production dyadic multiply,4096,43,88,49178939.000000,558851.579545454588,7329316.315669192933,entries/s,5.747296482765,6.865063465203
experiment-matrix-20260816-a,Production dyadic multiply,4096,44,90,46562627.000000,517362.522222222236,7917079.077174919657,entries/s,5.713794965197,6.898564982771
experiment-matrix-20260816-a,Production dyadic multiply,4096,45,92,47084479.000000,511787.815217391297,8003316.761771962978,entries/s,5.709089941874,6.903270006094
experiment-matrix-20260816-a,Production dyadic multiply,4096,46,94,48648499.000000,517537.223404255346,7914406.567816202529,entries/s,5.713941591496,6.898418356471
experiment-matrix-20260816-a,Production dyadic multiply,4096,47,96,50399503.000000,524994.822916666628,7801981.698113174178,entries/s,5.720155020759,6.892204927209
experiment-matrix-20260816-a,Production dyadic multiply,4096,48,98,51298256.000000,523451.591836734675,7824983.367855625227,entries/s,5.718876524849,6.893483423119
experiment-matrix-20260816-a,Production dyadic multiply,4096,49,100,53335811.000000,533358.109999999986,7679643.232574077323,entries/s,5.727018903161,6.885341044807
experiment-matrix-20260816-a,Production dyadic multiply,4096,50,102,53441452.000000,523935.803921568615,7817751.658394311555,entries/s,5.719278077612,6.893081870355
experiment-matrix-20260816-a,Production dyadic multiply,4096,51,104,53019935.000000,509807.067307692312,8034411.962217607535,entries/s,5.707405851674,6.904954096294
experiment-matrix-20260816-a,Production dyadic multiply,4096,52,106,53798035.000000,507528.632075471687,8070480.641160964966,entries/s,5.705460547869,6.906899400099
experiment-matrix-20260816-a,Production dyadic multiply,4096,53,108,55786714.000000,516543.648148148146,7929629.983225038275,entries/s,5.713107025466,6.899252922501
experiment-matrix-20260816-a,Production dyadic multiply,4096,54,110,55661523.000000,506013.845454545459,8094640.170014751144,entries/s,5.704162400085,6.908197547882
experiment-matrix-20260816-a,Production dyadic multiply,4096,55,112,58492399.000000,522253.562500000000,7842933.575010319240,entries/s,5.717881411158,6.894478536809
experiment-matrix-20260816-a,Production dyadic multiply,4096,56,114,60577225.000000,531379.166666666628,7708243.485897546634,entries/s,5.725404523392,6.886955424576
experiment-matrix-20260816-a,Production dyadic multiply,4096,57,116,62562914.000000,539335.465517241391,7594531.162662915885,entries/s,5.731858979480,6.880500968488
experiment-matrix-20260816-a,Production dyadic multiply,4096,58,118,62616608.000000,530649.220338982996,7718846.731525285169,entries/s,5.724807530475,6.887552417493
experiment-matrix-20260816-a,Production dyadic multiply,4096,59,120,63399598.000000,528329.983333333279,7752730.545704722404,entries/s,5.722905258097,6.889454689871
experiment-matrix-20260816-a,Production dyadic multiply,4096,60,122,66554318.000000,545527.196721311426,7508333.268474031240,entries/s,5.736816406788,6.875543541180
experiment-matrix-20260816-a,Production dyadic multiply,4096,61,124,64930176.000000,523630.451612903213,7822310.538631529547,entries/s,5.719024894913,6.893335053055
experiment-matrix-20260816-a,Production dyadic multiply,4096,62,126,63848417.000000,506733.468253968225,8083144.802164790221,entries/s,5.704779589110,6.907580358858
experiment-matrix-20260816-a,Production dyadic multiply,4096,63,128,66135453.000000,516683.226562500000,7927487.848310345784,entries/s,5.713224362979,6.899135584989
experiment-matrix-20260816-a,Production dyadic multiply,4096,64,130,65016687.000000,500128.361538461526,8189897.464323274791,entries/s,5.699081483443,6.913278464525
experiment-matrix-20260816-a,Production dyadic multiply,4096,65,132,65609480.000000,497041.515151515137,8240760.329147556797,entries/s,5.696392664484,6.915967283483
experiment-matrix-20260816-a,Production dyadic multiply,4096,66,134,68304838.000000,509737.597014925384,8035506.943153865635,entries/s,5.707346667283,6.905013280685
experiment-matrix-20260816-a,Production dyadic multiply,4096,67,136,69944270.000000,514296.102941176447,7964283.564615085721,entries/s,5.711213233484,6.901146714484
experiment-matrix-20260816-a,Production dyadic multiply,4096,68,138,70415083.000000,510254.224637681153,8027371.067644697614,entries/s,5.707786609134,6.904573338834
experiment-matrix-20260816-a,Production dyadic multiply,4096,69,140,72192973.000000,515664.092857142852,7943155.353915124200,entries/s,5.712366891312,6.899993056656
experiment-matrix-20260816-a,Production dyadic multiply,4096,70,142,72938607.000000,513652.161971830996,7974268.003226329572,entries/s,5.710669120408,6.901690827560
experiment-matrix-20260816-a,Production dyadic multiply,4096,71,144,75132151.000000,521751.048611111124,7850487.336639676243,entries/s,5.717463330580,6.894896617388
experiment-matrix-20260816-a,Production dyadic multiply,4096,72,146,79110502.000000,541852.753424657509,7559249.213208127767,entries/s,5.733881284577,6.878478663391
experiment-matrix-20260816-a,Production dyadic multiply,4096,73,148,82693984.000000,558743.135135135148,7330738.835850501433,entries/s,5.747212200317,6.865147747651
experiment-matrix-20260816-a,Production dyadic multiply,4096,74,150,78638265.000000,524255.099999999977,7812990.278969150968,entries/s,5.719542664013,6.892817283955
experiment-matrix-20260816-a,Production dyadic multiply,4096,75,152,79993871.000000,526275.467105263146,7782996.274802103639,entries/s,5.721213125387,6.891146822581
experiment-matrix-20260816-a,Production dyadic multiply,4096,76,154,79792922.000000,518135.857142857159,7905262.574542638846,entries/s,5.714443648300,6.897916299667
experiment-matrix-20260816-a,Production dyadic multiply,4096,77,156,80485912.000000,515935.333333333314,7938979.432822977193,entries/s,5.712595271130,6.899764676838
experiment-matrix-20260816-a,Production dyadic multiply,4096,78,158,80848780.000000,511701.139240506338,8004672.426720600575,entries/s,5.709016383877,6.903343564091
experiment-matrix-20260816-a,Production dyadic multiply,4096,79,160,80239018.000000,501493.862499999988,8167597.464864288457,entries/s,5.700265622304,6.912094325664
experiment-matrix-20260816-a,Production dyadic multiply,4096,80,162,86189795.000000,532035.771604938316,7698730.458750945516,entries/s,5.725940833213,6.886419114755
experiment-matrix-20260816-a,Production dyadic multiply,4096,81,164,85952468.000000,524100.414634146320,7815296.240242921747,entries/s,5.719414503288,6.892945444680
experiment-matrix-20260816-a,Production dyadic multiply,4096,82,166,84179950.000000,507108.132530120492,8077172.770950802602,entries/s,5.705100575416,6.907259372552
experiment-matrix-20260816-a,Production dyadic multiply,4096,83,168,86945904.000000,517535.142857142841,7914438.384584511630,entries/s,5.713939845589,6.898420102378
experiment-matrix-20260816-a,Production dyadic multiply,4096,84,170,88643700.000000,521433.529411764699,7855267.774246787652,entries/s,5.717198953895,6.895160994073
experiment-matrix-20260816-a,Production dyadic multiply,4096,85,172,88958677.000000,517201.610465116275,7919542.238695838489,entries/s,5.713659868519,6.898700079449
experiment-matrix-20260816-a,Production dyadic multiply,4096,86,174,86910145.000000,499483.591954022995,8200469.576940643601,entries/s,5.698521226214,6.913838721754
experiment-matrix-20260816-a,Production dyadic multiply,4096,87,176,89182109.000000,506716.528409090883,8083415.026661906391,entries/s,5.704765070621,6.907594877346
experiment-matrix-20260816-a,Production dyadic multiply,4096,88,178,90599513.000000,508986.028089887637,8047372.175168314949,entries/s,5.706705860909,6.905654087059
experiment-matrix-20260816-a,Production dyadic multiply,4096,89,180,90958332.000000,505324.066666666651,8105689.537050877698,entries/s,5.703569982528,6.908789965440
experiment-matrix-20260816-a,Production dyadic multiply,4096,90,182,92553645.000000,508536.510989010974,8054485.590491871350,entries/s,5.706322139072,6.906037808896
experiment-matrix-20260816-a,Production dyadic multiply,4096,91,184,96038362.000000,521947.619565217406,7847530.760676654987,entries/s,5.717626921249,6.894733026719
experiment-matrix-20260816-a,Production dyadic multiply,4096,92,186,98134652.000000,527605.655913978466,7763373.940532240085,entries/s,5.722309442521,6.890050505447
experiment-matrix-20260816-a,Production dyadic multiply,4096,93,188,100961429.000000,537028.877659574500,7627150.364521880634,entries/s,5.729997639649,6.882362308318
experiment-matrix-20260816-a,Production dyadic multiply,4096,94,190,101610991.000000,534794.689473684179,7659013.974187104031,entries/s,5.728187086055,6.884172861913
experiment-matrix-20260816-a,Production dyadic multiply,4096,95,192,103877935.000000,541030.911458333372,7570731.936479099095,entries/s,5.733222078955,6.879137869012
experiment-matrix-20260816-a,Production dyadic multiply,4096,96,194,102745700.000000,529617.010309278383,7733890.566709847189,entries/s,5.723961925383,6.888398022584
experiment-matrix-20260816-a,Production dyadic multiply,4096,97,196,100124475.000000,510839.158163265325,8018179.371227663942,entries/s,5.708284180530,6.904075767437
experiment-matrix-20260816-a,Production dyadic multiply,4096,98,198,102288290.000000,516607.525252525229,7928649.506214249879,entries/s,5.713160728109,6.899199219859
experiment-matrix-20260816-a,Production dyadic multiply,4096,99,200,101638936.000000,508194.679999999993,8059903.342553684488,entries/s,5.706030114357,6.906329833611
experiment-matrix-20260816-a,Production dyadic multiply,50000,0,6,47447007.000000,7907834.500000000000,6322843.504122398794,entries/s,6.898057571556,6.800912432780
experiment-matrix-20260816-a,Production dyadic multiply,50000,1,6,47161219.000000,7860203.166666666977,6361158.730863169767,entries/s,6.895433771615,6.803536232721
experiment-matrix-20260816-a,Production dyadic multiply,50000,2,6,47785093.000000,7964182.166666666977,6278108.530624811538,entries/s,6.901141185192,6.797828819144
experiment-matrix-20260816-a,Production dyadic multiply,50000,3,6,47571922.000000,7928653.666666666977,6306240.895627466962,entries/s,6.899199447749,6.799770556587
experiment-matrix-20260816-a,Production dyadic multiply,50000,4,6,52515299.000000,8752549.833333333954,5712621.002119781449,entries/s,6.942134592134,6.756835412202
experiment-matrix-20260816-a,Production dyadic multiply,50000,5,6,50165173.000000,8360862.166666666977,5980244.501499077305,entries/s,6.922251063913,6.776718940423
experiment-matrix-20260816-a,Production dyadic multiply,50000,6,6,47786561.000000,7964426.833333333023,6277915.667545108125,entries/s,6.901154526895,6.797815477441
experiment-matrix-20260816-a,Production dyadic multiply,50000,7,6,48208444.000000,8034740.666666666977,6222976.207238715142,entries/s,6.904971863818,6.793998140518
experiment-matrix-20260816-a,Production dyadic multiply,50000,8,6,47651748.000000,7941958.000000000000,6295676.708438901231,entries/s,6.899927586025,6.799042418311
experiment-matrix-20260816-a,Production dyadic multiply,50000,9,6,47669833.000000,7944972.166666666977,6293288.252132118680,entries/s,6.900092380098,6.798877624238
experiment-matrix-20260816-a,Production dyadic multiply,50000,10,6,47168497.000000,7861416.166666666977,6360177.217433915474,entries/s,6.895500787511,6.803469216825
experiment-matrix-20260816-a,Production dyadic multiply,50000,11,6,50477308.000000,8412884.666666666046,5943264.644778600894,entries/s,6.924944935157,6.774025069179
experiment-matrix-20260816-a,Production dyadic multiply,50000,12,6,49381074.000000,8230179.000000000000,6075202.009579621255,entries/s,6.915409280883,6.783560723453
experiment-matrix-20260816-a,Production dyadic multiply,50000,13,6,49787938.000000,8297989.666666666977,6025555.828401650302,entries/s,6.918972889674,6.779997114662
experiment-matrix-20260816-a,Production dyadic multiply,50000,14,6,50208068.000000,8368011.333333333023,5975135.310922539793,entries/s,6.922622259716,6.776347744620
experiment-matrix-20260816-a,Production dyadic multiply,50000,15,6,48116845.000000,8019474.166666666977,6234822.752821802162,entries/s,6.904145892723,6.794824111613
experiment-matrix-20260816-a,Production dyadic multiply,50000,16,6,48725079.000000,8120846.500000000000,6156993.608979064040,entries/s,6.909601301546,6.789368702790
experiment-matrix-20260816-a,Production dyadic multiply,50000,17,6,47742728.000000,7957121.333333333023,6283679.474704504013,entries/s,6.900755980406,6.798214023930
experiment-matrix-20260816-a,Production dyadic multiply,50000,18,6,48428398.000000,8071399.666666666977,6194712.449501220137,entries/s,6.906948852541,6.792021151795
experiment-matrix-20260816-a,Production dyadic multiply,50000,19,6,48087030.000000,8014505.000000000000,6238688.477953410707,entries/s,6.903876704181,6.795093300155
experiment-matrix-20260816-a,Production dyadic multiply,50000,20,6,48549333.000000,8091555.500000000000,6179281.597957277671,entries/s,6.908032017302,6.790937987034
experiment-matrix-20260816-a,Production dyadic multiply,50000,21,6,49525400.000000,8254233.333333333023,6057497.768821655773,entries/s,6.916676741492,6.782293262844
experiment-matrix-20260816-a,Production dyadic multiply,50000,22,6,48372260.000000,8062043.333333333023,6201901.668435586616,entries/s,6.906445128148,6.792524876188
experiment-matrix-20260816-a,Production dyadic multiply,50000,23,6,47976918.000000,7996153.000000000000,6253006.914700106718,entries/s,6.902881095404,6.796088908932
experiment-matrix-20260816-a,Production dyadic multiply,50000,24,6,48730386.000000,8121731.000000000000,6156323.079402654432,entries/s,6.909648601117,6.789321403219
experiment-matrix-20260816-a,Production dyadic multiply,50000,25,6,50391076.000000,8398512.666666666046,5953435.088387476280,entries/s,6.924202381556,6.774767622780
experiment-matrix-20260816-a,Production dyadic multiply,50000,26,6,50546084.000000,8424347.333333333954,5935177.886381860822,entries/s,6.925536264379,6.773433739957
experiment-matrix-20260816-a,Production dyadic multiply,50000,27,6,52654764.000000,8775794.000000000000,5697490.164422729053,entries/s,6.943286420206,6.755683584130
experiment-matrix-20260816-a,Production dyadic multiply,50000,28,6,48790495.000000,8131749.166666666977,6148738.601647717878,entries/s,6.910183973850,6.788786030486
experiment-matrix-20260816-a,Production dyadic multiply,50000,29,6,49008512.000000,8168085.333333333023,6121385.607463454828,entries/s,6.912120266249,6.786849738087
experiment-matrix-20260816-a,Production dyadic multiply,50000,30,6,47631723.000000,7938620.500000000000,6298323.493357568048,entries/s,6.899745041308,6.799224963028
experiment-matrix-20260816-a,Production dyadic multiply,50000,31,6,49336963.000000,8222827.166666666977,6080633.702564951032,entries/s,6.915021162039,6.783948842297
experiment-matrix-20260816-a,Production dyadic multiply,50000,32,6,48001510.000000,8000251.666666666977,6249803.391601638868,entries/s,6.903103648958,6.795866355378
experiment-matrix-20260816-a,Production dyadic multiply,50000,33,6,47592203.000000,7932033.833333333023,6303553.546365567483,entries/s,6.899384557979,6.799585446357
experiment-matrix-20260816-a,Production dyadic multiply,50000,34,6,47227582.000000,7871263.666666666977,6352220.192005595192,entries/s,6.896044460365,6.802925543971
experiment-matrix-20260816-a,Production dyadic multiply,50000,35,6,47469104.000000,7911517.333333333023,6319900.202877223492,entries/s,6.898259783915,6.800710220421
experiment-matrix-20260816-a,Production dyadic multiply,50000,36,6,47575027.000000,7929171.166666666977,6305829.316712736152,entries/s,6.899227793048,6.799742211288
experiment-matrix-20260816-a,Production dyadic multiply,50000,37,6,49145367.000000,8190894.500000000000,6104339.397852090187,entries/s,6.913331332188,6.785638672148
experiment-matrix-20260816-a,Production dyadic multiply,50000,38,6,47892097.000000,7982016.166666666977,6264081.524765974842,entries/s,6.902112603063,6.796857401273
experiment-matrix-20260816-a,Production dyadic multiply,50000,39,6,49190962.000000,8198493.666666666977,6098681.298405995592,entries/s,6.913734065512,6.785235938824
experiment-matrix-20260816-a,Production dyadic multiply,50000,40,6,48401463.000000,8066910.500000000000,6198159.753972725943,entries/s,6.906707238600,6.792262765736
experiment-matrix-20260816-a,Production dyadic multiply,50000,41,6,48122935.000000,8020489.166666666977,6234033.730486305431,entries/s,6.904200856552,6.794769147784
experiment-matrix-20260816-a,Production dyadic multiply,50000,42,6,48338342.000000,8056390.333333333023,6206253.412663595751,entries/s,6.906140499689,6.792829504647
experiment-matrix-20260816-a,Production dyadic multiply,50000,43,6,49150813.000000,8191802.166666666977,6103663.025879144669,entries/s,6.913379455477,6.785590548859
experiment-matrix-20260816-a,Production dyadic multiply,50000,44,6,50148177.000000,8358029.500000000000,5982271.299712450244,entries/s,6.922103899670,6.776866104666
experiment-matrix-20260816-a,Production dyadic multiply,50000,45,6,48703590.000000,8117265.000000000000,6159710.197954606265,entries/s,6.909409724378,6.789560279958
experiment-matrix-20260816-a,Production dyadic multiply,50000,46,6,56758549.000000,9459758.166666666046,5285547.380712639540,entries/s,6.975880034052,6.723089970284
experiment-matrix-20260816-a,Production dyadic multiply,50000,47,6,48948183.000000,8158030.500000000000,6128930.260802530684,entries/s,6.911585324658,6.787384679678
experiment-matrix-20260816-a,Production dyadic multiply,50000,48,6,58040764.000000,9673460.666666666046,5168781.031207652763,entries/s,6.985581870108,6.713388134228
experiment-matrix-20260816-a,Production dyadic multiply,50000,49,6,57527829.000000,9587971.500000000000,5214867.399219949730,entries/s,6.981726734434,6.717243269902
experiment-matrix-20260816-a,Production dyadic multiply,50000,50,6,55581134.000000,9263522.333333333954,5397514.919360946864,entries/s,6.966776152887,6.732193851449
experiment-matrix-20260816-a,Production dyadic multiply,50000,51,6,48039787.000000,8006631.166666666977,6244823.691662079655,entries/s,6.903449822766,6.795520181570
experiment-matrix-20260816-a,Production dyadic multiply,50000,52,6,48057871.000000,8009645.166666666977,6242473.787488421425,entries/s,6.903613276937,6.795356727399
experiment-matrix-20260816-a,Production dyadic multiply,50000,53,6,50062939.000000,8343823.166666666977,5992456.815210149623,entries/s,6.921365091373,6.777604912963
experiment-matrix-20260816-a,Production dyadic multiply,50000,54,6,47873745.000000,7978957.500000000000,6266482.808061078191,entries/s,6.901946151805,6.797023852531
experiment-matrix-20260816-a,Production dyadic multiply,50000,55,6,53390613.000000,8898435.500000000000,5618965.266422395594,entries/s,6.949313656820,6.749656347516
experiment-matrix-20260816-a,Production dyadic multiply,50000,56,6,48719454.000000,8119909.000000000000,6157704.476737362333,entries/s,6.909551162121,6.789418842215
experiment-matrix-20260816-a,Production dyadic multiply,50000,57,6,49360369.000000,8226728.166666666977,6077750.350691259839,entries/s,6.915227147280,6.783742857056
experiment-matrix-20260816-a,Production dyadic multiply,50000,58,6,50891262.000000,8481877.000000000000,5894921.607563986443,entries/s,6.928491970245,6.770478034091
experiment-matrix-20260816-a,Production dyadic multiply,50000,59,6,48129092.000000,8021515.333333333023,6233236.230594169348,entries/s,6.904256418002,6.794713586334
experiment-matrix-20260816-a,Production dyadic multiply,50000,60,6,46802086.000000,7800347.666666666977,6409970.700878588483,entries/s,6.892113959915,6.806856044421
experiment-matrix-20260816-a,Production dyadic multiply,50000,61,6,49678348.000000,8279724.666666666977,6038848.151713901199,entries/s,6.918015895029,6.780954109307
experiment-matrix-20260816-a,Production dyadic multiply,50000,62,6,51338625.000000,8556437.500000000000,5843553.464861982502,entries/s,6.932292982419,6.766677021917
experiment-matrix-20260816-a,Production dyadic multiply,50000,63,6,48283194.000000,8047199.000000000000,6213342.058522474952,entries/s,6.905644741172,6.793325263164
experiment-matrix-20260816-a,Production dyadic multiply,50000,64,6,48823911.000000,8137318.500000000000,6144530.289677121677,entries/s,6.910481314900,6.788488689436
experiment-matrix-20260816-a,Production dyadic multiply,50000,65,6,50931551.000000,8488591.833333333954,5890258.476518807933,entries/s,6.928835651406,6.770134352930
experiment-matrix-20260816-a,Production dyadic multiply,50000,66,6,49831752.000000,8305292.000000000000,6020257.927114423364,entries/s,6.919354906114,6.779615098222
experiment-matrix-20260816-a,Production dyadic multiply,50000,67,6,47881007.000000,7980167.833333333023,6265532.385315121152,entries/s,6.902012025226,6.796957979110
experiment-matrix-20260816-a,Production dyadic multiply,50000,68,6,48819688.000000,8136614.666666666977,6145061.803754255176,entries/s,6.910443749189,6.788526255147
experiment-matrix-20260816-a,Production dyadic multiply,50000,69,6,48194946.000000,8032491.000000000000,6224719.081540209241,entries/s,6.904850247619,6.794119756717
experiment-matrix-20260816-a,Production dyadic multiply,50000,70,6,47880319.000000,7980053.166666666977,6265622.415757087991,entries/s,6.902005784824,6.796964219512
experiment-matrix-20260816-a,Production dyadic multiply,50000,71,6,47722028.000000,7953671.333333333023,6286405.095776734874,entries/s,6.900567640828,6.798402363508
experiment-matrix-20260816-a,Production dyadic multiply,50000,72,6,49135269.000000,8189211.500000000000,6105593.926838988438,entries/s,6.913242087635,6.785727916701
experiment-matrix-20260816-a,Production dyadic multiply,50000,73,6,47452716.000000,7908786.000000000000,6322082.807652147487,entries/s,6.898109824337,6.800860179999
experiment-matrix-20260816-a,Production dyadic multiply,50000,74,6,48762547.000000,8127091.166666666977,6152262.719172564335,entries/s,6.909935131533,6.789034872803
experiment-matrix-20260816-a,Production dyadic multiply,50000,75,6,48090629.000000,8015104.833333333023,6238221.587827432901,entries/s,6.903909207070,6.795060797267
experiment-matrix-20260816-a,Production dyadic multiply,50000,76,6,47336597.000000,7889432.833333333023,6337591.187638605013,entries/s,6.897045783158,6.801924221178
experiment-matrix-20260816-a,Production dyadic multiply,50000,77,6,48205490.000000,8034248.333333333023,6223357.547034581192,entries/s,6.904945251360,6.794024752976
experiment-matrix-20260816-a,Production dyadic multiply,50000,78,6,47209867.000000,7868311.166666666977,6354603.795007513836,entries/s,6.895881526552,6.803088477784
experiment-matrix-20260816-a,Production dyadic multiply,50000,79,6,47375909.000000,7895984.833333333023,6332332.325275278650,entries/s,6.897406305466,6.801563698870
experiment-matrix-20260816-a,Production dyadic multiply,50000,80,6,47568763.000000,7928127.166666666977,6306659.687576908618,entries/s,6.899170607590,6.799799396746
experiment-matrix-20260816-a,Production dyadic multiply,50000,81,6,47077481.000000,7846246.833333333023,6372473.497466867790,entries/s,6.894661966382,6.804308037954
experiment-matrix-20260816-a,Production dyadic multiply,50000,82,6,47875151.000000,7979191.833333333023,6266298.773658175953,entries/s,6.901958906376,6.797011097960
experiment-matrix-20260816-a,Production dyadic multiply,50000,83,6,50484411.000000,8414068.500000000000,5942428.445882036351,entries/s,6.925006043342,6.773963960994
experiment-matrix-20260816-a,Production dyadic multiply,50000,84,6,48979631.000000,8163271.833333333023,6124995.102555999532,entries/s,6.911864258554,6.787105745782
experiment-matrix-20260816-a,Production dyadic multiply,50000,85,6,48666748.000000,8111124.666666666977,6164373.259540579282,entries/s,6.909081076488,6.789888927848
experiment-matrix-20260816-a,Production dyadic multiply,50000,86,6,49779118.000000,8296519.666666666977,6026623.452830160037,entries/s,6.918895947009,6.780074057327
experiment-matrix-20260816-a,Production dyadic multiply,50000,87,6,48241589.000000,8040264.833333333023,6218700.631938139908,entries/s,6.905270353943,6.793699650393
experiment-matrix-20260816-a,Production dyadic multiply,50000,88,6,48553983.000000,8092330.500000000000,6178689.810061514378,entries/s,6.908073611543,6.790896392793
experiment-matrix-20260816-a,Production dyadic multiply,50000,89,6,50713843.000000,8452307.166666666046,5915544.597951293923,entries/s,6.926975271433,6.771994732903
experiment-matrix-20260816-a,Production dyadic multiply,50000,90,6,56315937.000000,9385989.500000000000,5327088.848756968975,entries/s,6.972480064036,6.726489940300
experiment-matrix-20260816-a,Production dyadic multiply,50000,91,6,49533207.000000,8255534.500000000000,6056543.037885675207,entries/s,6.916745196664,6.782224807672
experiment-matrix-20260816-a,Production dyadic multiply,50000,92,6,49914517.000000,8319086.166666666977,6010275.527658616193,entries/s,6.920075622616,6.778894381720
experiment-matrix-20260816-a,Production dyadic multiply,50000,93,6,48972866.000000,8162144.333333333023,6125841.195408086292,entries/s,6.911804270248,6.787165734088
experiment-matrix-20260816-a,Production dyadic multiply,50000,94,6,48304438.000000,8050739.666666666977,6210609.468223189004,entries/s,6.905835783274,6.793134221062
experiment-matrix-20260816-a,Production dyadic multiply,50000,95,6,48581432.000000,8096905.333333333023,6175198.787882580422,entries/s,6.908319061661,6.790650942675
experiment-matrix-20260816-a,Production dyadic multiply,50000,96,6,50106185.000000,8351030.833333333023,5987284.803263310343,entries/s,6.921740087172,6.777229917164
experiment-matrix-20260816-a,Production dyadic multiply,50000,97,6,49190020.000000,8198336.666666666977,6098798.089531169273,entries/s,6.913725748754,6.785244255582
experiment-matrix-20260816-a,Production dyadic multiply,50000,98,6,48795793.000000,8132632.166666666977,6148071.002760422416,entries/s,6.910231129905,6.788738874431
experiment-matrix-20260816-a,Production dyadic multiply,50000,99,6,49666292.000000,8277715.333333333023,6040314.022234637290,entries/s,6.917910487142,6.781059517194
experiment-matrix-20260816-a,Production dyadic multiply,64,0,326,947703.000000,2907.064417177914,22015336.028270460665,entries/s,3.463454655339,7.342725318645
experiment-matrix-20260816-a,Production dyadic multiply,64,1,652,1903574.000000,2919.592024539877,21920870.951168693602,entries/s,3.465322168616,7.340857805368
experiment-matrix-20260816-a,Production dyadic multiply,64,2,978,2855326.000000,2919.556237218814,21921139.652705155313,entries/s,3.465316845156,7.340863128828
experiment-matrix-20260816-a,Production dyadic multiply,64,3,1304,3826139.000000,2934.155674846626,21812066.942680336535,entries/s,3.467483152088,7.338696821895
experiment-matrix-20260816-a,Production dyadic multiply,64,4,1630,4757993.000000,2919.014110429448,21925210.903000485152,entries/s,3.465236194360,7.340943779624
experiment-matrix-20260816-a,Production dyadic multiply,64,5,1956,5720637.000000,2924.661042944785,21882877.728476744145,entries/s,3.466075540261,7.340104433723
experiment-matrix-20260816-a,Production dyadic multiply,64,6,2282,6646486.000000,2912.570552147239,21973716.637633781880,entries/s,3.464276454218,7.341903519765
experiment-matrix-20260816-a,Production dyadic multiply,64,7,2608,7596912.000000,2912.926380368098,21971032.440549526364,entries/s,3.464329508657,7.341850465327
experiment-matrix-20260816-a,Production dyadic multiply,64,8,2934,8591183.000000,2928.146898432175,21856826.935242794454,entries/s,3.466592860494,7.339587113490
experiment-matrix-20260816-a,Production dyadic multiply,64,9,3260,9518011.000000,2919.635276073619,21920546.214960247278,entries/s,3.465328602311,7.340851371673
experiment-matrix-20260816-a,Production dyadic multiply,64,10,3586,10529736.000000,2936.345789180145,21795798.109278332442,entries/s,3.467807197528,7.338372776456
experiment-matrix-20260816-a,Production dyadic multiply,64,11,3912,11483862.000000,2935.547546012270,21801724.890111010522,entries/s,3.467689118883,7.338490855101
experiment-matrix-20260816-a,Production dyadic multiply,64,12,4238,12590609.000000,2970.884615384615,21542405.137035071850,entries/s,3.472885784798,7.333294189186
experiment-matrix-20260816-a,Production dyadic multiply,64,13,4564,13438194.000000,2944.389570552147,21736254.142483729869,entries/s,3.468995270729,7.337184703255
experiment-matrix-20260816-a,Production dyadic multiply,64,14,4890,14376611.000000,2940.002249488753,21768690.827066268772,entries/s,3.468347662705,7.337832311279
experiment-matrix-20260816-a,Production dyadic multiply,64,15,5216,15256031.000000,2924.852569018405,21881444.787310667336,entries/s,3.466103979794,7.340075994190
experiment-matrix-20260816-a,Production dyadic multiply,64,16,5542,16232499.000000,2928.996571634789,21850486.483935713768,entries/s,3.466718863344,7.339461110640
experiment-matrix-20260816-a,Production dyadic multiply,64,17,5868,17681352.000000,3013.182004089980,21240004.723620682955,entries/s,3.479025364991,7.327154608993
experiment-matrix-20260816-a,Production dyadic multiply,64,18,6194,18398797.000000,2970.422505650630,21545756.497014451772,entries/s,3.472818226698,7.333361747285
experiment-matrix-20260816-a,Production dyadic multiply,64,19,6520,20277027.000000,3109.973466257669,20578953.709535423666,entries/s,3.492756683719,7.313423290265
experiment-matrix-20260816-a,Production dyadic multiply,64,20,6846,21086142.000000,3080.067484662577,20778765.503902990371,entries/s,3.488560232051,7.317619741933
experiment-matrix-20260816-a,Production dyadic multiply,64,21,7172,21996772.000000,3067.034578918015,20867061.767062913626,entries/s,3.486718672412,7.319461301572
experiment-matrix-20260816-a,Production dyadic multiply,64,22,7498,23046199.000000,3073.646172312617,20822175.491932529956,entries/s,3.487653871538,7.318526102446
experiment-matrix-20260816-a,Production dyadic multiply,64,23,7824,24067699.000000,3076.137397750511,20805312.547742929310,entries/s,3.488005729618,7.318174244365
experiment-matrix-20260816-a,Production dyadic multiply,64,24,8150,24908790.000000,3056.293251533742,20940398.951534777880,entries/s,3.485195022486,7.320984951498
experiment-matrix-20260816-a,Production dyadic multiply,64,25,8476,25623860.000000,3023.107597923549,21170268.648049123585,entries/s,3.480453604787,7.325726369197
experiment-matrix-20260816-a,Production dyadic multiply,64,26,8802,26669308.000000,3029.914564871620,21122707.795792829245,entries/s,3.481430382784,7.324749591200
experiment-matrix-20260816-a,Production dyadic multiply,64,27,9128,27615964.000000,3025.412357581069,21154141.133729752153,entries/s,3.480784576482,7.325395397502
experiment-matrix-20260816-a,Production dyadic multiply,64,28,9454,28930138.000000,3060.094986249207,20914383.470967195928,entries/s,3.485734907319,7.320445066665
experiment-matrix-20260816-a,Production dyadic multiply,64,29,9780,30314270.000000,3099.618609406953,20647701.561014004052,entries/s,3.491308259634,7.314871714350
experiment-matrix-20260816-a,Production dyadic multiply,64,30,10106,32014955.000000,3167.915594696220,20202558.460569445044,entries/s,3.500773601817,7.305406372167
experiment-matrix-20260816-a,Production dyadic multiply,64,31,10432,32311749.000000,3097.368577453988,20662700.740835785866,entries/s,3.490992888156,7.315187085828
experiment-matrix-20260816-a,Production dyadic multiply,64,32,10758,32959516.000000,3063.721509574270,20889627.141369428486,entries/s,3.486249285650,7.319930688334
experiment-matrix-20260816-a,Production dyadic multiply,64,33,11084,34098030.000000,3076.328942619993,20804017.123569894582,entries/s,3.488032771418,7.318147202566
experiment-matrix-20260816-a,Production dyadic multiply,64,34,11410,34473579.000000,3021.347852760736,21182598.998496789485,entries/s,3.480200729192,7.325979244792
experiment-matrix-20260816-a,Production dyadic multiply,64,35,11736,35833204.000000,3053.272324471711,20961117.515475314111,entries/s,3.484765541194,7.321414432790
experiment-matrix-20260816-a,Production dyadic multiply,64,36,12062,36418415.000000,3019.268363455480,21197188.290594194084,entries/s,3.479901716398,7.326278257586
experiment-matrix-20260816-a,Production dyadic multiply,64,37,12388,37132368.000000,2997.446561188247,21351506.588537529111,entries/s,3.476751449189,7.329428524794
experiment-matrix-20260816-a,Production dyadic multiply,64,38,12714,38882833.000000,3058.269073462325,20926870.220593236387,entries/s,3.485475692973,7.320704281011
experiment-matrix-20260816-a,Production dyadic multiply,64,39,13040,39048789.000000,2994.539033742331,21372237.689624637365,entries/s,3.476329978475,7.329849995509
experiment-matrix-20260816-a,Production dyadic multiply,64,40,13366,40197918.000000,3007.475534939399,21280306.109386064112,entries/s,3.478202103149,7.327977870835
experiment-matrix-20260816-a,Production dyadic multiply,64,41,13692,41117182.000000,3003.007741747006,21311966.369679711759,entries/s,3.477556451811,7.328623522173
experiment-matrix-20260816-a,Production dyadic multiply,64,42,14018,43989766.000000,3138.091453845057,20394561.771481119096,entries/s,3.496665596141,7.309514377843
experiment-matrix-20260816-a,Production dyadic multiply,64,43,14344,45951018.000000,3203.500976017847,19978142.812853459269,entries/s,3.505624860645,7.300555113339
experiment-matrix-20260816-a,Production dyadic multiply,64,44,14670,44562202.000000,3037.641581458759,21068976.797870088369,entries/s,3.482536529113,7.323643444871
experiment-matrix-20260816-a,Production dyadic multiply,64,45,14996,44398131.000000,2960.664910642838,21616765.804848857224,entries/s,3.471389256530,7.334790717454
experiment-matrix-20260816-a,Production dyadic multiply,64,46,15322,44874288.000000,2928.748727320193,21852335.573547150940,entries/s,3.466682112884,7.339497861100
experiment-matrix-20260816-a,Production dyadic multiply,64,47,15648,46129613.000000,2947.955841002045,21709958.850077498704,entries/s,3.469520973708,7.336659000276
experiment-matrix-20260816-a,Production dyadic multiply,64,48,15974,47049951.000000,2945.408225867034,21728736.763190254569,entries/s,3.469145495373,7.337034478611
experiment-matrix-20260816-a,Production dyadic multiply,64,49,16300,47466763.000000,2912.071349693252,21977483.486708372831,entries/s,3.464202011575,7.341977962409
experiment-matrix-20260816-a,Production dyadic multiply,64,50,16626,48859560.000000,2938.744135691086,21778010.280894875526,entries/s,3.468161775493,7.338018198491
experiment-matrix-20260816-a,Production dyadic multiply,64,51,16952,49686831.000000,2931.030615856536,21835322.924901366234,entries/s,3.467020354852,7.339159619132
experiment-matrix-20260816-a,Production dyadic multiply,64,52,17278,50541191.000000,2925.176004167149,21879025.367645174265,entries/s,3.466152002158,7.340027971826
experiment-matrix-20260816-a,Production dyadic multiply,64,53,17604,52060847.000000,2957.330549875028,21641138.493194319308,entries/s,3.470899869661,7.335280104323
experiment-matrix-20260816-a,Production dyadic multiply,64,54,17930,52085352.000000,2904.927607361963,22031530.093144040555,entries/s,3.463135313967,7.343044660017
experiment-matrix-20260816-a,Production dyadic multiply,64,55,18256,52915137.000000,2898.506627957931,22080335.915978070349,entries/s,3.462174297801,7.344005676183
experiment-matrix-20260816-a,Production dyadic multiply,64,56,18582,54393949.000000,2927.238671832957,21863608.395117625594,entries/s,3.466458133993,7.339721839991
experiment-matrix-20260816-a,Production dyadic multiply,64,57,18908,56129341.000000,2968.549873069600,21559348.077861808240,entries/s,3.472544349680,7.333635624304
experiment-matrix-20260816-a,Production dyadic multiply,64,58,19234,56457135.000000,2935.277893313923,21803727.730781946331,entries/s,3.467649223750,7.338530750233
experiment-matrix-20260816-a,Production dyadic multiply,64,59,19560,57630353.000000,2946.337065439673,21721886.728682715446,entries/s,3.469282429298,7.336897544686
experiment-matrix-20260816-a,Production dyadic multiply,64,60,19886,58174701.000000,2925.409886352208,21877276.171990983188,entries/s,3.466186724746,7.339993249238
experiment-matrix-20260816-a,Production dyadic multiply,64,61,20212,59098676.000000,2923.940035622402,21888273.774525847286,entries/s,3.465968461834,7.340211512150
experiment-matrix-20260816-a,Production dyadic multiply,64,62,20538,63131651.000000,3073.894780407050,20820491.452061027288,entries/s,3.487688997493,7.318490976491
experiment-matrix-20260816-a,Production dyadic multiply,64,63,20864,64088160.000000,3071.710122699386,20835299.375110786408,entries/s,3.487380228921,7.318799745063
experiment-matrix-20260816-a,Production dyadic multiply,64,64,21190,62187988.000000,2934.779990561586,21807426.861920665950,entries/s,3.467575549377,7.338604424607
experiment-matrix-20260816-a,Production dyadic multiply,64,65,21516,63637832.000000,2957.698085145938,21638449.279667478055,entries/s,3.470953840166,7.335226133818
experiment-matrix-20260816-a,Production dyadic multiply,64,66,21842,67557771.000000,3093.021289259225,20691742.479188662022,entries/s,3.490382909261,7.315797064722
experiment-matrix-20260816-a,Production dyadic multiply,64,67,22168,68456749.000000,3088.088641284735,20724793.694190762937,entries/s,3.489689757942,7.316490216042
experiment-matrix-20260816-a,Production dyadic multiply,64,68,22494,72725151.000000,3233.091090957589,19795297.503060530871,entries/s,3.509617940845,7.296562033139
experiment-matrix-20260816-a,Production dyadic multiply,64,69,22820,70766683.000000,3101.081638913234,20637960.380310602486,entries/s,3.491513199602,7.314666774382
experiment-matrix-20260816-a,Production dyadic multiply,64,70,23146,69784551.000000,3014.972392638037,21227391.718834731728,entries/s,3.479283339766,7.326896634217
experiment-matrix-20260816-a,Production dyadic multiply,64,71,23472,69861979.000000,2976.396514996592,21502511.401802688837,entries/s,3.473690787359,7.332489186625
experiment-matrix-20260816-a,Production dyadic multiply,64,72,23798,71894455.000000,3021.029288175477,21184832.682854332030,entries/s,3.480154935678,7.326025038306
experiment-matrix-20260816-a,Production dyadic multiply,64,73,24124,71583555.000000,2967.316987232632,21568305.737260464579,entries/s,3.472363942829,7.333816031155
experiment-matrix-20260816-a,Production dyadic multiply,64,74,24450,72573018.000000,2968.221595092024,21561732.488512467593,entries/s,3.472496320439,7.333683653545
experiment-matrix-20260816-a,Production dyadic multiply,64,75,24776,73259878.000000,2956.888844042622,21644371.288742795587,entries/s,3.470834998748,7.335344975236
experiment-matrix-20260816-a,Production dyadic multiply,64,76,25102,75837482.000000,3021.172894590073,21183825.697166472673,entries/s,3.480175579632,7.326004394352
experiment-matrix-20260816-a,Production dyadic multiply,64,77,25428,76190205.000000,2996.311349693251,21359596.026812110096,entries/s,3.476586939344,7.329593034640
experiment-matrix-20260816-a,Production dyadic multiply,64,78,25754,75435956.000000,2929.096684010251,21849739.665259890258,entries/s,3.466733707168,7.339446266816
experiment-matrix-20260816-a,Production dyadic multiply,64,79,26080,78139536.000000,2996.147852760736,21360761.599608168006,entries/s,3.476563240955,7.329616733029
experiment-matrix-20260816-a,Production dyadic multiply,64,80,26406,77743176.000000,2944.148148148148,21738036.531978059560,entries/s,3.468959659709,7.337220314275
experiment-matrix-20260816-a,Production dyadic multiply,64,81,26732,78692637.000000,2943.761671405058,21740890.446967735887,entries/s,3.468902646364,7.337277327620
experiment-matrix-20260816-a,Production dyadic multiply,64,82,27058,79288887.000000,2930.330660063567,21840538.636896241456,entries/s,3.466916629139,7.339263344845
experiment-matrix-20260816-a,Production dyadic multiply,64,83,27384,79667303.000000,2909.264643587496,21998686.211330637336,entries/s,3.463783228989,7.342396744995
experiment-matrix-20260816-a,Production dyadic multiply,64,84,27710,81058644.000000,2925.248791050162,21878480.967433899641,entries/s,3.466162808533,7.340017165451
experiment-matrix-20260816-a,Production dyadic multiply,64,85,28036,82279279.000000,2934.772399771722,21807483.266838058829,entries/s,3.467574426076,7.338605547908
experiment-matrix-20260816-a,Production dyadic multiply,64,86,28362,83465076.000000,2942.848741273535,21747634.903010211885,entries/s,3.468767940483,7.337412033501
experiment-matrix-20260816-a,Production dyadic multiply,64,87,28688,84453844.000000,2943.873535973229,21740064.312525551766,entries/s,3.468919149480,7.337260824503
experiment-matrix-20260816-a,Production dyadic multiply,64,88,29014,88035617.000000,3034.246122561522,21092553.937572788447,entries/s,3.482050805632,7.324129168352
experiment-matrix-20260816-a,Production dyadic multiply,64,89,29340,86204413.000000,2938.119052488071,21782643.540534287691,entries/s,3.468069389409,7.338110584575
experiment-matrix-20260816-a,Production dyadic multiply,64,90,29666,88153194.000000,2971.522753320299,21537778.880706239492,entries/s,3.472979060054,7.333200913930
experiment-matrix-20260816-a,Production dyadic multiply,64,91,29992,91302996.000000,3044.244998666311,21023275.074127908796,entries/s,3.483479601215,7.322700372769
experiment-matrix-20260816-a,Production dyadic multiply,64,92,30318,91403186.000000,3014.815818985421,21228494.157741941512,entries/s,3.479260785384,7.326919188599
experiment-matrix-20260816-a,Production dyadic multiply,64,93,30644,91254821.000000,2977.901742592351,21491642.616887059063,entries/s,3.473910363882,7.332269610102
experiment-matrix-20260816-a,Production dyadic multiply,64,94,30970,91853796.000000,2965.895899257346,21578640.037914164364,entries/s,3.472155903546,7.334024070438
experiment-matrix-20260816-a,Production dyadic multiply,64,95,31296,93230202.000000,2978.981403374233,21483853.483445204794,entries/s,3.474067792091,7.332112181892
experiment-matrix-20260816-a,Production dyadic multiply,64,96,31622,99849995.000000,3157.611631142875,20268483.739032737911,entries/s,3.499358713125,7.306821260859
experiment-matrix-20260816-a,Production dyadic multiply,64,97,31948,96242112.000000,3012.461249530487,21245086.558366466314,entries/s,3.478921469119,7.327258504865
experiment-matrix-20260816-a,Production dyadic multiply,64,98,32274,95515560.000000,2959.520356943670,21625125.791022948921,entries/s,3.471221331596,7.334958642388
experiment-matrix-20260816-a,Production dyadic multiply,64,99,32600,104878694.000000,3217.137852760736,19893459.008938461542,entries/s,3.507469670604,7.298710303380
experiment-matrix-20260816-a,Production dyadic multiply,8,0,2612,1261459.000000,482.947549770291,16564945.828600058332,entries/s,2.683899967020,7.219190019972
experiment-matrix-20260816-a,Production dyadic multiply,8,1,5224,2070552.000000,396.353751914242,20183989.583454072475,entries/s,2.598082973613,7.305007013379
experiment-matrix-20260816-a,Production dyadic multiply,8,2,7836,3276792.000000,418.171516079632,19130906.081313677132,entries/s,2.621354447346,7.281735539645
experiment-matrix-20260816-a,Production dyadic multiply,8,3,10448,4011329.000000,383.932714395100,20836984.450789250433,entries/s,2.584255119348,7.318834867644
experiment-matrix-20260816-a,Production dyadic multiply,8,4,13060,6035806.000000,462.159724349158,17310032.827430173755,entries/s,2.664792095503,7.238297891489
experiment-matrix-20260816-a,Production dyadic multiply,8,5,15672,5953361.000000,379.872447677386,21059700.562421798706,entries/s,2.579637795119,7.323452191873
experiment-matrix-20260816-a,Production dyadic multiply,8,6,18284,6892859.000000,376.988569240866,21220802.572633501142,entries/s,2.576328182060,7.326761804932
experiment-matrix-20260816-a,Production dyadic multiply,8,7,20896,8069499.000000,386.174339586524,20716032.060974292457,entries/s,2.586783412514,7.316306574478
experiment-matrix-20260816-a,Production dyadic multiply,8,8,23508,9029172.000000,384.089331291475,20828487.927796702832,entries/s,2.584432244094,7.318657742898
experiment-matrix-20260816-a,Production dyadic multiply,8,9,26120,13416704.000000,513.656355283308,15574615.047033907846,entries/s,2.710672665851,7.192417321141
experiment-matrix-20260816-a,Production dyadic multiply,8,10,28732,13028562.000000,453.451273841014,17642468.907927058637,entries/s,2.656530626261,7.246559360731
experiment-matrix-20260816-a,Production dyadic multiply,8,11,31344,11744485.000000,374.696433129148,21350616.906573597342,entries/s,2.573679558907,7.329410428085
experiment-matrix-20260816-a,Production dyadic multiply,8,12,33956,13565468.000000,399.501354694310,20024963.384971309453,entries/s,2.601518256329,7.301571730663
experiment-matrix-20260816-a,Production dyadic multiply,8,13,36568,13758003.000000,376.230666156202,21263551.112759608775,entries/s,2.575454191532,7.327635795460
experiment-matrix-20260816-a,Production dyadic multiply,8,14,39180,14362903.000000,366.587621235324,21822886.362179011106,entries/s,2.564177795815,7.338912191177
experiment-matrix-20260816-a,Production dyadic multiply,8,15,41792,15442229.000000,369.502033882083,21650760.392168775201,entries/s,2.567616833262,7.335473153730
experiment-matrix-20260816-a,Production dyadic multiply,8,16,44404,16536634.000000,372.413160976489,21481517.943736314774,entries/s,2.571025020425,7.332064966566
experiment-matrix-20260816-a,Production dyadic multiply,8,17,47016,18700940.000000,397.756933809767,20112785.774404920638,entries/s,2.599617759127,7.303472227865
experiment-matrix-20260816-a,Production dyadic multiply,8,18,49628,18945483.000000,381.749879100508,20956129.753989379853,entries/s,2.581778908188,7.321311078804
experiment-matrix-20260816-a,Production dyadic multiply,8,19,52240,19871717.000000,380.392745022971,21030895.317198809236,entries/s,2.580232225335,7.322857761656
experiment-matrix-20260816-a,Production dyadic multiply,8,20,54852,20865177.000000,380.390450667250,21031022.166742224246,entries/s,2.580229605861,7.322860381131
experiment-matrix-20260816-a,Production dyadic multiply,8,21,57464,21767256.000000,378.798134484199,21119428.190673183650,entries/s,2.578407831511,7.324682155481
experiment-matrix-20260816-a,Production dyadic multiply,8,22,60076,22793597.000000,379.412693921033,21085219.678140312433,entries/s,2.579111856884,7.323978130108
experiment-matrix-20260816-a,Production dyadic multiply,8,23,62688,23184670.000000,369.842234558448,21630844.864300418645,entries/s,2.568016504412,7.335073482580
experiment-matrix-20260816-a,Production dyadic multiply,8,24,65300,23901684.000000,366.028851454824,21856200.592393405735,entries/s,2.563515319093,7.339574667899
experiment-matrix-20260816-a,Production dyadic multiply,8,25,67912,24676082.000000,363.353781364118,22017109.523302767426,entries/s,2.560329684185,7.342760302807
experiment-matrix-20260816-a,Production dyadic multiply,8,26,70524,26603944.000000,377.232488230957,21207081.175633206964,entries/s,2.576609088232,7.326480898760
experiment-matrix-20260816-a,Production dyadic multiply,8,27,73136,28652017.000000,391.763522752133,20420482.090318460017,entries/s,2.593023996220,7.310065990772
experiment-matrix-20260816-a,Production dyadic multiply,8,28,75748,30390834.000000,401.209721708824,19939696.291322574019,entries/s,2.603371447861,7.299718539131
experiment-matrix-20260816-a,Production dyadic multiply,8,29,78360,29772042.000000,379.939280245023,21055996.091903939843,entries/s,2.579714195665,7.323375791327
experiment-matrix-20260816-a,Production dyadic multiply,8,30,80972,30908263.000000,381.715444845132,20958020.190264333040,entries/s,2.581739732585,7.321350254406
experiment-matrix-20260816-a,Production dyadic multiply,8,31,83584,31567614.000000,377.675320635528,21182215.418624922633,entries/s,2.577118606586,7.325971380406
experiment-matrix-20260816-a,Production dyadic multiply,8,32,86196,31771319.000000,368.593890667780,21704103.628810629249,entries/s,2.566548132643,7.336541854349
experiment-matrix-20260816-a,Production dyadic multiply,8,33,88808,32526798.000000,366.259773894244,21842420.517383851111,entries/s,2.563789222964,7.339300764028
experiment-matrix-20260816-a,Production dyadic multiply,8,34,91420,33589649.000000,367.421231677970,21773374.291586078703,entries/s,2.565164248688,7.337925738304
experiment-matrix-20260816-a,Production dyadic multiply,8,35,94032,34211094.000000,363.823953547728,21988656.662075757980,entries/s,2.560891288876,7.342198698116
experiment-matrix-20260816-a,Production dyadic multiply,8,36,96644,35422408.000000,366.524647158644,21826635.840228591114,entries/s,2.564103184339,7.338986802653
experiment-matrix-20260816-a,Production dyadic multiply,8,37,99256,36289620.000000,365.616385911179,21880857.391176871955,entries/s,2.563025651371,7.340064335621
experiment-matrix-20260816-a,Production dyadic multiply,8,38,101868,36802656.000000,361.277889032866,22143619.199657760561,entries/s,2.557841382645,7.345248604347
experiment-matrix-20260816-a,Production dyadic multiply,8,39,104480,37933790.000000,363.072262633997,22034181.135077722371,entries/s,2.559993071702,7.343096915290
experiment-matrix-20260816-a,Production dyadic multiply,8,40,107092,38863661.000000,362.899759085646,22044655.031341489404,entries/s,2.559786679890,7.343303307102
experiment-matrix-20260816-a,Production dyadic multiply,8,41,109704,40500779.000000,369.182336104426,21669509.122281327844,entries/s,2.567240913600,7.335849073392
experiment-matrix-20260816-a,Production dyadic multiply,8,42,112316,40674606.000000,362.144360554151,22090638.075264945626,entries/s,2.558881726595,7.344208260397
experiment-matrix-20260816-a,Production dyadic multiply,8,43,114928,42124353.000000,366.528200264513,21826424.253922667354,entries/s,2.564107394388,7.338982592604
experiment-matrix-20260816-a,Production dyadic multiply,8,44,117540,43338701.000000,368.714488684703,21697004.716408088803,entries/s,2.566690203601,7.336399783391
experiment-matrix-20260816-a,Production dyadic multiply,8,45,120152,43700387.000000,363.709193355084,21995594.684321671724,entries/s,2.560754278709,7.342335708283
experiment-matrix-20260816-a,Production dyadic multiply,8,46,122764,44367493.000000,361.404752207488,22135846.170077718794,entries/s,2.557993858916,7.345096128075
experiment-matrix-20260816-a,Production dyadic multiply,8,47,125376,45751200.000000,364.911944869832,21923097.099092483521,entries/s,2.562188079605,7.340901907387
experiment-matrix-20260816-a,Production dyadic multiply,8,48,127988,46558834.000000,363.774994530737,21991616.027153942734,entries/s,2.560832842857,7.342257144135
experiment-matrix-20260816-a,Production dyadic multiply,8,49,130600,47281718.000000,362.034594180704,22097335.803237944841,entries/s,2.558750071483,7.344339915509
experiment-matrix-20260816-a,Production dyadic multiply,8,50,133212,48924910.000000,367.271041647900,21782278.189167849720,entries/s,2.564986686722,7.338103300270
experiment-matrix-20260816-a,Production dyadic multiply,8,51,135824,49950629.000000,367.759961420662,21753319.662901543081,entries/s,2.565564445183,7.337525541809
experiment-matrix-20260816-a,Production dyadic multiply,8,52,138436,55070018.000000,397.801280013869,20110543.635558642447,entries/s,2.599666176230,7.303423810762
experiment-matrix-20260816-a,Production dyadic multiply,8,53,141048,52071393.000000,369.174982984516,21669940.729259923100,entries/s,2.567232263535,7.335857723457
experiment-matrix-20260816-a,Production dyadic multiply,8,54,143660,52597133.000000,366.122323541696,21850620.641242936254,entries/s,2.563626209885,7.339463777107
experiment-matrix-20260816-a,Production dyadic multiply,8,55,146272,53230450.000000,363.914146248086,21983206.980215270072,entries/s,2.560998938021,7.342091048971
experiment-matrix-20260816-a,Production dyadic multiply,8,56,148884,54168838.000000,363.832500470165,21988140.118493959308,entries/s,2.560901491166,7.342188495826
experiment-matrix-20260816-a,Production dyadic multiply,8,57,151496,55259482.000000,364.758686697999,21932308.377411138266,entries/s,2.562005643376,7.341084343616
experiment-matrix-20260816-a,Production dyadic multiply,8,58,154108,56695003.000000,367.891368390999,21745549.603375095874,entries/s,2.565719598366,7.337370388626
experiment-matrix-20260816-a,Production dyadic multiply,8,59,156720,57605208.000000,367.567687595712,21764698.775152415037,entries/s,2.565337326121,7.337752660871
experiment-matrix-20260816-a,Production dyadic multiply,8,60,159332,58812235.000000,369.117534456355,21673313.384536400437,entries/s,2.567164676290,7.335925310702
experiment-matrix-20260816-a,Production dyadic multiply,8,61,161944,59205270.000000,365.591006767772,21882376.349267553538,entries/s,2.562995503913,7.340094483079
experiment-matrix-20260816-a,Production dyadic multiply,8,62,164556,59906728.000000,364.050706142590,21974960.809076402336,entries/s,2.561161877782,7.341928109210
experiment-matrix-20260816-a,Production dyadic multiply,8,63,167168,60592967.000000,362.467499760720,22070944.306127145886,entries/s,2.559269072128,7.343820914864
experiment-matrix-20260816-a,Production dyadic multiply,8,64,169780,61857518.000000,364.339250795147,21957557.365945398808,entries/s,2.561505960936,7.341584026056
experiment-matrix-20260816-a,Production dyadic multiply,8,65,172392,63992469.000000,371.203240289573,21551536.009651385248,entries/s,2.569611758586,7.333478228406
experiment-matrix-20260816-a,Production dyadic multiply,8,66,175004,68645283.000000,392.249794290416,20395166.846351262182,entries/s,2.593562724500,7.309527262492
experiment-matrix-20260816-a,Production dyadic multiply,8,67,177616,68211409.000000,384.038650797226,20831236.604421995580,entries/s,2.584374935261,7.318715051731
experiment-matrix-20260816-a,Production dyadic multiply,8,68,180228,67628211.000000,375.236983154671,21319860.139432050288,entries/s,2.574305635646,7.328784351346
experiment-matrix-20260816-a,Production dyadic multiply,8,69,182840,67582834.000000,369.628276088383,21643365.828665900975,entries/s,2.567765186789,7.335324800203
experiment-matrix-20260816-a,Production dyadic multiply,8,70,185452,67526356.000000,364.117701615512,21970917.548105217516,entries/s,2.561241792713,7.341848194279
experiment-matrix-20260816-a,Production dyadic multiply,8,71,188064,67916599.000000,361.135565552152,22152345.997183986008,entries/s,2.557670260962,7.345419726030
experiment-matrix-20260816-a,Production dyadic multiply,8,72,190676,69219406.000000,363.021072395058,22037288.213654998690,entries/s,2.559931835392,7.343158151600
experiment-matrix-20260816-a,Production dyadic multiply,8,73,193288,70855740.000000,366.581163859112,21823270.775239948183,entries/s,2.564170145727,7.338919841265
experiment-matrix-20260816-a,Production dyadic multiply,8,74,195900,71506881.000000,365.017258805513,21916771.897798199207,entries/s,2.562313399324,7.340776587668
experiment-matrix-20260816-a,Production dyadic multiply,8,75,198512,72005543.000000,362.726399411622,22055190.945508182049,entries/s,2.559579164904,7.343510822088
experiment-matrix-20260816-a,Production dyadic multiply,8,76,201124,73606803.000000,365.977223006702,21859283.849075742066,entries/s,2.563454057443,7.339635929549
experiment-matrix-20260816-a,Production dyadic multiply,8,77,203736,73999701.000000,363.213673577571,22025602.508853379637,entries/s,2.560162189649,7.342927797342
experiment-matrix-20260816-a,Production dyadic multiply,8,78,206348,75160732.000000,364.242599879815,21963383.752036899328,entries/s,2.561390737205,7.341699249787
experiment-matrix-20260816-a,Production dyadic multiply,8,79,208960,75953578.000000,363.483815084227,22009233.060751922429,entries/s,2.560485077709,7.342604909283
experiment-matrix-20260816-a,Production dyadic multiply,8,80,211572,76684222.000000,362.449766509746,22072024.151200231165,entries/s,2.559247824316,7.343842162676
experiment-matrix-20260816-a,Production dyadic multiply,8,81,214184,77710797.000000,362.822605796885,22049342.770220205188,entries/s,2.559694338110,7.343395648882
experiment-matrix-20260816-a,Production dyadic multiply,8,82,216796,78340704.000000,361.356777800328,22138784.966752406210,entries/s,2.557936204989,7.345153782003
experiment-matrix-20260816-a,Production dyadic multiply,8,83,219408,78941359.000000,359.792528075549,22235036.516156252474,entries/s,2.556052139973,7.347037847019
experiment-matrix-20260816-a,Production dyadic multiply,8,84,222020,79943709.000000,360.074358165931,22217633.159852515906,entries/s,2.556392195230,7.346697791762
experiment-matrix-20260816-a,Production dyadic multiply,8,85,224632,83421914.000000,371.371460878236,21541773.783804576844,entries/s,2.569808526061,7.333281460930
experiment-matrix-20260816-a,Production dyadic multiply,8,86,227244,83613176.000000,367.944482582598,21742410.550222370774,entries/s,2.565782294959,7.337307692033
experiment-matrix-20260816-a,Production dyadic multiply,8,87,229856,83838470.000000,364.743448071836,21933224.687902823091,entries/s,2.561987499354,7.341102487638
experiment-matrix-20260816-a,Production dyadic multiply,8,88,232468,84366875.000000,362.918229605795,22043533.080963350832,entries/s,2.559808783627,7.343281203365
experiment-matrix-20260816-a,Production dyadic multiply,8,89,235080,86482311.000000,367.884596733027,21745949.874073091894,entries/s,2.565711604374,7.337378382618
experiment-matrix-20260816-a,Production dyadic multiply,8,90,237692,89458316.000000,376.362334449624,21256112.176312375814,entries/s,2.575606153652,7.327483833340
experiment-matrix-20260816-a,Production dyadic multiply,8,91,240304,90753394.000000,377.660771356282,21183031.457754626870,entries/s,2.577101875830,7.325988111162
experiment-matrix-20260816-a,Production dyadic multiply,8,92,242916,90480151.000000,372.475057221426,21477948.240824665874,entries/s,2.571097195544,7.331992791448
experiment-matrix-20260816-a,Production dyadic multiply,8,93,245528,89310036.000000,363.746847610049,21993317.749866317958,entries/s,2.560799238224,7.342290748768
experiment-matrix-20260816-a,Production dyadic multiply,8,94,248140,89287627.000000,359.827625533973,22232867.718614585698,entries/s,2.556094502968,7.346995484024
experiment-matrix-20260816-a,Production dyadic multiply,8,95,250752,91055190.000000,363.128469563553,22030770.568926386535,entries/s,2.560060299284,7.343029687708
experiment-matrix-20260816-a,Production dyadic multiply,8,96,253364,93789368.000000,370.176378648900,21611319.526110891253,entries/s,2.568408702505,7.334681284487
experiment-matrix-20260816-a,Production dyadic multiply,8,97,255976,93829847.000000,366.557204581680,21824697.209620304406,entries/s,2.564141759865,7.338948227127
experiment-matrix-20260816-a,Production dyadic multiply,8,98,258588,94863403.000000,366.851528299844,21807187.330186750740,entries/s,2.564490332681,7.338599654311
experiment-matrix-20260816-a,Production dyadic multiply,8,99,261200,95866396.000000,367.022955589587,21797001.735623817891,entries/s,2.564693228214,7.338396758778
experiment-matrix-20260816-a,Owned tail / allocation inside (borrowed-baseline),16,0,39157,12180185.000000,311.060219117910,51436985.563027158380,bytes/s,2.492844473589,7.711275509067
experiment-matrix-20260816-a,Owned tail / allocation inside (borrowed-baseline),16,1,78314,21567074.000000,275.392318104043,58098933.587374903262,bytes/s,2.439951821718,7.764168160938
experiment-matrix-20260816-a,Owned tail / allocation inside (borrowed-baseline),16,2,117471,25418988.000000,216.385218479454,73942204.150692388415,bytes/s,2.335227590297,7.868892392358
experiment-matrix-20260816-a,Owned tail / allocation inside (borrowed-baseline),16,3,156628,33690892.000000,215.101335648798,74383545.558841243386,bytes/s,2.332643107101,7.871476875555
experiment-matrix-20260816-a,Owned tail / allocation inside (borrowed-baseline),16,4,195785,41656790.000000,212.768036366422,75199265.233831018209,bytes/s,2.327906385501,7.876213597155
experiment-matrix-20260816-a,Owned tail / allocation inside (borrowed-baseline),16,5,234942,50816882.000000,216.295434617906,73972897.431999072433,bytes/s,2.335047352813,7.869072629843
experiment-matrix-20260816-a,Owned tail / allocation inside (borrowed-baseline),16,6,274099,60197904.000000,219.621027438991,72852769.093090012670,bytes/s,2.341673918945,7.862446063711
experiment-matrix-20260816-a,Owned tail / allocation inside (borrowed-baseline),16,7,313256,70208397.000000,224.124668003167,71388839.713859304786,bytes/s,2.350489659248,7.853630323407
experiment-matrix-20260816-a,Owned tail / allocation inside (borrowed-baseline),16,8,352413,79029656.000000,224.252953211147,71348001.312317490578,bytes/s,2.350738171024,7.853381811632
experiment-matrix-20260816-a,Owned tail / allocation inside (borrowed-baseline),16,9,391570,86127692.000000,219.954776923666,72742225.578272789717,bytes/s,2.342333398316,7.861786584340
experiment-matrix-20260816-a,Owned tail / allocation inside (borrowed-baseline),16,10,430727,99158348.000000,230.211591100628,69501278.903920426965,bytes/s,2.362127186471,7.841992796184
experiment-matrix-20260816-a,Owned tail / allocation inside (borrowed-baseline),16,11,469884,118384882.000000,251.944909807527,63505946.646126657724,bytes/s,2.401305588471,7.802814394185
experiment-matrix-20260816-a,Owned tail / allocation inside (borrowed-baseline),16,12,509041,110521863.000000,217.117801905937,73692713.630786329508,bytes/s,2.336695433554,7.867424549102
experiment-matrix-20260816-a,Owned tail / allocation inside (borrowed-baseline),16,13,548198,127702604.000000,232.949780918573,68684331.605328887701,bytes/s,2.367262306345,7.836857676311
experiment-matrix-20260816-a,Owned tail / allocation inside (borrowed-baseline),16,14,587355,132763137.000000,226.035595168169,70785311.437767550349,bytes/s,2.354176835465,7.849943147191
experiment-matrix-20260816-a,Owned tail / allocation inside (borrowed-baseline),16,15,626512,140108207.000000,223.632120374390,71546072.957739010453,bytes/s,2.349534181591,7.854585801065
experiment-matrix-20260816-a,Owned tail / allocation inside (borrowed-baseline),16,16,665669,146647223.000000,220.300514219530,72628064.699186295271,bytes/s,2.343015510870,7.861104471785
experiment-matrix-20260816-a,Owned tail / allocation inside (borrowed-baseline),16,17,704826,163843602.000000,232.459645359280,68829150.863028511405,bytes/s,2.366347570908,7.837772411748
experiment-matrix-20260816-a,Owned tail / allocation inside (borrowed-baseline),16,18,743983,172107530.000000,231.332611094608,69164481.065994024277,bytes/s,2.364236859836,7.839883122820
experiment-matrix-20260816-a,Owned tail / allocation inside (borrowed-baseline),16,19,783140,182587153.000000,233.147525346681,68626076.885047882795,bytes/s,2.367630810166,7.836489172490
experiment-matrix-20260816-a,Owned tail / allocation inside (borrowed-baseline),200000,0,4,128631890.000000,32157972.500000000000,6219297.562991572544,bytes/s,7.507288659485,6.793741336179
experiment-matrix-20260816-a,Owned tail / allocation inside (borrowed-baseline),200000,1,4,128498611.000000,32124652.750000000000,6225748.230072308332,bytes/s,7.506838441878,6.794191553786
experiment-matrix-20260816-a,Owned tail / allocation inside (borrowed-baseline),200000,2,4,146482976.000000,36620744.000000000000,5461385.492331886664,bytes/s,7.563727163336,6.737302832328
experiment-matrix-20260816-a,Owned tail / allocation inside (borrowed-baseline),200000,3,4,143853489.000000,35963372.250000000000,5561213.742963161319,bytes/s,7.555860408336,6.745169587327
experiment-matrix-20260816-a,Owned tail / allocation inside (borrowed-baseline),200000,4,4,124621928.000000,31155482.000000000000,6419416.011602709070,bytes/s,7.493534474523,6.807495521141
experiment-matrix-20260816-a,Owned tail / allocation inside (borrowed-baseline),200000,5,4,125313718.000000,31328429.500000000000,6383977.849895092659,bytes/s,7.495938624164,6.805091371500
experiment-matrix-20260816-a,Owned tail / allocation inside (borrowed-baseline),200000,6,4,117368020.000000,29342005.000000000000,6816166.788874857128,bytes/s,7.467489786763,6.833540208901
experiment-matrix-20260816-a,Owned tail / allocation inside (borrowed-baseline),200000,7,4,118824823.000000,29706205.750000000000,6732599.971977235749,bytes/s,7.472847184720,6.828182810944
experiment-matrix-20260816-a,Owned tail / allocation inside (borrowed-baseline),200000,8,4,117680700.000000,29420175.000000000000,6798056.095859388821,bytes/s,7.468645251713,6.832384743951
experiment-matrix-20260816-a,Owned tail / allocation inside (borrowed-baseline),200000,9,4,114745159.000000,28686289.750000000000,6971971.689019141719,bytes/s,7.457674380756,6.843355614908
experiment-matrix-20260816-a,Owned tail / allocation inside (borrowed-baseline),200000,10,4,114658864.000000,28664716.000000000000,6977218.961457703263,bytes/s,7.457347643294,6.843682352370
experiment-matrix-20260816-a,Owned tail / allocation inside (borrowed-baseline),200000,11,4,114913105.000000,28728276.250000000000,6961782.122239234857,bytes/s,7.458309568297,6.842720427367
experiment-matrix-20260816-a,Owned tail / allocation inside (borrowed-baseline),200000,12,4,116008669.000000,29002167.250000000000,6896036.364316876978,bytes/s,7.462430452711,6.838599542953
experiment-matrix-20260816-a,Owned tail / allocation inside (borrowed-baseline),200000,13,4,116178211.000000,29044552.750000000000,6885972.792264807969,bytes/s,7.463064693269,6.837965302395
experiment-matrix-20260816-a,Owned tail / allocation inside (borrowed-baseline),200000,14,4,117425556.000000,29356389.000000000000,6812827.013567643240,bytes/s,7.467702633880,6.833327361784
experiment-matrix-20260816-a,Owned tail / allocation inside (borrowed-baseline),200000,15,4,117561322.000000,29390330.500000000000,6804959.202483279631,bytes/s,7.468204469826,6.832825525838
experiment-matrix-20260816-a,Owned tail / allocation inside (borrowed-baseline),200000,16,4,121123670.000000,30280917.500000000000,6604819.685532975942,bytes/s,7.481169029981,6.819860965683
experiment-matrix-20260816-a,Owned tail / allocation inside (borrowed-baseline),200000,17,4,120572932.000000,30143233.000000000000,6634988.357088305987,bytes/s,7.479189830552,6.821840165112
experiment-matrix-20260816-a,Owned tail / allocation inside (borrowed-baseline),200000,18,4,121176065.000000,30294016.250000000000,6601963.844922674820,bytes/s,7.481356854039,6.819673141625
experiment-matrix-20260816-a,Owned tail / allocation inside (borrowed-baseline),200000,19,4,117073216.000000,29268304.000000000000,6833330.691112132743,bytes/s,7.466397557255,6.834632438409
experiment-matrix-20260816-a,Owned tail / allocation inside (borrowed-baseline),256,0,2438,10837814.000000,4445.370795734209,57587996.989060707390,bytes/s,3.647907992039,7.760331973273
experiment-matrix-20260816-a,Owned tail / allocation inside (borrowed-baseline),256,1,4876,18519566.000000,3798.106234618540,67402011.472623065114,bytes/s,3.579567107969,7.828672857343
experiment-matrix-20260816-a,Owned tail / allocation inside (borrowed-baseline),256,2,7314,28948545.000000,3957.963494667761,64679727.426715224981,bytes/s,3.597471784277,7.810768181035
experiment-matrix-20260816-a,Owned tail / allocation inside (borrowed-baseline),256,3,9752,38935648.000000,3992.580803937654,64118927.724022984505,bytes/s,3.601253714378,7.806986250934
experiment-matrix-20260816-a,Owned tail / allocation inside (borrowed-baseline),256,4,12190,49106388.000000,4028.415750615258,63548555.027097493410,bytes/s,3.605134285338,7.803105679974
experiment-matrix-20260816-a,Owned tail / allocation inside (borrowed-baseline),256,5,14628,61012498.000000,4170.939157779600,61377064.089393623173,bytes/s,3.620233854762,7.788006110550
experiment-matrix-20260816-a,Owned tail / allocation inside (borrowed-baseline),256,6,17066,64426517.000000,3775.138696824094,67812078.060963630676,bytes/s,3.576932912034,7.831307053278
experiment-matrix-20260816-a,Owned tail / allocation inside (borrowed-baseline),256,7,19504,69159838.000000,3545.930988515177,72195426.484370887280,bytes/s,3.549730279037,7.858509686274
experiment-matrix-20260816-a,Owned tail / allocation inside (borrowed-baseline),256,8,21942,83843712.000000,3821.151763740771,66995507.069152668118,bytes/s,3.582194286798,7.826045678514
experiment-matrix-20260816-a,Owned tail / allocation inside (borrowed-baseline),256,9,24380,87981754.000000,3608.767596390484,70938344.784533396363,bytes/s,3.557358914519,7.850881050793
experiment-matrix-20260816-a,Owned tail / allocation inside (borrowed-baseline),256,10,26818,103420562.000000,3856.386083973451,66383394.822395183146,bytes/s,3.586180507011,7.822059458301
experiment-matrix-20260816-a,Owned tail / allocation inside (borrowed-baseline),256,11,29256,100083781.000000,3420.965989882417,74832664.445400997996,bytes/s,3.534148756594,7.874091208718
experiment-matrix-20260816-a,Owned tail / allocation inside (borrowed-baseline),256,12,31694,117697120.000000,3713.545781535937,68936810.008605137467,bytes/s,3.569788782377,7.838451182935
experiment-matrix-20260816-a,Owned tail / allocation inside (borrowed-baseline),256,13,34132,120994574.000000,3544.901382866518,72216395.422822847962,bytes/s,3.549604157862,7.858635807449
experiment-matrix-20260816-a,Owned tail / allocation inside (borrowed-baseline),256,14,36570,124704428.000000,3410.019907027618,75072875.519704893231,bytes/s,3.532756914326,7.875483050986
experiment-matrix-20260816-a,Owned tail / allocation inside (borrowed-baseline),256,15,39008,135340843.000000,3469.566319729286,73784437.710351780057,bytes/s,3.540275193316,7.867964771996
experiment-matrix-20260816-a,Owned tail / allocation inside (borrowed-baseline),256,16,41446,146050438.000000,3523.872943106693,72647341.187706679106,bytes/s,3.547020241084,7.861219724227
experiment-matrix-20260816-a,Owned tail / allocation inside (borrowed-baseline),256,17,43884,149120656.000000,3398.064351472063,75337007.637627348304,bytes/s,3.531231599143,7.877008366169
experiment-matrix-20260816-a,Owned tail / allocation inside (borrowed-baseline),256,18,46322,157336004.000000,3396.571909675748,75370110.454819992185,bytes/s,3.531040813581,7.877199151730
experiment-matrix-20260816-a,Owned tail / allocation inside (borrowed-baseline),256,19,48760,170419216.000000,3495.061853978671,73246200.123347595334,bytes/s,3.543454866091,7.864785099220
experiment-matrix-20260816-a,Owned tail / allocation inside (borrowed-baseline),4096,0,60,9623170.000000,160386.166666666657,25538362.098975703120,bytes/s,5.205166907593,7.407193040375
experiment-matrix-20260816-a,Owned tail / allocation inside (borrowed-baseline),4096,1,120,19506258.000000,162552.149999999994,25198067.204893939197,bytes/s,5.210992718077,7.401367229891
experiment-matrix-20260816-a,Owned tail / allocation inside (borrowed-baseline),4096,2,180,28918057.000000,160655.872222222213,25495488.856668345630,bytes/s,5.205896604317,7.406463343651
experiment-matrix-20260816-a,Owned tail / allocation inside (borrowed-baseline),4096,3,240,38672408.000000,161135.033333333326,25419673.892559263855,bytes/s,5.207189973251,7.405169974716
experiment-matrix-20260816-a,Owned tail / allocation inside (borrowed-baseline),4096,4,300,49603131.000000,165343.769999999990,24772629.776132479310,bytes/s,5.218387835744,7.393972112223
experiment-matrix-20260816-a,Owned tail / allocation inside (borrowed-baseline),4096,5,360,59472946.000000,165202.627777777787,24793794.475894972682,bytes/s,5.218016951098,7.394342996870
experiment-matrix-20260816-a,Owned tail / allocation inside (borrowed-baseline),4096,6,420,71182708.000000,169482.638095238101,24167667.237385798246,bytes/s,5.229125215426,7.383234732542
experiment-matrix-20260816-a,Owned tail / allocation inside (borrowed-baseline),4096,7,480,77285746.000000,161011.970833333326,25439102.315192766488,bytes/s,5.206858165930,7.405501782038
experiment-matrix-20260816-a,Owned tail / allocation inside (borrowed-baseline),4096,8,540,87797049.000000,162587.127777777787,25192646.281311798841,bytes/s,5.211086158993,7.401273788975
experiment-matrix-20260816-a,Owned tail / allocation inside (borrowed-baseline),4096,9,600,96454486.000000,160757.476666666655,25479374.800670236349,bytes/s,5.206171180660,7.406188767307
experiment-matrix-20260816-a,Owned tail / allocation inside (borrowed-baseline),4096,10,660,108077133.000000,163753.231818181812,25013246.789216734469,bytes/s,5.214189879943,7.398170068025
experiment-matrix-20260816-a,Owned tail / allocation inside (borrowed-baseline),4096,11,720,116035911.000000,161160.987499999988,25415580.181897312403,bytes/s,5.207259919826,7.405100028141
experiment-matrix-20260816-a,Owned tail / allocation inside (borrowed-baseline),4096,12,780,122647247.000000,157240.060256410245,26049341.327653285116,bytes/s,5.196563201575,7.415796746392
experiment-matrix-20260816-a,Owned tail / allocation inside (borrowed-baseline),4096,13,840,150381220.000000,179025.261904761894,22879452.633779671043,bytes/s,5.252914317749,7.359445630218
experiment-matrix-20260816-a,Owned tail / allocation inside (borrowed-baseline),4096,14,900,146835540.000000,163150.600000000006,25105638.594035204500,bytes/s,5.212588675281,7.399771272687
experiment-matrix-20260816-a,Owned tail / allocation inside (borrowed-baseline),4096,15,960,160729777.000000,167426.851041666669,24464415.202915389091,bytes/s,5.223825109118,7.388534838850
experiment-matrix-20260816-a,Owned tail / allocation inside (borrowed-baseline),4096,16,1020,170108490.000000,166773.029411764699,24560326.177723404020,bytes/s,5.222125817736,7.390234130232
experiment-matrix-20260816-a,Owned tail / allocation inside (borrowed-baseline),4096,17,1080,186928035.000000,173081.513888888876,23665150.066976312548,bytes/s,5.238250685179,7.374109262789
experiment-matrix-20260816-a,Owned tail / allocation inside (borrowed-baseline),4096,18,1140,177925149.000000,156074.692105263151,26243844.820385679603,bytes/s,5.193332486854,7.419027461114
experiment-matrix-20260816-a,Owned tail / allocation inside (borrowed-baseline),4096,19,1200,191997271.000000,159997.725833333330,25600363.871838573366,bytes/s,5.204113809749,7.408246138218
experiment-matrix-20260816-a,Owned tail / allocation inside (borrowed-baseline),50000,0,3,12977236.000000,4325745.333333333023,11558701.714294169098,bytes/s,6.636060947932,7.062909056404
experiment-matrix-20260816-a,Owned tail / allocation inside (borrowed-baseline),50000,1,6,25649217.000000,4274869.500000000000,11696263.476580981165,bytes/s,6.630922861451,7.068047142885
experiment-matrix-20260816-a,Owned tail / allocation inside (borrowed-baseline),50000,2,9,40890715.000000,4543412.777777777985,11004943.298252426088,bytes/s,6.657382195095,7.041587809241
experiment-matrix-20260816-a,Owned tail / allocation inside (borrowed-baseline),50000,3,12,56686056.000000,4723838.000000000000,10584613.612913906574,bytes/s,6.674294995438,7.024675008898
experiment-matrix-20260816-a,Owned tail / allocation inside (borrowed-baseline),50000,4,15,66318575.000000,4421238.333333333023,11309048.784597679973,bytes/s,6.645543926818,7.053426077518
experiment-matrix-20260816-a,Owned tail / allocation inside (borrowed-baseline),50000,5,18,76371335.000000,4242851.944444444031,11784526.223091427237,bytes/s,6.627657877198,7.071312127138
experiment-matrix-20260816-a,Owned tail / allocation inside (borrowed-baseline),50000,6,21,94001561.000000,4476264.809523809701,11170027.272206680849,bytes/s,6.650915770866,7.048054233470
experiment-matrix-20260816-a,Owned tail / allocation inside (borrowed-baseline),50000,7,24,103932709.000000,4330529.541666666977,11545932.089579228312,bytes/s,6.636541005583,7.062428998753
experiment-matrix-20260816-a,Owned tail / allocation inside (borrowed-baseline),50000,8,27,117642390.000000,4357125.555555555969,11475455.403447683901,bytes/s,6.639200074808,7.059769929528
experiment-matrix-20260816-a,Owned tail / allocation inside (borrowed-baseline),50000,9,30,139415431.000000,4647181.033333333209,10759210.721803098917,bytes/s,6.667189590974,7.031780413362
experiment-matrix-20260816-a,Owned tail / allocation inside (borrowed-baseline),50000,10,33,150947041.000000,4574152.757575757802,10930986.053578883410,bytes/s,6.660310664133,7.038659340203
experiment-matrix-20260816-a,Owned tail / allocation inside (borrowed-baseline),50000,11,36,155386380.000000,4316288.333333333023,11584026.862586027011,bytes/s,6.635110448382,7.063859555954
experiment-matrix-20260816-a,Owned tail / allocation inside (borrowed-baseline),50000,12,39,167421540.000000,4292860.000000000000,11647246.823795791715,bytes/s,6.632746725372,7.066223278964
experiment-matrix-20260816-a,Owned tail / allocation inside (borrowed-baseline),50000,13,42,176984137.000000,4213908.023809524253,11865470.180528098717,bytes/s,6.624685052110,7.074284952226
experiment-matrix-20260816-a,Owned tail / allocation inside (borrowed-baseline),50000,14,45,200267321.000000,4450384.911111110821,11234983.265192827210,bytes/s,6.648397574474,7.050572429862
experiment-matrix-20260816-a,Owned tail / allocation inside (borrowed-baseline),50000,15,48,205140041.000000,4273750.854166666977,11699324.950412776321,bytes/s,6.630809200604,7.068160803732
experiment-matrix-20260816-a,Owned tail / allocation inside (borrowed-baseline),50000,16,51,215147986.000000,4218587.960784313269,11852307.090618083254,bytes/s,6.625167108910,7.073802895426
experiment-matrix-20260816-a,Owned tail / allocation inside (borrowed-baseline),50000,17,54,238684038.000000,4420074.777777777985,11312025.817160006613,bytes/s,6.645429616702,7.053540387634
experiment-matrix-20260816-a,Owned tail / allocation inside (borrowed-baseline),50000,18,57,245016814.000000,4298540.596491227858,11631854.783647624776,bytes/s,6.633321032679,7.065648971657
experiment-matrix-20260816-a,Owned tail / allocation inside (borrowed-baseline),50000,19,60,272348882.000000,4539148.033333333209,11015282.963416021317,bytes/s,6.656974346438,7.041995657898
experiment-matrix-20260816-a,Owned tail / allocation inside (borrowed-baseline),64,0,11942,9245559.000000,774.205242003015,82665418.067203938961,bytes/s,2.888856107522,7.917323866462
experiment-matrix-20260816-a,Owned tail / allocation inside (borrowed-baseline),64,1,23884,19116689.000000,800.397295260425,79960290.194604307413,bytes/s,2.903305612379,7.902874361605
experiment-matrix-20260816-a,Owned tail / allocation inside (borrowed-baseline),64,2,35826,29844733.000000,833.046753754257,76826420.259816035628,bytes/s,2.920669376350,7.885510597634
experiment-matrix-20260816-a,Owned tail / allocation inside (borrowed-baseline),64,3,47768,36037100.000000,754.419276503098,84833463.291996300220,bytes/s,2.877612776723,7.928567197261
experiment-matrix-20260816-a,Owned tail / allocation inside (borrowed-baseline),64,4,59710,46126651.000000,772.511321386702,82846682.279188230634,bytes/s,2.887904852860,7.918275121124
experiment-matrix-20260816-a,Owned tail / allocation inside (borrowed-baseline),64,5,71652,54013288.000000,753.828057835092,84899997.200688838959,bytes/s,2.877272298059,7.928907675924
experiment-matrix-20260816-a,Owned tail / allocation inside (borrowed-baseline),64,6,83594,66882707.000000,800.089803095916,79991020.698369756341,bytes/s,2.903138735492,7.903041238492
experiment-matrix-20260816-a,Owned tail / allocation inside (borrowed-baseline),64,7,95536,75077102.000000,785.851427734048,81440330.501835301518,bytes/s,2.895340446530,7.910839527454
experiment-matrix-20260816-a,Owned tail / allocation inside (borrowed-baseline),64,8,107478,97708715.000000,909.104328327658,70398960.829645544291,bytes/s,2.958613725485,7.847566248499
experiment-matrix-20260816-a,Owned tail / allocation inside (borrowed-baseline),64,9,119420,96351368.000000,806.827734047898,79323004.526515915990,bytes/s,2.906780818317,7.899399155667
experiment-matrix-20260816-a,Owned tail / allocation inside (borrowed-baseline),64,10,131362,101790229.000000,774.883368097319,82593074.822535276413,bytes/s,2.889236339405,7.916943634579
experiment-matrix-20260816-a,Owned tail / allocation inside (borrowed-baseline),64,11,143304,129119072.000000,901.015128677497,71030993.779137447476,bytes/s,2.954732083150,7.851447890834
experiment-matrix-20260816-a,Owned tail / allocation inside (borrowed-baseline),64,12,155246,144189676.000000,928.781907424346,68907457.701756685972,bytes/s,2.967913746801,7.838266227183
experiment-matrix-20260816-a,Owned tail / allocation inside (borrowed-baseline),64,13,167188,132253027.000000,791.043777065340,80905762.557706892490,bytes/s,2.898200518405,7.907979455579
experiment-matrix-20260816-a,Owned tail / allocation inside (borrowed-baseline),64,14,179130,143562075.000000,801.440713448334,79856187.645657807589,bytes/s,2.903871400958,7.902308573026
experiment-matrix-20260816-a,Owned tail / allocation inside (borrowed-baseline),64,15,191072,150800899.000000,789.235989574611,81091081.559135794640,bytes/s,2.897206881088,7.908973092896
experiment-matrix-20260816-a,Owned tail / allocation inside (borrowed-baseline),64,16,203014,164992380.000000,812.714295565823,78748460.989531755447,bytes/s,2.909937899018,7.896242074966
experiment-matrix-20260816-a,Owned tail / allocation inside (borrowed-baseline),64,17,214956,178026137.000000,828.198035877110,77276203.549819201231,bytes/s,2.918134196211,7.888045777773
experiment-matrix-20260816-a,Owned tail / allocation inside (borrowed-baseline),64,18,226898,177759239.000000,783.432374899735,81691798.871843725443,bytes/s,2.894001514556,7.912178459427
experiment-matrix-20260816-a,Owned tail / allocation inside (borrowed-baseline),64,19,238840,194324720.000000,813.618824317535,78660913.547180205584,bytes/s,2.910420988099,7.895758985885
experiment-matrix-20260816-a,Owned tail / allocation inside (borrowed-baseline),8,0,61079,9099456.000000,148.978470505411,53699034.315897569060,bytes/s,2.173123511256,7.729966475736
experiment-matrix-20260816-a,Owned tail / allocation inside (borrowed-baseline),8,1,122158,20358844.000000,166.659932218930,48001939.599321059883,bytes/s,2.221831200861,7.681258786131
experiment-matrix-20260816-a,Owned tail / allocation inside (borrowed-baseline),8,2,183237,29126041.000000,158.952837036188,50329394.235213771462,bytes/s,2.201268283733,7.701821703259
experiment-matrix-20260816-a,Owned tail / allocation inside (borrowed-baseline),8,3,244316,36709968.000000,150.256094566054,53242432.682044290006,bytes/s,2.176832096533,7.726257890459
experiment-matrix-20260816-a,Owned tail / allocation inside (borrowed-baseline),8,4,305395,43223778.000000,141.534006778107,56523518.143184982240,bytes/s,2.150860801568,7.752229185424
experiment-matrix-20260816-a,Owned tail / allocation inside (borrowed-baseline),8,5,366474,53276150.000000,145.374978852524,55030102.588118702173,bytes/s,2.162489664560,7.740600322432
experiment-matrix-20260816-a,Owned tail / allocation inside (borrowed-baseline),8,6,427553,65911163.000000,154.159046948565,51894456.785719282925,bytes/s,2.187969016734,7.715120970258
experiment-matrix-20260816-a,Owned tail / allocation inside (borrowed-baseline),8,7,488632,71271110.000000,145.858457898787,54847693.546515554190,bytes/s,2.163931617635,7.739158369357
experiment-matrix-20260816-a,Owned tail / allocation inside (borrowed-baseline),8,8,549711,87194915.000000,158.619556457848,50435142.920891657472,bytes/s,2.200356731141,7.702733255851
experiment-matrix-20260816-a,Owned tail / allocation inside (borrowed-baseline),8,9,610790,91532239.000000,149.858771427168,53383595.259807854891,bytes/s,2.175682167842,7.727407819150
experiment-matrix-20260816-a,Owned tail / allocation inside (borrowed-baseline),8,10,671869,99204174.000000,147.654042677963,54180704.130453221500,bytes/s,2.169245342183,7.733844644809
experiment-matrix-20260816-a,Owned tail / allocation inside (borrowed-baseline),8,11,732948,111302510.000000,151.855943395712,52681507.362232893705,bytes/s,2.181431794170,7.721658192822
experiment-matrix-20260816-a,Owned tail / allocation inside (borrowed-baseline),8,12,794027,121251886.000000,152.704991140100,52388595.423579640687,bytes/s,2.183853232139,7.719236754852
experiment-matrix-20260816-a,Owned tail / allocation inside (borrowed-baseline),8,13,855106,137987447.000000,161.368820941497,49575871.926958687603,bytes/s,2.207819625794,7.695270361198
experiment-matrix-20260816-a,Owned tail / allocation inside (borrowed-baseline),8,14,916185,155214312.000000,169.413723210924,47221676.310364983976,bytes/s,2.228948587065,7.674141399927
experiment-matrix-20260816-a,Owned tail / allocation inside (borrowed-baseline),8,15,977264,142746964.000000,146.067965258108,54769024.719853229821,bytes/s,2.164554979541,7.738535007451
experiment-matrix-20260816-a,Owned tail / allocation inside (borrowed-baseline),8,16,1038343,156194057.000000,150.426262805258,53182202.700580336154,bytes/s,2.177323666014,7.725766320978
experiment-matrix-20260816-a,Owned tail / allocation inside (borrowed-baseline),8,17,1099422,163458010.000000,148.676313553849,53808167.614422805607,bytes/s,2.172241784176,7.730848202816
experiment-matrix-20260816-a,Owned tail / allocation inside (borrowed-baseline),8,18,1160501,167887947.000000,144.668506963803,55298835.716896340251,bytes/s,2.160373999395,7.742715987597
experiment-matrix-20260816-a,Owned tail / allocation inside (borrowed-baseline),8,19,1221580,184239180.000000,150.820396535634,53043223.488076746464,bytes/s,2.178460078297,7.724629908695
experiment-matrix-20260816-a,Owned tail / allocation inside (reused-buffer),16,0,35990,8836483.000000,245.526062795221,65166197.909281328321,bytes/s,2.390097599625,7.814022383030
experiment-matrix-20260816-a,Owned tail / allocation inside (reused-buffer),16,1,71980,17848013.000000,247.957946651848,64527070.884585298598,bytes/s,2.394378031287,7.809741951369
experiment-matrix-20260816-a,Owned tail / allocation inside (reused-buffer),16,2,107970,26157203.000000,242.263619523942,66043758.577704198658,bytes/s,2.384288201483,7.819831781173
experiment-matrix-20260816-a,Owned tail / allocation inside (reused-buffer),16,3,143960,35143369.000000,244.118984440122,65541809.608521029353,bytes/s,2.387601554579,7.816518428077
experiment-matrix-20260816-a,Owned tail / allocation inside (reused-buffer),16,4,179950,44889484.000000,249.455315365379,64139743.731516271830,bytes/s,2.396992762271,7.807127220385
experiment-matrix-20260816-a,Owned tail / allocation inside (reused-buffer),16,5,215940,56296978.000000,260.706575900713,61371677.890063650906,bytes/s,2.416151985681,7.787967996975
experiment-matrix-20260816-a,Owned tail / allocation inside (reused-buffer),16,6,251930,61524445.000000,244.212459810265,65516722.662024825811,bytes/s,2.387767818040,7.816352164616
experiment-matrix-20260816-a,Owned tail / allocation inside (reused-buffer),16,7,287920,69719899.000000,242.150246596277,66074679.769688136876,bytes/s,2.384084915651,7.820035067005
experiment-matrix-20260816-a,Owned tail / allocation inside (reused-buffer),16,8,323910,80096738.000000,247.280843444167,64703758.597509928048,bytes/s,2.393190473382,7.810929509274
experiment-matrix-20260816-a,Owned tail / allocation inside (reused-buffer),16,9,359900,88118499.000000,244.841619894415,65348366.862218111753,bytes/s,2.388885244168,7.815234738487
experiment-matrix-20260816-a,Owned tail / allocation inside (reused-buffer),16,10,395890,100623534.000000,254.170436232287,62949886.057470418513,bytes/s,2.405125034307,7.798994948349
experiment-matrix-20260816-a,Owned tail / allocation inside (reused-buffer),16,11,431880,114650634.000000,265.468727424285,60270752.624010786414,bytes/s,2.424013367952,7.780106614704
experiment-matrix-20260816-a,Owned tail / allocation inside (reused-buffer),16,12,467870,124633002.000000,266.383828841345,60063706.080031670630,bytes/s,2.425507856917,7.778612125739
experiment-matrix-20260816-a,Owned tail / allocation inside (reused-buffer),16,13,503860,146387070.000000,290.531238836185,55071530.566190041602,bytes/s,2.463192835951,7.740927146705
experiment-matrix-20260816-a,Owned tail / allocation inside (reused-buffer),16,14,539850,138969214.000000,257.421902380291,62154773.358651936054,bytes/s,2.410645495475,7.793474487181
experiment-matrix-20260816-a,Owned tail / allocation inside (reused-buffer),16,15,575840,139667567.000000,242.545788760767,65966925.592682518065,bytes/s,2.384793738522,7.819326244134
experiment-matrix-20260816-a,Owned tail / allocation inside (reused-buffer),16,16,611830,149965614.000000,245.109939035353,65276830.727342598140,bytes/s,2.389360921944,7.814759060712
experiment-matrix-20260816-a,Owned tail / allocation inside (reused-buffer),16,17,647820,159691576.000000,246.506091198172,64907118.206410586834,bytes/s,2.391827655220,7.812292327436
experiment-matrix-20260816-a,Owned tail / allocation inside (reused-buffer),16,18,683810,164977152.000000,241.261683801056,66318031.723568603396,bytes/s,2.382488354503,7.821631628153
experiment-matrix-20260816-a,Owned tail / allocation inside (reused-buffer),16,19,719800,171809535.000000,238.690657126980,67032368.139521479607,bytes/s,2.377835420106,7.826284562550
experiment-matrix-20260816-a,Owned tail / allocation inside (reused-buffer),200000,0,4,121081829.000000,30270457.250000000000,6607102.045014533214,bytes/s,7.481018981236,6.820011014428
experiment-matrix-20260816-a,Owned tail / allocation inside (reused-buffer),200000,1,4,119831537.000000,29957884.250000000000,6676038.879481283948,bytes/s,7.476511138433,6.824518857231
experiment-matrix-20260816-a,Owned tail / allocation inside (reused-buffer),200000,2,4,116911559.000000,29227889.750000000000,6842779.335446206853,bytes/s,7.465797460482,6.835232535182
experiment-matrix-20260816-a,Owned tail / allocation inside (reused-buffer),200000,3,4,118089268.000000,29522317.000000000000,6774536.023036403582,bytes/s,7.470150439222,6.830879556442
experiment-matrix-20260816-a,Owned tail / allocation inside (reused-buffer),200000,4,4,122219855.000000,30554963.750000000000,6545581.321463685483,bytes/s,7.485081772815,6.815948222849
experiment-matrix-20260816-a,Owned tail / allocation inside (reused-buffer),200000,5,4,121602108.000000,30400527.000000000000,6578833.320882891305,bytes/s,7.482881112267,6.818148883397
experiment-matrix-20260816-a,Owned tail / allocation inside (reused-buffer),200000,6,4,116888834.000000,29222208.500000000000,6844109.677747320384,bytes/s,7.465713035114,6.835316960550
experiment-matrix-20260816-a,Owned tail / allocation inside (reused-buffer),200000,7,4,122358923.000000,30589730.750000000000,6538141.889333236031,bytes/s,7.485575654353,6.815454341311
experiment-matrix-20260816-a,Owned tail / allocation inside (reused-buffer),200000,8,4,132529945.000000,33132486.250000000000,6036371.629068434238,bytes/s,7.520254026408,6.780775969256
experiment-matrix-20260816-a,Owned tail / allocation inside (reused-buffer),200000,9,4,117716467.000000,29429116.750000000000,6795990.572839736938,bytes/s,7.468777227905,6.832252767759
experiment-matrix-20260816-a,Owned tail / allocation inside (reused-buffer),200000,10,4,119109606.000000,29777401.500000000000,6716502.781480110250,bytes/s,7.473886796725,6.827143198939
experiment-matrix-20260816-a,Owned tail / allocation inside (reused-buffer),200000,11,4,116204496.000000,29051124.000000000000,6884415.212299531326,bytes/s,7.463162940084,6.837867055579
experiment-matrix-20260816-a,Owned tail / allocation inside (reused-buffer),200000,12,4,118809140.000000,29702285.000000000000,6733488.686139803380,bytes/s,7.472789860924,6.828240134740
experiment-matrix-20260816-a,Owned tail / allocation inside (reused-buffer),200000,13,4,115800645.000000,28950161.250000000000,6908424.387446201406,bytes/s,7.461650987054,6.839379008610
experiment-matrix-20260816-a,Owned tail / allocation inside (reused-buffer),200000,14,4,115602728.000000,28900682.000000000000,6920251.916546467692,bytes/s,7.460908091384,6.840121904280
experiment-matrix-20260816-a,Owned tail / allocation inside (reused-buffer),200000,15,4,117922102.000000,29480525.500000000000,6784139.583943305537,bytes/s,7.469535220697,6.831494774967
experiment-matrix-20260816-a,Owned tail / allocation inside (reused-buffer),200000,16,4,123346664.000000,30836666.000000000000,6485785.460723931901,bytes/s,7.489067416847,6.811962578817
experiment-matrix-20260816-a,Owned tail / allocation inside (reused-buffer),200000,17,4,123136734.000000,30784183.500000000000,6496842.769924366847,bytes/s,7.488327639131,6.812702356533
experiment-matrix-20260816-a,Owned tail / allocation inside (reused-buffer),200000,18,4,124726272.000000,31181568.000000000000,6414045.631059990264,bytes/s,7.493897950385,6.807132045279
experiment-matrix-20260816-a,Owned tail / allocation inside (reused-buffer),200000,19,4,117944519.000000,29486129.750000000000,6782850.163643467240,bytes/s,7.469617772263,6.831412223401
experiment-matrix-20260816-a,Owned tail / allocation inside (reused-buffer),256,0,2663,9104307.000000,3418.815996995869,74879724.508411243558,bytes/s,3.533875727401,7.874364237911
experiment-matrix-20260816-a,Owned tail / allocation inside (reused-buffer),256,1,5326,18345040.000000,3444.431092752535,74322868.742722824216,bytes/s,3.537117500937,7.871122464375
experiment-matrix-20260816-a,Owned tail / allocation inside (reused-buffer),256,2,7989,26611299.000000,3330.992489673301,76853970.939186394215,bytes/s,3.522573653497,7.885666311815
experiment-matrix-20260816-a,Owned tail / allocation inside (reused-buffer),256,3,10652,35899642.000000,3370.225497559144,75959309.009265333414,bytes/s,3.527658959942,7.880581005370
experiment-matrix-20260816-a,Owned tail / allocation inside (reused-buffer),256,4,13315,44677431.000000,3355.421028914758,76294449.427944958210,bytes/s,3.525747021990,7.882492943322
experiment-matrix-20260816-a,Owned tail / allocation inside (reused-buffer),256,5,15978,53356935.000000,3339.400112654901,76660475.344020411372,bytes/s,3.523668457481,7.884571507830
experiment-matrix-20260816-a,Owned tail / allocation inside (reused-buffer),256,6,18641,63778315.000000,3421.399871251542,74823174.616638898849,bytes/s,3.534203834702,7.874036130610
experiment-matrix-20260816-a,Owned tail / allocation inside (reused-buffer),256,7,21304,74897278.000000,3515.643916635373,72817385.966950625181,bytes/s,3.546004880943,7.862235084369
experiment-matrix-20260816-a,Owned tail / allocation inside (reused-buffer),256,8,23967,82198598.000000,3429.657362206367,74643024.933344975114,bytes/s,3.535250734289,7.872989231023
experiment-matrix-20260816-a,Owned tail / allocation inside (reused-buffer),256,9,26630,91133207.000000,3422.200788584304,74805663.318750530481,bytes/s,3.534305487033,7.873934478279
experiment-matrix-20260816-a,Owned tail / allocation inside (reused-buffer),256,10,29293,101219748.000000,3455.424435872051,74086412.465678140521,bytes/s,3.538501400143,7.869738565169
experiment-matrix-20260816-a,Owned tail / allocation inside (reused-buffer),256,11,31956,110340942.000000,3452.902177994743,74140530.719775795937,bytes/s,3.538184274799,7.870055690513
experiment-matrix-20260816-a,Owned tail / allocation inside (reused-buffer),256,12,34619,134433675.000000,3883.233917790808,65924434.484142459929,bytes/s,3.589193552314,7.819046412998
experiment-matrix-20260816-a,Owned tail / allocation inside (reused-buffer),256,13,37282,125867681.000000,3376.097875650448,75827185.534625053406,bytes/s,3.528415028664,7.879824936648
experiment-matrix-20260816-a,Owned tail / allocation inside (reused-buffer),256,14,39945,135329936.000000,3387.906771811241,75562882.110577508807,bytes/s,3.529931450937,7.878308514375
experiment-matrix-20260816-a,Owned tail / allocation inside (reused-buffer),256,15,42608,144380610.000000,3388.579844160721,75547873.083511710167,bytes/s,3.530017723256,7.878222242056
experiment-matrix-20260816-a,Owned tail / allocation inside (reused-buffer),256,16,45271,151175106.000000,3339.336573082106,76661934.009161531925,bytes/s,3.523660193977,7.884579771335
experiment-matrix-20260816-a,Owned tail / allocation inside (reused-buffer),256,17,47934,161818811.000000,3375.867046355405,75832370.316946655512,bytes/s,3.528385334230,7.879854631082
experiment-matrix-20260816-a,Owned tail / allocation inside (reused-buffer),256,18,50597,173850938.000000,3435.993003537759,74505390.359182298183,bytes/s,3.536052270838,7.872187694474
experiment-matrix-20260816-a,Owned tail / allocation inside (reused-buffer),256,19,53260,180354209.000000,3386.297577919639,75598790.156319558620,bytes/s,3.529725119978,7.878514845334
experiment-matrix-20260816-a,Owned tail / allocation inside (reused-buffer),4096,0,60,10122765.000000,168712.750000000000,24277951.725640177727,bytes/s,5.227147904435,7.385212043533
experiment-matrix-20260816-a,Owned tail / allocation inside (reused-buffer),4096,1,120,18613709.000000,155114.241666666669,26406343.840445771813,bytes/s,5.190651673979,7.421708273988
experiment-matrix-20260816-a,Owned tail / allocation inside (reused-buffer),4096,2,180,28006012.000000,155588.955555555556,26325776.051227856427,bytes/s,5.191978765459,7.420381182509
experiment-matrix-20260816-a,Owned tail / allocation inside (reused-buffer),4096,3,240,37481327.000000,156172.195833333331,26227459.876220498234,bytes/s,5.193603716667,7.418756231301
experiment-matrix-20260816-a,Owned tail / allocation inside (reused-buffer),4096,4,300,48681852.000000,162272.839999999997,25241439.047963909805,bytes/s,5.210245836985,7.402114110983
experiment-matrix-20260816-a,Owned tail / allocation inside (reused-buffer),4096,5,360,56772291.000000,157700.808333333320,25973234.020096179098,bytes/s,5.197833919415,7.414526028553
experiment-matrix-20260816-a,Owned tail / allocation inside (reused-buffer),4096,6,420,66374561.000000,158034.669047619042,25918363.512792199850,bytes/s,5.198752371286,7.413607576682
experiment-matrix-20260816-a,Owned tail / allocation inside (reused-buffer),4096,7,480,76194807.000000,158739.181249999994,25803333.290154539049,bytes/s,5.200684135957,7.411675812010
experiment-matrix-20260816-a,Owned tail / allocation inside (reused-buffer),4096,8,540,86250857.000000,159723.809259259258,25644266.931747704744,bytes/s,5.203369659152,7.408990288816
experiment-matrix-20260816-a,Owned tail / allocation inside (reused-buffer),4096,9,600,93991122.000000,156651.869999999995,26147150.365967545658,bytes/s,5.194935583551,7.417424364417
experiment-matrix-20260816-a,Owned tail / allocation inside (reused-buffer),4096,10,660,112045577.000000,169766.025757575757,24127324.544011227787,bytes/s,5.229850781890,7.382509166078
experiment-matrix-20260816-a,Owned tail / allocation inside (reused-buffer),4096,11,720,130657944.000000,181469.366666666669,22571302.667980141938,bytes/s,5.258803323529,7.353556624438
experiment-matrix-20260816-a,Owned tail / allocation inside (reused-buffer),4096,12,780,129997791.000000,166663.834615384607,24576417.610050007701,bytes/s,5.221841369888,7.390518578080
experiment-matrix-20260816-a,Owned tail / allocation inside (reused-buffer),4096,13,840,131109422.000000,156082.645238095225,26242507.575084879994,bytes/s,5.193354616731,7.419005331237
experiment-matrix-20260816-a,Owned tail / allocation inside (reused-buffer),4096,14,900,141729747.000000,157477.496666666673,26010065.480466850102,bytes/s,5.197218502432,7.415141445536
experiment-matrix-20260816-a,Owned tail / allocation inside (reused-buffer),4096,15,960,155521771.000000,162001.844791666663,25283662.696973789483,bytes/s,5.209519960088,7.402839987880
experiment-matrix-20260816-a,Owned tail / allocation inside (reused-buffer),4096,16,1020,171200288.000000,167843.419607843127,24403697.264808341861,bytes/s,5.224904319167,7.387455628800
experiment-matrix-20260816-a,Owned tail / allocation inside (reused-buffer),4096,17,1080,182757608.000000,169220.007407407422,24205175.633509054780,bytes/s,5.228451709725,7.383908238243
experiment-matrix-20260816-a,Owned tail / allocation inside (reused-buffer),4096,18,1140,185946329.000000,163110.814912280708,25111762.222528200597,bytes/s,5.212482757490,7.399877190477
experiment-matrix-20260816-a,Owned tail / allocation inside (reused-buffer),4096,19,1200,194881925.000000,162401.604166666657,25221425.742792721838,bytes/s,5.210590314790,7.401769633178
experiment-matrix-20260816-a,Owned tail / allocation inside (reused-buffer),50000,0,3,13669158.000000,4556386.000000000000,10973609.347408231348,bytes/s,6.658620508772,7.040349495564
experiment-matrix-20260816-a,Owned tail / allocation inside (reused-buffer),50000,1,6,27420946.000000,4570157.666666666977,10940541.584524471313,bytes/s,6.659931183129,7.039038821207
experiment-matrix-20260816-a,Owned tail / allocation inside (reused-buffer),50000,2,9,42026328.000000,4669592.000000000000,10707573.595294835046,bytes/s,6.669278936264,7.029691068072
experiment-matrix-20260816-a,Owned tail / allocation inside (reused-buffer),50000,3,12,54534160.000000,4544513.333333333023,11002278.205073663965,bytes/s,6.657487381955,7.041482622381
experiment-matrix-20260816-a,Owned tail / allocation inside (reused-buffer),50000,4,15,74907162.000000,4993810.799999999814,10012393.741468939930,bytes/s,6.698432084256,7.000537920080
experiment-matrix-20260816-a,Owned tail / allocation inside (reused-buffer),50000,5,18,95079307.000000,5282183.722222222015,9465782.076009452343,bytes/s,6.722813502543,6.976156501793
experiment-matrix-20260816-a,Owned tail / allocation inside (reused-buffer),50000,6,21,97416463.000000,4638879.190476190299,10778465.648049652576,bytes/s,6.666413062410,7.032556941926
experiment-matrix-20260816-a,Owned tail / allocation inside (reused-buffer),50000,7,24,105878558.000000,4411606.583333333023,11333739.547151748091,bytes/s,6.644596776138,7.054373228198
experiment-matrix-20260816-a,Owned tail / allocation inside (reused-buffer),50000,8,27,119746720.000000,4435063.703703703359,11273795.223785670474,bytes/s,6.646899862267,7.052070142069
experiment-matrix-20260816-a,Owned tail / allocation inside (reused-buffer),50000,9,30,130462561.000000,4348752.033333333209,11497551.393307387829,bytes/s,6.638364644817,7.060605359519
experiment-matrix-20260816-a,Owned tail / allocation inside (reused-buffer),50000,10,33,150223843.000000,4552237.666666666977,10983609.306280361488,bytes/s,6.658224927954,7.040745076382
experiment-matrix-20260816-a,Owned tail / allocation inside (reused-buffer),50000,11,36,154701516.000000,4297264.333333333023,11635309.378610098734,bytes/s,6.633192068829,7.065777935507
experiment-matrix-20260816-a,Owned tail / allocation inside (reused-buffer),50000,12,39,168095446.000000,4310139.641025641002,11600552.224359486252,bytes/s,6.634491340774,7.064478663562
experiment-matrix-20260816-a,Owned tail / allocation inside (reused-buffer),50000,13,42,183196244.000000,4361815.333333333023,11463117.114999366924,bytes/s,6.639667274858,7.059302729478
experiment-matrix-20260816-a,Owned tail / allocation inside (reused-buffer),50000,14,45,197744838.000000,4394329.733333333395,11378299.543778736144,bytes/s,6.642892641568,7.056077362768
experiment-matrix-20260816-a,Owned tail / allocation inside (reused-buffer),50000,15,48,206905742.000000,4310536.291666666977,11599484.754753688350,bytes/s,6.634531305897,7.064438698439
experiment-matrix-20260816-a,Owned tail / allocation inside (reused-buffer),50000,16,51,224590826.000000,4403741.686274509877,11353981.128329791129,bytes/s,6.643821836295,7.055148168041
experiment-matrix-20260816-a,Owned tail / allocation inside (reused-buffer),50000,17,54,228018978.000000,4222573.666666666977,11841119.645751591772,bytes/s,6.625577234974,7.073392769362
experiment-matrix-20260816-a,Owned tail / allocation inside (reused-buffer),50000,18,57,241273672.000000,4232871.438596490771,11812312.451563302428,bytes/s,6.626635078217,7.072334926119
experiment-matrix-20260816-a,Owned tail / allocation inside (reused-buffer),50000,19,60,250695908.000000,4178265.133333333302,11966689.141172580421,bytes/s,6.620995994833,7.077974009503
experiment-matrix-20260816-a,Owned tail / allocation inside (reused-buffer),64,0,12166,9477039.000000,778.977396021700,82158995.019435912371,bytes/s,2.891524855714,7.914655118270
experiment-matrix-20260816-a,Owned tail / allocation inside (reused-buffer),64,1,24332,18491488.000000,759.965806345553,84214315.256835997105,bytes/s,2.880794052216,7.925385921768
experiment-matrix-20260816-a,Owned tail / allocation inside (reused-buffer),64,2,36498,28381311.000000,777.612773302647,82303174.789917215705,bytes/s,2.890763385829,7.915416588155
experiment-matrix-20260816-a,Owned tail / allocation inside (reused-buffer),64,3,48664,37291834.000000,766.312551372678,83516836.420541822910,bytes/s,2.884405938890,7.921774035094
experiment-matrix-20260816-a,Owned tail / allocation inside (reused-buffer),64,4,60830,47025837.000000,773.069817524248,82786830.567204996943,bytes/s,2.888218717717,7.917961256267
experiment-matrix-20260816-a,Owned tail / allocation inside (reused-buffer),64,5,72996,55956811.000000,766.573661570497,83488388.929097473621,bytes/s,2.884553893406,7.921626080578
experiment-matrix-20260816-a,Owned tail / allocation inside (reused-buffer),64,6,85162,67272593.000000,789.936744087739,81019145.493618771434,bytes/s,2.897592315602,7.908587658381
experiment-matrix-20260816-a,Owned tail / allocation inside (reused-buffer),64,7,97328,74607250.000000,766.554845470985,83490438.261697098613,bytes/s,2.884543233206,7.921636740777
experiment-matrix-20260816-a,Owned tail / allocation inside (reused-buffer),64,8,109494,83730216.000000,764.701408296345,83692797.352869600058,bytes/s,2.883491889999,7.922688083985
experiment-matrix-20260816-a,Owned tail / allocation inside (reused-buffer),64,9,121660,97584538.000000,802.108647049153,79789689.633003130555,bytes/s,2.904233198232,7.901946775752
experiment-matrix-20260816-a,Owned tail / allocation inside (reused-buffer),64,10,133826,102469834.000000,765.694513771614,83584247.828487753868,bytes/s,2.884055535370,7.922124438614
experiment-matrix-20260816-a,Owned tail / allocation inside (reused-buffer),64,11,145992,111488526.000000,763.661885582772,83806722.855049669743,bytes/s,2.882901115476,7.923278858508
experiment-matrix-20260816-a,Owned tail / allocation inside (reused-buffer),64,12,158158,119350954.000000,754.631153656470,84809644.671964660287,bytes/s,2.877734730340,7.928445243644
experiment-matrix-20260816-a,Owned tail / allocation inside (reused-buffer),64,13,170324,131914526.000000,774.491709917569,82634841.897548109293,bytes/s,2.889016773475,7.917163200509
experiment-matrix-20260816-a,Owned tail / allocation inside (reused-buffer),64,14,182490,144876482.000000,793.887237656858,80615982.930894196033,bytes/s,2.899758820385,7.906421153599
experiment-matrix-20260816-a,Owned tail / allocation inside (reused-buffer),64,15,194656,150405119.000000,772.671374116390,82829521.247877210379,bytes/s,2.887994822827,7.918185151157
experiment-matrix-20260816-a,Owned tail / allocation inside (reused-buffer),64,16,206822,156766463.000000,757.977695796385,84435202.189896956086,bytes/s,2.879656426298,7.926523547686
experiment-matrix-20260816-a,Owned tail / allocation inside (reused-buffer),64,17,218988,164219061.000000,749.899816428297,85344733.520306766033,bytes/s,2.875003247287,7.931176726697
experiment-matrix-20260816-a,Owned tail / allocation inside (reused-buffer),64,18,231154,177730480.000000,768.883428363775,83237585.359584912658,bytes/s,2.885860500717,7.920319473267
experiment-matrix-20260816-a,Owned tail / allocation inside (reused-buffer),64,19,243320,184266009.000000,757.299067072168,84510866.027385443449,bytes/s,2.879267421811,7.926912552173
experiment-matrix-20260816-a,Owned tail / allocation inside (reused-buffer),8,0,55287,9294357.000000,168.111074936242,47587584.595685310662,bytes/s,2.225596325131,7.677493661861
experiment-matrix-20260816-a,Owned tail / allocation inside (reused-buffer),8,1,110574,19211716.000000,173.745328919999,46044403.321389928460,bytes/s,2.239913137570,7.663176849422
experiment-matrix-20260816-a,Owned tail / allocation inside (reused-buffer),8,2,165861,28367019.000000,171.028867545716,46775729.236829571426,bytes/s,2.233069420086,7.670020566906
experiment-matrix-20260816-a,Owned tail / allocation inside (reused-buffer),8,3,221148,38153238.000000,172.523549839926,46370481.058514617383,bytes/s,2.236848385597,7.666241601395
experiment-matrix-20260816-a,Owned tail / allocation inside (reused-buffer),8,4,276435,47318538.000000,171.174192848228,46736017.076436303556,bytes/s,2.233438288680,7.669651698312
experiment-matrix-20260816-a,Owned tail / allocation inside (reused-buffer),8,5,331722,56499596.000000,170.322125152990,46969822.580678276718,bytes/s,2.231271067268,7.671818919724
experiment-matrix-20260816-a,Owned tail / allocation inside (reused-buffer),8,6,387009,68461673.000000,176.899433863295,45223434.723834455013,bytes/s,2.247726443026,7.655363543966
experiment-matrix-20260816-a,Owned tail / allocation inside (reused-buffer),8,7,442296,77743379.000000,175.772285980429,45513432.082750096917,bytes/s,2.244950400916,7.658139586075
experiment-matrix-20260816-a,Owned tail / allocation inside (reused-buffer),8,8,497583,89356274.000000,179.580640817713,44548231.722374632955,bytes/s,2.254259516968,7.648830470024
experiment-matrix-20260816-a,Owned tail / allocation inside (reused-buffer),8,9,552870,98578003.000000,178.302318809123,44867616.155705645680,bytes/s,2.251156991181,7.651932995811
experiment-matrix-20260816-a,Owned tail / allocation inside (reused-buffer),8,10,608157,103722359.000000,170.551944645873,46906530.538897603750,bytes/s,2.231856675629,7.671233311363
experiment-matrix-20260816-a,Owned tail / allocation inside (reused-buffer),8,11,663444,113322990.000000,170.810181416970,46835615.615154519677,bytes/s,2.232513753949,7.670576233043
experiment-matrix-20260816-a,Owned tail / allocation inside (reused-buffer),8,12,718731,140606216.000000,195.631211120711,40893270.323127113283,bytes/s,2.291438143581,7.611651843411
experiment-matrix-20260816-a,Owned tail / allocation inside (reused-buffer),8,13,774018,127400452.000000,164.596239363942,48603783.603530704975,bytes/s,2.216419908384,7.686670078607
experiment-matrix-20260816-a,Owned tail / allocation inside (reused-buffer),8,14,829305,135909099.000000,163.883129849693,48815274.685913421214,bytes/s,2.214534249542,7.688555737450
experiment-matrix-20260816-a,Owned tail / allocation inside (reused-buffer),8,15,884592,157374587.000000,177.906409960750,44967463.520650893450,bytes/s,2.250191595978,7.652898391014
experiment-matrix-20260816-a,Owned tail / allocation inside (reused-buffer),8,16,939879,159069919.000000,169.245103891033,47268723.384463407099,bytes/s,2.228516113789,7.674573873203
experiment-matrix-20260816-a,Owned tail / allocation inside (reused-buffer),8,17,995166,167957147.000000,168.772995661025,47400948.052541047335,bytes/s,2.227302959034,7.675787027958
experiment-matrix-20260816-a,Owned tail / allocation inside (reused-buffer),8,18,1050453,186733283.000000,177.764529207875,45003353.794192112982,bytes/s,2.249845106994,7.653244879998
experiment-matrix-20260816-a,Owned tail / allocation inside (reused-buffer),8,19,1105740,188866621.000000,170.805633331525,46836862.719114348292,bytes/s,2.232502190032,7.670587796960
experiment-matrix-20260816-a,Owned tail / allocation outside (borrowed-baseline),16,0,37691,7697118.000000,204.216338117853,78348285.683030977845,bytes/s,2.310090484424,7.894029498232
experiment-matrix-20260816-a,Owned tail / allocation outside (borrowed-baseline),16,1,75382,15525682.000000,205.960070043246,77684960.956948623061,bytes/s,2.313783030851,7.890336951805
experiment-matrix-20260816-a,Owned tail / allocation outside (borrowed-baseline),16,2,113073,24468717.000000,216.397521954843,73938000.100291326642,bytes/s,2.335252283202,7.868867699454
experiment-matrix-20260816-a,Owned tail / allocation outside (borrowed-baseline),16,3,150764,31269364.000000,207.406038576849,77143366.267379149795,bytes/s,2.316821396616,7.887298586040
experiment-matrix-20260816-a,Owned tail / allocation outside (borrowed-baseline),16,4,188455,38830859.000000,206.048441272452,77651642.988376840949,bytes/s,2.313969333496,7.890150649160
experiment-matrix-20260816-a,Owned tail / allocation outside (borrowed-baseline),16,5,226146,49325207.000000,218.112223961512,73356732.187662184238,bytes/s,2.338680006020,7.865439976636
experiment-matrix-20260816-a,Owned tail / allocation outside (borrowed-baseline),16,6,263837,56306572.000000,213.414236820461,74971568.150161936879,bytes/s,2.329223387752,7.874896594904
experiment-matrix-20260816-a,Owned tail / allocation outside (borrowed-baseline),16,7,301528,65892672.000000,218.529197951766,73216760.734790056944,bytes/s,2.339509471797,7.864610510859
experiment-matrix-20260816-a,Owned tail / allocation outside (borrowed-baseline),16,8,339219,73110504.000000,215.525969948617,74236993.360078603029,bytes/s,2.333499608259,7.870620374397
experiment-matrix-20260816-a,Owned tail / allocation outside (borrowed-baseline),16,9,376910,93548555.000000,248.198654851291,64464491.193904593587,bytes/s,2.394799423447,7.809320559209
experiment-matrix-20260816-a,Owned tail / allocation outside (borrowed-baseline),16,10,414601,89033369.000000,214.744703944274,74507076.105364501476,bytes/s,2.331922462021,7.872197520635
experiment-matrix-20260816-a,Owned tail / allocation outside (borrowed-baseline),16,11,452292,94724982.000000,209.433246663660,76396657.430877104402,bytes/s,2.321045625272,7.883074357384
experiment-matrix-20260816-a,Owned tail / allocation outside (borrowed-baseline),16,12,489983,99983378.000000,204.054789655968,78410313.362287074327,bytes/s,2.309746793163,7.894373189493
experiment-matrix-20260816-a,Owned tail / allocation outside (borrowed-baseline),16,13,527674,107539855.000000,203.799798739373,78508419.041480004787,bytes/s,2.309203750787,7.894916231869
experiment-matrix-20260816-a,Owned tail / allocation outside (borrowed-baseline),16,14,565365,114140769.000000,201.888636544533,79251612.541702777147,bytes/s,2.305111875036,7.899008107620
experiment-matrix-20260816-a,Owned tail / allocation outside (borrowed-baseline),16,15,603056,120891873.000000,200.465417805312,79814265.099524110556,bytes/s,2.302039463481,7.902080519175
experiment-matrix-20260816-a,Owned tail / allocation outside (borrowed-baseline),16,16,640747,130546491.000000,203.741088136191,78531042.247623488307,bytes/s,2.309078621300,7.895041361356
experiment-matrix-20260816-a,Owned tail / allocation outside (borrowed-baseline),16,17,678438,137584772.000000,202.796382278115,78896870.941502153873,bytes/s,2.307060203271,7.897059779384
experiment-matrix-20260816-a,Owned tail / allocation outside (borrowed-baseline),16,18,716129,143525984.000000,200.419175874738,79832680.331946030259,bytes/s,2.301939271976,7.902180710679
experiment-matrix-20260816-a,Owned tail / allocation outside (borrowed-baseline),16,19,753820,159053435.000000,210.996570799395,75830616.295712202787,bytes/s,2.324275397028,7.879844585628
experiment-matrix-20260816-a,Owned tail / allocation outside (borrowed-baseline),200000,0,4,122046278.000000,30511569.500000000000,6554890.596499796957,bytes/s,7.484464548110,6.816565447554
experiment-matrix-20260816-a,Owned tail / allocation outside (borrowed-baseline),200000,1,4,121356077.000000,30339019.250000000000,6592170.905458653346,bytes/s,7.482001537519,6.819028458145
experiment-matrix-20260816-a,Owned tail / allocation outside (borrowed-baseline),200000,2,4,120615621.000000,30153905.250000000000,6632640.062434367836,bytes/s,7.479343565852,6.821686429812
experiment-matrix-20260816-a,Owned tail / allocation outside (borrowed-baseline),200000,3,4,119041381.000000,29760345.250000000000,6720352.143764192238,bytes/s,7.473637965157,6.827392030507
experiment-matrix-20260816-a,Owned tail / allocation outside (borrowed-baseline),200000,4,4,116289306.000000,29072326.500000000000,6879394.395904297940,bytes/s,7.463479787384,6.837550208280
experiment-matrix-20260816-a,Owned tail / allocation outside (borrowed-baseline),200000,5,4,116213011.000000,29053252.750000000000,6883910.786891151220,bytes/s,7.463194762279,6.837835233385
experiment-matrix-20260816-a,Owned tail / allocation outside (borrowed-baseline),200000,6,4,120459566.000000,30114891.500000000000,6641232.627386354841,bytes/s,7.478781302803,6.822248692861
experiment-matrix-20260816-a,Owned tail / allocation outside (borrowed-baseline),200000,7,4,115681354.000000,28920338.500000000000,6915548.377831054851,bytes/s,7.461203371881,6.839826623783
experiment-matrix-20260816-a,Owned tail / allocation outside (borrowed-baseline),200000,8,4,115364577.000000,28841144.250000000000,6934537.626744819805,bytes/s,7.460012486685,6.841017508978
experiment-matrix-20260816-a,Owned tail / allocation outside (borrowed-baseline),200000,9,4,118284111.000000,29571027.750000000000,6763376.697314823978,bytes/s,7.470866418824,6.830163576840
experiment-matrix-20260816-a,Owned tail / allocation outside (borrowed-baseline),200000,10,4,117803642.000000,29450910.500000000000,6790961.522225263529,bytes/s,7.469098725915,6.831931269749
experiment-matrix-20260816-a,Owned tail / allocation outside (borrowed-baseline),200000,11,4,116824903.000000,29206225.750000000000,6847855.033100263216,bytes/s,7.465475437773,6.835554557891
experiment-matrix-20260816-a,Owned tail / allocation outside (borrowed-baseline),200000,12,4,115510053.000000,28877513.250000000000,6925804.111612692475,bytes/s,7.460559791796,6.840470203868
experiment-matrix-20260816-a,Owned tail / allocation outside (borrowed-baseline),200000,13,4,116189048.000000,29047262.000000000000,6885330.534767786041,bytes/s,7.463105201982,6.837924793682
experiment-matrix-20260816-a,Owned tail / allocation outside (borrowed-baseline),200000,14,4,117420970.000000,29355242.500000000000,6813093.095722169615,bytes/s,7.467685672381,6.833344323283
experiment-matrix-20260816-a,Owned tail / allocation outside (borrowed-baseline),200000,15,4,115757201.000000,28939300.250000000000,6911017.138363599777,bytes/s,7.461488025704,6.839541969960
experiment-matrix-20260816-a,Owned tail / allocation outside (borrowed-baseline),200000,16,4,115238021.000000,28809505.250000000000,6942153.232568962499,bytes/s,7.459535800139,6.841494195524
experiment-matrix-20260816-a,Owned tail / allocation outside (borrowed-baseline),200000,17,4,115631462.000000,28907865.500000000000,6918532.258979827166,bytes/s,7.461016025403,6.840013970261
experiment-matrix-20260816-a,Owned tail / allocation outside (borrowed-baseline),200000,18,4,117641803.000000,29410450.750000000000,6800303.800172120333,bytes/s,7.468501680636,6.832528315028
experiment-matrix-20260816-a,Owned tail / allocation outside (borrowed-baseline),200000,19,4,116565148.000000,29141287.000000000000,6863114.865173936822,bytes/s,7.464508728102,6.836521267562
experiment-matrix-20260816-a,Owned tail / allocation outside (borrowed-baseline),256,0,2676,9419805.000000,3520.106502242153,72725072.334299907088,bytes/s,3.546555803432,7.861684161880
experiment-matrix-20260816-a,Owned tail / allocation outside (borrowed-baseline),256,1,5352,18686792.000000,3491.553064275037,73319807.915665790439,bytes/s,3.543018646791,7.865221318520
experiment-matrix-20260816-a,Owned tail / allocation outside (borrowed-baseline),256,2,8028,28536296.000000,3554.595914299950,72019437.981719851494,bytes/s,3.550790237368,7.857449727943
experiment-matrix-20260816-a,Owned tail / allocation outside (borrowed-baseline),256,3,10704,45839541.000000,4282.468329596412,59778609.039737112820,bytes/s,3.631694159885,7.776545805427
experiment-matrix-20260816-a,Owned tail / allocation outside (borrowed-baseline),256,4,13380,58980743.000000,4408.127279521674,58074548.162270531058,bytes/s,3.644254125770,7.763985839542
experiment-matrix-20260816-a,Owned tail / allocation outside (borrowed-baseline),256,5,16056,62554305.000000,3896.008034379671,65708283.386730939150,bytes/s,3.590619843813,7.817620121499
experiment-matrix-20260816-a,Owned tail / allocation outside (borrowed-baseline),256,6,18732,64199074.000000,3427.240764467222,74695656.825205922127,bytes/s,3.534944614791,7.873295350521
experiment-matrix-20260816-a,Owned tail / allocation outside (borrowed-baseline),256,7,21408,73664098.000000,3440.961229446936,74397815.880403503776,bytes/s,3.536679779296,7.871560186016
experiment-matrix-20260816-a,Owned tail / allocation outside (borrowed-baseline),256,8,24084,83721531.000000,3476.230318883906,73642991.550166472793,bytes/s,3.541108543066,7.867131422246
experiment-matrix-20260816-a,Owned tail / allocation outside (borrowed-baseline),256,9,26760,91918452.000000,3434.919730941704,74528670.260896041989,bytes/s,3.535916592686,7.872323372626
experiment-matrix-20260816-a,Owned tail / allocation outside (borrowed-baseline),256,10,29436,100340044.000000,3408.752683788558,75100784.289072066545,bytes/s,3.532595492880,7.875644472432
experiment-matrix-20260816-a,Owned tail / allocation outside (borrowed-baseline),256,11,32112,108779567.000000,3387.505200548082,75571839.700373142958,bytes/s,3.529879970618,7.878359994694
experiment-matrix-20260816-a,Owned tail / allocation outside (borrowed-baseline),256,12,34788,119174186.000000,3425.726859836725,74728666.491584002972,bytes/s,3.534752732828,7.873487232483
experiment-matrix-20260816-a,Owned tail / allocation outside (borrowed-baseline),256,13,37464,129118482.000000,3446.468129404228,74278940.175272509456,bytes/s,3.537374266788,7.870865698523
experiment-matrix-20260816-a,Owned tail / allocation outside (borrowed-baseline),256,14,40140,137185412.000000,3417.673442949676,74904757.365892529488,bytes/s,3.533730563739,7.874509401573
experiment-matrix-20260816-a,Owned tail / allocation outside (borrowed-baseline),256,15,42816,149810038.000000,3498.926522795217,73165297.508301809430,bytes/s,3.543934822426,7.864305142886
experiment-matrix-20260816-a,Owned tail / allocation outside (borrowed-baseline),256,16,45492,159781764.000000,3512.304668952783,72886615.521405816078,bytes/s,3.545592181011,7.862647784300
experiment-matrix-20260816-a,Owned tail / allocation outside (borrowed-baseline),256,17,48168,191207851.000000,3969.603284338150,64490071.592300884426,bytes/s,3.598747106251,7.809492859061
experiment-matrix-20260816-a,Owned tail / allocation outside (borrowed-baseline),256,18,50844,185733916.000000,3653.015419715207,70079090.993806421757,bytes/s,3.562651505413,7.845588459899
experiment-matrix-20260816-a,Owned tail / allocation outside (borrowed-baseline),256,19,53520,187530004.000000,3503.923841554559,73060948.689576089382,bytes/s,3.544554658126,7.863685307186
experiment-matrix-20260816-a,Owned tail / allocation outside (borrowed-baseline),4096,0,61,9487933.000000,155539.885245901649,26334081.406350571662,bytes/s,5.191841774206,7.420518173762
experiment-matrix-20260816-a,Owned tail / allocation outside (borrowed-baseline),4096,1,122,18985007.000000,155614.811475409835,26321401.935748562217,bytes/s,5.192050930931,7.420309017037
experiment-matrix-20260816-a,Owned tail / allocation outside (borrowed-baseline),4096,2,183,29126483.000000,159161.109289617481,25734929.960476174951,bytes/s,5.201836957345,7.410522990623
experiment-matrix-20260816-a,Owned tail / allocation outside (borrowed-baseline),4096,3,244,37939659.000000,155490.405737704918,26342461.327868022025,bytes/s,5.191703596812,7.420656351156
experiment-matrix-20260816-a,Owned tail / allocation outside (borrowed-baseline),4096,4,305,48559767.000000,159212.350819672138,25726647.329259220511,bytes/s,5.201976754889,7.410383193079
experiment-matrix-20260816-a,Owned tail / allocation outside (borrowed-baseline),4096,5,366,58043095.000000,158587.691256830614,25827981.778021998703,bytes/s,5.200269476634,7.412090471333
experiment-matrix-20260816-a,Owned tail / allocation outside (borrowed-baseline),4096,6,427,67850856.000000,158901.302107728348,25777007.146379992366,bytes/s,5.201127456024,7.411232491944
experiment-matrix-20260816-a,Owned tail / allocation outside (borrowed-baseline),4096,7,488,78875077.000000,161629.256147540989,25341946.734327752143,bytes/s,5.208519974220,7.403839973748
experiment-matrix-20260816-a,Owned tail / allocation outside (borrowed-baseline),4096,8,549,87790260.000000,159909.398907103838,25614504.388072203845,bytes/s,5.203873990785,7.408485957183
experiment-matrix-20260816-a,Owned tail / allocation outside (borrowed-baseline),4096,9,610,95097087.000000,155896.863934426219,26273780.604867529124,bytes/s,5.192837378886,7.419522569082
experiment-matrix-20260816-a,Owned tail / allocation outside (borrowed-baseline),4096,10,671,103328862.000000,153992.342771982105,26598725.146126162261,bytes/s,5.187499126197,7.424860821771
experiment-matrix-20260816-a,Owned tail / allocation outside (borrowed-baseline),4096,11,732,112081970.000000,153117.445355191245,26750707.540204729885,bytes/s,5.185024674629,7.427335273338
experiment-matrix-20260816-a,Owned tail / allocation outside (borrowed-baseline),4096,12,793,122869105.000000,154942.124842370744,26435677.219265166670,bytes/s,5.190169507491,7.422190440477
experiment-matrix-20260816-a,Owned tail / allocation outside (borrowed-baseline),4096,13,854,133961029.000000,156863.031615925051,26111952.305173769593,bytes/s,5.195520604155,7.416839343813
experiment-matrix-20260816-a,Owned tail / allocation outside (borrowed-baseline),4096,14,915,144512506.000000,157937.165027322393,25934364.462546933442,bytes/s,5.198484338160,7.413875609808
experiment-matrix-20260816-a,Owned tail / allocation outside (borrowed-baseline),4096,15,976,153021924.000000,156784.758196721319,26124988.468972589821,bytes/s,5.195303840537,7.417056107431
experiment-matrix-20260816-a,Owned tail / allocation outside (borrowed-baseline),4096,16,1037,161211835.000000,155459.821600771451,26347643.769454024732,bytes/s,5.191618164991,7.420741782976
experiment-matrix-20260816-a,Owned tail / allocation outside (borrowed-baseline),4096,17,1098,179130363.000000,163142.407103825128,25106899.381429824978,bytes/s,5.212566865867,7.399793082100
experiment-matrix-20260816-a,Owned tail / allocation outside (borrowed-baseline),4096,18,1159,182408380.000000,157384.279551337357,26025470.978910069913,bytes/s,5.196961350354,7.415398597614
experiment-matrix-20260816-a,Owned tail / allocation outside (borrowed-baseline),4096,19,1220,187480508.000000,153672.547540983593,26654077.553491588682,bytes/s,5.186596290946,7.425763657022
experiment-matrix-20260816-a,Owned tail / allocation outside (borrowed-baseline),50000,0,3,12481410.000000,4160470.000000000000,12017872.980696892366,bytes/s,6.619142394780,7.079827609556
experiment-matrix-20260816-a,Owned tail / allocation outside (borrowed-baseline),50000,1,6,24892614.000000,4148769.000000000000,12051767.644812231883,bytes/s,6.617919254347,7.081050749989
experiment-matrix-20260816-a,Owned tail / allocation outside (borrowed-baseline),50000,2,9,37725814.000000,4191757.111111111008,11928172.046864250675,bytes/s,6.622396109768,7.076573894568
experiment-matrix-20260816-a,Owned tail / allocation outside (borrowed-baseline),50000,3,12,50184961.000000,4182080.083333333489,11955772.965530449525,bytes/s,6.621392344937,7.077577659399
experiment-matrix-20260816-a,Owned tail / allocation outside (borrowed-baseline),50000,4,15,68036949.000000,4535796.599999999627,11023421.993834557012,bytes/s,6.656653571132,7.042316433204
experiment-matrix-20260816-a,Owned tail / allocation outside (borrowed-baseline),50000,5,18,77901109.000000,4327839.388888888992,11553108.955098444596,bytes/s,6.636271135228,7.062698869108
experiment-matrix-20260816-a,Owned tail / allocation outside (borrowed-baseline),50000,6,21,89698129.000000,4271339.476190475747,11705929.785893306136,bytes/s,6.630564089520,7.068405914816
experiment-matrix-20260816-a,Owned tail / allocation outside (borrowed-baseline),50000,7,24,104586730.000000,4357780.416666666977,11473730.940818207338,bytes/s,6.639265342883,7.059704661453
experiment-matrix-20260816-a,Owned tail / allocation outside (borrowed-baseline),50000,8,27,119680086.000000,4432595.777777777985,11280072.108236953616,bytes/s,6.646658128438,7.052311875898
experiment-matrix-20260816-a,Owned tail / allocation outside (borrowed-baseline),50000,9,30,126884780.000000,4229492.666666666977,11821748.833863288164,bytes/s,6.626288276292,7.072681728044
experiment-matrix-20260816-a,Owned tail / allocation outside (borrowed-baseline),50000,10,33,140814873.000000,4267117.363636363298,11717512.254547147080,bytes/s,6.630134587945,7.068835416391
experiment-matrix-20260816-a,Owned tail / allocation outside (borrowed-baseline),50000,11,36,153610157.000000,4266948.805555555969,11717975.133636506274,bytes/s,6.630117432267,7.068852572069
experiment-matrix-20260816-a,Owned tail / allocation outside (borrowed-baseline),50000,12,39,165547736.000000,4244813.743589743972,11779079.841961715370,bytes/s,6.627858638772,7.071111365564
experiment-matrix-20260816-a,Owned tail / allocation outside (borrowed-baseline),50000,13,42,177431338.000000,4224555.666666666977,11835564.245139151812,bytes/s,6.625781037153,7.073188967183
experiment-matrix-20260816-a,Owned tail / allocation outside (borrowed-baseline),50000,14,45,191515147.000000,4255892.155555555597,11748417.998499095440,bytes/s,6.628990614390,7.069979389946
experiment-matrix-20260816-a,Owned tail / allocation outside (borrowed-baseline),50000,15,48,202437040.000000,4217438.333333333023,11855537.899585966021,bytes/s,6.625048741127,7.073921263209
experiment-matrix-20260816-a,Owned tail / allocation outside (borrowed-baseline),50000,16,51,217380113.000000,4262355.156862745062,11730603.893834576011,bytes/s,6.629649634078,7.069320370258
experiment-matrix-20260816-a,Owned tail / allocation outside (borrowed-baseline),50000,17,54,230308407.000000,4264970.500000000000,11723410.513624889776,bytes/s,6.629916031581,7.069053972755
experiment-matrix-20260816-a,Owned tail / allocation outside (borrowed-baseline),50000,18,57,247848213.000000,4348214.263157894835,11498973.365605827421,bytes/s,6.638310936292,7.060659068044
experiment-matrix-20260816-a,Owned tail / allocation outside (borrowed-baseline),50000,19,60,255722549.000000,4262042.483333333395,11731464.478715172037,bytes/s,6.629617774375,7.069352229961
experiment-matrix-20260816-a,Owned tail / allocation outside (borrowed-baseline),64,0,11498,9214640.000000,801.412419551226,79859006.971514895558,bytes/s,2.903856068445,7.902323905539
experiment-matrix-20260816-a,Owned tail / allocation outside (borrowed-baseline),64,1,22996,18512460.000000,805.029570360063,79500185.280616402626,bytes/s,2.905811833173,7.900368140811
experiment-matrix-20260816-a,Owned tail / allocation outside (borrowed-baseline),64,2,34494,27095762.000000,785.521018148084,81474586.320916160941,bytes/s,2.895157809928,7.911022164056
experiment-matrix-20260816-a,Owned tail / allocation outside (borrowed-baseline),64,3,45992,35474574.000000,771.320534005914,82974583.429810881615,bytes/s,2.887234893254,7.918945080730
experiment-matrix-20260816-a,Owned tail / allocation outside (borrowed-baseline),64,4,57490,47429231.000000,824.999669507740,77575788.652360826731,bytes/s,2.916453774573,7.889726199411
experiment-matrix-20260816-a,Owned tail / allocation outside (borrowed-baseline),64,5,68988,53873665.000000,780.913564677915,81955292.998907715082,bytes/s,2.892602966706,7.913577007278
experiment-matrix-20260816-a,Owned tail / allocation outside (borrowed-baseline),64,6,80486,61834488.000000,768.263896826777,83304708.530941501260,bytes/s,2.885510424783,7.920669549200
experiment-matrix-20260816-a,Owned tail / allocation outside (borrowed-baseline),64,7,91984,70054332.000000,761.592581318490,84034432.017708778381,bytes/s,2.881722704930,7.924457269054
experiment-matrix-20260816-a,Owned tail / allocation outside (borrowed-baseline),64,8,103482,86558509.000000,836.459567847548,76512963.040987685323,bytes/s,2.922444953206,7.883735020778
experiment-matrix-20260816-a,Owned tail / allocation outside (borrowed-baseline),64,9,114980,95621293.000000,831.634136371543,76956917.953410223126,bytes/s,2.919932307660,7.886247666324
experiment-matrix-20260816-a,Owned tail / allocation outside (borrowed-baseline),64,10,126478,105476112.000000,833.948291402457,76743367.256464660168,bytes/s,2.921139123234,7.885040850750
experiment-matrix-20260816-a,Owned tail / allocation outside (borrowed-baseline),64,11,137976,114340578.000000,828.699034614716,77229485.406309559941,bytes/s,2.918396832917,7.887783141067
experiment-matrix-20260816-a,Owned tail / allocation outside (borrowed-baseline),64,12,149474,115152450.000000,770.384481582081,83075401.348386421800,bytes/s,2.886707525893,7.919472448091
experiment-matrix-20260816-a,Owned tail / allocation outside (borrowed-baseline),64,13,160972,124053990.000000,770.655704097607,83046164.012943074107,bytes/s,2.886860397238,7.919319576745
experiment-matrix-20260816-a,Owned tail / allocation outside (borrowed-baseline),64,14,172470,136742041.000000,792.845370209312,80721919.310828477144,bytes/s,2.899188494489,7.906991479495
experiment-matrix-20260816-a,Owned tail / allocation outside (borrowed-baseline),64,15,183968,145400429.000000,790.357176248043,80976047.188966676593,bytes/s,2.897823400933,7.908356573051
experiment-matrix-20260816-a,Owned tail / allocation outside (borrowed-baseline),64,16,195466,157770022.000000,807.148158759068,79291514.581901997328,bytes/s,2.906953260404,7.899226713579
experiment-matrix-20260816-a,Owned tail / allocation outside (borrowed-baseline),64,17,206964,163881491.000000,791.835734717149,80824844.338278576732,bytes/s,2.898635097113,7.907544876870
experiment-matrix-20260816-a,Owned tail / allocation outside (borrowed-baseline),64,18,218462,166103769.000000,760.332547536871,84173695.059261411428,bytes/s,2.881003581718,7.925176392266
experiment-matrix-20260816-a,Owned tail / allocation outside (borrowed-baseline),64,19,229960,175273825.000000,762.192663941555,83968270.790005296469,bytes/s,2.882064764398,7.924115209586
experiment-matrix-20260816-a,Owned tail / allocation outside (borrowed-baseline),8,0,55137,7730841.000000,140.211491376027,57056664.339623585343,bytes/s,2.146783608757,7.756306378235
experiment-matrix-20260816-a,Owned tail / allocation outside (borrowed-baseline),8,1,110274,14744070.000000,133.703955601502,59833682.287183932960,bytes/s,2.126144255957,7.776945731035
experiment-matrix-20260816-a,Owned tail / allocation outside (borrowed-baseline),8,2,165411,22193132.000000,134.169625961998,59626014.029926009476,bytes/s,2.127654209051,7.775435777941
experiment-matrix-20260816-a,Owned tail / allocation outside (borrowed-baseline),8,3,220548,30272002.000000,137.258111612892,58284351.328993700445,bytes/s,2.137538019604,7.765551967388
experiment-matrix-20260816-a,Owned tail / allocation outside (borrowed-baseline),8,4,275685,38743104.000000,140.533957233799,56925743.481988437474,bytes/s,2.147781275539,7.755308711453
experiment-matrix-20260816-a,Owned tail / allocation outside (borrowed-baseline),8,5,330822,55130161.000000,166.645993918180,48005954.490138351917,bytes/s,2.221794877912,7.681295109080
experiment-matrix-20260816-a,Owned tail / allocation outside (borrowed-baseline),8,6,385959,51461778.000000,133.334830901728,59999326.101791501045,bytes/s,2.124943614474,7.778146372518
experiment-matrix-20260816-a,Owned tail / allocation outside (borrowed-baseline),8,7,441096,58834466.000000,133.382451892559,59977904.787986002862,bytes/s,2.125098696541,7.777991290451
experiment-matrix-20260816-a,Owned tail / allocation outside (borrowed-baseline),8,8,496233,66960726.000000,134.938075460520,59286453.973034888506,bytes/s,2.130134511786,7.772955475206
experiment-matrix-20260816-a,Owned tail / allocation outside (borrowed-baseline),8,9,551370,77404297.000000,140.385398189963,56985983.607602559030,bytes/s,2.147321938169,7.755768048823
experiment-matrix-20260816-a,Owned tail / allocation outside (borrowed-baseline),8,10,606507,80642919.000000,132.962882538866,60167167.311986804008,bytes/s,2.123730421732,7.779359565260
experiment-matrix-20260816-a,Owned tail / allocation outside (borrowed-baseline),8,11,661644,89384360.000000,135.094340763311,59217876.594965830445,bytes/s,2.130637156374,7.772452830618
experiment-matrix-20260816-a,Owned tail / allocation outside (borrowed-baseline),8,12,716781,114051291.000000,159.115951734212,50277800.011926211417,bytes/s,2.201713720834,7.701376266158
experiment-matrix-20260816-a,Owned tail / allocation outside (borrowed-baseline),8,13,771918,125165681.000000,162.148934213220,49337357.897649273276,bytes/s,2.209914098449,7.693175888543
experiment-matrix-20260816-a,Owned tail / allocation outside (borrowed-baseline),8,14,827055,112466202.000000,135.983945444983,58830474.243275322020,bytes/s,2.133487637663,7.769602349329
experiment-matrix-20260816-a,Owned tail / allocation outside (borrowed-baseline),8,15,882192,120598810.000000,136.703586067432,58520776.448789164424,bytes/s,2.135779907317,7.767310079675
experiment-matrix-20260816-a,Owned tail / allocation outside (borrowed-baseline),8,16,937329,124919863.000000,133.272162709145,60027539.415409058332,bytes/s,2.124739445405,7.778350541587
experiment-matrix-20260816-a,Owned tail / allocation outside (borrowed-baseline),8,17,992466,131417338.000000,132.414952250253,60416137.785411544144,bytes/s,2.121937028254,7.781152958738
experiment-matrix-20260816-a,Owned tail / allocation outside (borrowed-baseline),8,18,1047603,137741977.000000,131.482992125834,60844371.356743335724,bytes/s,2.118869578654,7.784220408338
experiment-matrix-20260816-a,Owned tail / allocation outside (borrowed-baseline),8,19,1102740,146458373.000000,132.813149971888,60234999.333223506808,bytes/s,2.123241077122,7.779848909870
experiment-matrix-20260816-a,Owned tail / allocation outside (reused-buffer),16,0,38734,8770337.000000,226.424768936851,70663647.246394291520,bytes/s,2.354923933224,7.849196049432
experiment-matrix-20260816-a,Owned tail / allocation outside (reused-buffer),16,1,77468,16663324.000000,215.099447513812,74384198.494850128889,bytes/s,2.332639294897,7.871480687759
experiment-matrix-20260816-a,Owned tail / allocation outside (reused-buffer),16,2,116202,25081841.000000,215.846895922618,74126616.144325286150,bytes/s,2.334145807482,7.869974175174
experiment-matrix-20260816-a,Owned tail / allocation outside (reused-buffer),16,3,154936,34077413.000000,219.945093457944,72745428.181417405605,bytes/s,2.342314278166,7.861805704490
experiment-matrix-20260816-a,Owned tail / allocation outside (reused-buffer),16,4,193670,45691970.000000,235.926937574224,67817605.588027834892,bytes/s,2.372777530423,7.831342452233
experiment-matrix-20260816-a,Owned tail / allocation outside (reused-buffer),16,5,232404,50763010.000000,218.425715564276,73251448.249424129725,bytes/s,2.339303767138,7.864816215518
experiment-matrix-20260816-a,Owned tail / allocation outside (reused-buffer),16,6,271138,57966253.000000,213.788745952246,74840235.058836728334,bytes/s,2.329984839790,7.874135142866
experiment-matrix-20260816-a,Owned tail / allocation outside (reused-buffer),16,7,309872,64724612.000000,208.875316259617,76600721.839784845710,bytes/s,2.319887120470,7.884232862186
experiment-matrix-20260816-a,Owned tail / allocation outside (reused-buffer),16,8,348606,75243150.000000,215.840088810864,74128953.931354552507,bytes/s,2.334132111025,7.869987871631
experiment-matrix-20260816-a,Owned tail / allocation outside (reused-buffer),16,9,387340,81847707.000000,211.307138431352,75719164.618747353554,bytes/s,2.324914168746,7.879205813909
experiment-matrix-20260816-a,Owned tail / allocation outside (reused-buffer),16,10,426074,90515095.000000,212.439846130015,75315437.717874571681,bytes/s,2.327235978188,7.876884004468
experiment-matrix-20260816-a,Owned tail / allocation outside (reused-buffer),16,11,464808,97493261.000000,209.749533140566,76281457.033219963312,bytes/s,2.321701002851,7.882418979805
experiment-matrix-20260816-a,Owned tail / allocation outside (reused-buffer),16,12,503542,103426621.000000,205.398201143102,77897468.969811946154,bytes/s,2.312596635770,7.891523346886
experiment-matrix-20260816-a,Owned tail / allocation outside (reused-buffer),16,13,542276,110851507.000000,204.418980371619,78270618.368769675493,bytes/s,2.310521217725,7.893598764931
experiment-matrix-20260816-a,Owned tail / allocation outside (reused-buffer),16,14,581010,121661613.000000,209.396762534208,76409968.360357016325,bytes/s,2.320969962804,7.883150019852
experiment-matrix-20260816-a,Owned tail / allocation outside (reused-buffer),16,15,619744,128163529.000000,206.800758054939,77369155.463876143098,bytes/s,2.315552126387,7.888567856268
experiment-matrix-20260816-a,Owned tail / allocation outside (reused-buffer),16,16,658478,135902055.000000,206.388148123400,77523831.409319013357,bytes/s,2.314684754232,7.889435228424
experiment-matrix-20260816-a,Owned tail / allocation outside (reused-buffer),16,17,697212,142064226.000000,203.760443021635,78523582.706880763173,bytes/s,2.309119876212,7.895000106444
experiment-matrix-20260816-a,Owned tail / allocation outside (reused-buffer),16,18,735946,153392525.000000,208.429049142192,76764731.527823790908,bytes/s,2.318958247271,7.885161735385
experiment-matrix-20260816-a,Owned tail / allocation outside (reused-buffer),16,19,774680,169321878.000000,218.570090876233,73203062.394571363926,bytes/s,2.339590732837,7.864529249819
experiment-matrix-20260816-a,Owned tail / allocation outside (reused-buffer),200000,0,4,125989652.000000,31497413.000000000000,6349727.833203317598,bytes/s,7.498274885029,6.802755110635
experiment-matrix-20260816-a,Owned tail / allocation outside (reused-buffer),200000,1,4,127678961.000000,31919740.250000000000,6265715.147854312323,bytes/s,7.504059348579,6.796970647085
experiment-matrix-20260816-a,Owned tail / allocation outside (reused-buffer),200000,2,4,119736330.000000,29934082.500000000000,6681347.256926949136,bytes/s,7.476165951264,6.824864044400
experiment-matrix-20260816-a,Owned tail / allocation outside (reused-buffer),200000,3,4,117461076.000000,29365269.000000000000,6810766.827983084135,bytes/s,7.467833983544,6.833196012120
experiment-matrix-20260816-a,Owned tail / allocation outside (reused-buffer),200000,4,4,131825631.000000,32956407.750000000000,6068622.573101887479,bytes/s,7.517939867486,6.783090128178
experiment-matrix-20260816-a,Owned tail / allocation outside (reused-buffer),200000,5,4,128642400.000000,32160600.000000000000,6218789.450445576571,bytes/s,7.507324142510,6.793705853154
experiment-matrix-20260816-a,Owned tail / allocation outside (reused-buffer),200000,6,4,141245758.000000,35311439.500000000000,5663886.911209043115,bytes/s,7.547915422297,6.753114573367
experiment-matrix-20260816-a,Owned tail / allocation outside (reused-buffer),200000,7,4,139728946.000000,34932236.500000000000,5725370.604312724434,bytes/s,7.543226391779,6.757803603885
experiment-matrix-20260816-a,Owned tail / allocation outside (reused-buffer),200000,8,4,130344509.000000,32586127.250000000000,6137581.138918556273,bytes/s,7.513032749115,6.787997246549
experiment-matrix-20260816-a,Owned tail / allocation outside (reused-buffer),200000,9,4,118805720.000000,29701430.000000000000,6733682.519663195126,bytes/s,7.472777359289,6.828252636375
experiment-matrix-20260816-a,Owned tail / allocation outside (reused-buffer),200000,10,4,126384602.000000,31596150.500000000000,6329885.028241019696,bytes/s,7.499634173807,6.801395821857
experiment-matrix-20260816-a,Owned tail / allocation outside (reused-buffer),200000,11,4,121682188.000000,30420547.000000000000,6574503.739199693315,bytes/s,7.483167018953,6.817862976711
experiment-matrix-20260816-a,Owned tail / allocation outside (reused-buffer),200000,12,4,122298433.000000,30574608.250000000000,6541375.718199104071,bytes/s,7.485360901164,6.815669094500
experiment-matrix-20260816-a,Owned tail / allocation outside (reused-buffer),200000,13,4,121652574.000000,30413143.500000000000,6576104.176801059395,bytes/s,7.483061311106,6.817968684558
experiment-matrix-20260816-a,Owned tail / allocation outside (reused-buffer),200000,14,4,125384681.000000,31346170.250000000000,6380364.759232429788,bytes/s,7.496184488041,6.804845507623
experiment-matrix-20260816-a,Owned tail / allocation outside (reused-buffer),200000,15,4,130472761.000000,32618190.250000000000,6131548.024801896885,bytes/s,7.513459861479,6.787570134185
experiment-matrix-20260816-a,Owned tail / allocation outside (reused-buffer),200000,16,4,119642152.000000,29910538.000000000000,6686606.573241845705,bytes/s,7.475824224744,6.825205770920
experiment-matrix-20260816-a,Owned tail / allocation outside (reused-buffer),200000,17,4,120060455.000000,30015113.750000000000,6663309.746743838303,bytes/s,7.477339993566,6.823690002098
experiment-matrix-20260816-a,Owned tail / allocation outside (reused-buffer),200000,18,4,122797568.000000,30699392.000000000000,6514787.002947811037,bytes/s,7.487129774381,6.813900221283
experiment-matrix-20260816-a,Owned tail / allocation outside (reused-buffer),200000,19,4,122930670.000000,30732667.500000000000,6507733.180011139251,bytes/s,7.487600257303,6.813429738361
experiment-matrix-20260816-a,Owned tail / allocation outside (reused-buffer),256,0,2584,9602393.000000,3716.096362229102,68889494.524958521128,bytes/s,3.570086967174,7.838152998138
experiment-matrix-20260816-a,Owned tail / allocation outside (reused-buffer),256,1,5168,19984885.000000,3867.044311145511,66200430.975709892809,bytes/s,3.587379148534,7.820860816778
experiment-matrix-20260816-a,Owned tail / allocation outside (reused-buffer),256,2,7752,31839865.000000,4107.309726522188,62327902.458129145205,bytes/s,3.613557453632,7.794682511680
experiment-matrix-20260816-a,Owned tail / allocation outside (reused-buffer),256,3,10336,36420739.000000,3523.678308823529,72651353.944245889783,bytes/s,3.546996253009,7.861243712303
experiment-matrix-20260816-a,Owned tail / allocation outside (reused-buffer),256,4,12920,48242412.000000,3733.932817337461,68560419.408548653126,bytes/s,3.572166499654,7.836073465658
experiment-matrix-20260816-a,Owned tail / allocation outside (reused-buffer),256,5,15504,59262544.000000,3822.403508771930,66973567.655144877732,bytes/s,3.582336531066,7.825903434246
experiment-matrix-20260816-a,Owned tail / allocation outside (reused-buffer),256,6,18088,69384631.000000,3835.948197700133,66737084.758727043867,bytes/s,3.583872733638,7.824367231674
experiment-matrix-20260816-a,Owned tail / allocation outside (reused-buffer),256,7,20672,71880096.000000,3477.171826625387,73623051.365985929966,bytes/s,3.541226152148,7.867013813164
experiment-matrix-20260816-a,Owned tail / allocation outside (reused-buffer),256,8,23256,81378998.000000,3499.268919848641,73158138.417973637581,bytes/s,3.543977319424,7.864262645887
experiment-matrix-20260816-a,Owned tail / allocation outside (reused-buffer),256,9,25840,90630760.000000,3507.382352941177,72988905.753410875797,bytes/s,3.544983112537,7.863256852775
experiment-matrix-20260816-a,Owned tail / allocation outside (reused-buffer),256,10,28424,99421628.000000,3497.805657191106,73188743.197808027267,bytes/s,3.543795675825,7.864444289487
experiment-matrix-20260816-a,Owned tail / allocation outside (reused-buffer),256,11,31008,109316482.000000,3525.428341073271,72615289.613875418901,bytes/s,3.547211891501,7.861028073811
experiment-matrix-20260816-a,Owned tail / allocation outside (reused-buffer),256,12,33592,116940993.000000,3481.215557275542,73537531.873019069433,bytes/s,3.541730915682,7.866509049630
experiment-matrix-20260816-a,Owned tail / allocation outside (reused-buffer),256,13,36176,125364391.000000,3465.402227996462,73873098.462226018310,bytes/s,3.539753650279,7.868486315033
experiment-matrix-20260816-a,Owned tail / allocation outside (reused-buffer),256,14,38760,141852194.000000,3659.757327141383,69949993.159781515598,bytes/s,3.563452288952,7.844787676359
experiment-matrix-20260816-a,Owned tail / allocation outside (reused-buffer),256,15,41344,163993415.000000,3966.558992840557,64539567.030785955489,bytes/s,3.598413917736,7.809826047576
experiment-matrix-20260816-a,Owned tail / allocation outside (reused-buffer),256,16,43928,160186345.000000,3646.565857767256,70203037.593497738242,bytes/s,3.561884061422,7.846355903890
experiment-matrix-20260816-a,Owned tail / allocation outside (reused-buffer),256,17,46512,160264697.000000,3445.663420192639,74296287.472468122840,bytes/s,3.537272852366,7.870967112946
experiment-matrix-20260816-a,Owned tail / allocation outside (reused-buffer),256,18,49096,178396606.000000,3633.628116343490,70452999.537446364760,bytes/s,3.560340477379,7.847899487933
experiment-matrix-20260816-a,Owned tail / allocation outside (reused-buffer),256,19,51680,177069604.000000,3426.269427244582,74716832.822419375181,bytes/s,3.534821511042,7.873418454270
experiment-matrix-20260816-a,Owned tail / allocation outside (reused-buffer),4096,0,59,9391773.000000,159182.593220338982,25731456.669576659799,bytes/s,5.201895575451,7.410464372516
experiment-matrix-20260816-a,Owned tail / allocation outside (reused-buffer),4096,1,118,18882576.000000,160021.830508474581,25596507.595150154084,bytes/s,5.204179234047,7.408180713920
experiment-matrix-20260816-a,Owned tail / allocation outside (reused-buffer),4096,2,177,27707692.000000,156540.632768361596,26165730.440485622734,bytes/s,5.194627084992,7.417732862976
experiment-matrix-20260816-a,Owned tail / allocation outside (reused-buffer),4096,3,236,36710338.000000,155552.279661016946,26331983.105140574276,bytes/s,5.191876380195,7.420483567773
experiment-matrix-20260816-a,Owned tail / allocation outside (reused-buffer),4096,4,295,47471886.000000,160921.647457627114,25453380.975847475231,bytes/s,5.206614470072,7.405745477896
experiment-matrix-20260816-a,Owned tail / allocation outside (reused-buffer),4096,5,354,58645190.000000,165664.378531073453,24724687.566022038460,bytes/s,5.219229135634,7.393130812334
experiment-matrix-20260816-a,Owned tail / allocation outside (reused-buffer),4096,6,413,66029019.000000,159876.559322033892,25619765.757840503007,bytes/s,5.203784793306,7.408575154662
experiment-matrix-20260816-a,Owned tail / allocation outside (reused-buffer),4096,7,472,75087044.000000,159082.720338983054,25747610.999309014529,bytes/s,5.201623008880,7.410736939088
experiment-matrix-20260816-a,Owned tail / allocation outside (reused-buffer),4096,8,531,83579531.000000,157400.246704331454,26022830.877095971256,bytes/s,5.197005408723,7.415354539244
experiment-matrix-20260816-a,Owned tail / allocation outside (reused-buffer),4096,9,590,93693832.000000,158803.105084745766,25792946.541027374566,bytes/s,5.200858989955,7.411500958013
experiment-matrix-20260816-a,Owned tail / allocation outside (reused-buffer),4096,10,649,108011615.000000,166427.758089368261,24611279.074014399201,bytes/s,5.221225762938,7.391134185030
experiment-matrix-20260816-a,Owned tail / allocation outside (reused-buffer),4096,11,708,110651801.000000,156287.854519774002,26208050.603713177145,bytes/s,5.193925229331,7.418434718637
experiment-matrix-20260816-a,Owned tail / allocation outside (reused-buffer),4096,12,767,123074770.000000,160462.542372881348,25526206.549075819552,bytes/s,5.205373668895,7.406986279073
experiment-matrix-20260816-a,Owned tail / allocation outside (reused-buffer),4096,13,826,127793295.000000,154713.432203389821,26474753.624593529850,bytes/s,5.189528020736,7.422831927232
experiment-matrix-20260816-a,Owned tail / allocation outside (reused-buffer),4096,14,885,137580094.000000,155457.733333333337,26347997.697980929166,bytes/s,5.191612331143,7.420747616825
experiment-matrix-20260816-a,Owned tail / allocation outside (reused-buffer),4096,15,944,146682481.000000,155383.984110169491,26360503.133295107633,bytes/s,5.191406252747,7.420953695221
experiment-matrix-20260816-a,Owned tail / allocation outside (reused-buffer),4096,16,1003,156527734.000000,156059.555333997996,26246390.304225578904,bytes/s,5.193290365131,7.419069582837
experiment-matrix-20260816-a,Owned tail / allocation outside (reused-buffer),4096,17,1062,167975658.000000,158169.169491525419,25896323.620890356600,bytes/s,5.199121834253,7.413238113715
experiment-matrix-20260816-a,Owned tail / allocation outside (reused-buffer),4096,18,1121,178545752.000000,159273.641391614627,25716747.380245707929,bytes/s,5.202143909226,7.410216038741
experiment-matrix-20260816-a,Owned tail / allocation outside (reused-buffer),4096,19,1180,183990047.000000,155923.768644067808,26269247.053347401321,bytes/s,5.192912323041,7.419447624927
experiment-matrix-20260816-a,Owned tail / allocation outside (reused-buffer),50000,0,3,12948065.000000,4316021.666666666977,11584742.585088968277,bytes/s,6.635083616199,7.063886388137
experiment-matrix-20260816-a,Owned tail / allocation outside (reused-buffer),50000,1,6,26227660.000000,4371276.666666666977,11438305.971634525806,bytes/s,6.640608294708,7.058361709628
experiment-matrix-20260816-a,Owned tail / allocation outside (reused-buffer),50000,2,9,39276716.000000,4364079.555555555969,11457169.688015667722,bytes/s,6.639892659016,7.059077345320
experiment-matrix-20260816-a,Owned tail / allocation outside (reused-buffer),50000,3,12,52120508.000000,4343375.666666666977,11511783.423139313236,bytes/s,6.637827393927,7.061142610409
experiment-matrix-20260816-a,Owned tail / allocation outside (reused-buffer),50000,4,15,65641403.000000,4376093.533333333209,11425715.565525008366,bytes/s,6.641086595907,7.057883408429
experiment-matrix-20260816-a,Owned tail / allocation outside (reused-buffer),50000,5,18,80008130.000000,4444896.111111111008,11248856.834924150258,bytes/s,6.647861614823,7.051108389513
experiment-matrix-20260816-a,Owned tail / allocation outside (reused-buffer),50000,6,21,92697156.000000,4414150.285714285448,11327208.355777388439,bytes/s,6.644847115220,7.054122889116
experiment-matrix-20260816-a,Owned tail / allocation outside (reused-buffer),50000,7,24,108255285.000000,4510636.875000000000,11084909.157091036439,bytes/s,6.654237865996,7.044732138340
experiment-matrix-20260816-a,Owned tail / allocation outside (reused-buffer),50000,8,27,119020824.000000,4408178.666666666977,11342552.963672978804,bytes/s,6.644259188470,7.054710815866
experiment-matrix-20260816-a,Owned tail / allocation outside (reused-buffer),50000,9,30,133481314.000000,4449377.133333333768,11237527.973391091451,bytes/s,6.648299218511,7.050670785825
experiment-matrix-20260816-a,Owned tail / allocation outside (reused-buffer),50000,10,33,144498806.000000,4378751.696969697252,11418779.474205480888,bytes/s,6.641350318635,7.057619685701
experiment-matrix-20260816-a,Owned tail / allocation outside (reused-buffer),50000,11,36,157803943.000000,4383442.861111111008,11406559.087056525052,bytes/s,6.641815349828,7.057154654508
experiment-matrix-20260816-a,Owned tail / allocation outside (reused-buffer),50000,12,39,166148620.000000,4260221.025641025975,11736480.266883948818,bytes/s,6.629432131433,7.069537872903
experiment-matrix-20260816-a,Owned tail / allocation outside (reused-buffer),50000,13,42,183807441.000000,4376367.642857142724,11424999.926961608231,bytes/s,6.641113798371,7.057856205966
experiment-matrix-20260816-a,Owned tail / allocation outside (reused-buffer),50000,14,45,187660918.000000,4170242.622222222388,11989710.079111943021,bytes/s,6.620161322702,7.078808681634
experiment-matrix-20260816-a,Owned tail / allocation outside (reused-buffer),50000,15,48,208430623.000000,4342304.645833333023,11514622.781701324508,bytes/s,6.637720289262,7.061249715074
experiment-matrix-20260816-a,Owned tail / allocation outside (reused-buffer),50000,16,51,227279324.000000,4456457.333333333023,11219674.342220412567,bytes/s,6.648989752891,7.049980251445
experiment-matrix-20260816-a,Owned tail / allocation outside (reused-buffer),50000,17,54,232940433.000000,4313711.722222222015,11590946.085345346481,bytes/s,6.634851118599,7.064118885737
experiment-matrix-20260816-a,Owned tail / allocation outside (reused-buffer),50000,18,57,249941991.000000,4384947.210526315495,11402645.824326494709,bytes/s,6.641964369352,7.057005634984
experiment-matrix-20260816-a,Owned tail / allocation outside (reused-buffer),50000,19,60,264996273.000000,4416604.549999999814,11320913.936023546383,bytes/s,6.645088515527,7.053881488809
experiment-matrix-20260816-a,Owned tail / allocation outside (reused-buffer),64,0,11882,9392944.000000,790.518767884195,80959494.701554700732,bytes/s,2.897912185074,7.908267788910
experiment-matrix-20260816-a,Owned tail / allocation outside (reused-buffer),64,1,23764,18262060.000000,768.475845817203,83281732.728947326541,bytes/s,2.885630221617,7.920549752367
experiment-matrix-20260816-a,Owned tail / allocation outside (reused-buffer),64,2,35646,28526918.000000,800.283846714919,79971625.396055757999,bytes/s,2.903244050989,7.902935922994
experiment-matrix-20260816-a,Owned tail / allocation outside (reused-buffer),64,3,47528,39570053.000000,832.562973405151,76871062.063020244241,bytes/s,2.920417092590,7.885762881393
experiment-matrix-20260816-a,Owned tail / allocation outside (reused-buffer),64,4,59410,48007996.000000,808.079380575661,79200139.910026654601,bytes/s,2.907454025196,7.898725948788
experiment-matrix-20260816-a,Owned tail / allocation outside (reused-buffer),64,5,71292,53960915.000000,756.900002805364,84555423.124311357737,bytes/s,2.879038506847,7.927141467137
experiment-matrix-20260816-a,Owned tail / allocation outside (reused-buffer),64,6,83174,62756384.000000,754.519248803713,84822223.026744186878,bytes/s,2.877670323691,7.928509650293
experiment-matrix-20260816-a,Owned tail / allocation outside (reused-buffer),64,7,95056,72636214.000000,764.141285137182,83754145.005410104990,bytes/s,2.883173664443,7.923006309541
experiment-matrix-20260816-a,Owned tail / allocation outside (reused-buffer),64,8,106938,81943734.000000,766.273298546821,83521114.622382238507,bytes/s,2.884383692455,7.921796281529
experiment-matrix-20260816-a,Owned tail / allocation outside (reused-buffer),64,9,118820,90041216.000000,757.795118666891,84455545.336038112640,bytes/s,2.879551803442,7.926628170541
experiment-matrix-20260816-a,Owned tail / allocation outside (reused-buffer),64,10,130702,98695083.000000,755.115323407446,84755265.872768953443,bytes/s,2.878013283410,7.928166690574
experiment-matrix-20260816-a,Owned tail / allocation outside (reused-buffer),64,11,142584,108337986.000000,759.818675307187,84230622.489142447710,bytes/s,2.880709963716,7.925470010268
experiment-matrix-20260816-a,Owned tail / allocation outside (reused-buffer),64,12,154466,117095686.000000,758.067704219699,84425176.859205558896,bytes/s,2.879707994888,7.926471979096
experiment-matrix-20260816-a,Owned tail / allocation outside (reused-buffer),64,13,166348,125620720.000000,755.168201601462,84749331.161292508245,bytes/s,2.878043694532,7.928136279452
experiment-matrix-20260816-a,Owned tail / allocation outside (reused-buffer),64,14,178230,134430651.000000,754.253778825114,84852077.373336538672,bytes/s,2.877517494676,7.928662479308
experiment-matrix-20260816-a,Owned tail / allocation outside (reused-buffer),64,15,190112,145318399.000000,764.383095228076,83727649.655705332756,bytes/s,2.883311073817,7.922868900167
experiment-matrix-20260816-a,Owned tail / allocation outside (reused-buffer),64,16,201994,155768738.000000,771.155271938771,82992365.258810788393,bytes/s,2.887141831951,7.919038142033
experiment-matrix-20260816-a,Owned tail / allocation outside (reused-buffer),64,17,213876,168852934.000000,789.489863285268,81065005.361411124468,bytes/s,2.897346558223,7.908833415761
experiment-matrix-20260816-a,Owned tail / allocation outside (reused-buffer),64,18,225758,174328254.000000,772.190814943435,82881068.722227886319,bytes/s,2.887724631472,7.918455342512
experiment-matrix-20260816-a,Owned tail / allocation outside (reused-buffer),64,19,237640,184107638.000000,774.733369803064,82609065.898721694946,bytes/s,2.889152262575,7.917027711409
experiment-matrix-20260816-a,Owned tail / allocation outside (reused-buffer),8,0,49602,7179746.000000,144.747106971493,55268807.559487484396,bytes/s,2.160609892338,7.742480094654
experiment-matrix-20260816-a,Owned tail / allocation outside (reused-buffer),8,1,99204,14344764.000000,144.598645215919,55325552.933460600674,bytes/s,2.160164223954,7.742925763038
experiment-matrix-20260816-a,Owned tail / allocation outside (reused-buffer),8,2,148806,21639278.000000,145.419391691195,55013295.730107076466,bytes/s,2.162622323600,7.740467663392
experiment-matrix-20260816-a,Owned tail / allocation outside (reused-buffer),8,3,198408,28802060.000000,145.165819926616,55109391.481026016176,bytes/s,2.161864371428,7.741225615564
experiment-matrix-20260816-a,Owned tail / allocation outside (reused-buffer),8,4,248010,35762809.000000,144.199060521753,55478863.531105734408,bytes/s,2.158962430900,7.744127556092
experiment-matrix-20260816-a,Owned tail / allocation outside (reused-buffer),8,5,297612,42754969.000000,143.660097711114,55687000.965899430215,bytes/s,2.157336157485,7.745753829507
experiment-matrix-20260816-a,Owned tail / allocation outside (reused-buffer),8,6,347214,50281818.000000,144.815065060741,55242871.289976030588,bytes/s,2.160813743715,7.742276243277
experiment-matrix-20260816-a,Owned tail / allocation outside (reused-buffer),8,7,396816,58526422.000000,147.490076005000,54240937.537579186261,bytes/s,2.168762799424,7.734327187568
experiment-matrix-20260816-a,Owned tail / allocation outside (reused-buffer),8,8,446418,65992629.000000,147.826989503111,54117316.647591054440,bytes/s,2.169753732585,7.733336254407
experiment-matrix-20260816-a,Owned tail / allocation outside (reused-buffer),8,9,496020,72978998.000000,147.129143986130,54373999.489551767707,bytes/s,2.167698708205,7.735391278787
experiment-matrix-20260816-a,Owned tail / allocation outside (reused-buffer),8,10,545622,88331262.000000,161.890946479431,49415981.399654403329,bytes/s,2.209222562132,7.693867424860
experiment-matrix-20260816-a,Owned tail / allocation outside (reused-buffer),8,11,595224,89797495.000000,150.863364044461,53028116.207473270595,bytes/s,2.178583787654,7.724506199337
experiment-matrix-20260816-a,Owned tail / allocation outside (reused-buffer),8,12,644826,93242403.000000,144.600873724074,55324700.286842674017,bytes/s,2.160170917111,7.742919069881
experiment-matrix-20260816-a,Owned tail / allocation outside (reused-buffer),8,13,694428,102171487.000000,147.130425328472,54373525.952499844134,bytes/s,2.167702490443,7.735387496549
experiment-matrix-20260816-a,Owned tail / allocation outside (reused-buffer),8,14,744030,107522671.000000,144.513891912961,55357999.802664868534,bytes/s,2.159909597204,7.743180389788
experiment-matrix-20260816-a,Owned tail / allocation outside (reused-buffer),8,15,793632,114106912.000000,143.778113785734,55641291.914025336504,bytes/s,2.157692781836,7.745397205156
experiment-matrix-20260816-a,Owned tail / allocation outside (reused-buffer),8,16,843234,120052971.000000,142.372071097702,56190795.977885462344,bytes/s,2.153424802800,7.749665184192
experiment-matrix-20260816-a,Owned tail / allocation outside (reused-buffer),8,17,892836,128353864.000000,143.759731910452,55648406.502199262381,bytes/s,2.157637254210,7.745452732782
experiment-matrix-20260816-a,Owned tail / allocation outside (reused-buffer),8,18,942438,133561493.000000,141.719129534251,56449683.442816860974,bytes/s,2.151428476150,7.751661510842
experiment-matrix-20260816-a,Owned tail / allocation outside (reused-buffer),8,19,992040,142565198.000000,143.709122616024,55668003.912146925926,bytes/s,2.157484337905,7.745605649087
experiment-matrix-20260816-a,Tail probability / model-shaped flat (batch-balanced),100000,0,87,12703787.000000,146020.540229885053,684835159.783456683159,bytes/s,5.164413950860,8.835586049140
experiment-matrix-20260816-a,Tail probability / model-shaped flat (batch-balanced),100000,1,174,25881092.000000,148741.908045977005,672305480.773376941681,bytes/s,5.172433348272,8.827566651728
experiment-matrix-20260816-a,Tail probability / model-shaped flat (batch-balanced),100000,2,261,30440939.000000,116631.950191570882,857397992.880574345589,bytes/s,5.066817537483,8.933182462517
experiment-matrix-20260816-a,Tail probability / model-shaped flat (batch-balanced),100000,3,348,40486364.000000,116340.126436781604,859548661.865511059761,bytes/s,5.065729531448,8.934270468552
experiment-matrix-20260816-a,Tail probability / model-shaped flat (batch-balanced),100000,4,435,48536410.000000,111577.954022988502,896234393.932307720184,bytes/s,5.047578393598,8.952421606402
experiment-matrix-20260816-a,Tail probability / model-shaped flat (batch-balanced),100000,5,522,58769902.000000,112586.019157088129,888209750.630518317223,bytes/s,5.051484463518,8.948515536482
experiment-matrix-20260816-a,Tail probability / model-shaped flat (batch-balanced),100000,6,609,66143482.000000,108609.986863711005,920725643.079993844032,bytes/s,5.035869761168,8.964130238832
experiment-matrix-20260816-a,Tail probability / model-shaped flat (batch-balanced),100000,7,696,74435039.000000,106946.895114942527,935043508.205859899521,bytes/s,5.029168180642,8.970831819358
experiment-matrix-20260816-a,Tail probability / model-shaped flat (batch-balanced),100000,8,783,81743997.000000,104398.463601532567,957868502.564170002937,bytes/s,5.018694107342,8.981305892658
experiment-matrix-20260816-a,Tail probability / model-shaped flat (batch-balanced),100000,9,870,91218096.000000,104848.386206896554,953758122.730384588242,bytes/s,5.020561750330,8.979438249670
experiment-matrix-20260816-a,Tail probability / model-shaped flat (batch-balanced),100000,10,957,101507742.000000,106068.695924764892,942785231.100894689560,bytes/s,5.025587229395,8.974412770605
experiment-matrix-20260816-a,Tail probability / model-shaped flat (batch-balanced),100000,11,1044,111758903.000000,107048.757662835254,934153764.913028836250,bytes/s,5.029581631525,8.970418368475
experiment-matrix-20260816-a,Tail probability / model-shaped flat (batch-balanced),100000,12,1131,122296289.000000,108131.113174182145,924803204.780808925629,bytes/s,5.033950673932,8.966049326068
experiment-matrix-20260816-a,Tail probability / model-shaped flat (batch-balanced),100000,13,1218,131366448.000000,107854.226600985217,927177387.029601335526,bytes/s,5.032837168943,8.967162831057
experiment-matrix-20260816-a,Tail probability / model-shaped flat (batch-balanced),100000,14,1305,147633298.000000,113128.963984674323,883946926.390549182892,bytes/s,5.053573809950,8.946426190050
experiment-matrix-20260816-a,Tail probability / model-shaped flat (batch-balanced),100000,15,1392,151164086.000000,108594.889367816097,920853647.737465858459,bytes/s,5.035809387209,8.964190612791
experiment-matrix-20260816-a,Tail probability / model-shaped flat (batch-balanced),100000,16,1479,158617167.000000,107246.225152129817,932433751.007543802261,bytes/s,5.030382014848,8.969617985152
experiment-matrix-20260816-a,Tail probability / model-shaped flat (batch-balanced),100000,17,1566,166324113.000000,106209.522988505749,941535157.923854351044,bytes/s,5.026163458327,8.973836541673
experiment-matrix-20260816-a,Tail probability / model-shaped flat (batch-balanced),100000,18,1653,175947486.000000,106441.310344827580,939484864.250916361809,bytes/s,5.027110212291,8.972889787709
experiment-matrix-20260816-a,Tail probability / model-shaped flat (batch-balanced),100000,19,1740,188488421.000000,108326.678735632187,923133628.457739591599,bytes/s,5.034735428008,8.965264571992
experiment-matrix-20260816-a,Tail probability / model-shaped flat (batch-balanced),200000,0,46,9319491.000000,202597.630434782623,987178377.016512989998,bytes/s,5.306634361581,8.994395634083
experiment-matrix-20260816-a,Tail probability / model-shaped flat (batch-balanced),200000,1,92,18577924.000000,201933.956521739135,990422826.576317071915,bytes/s,5.305209354555,8.995820641108
experiment-matrix-20260816-a,Tail probability / model-shaped flat (batch-balanced),200000,2,138,30970612.000000,224424.724637681153,891167407.347326636314,bytes/s,5.351070700990,8.949959294674
experiment-matrix-20260816-a,Tail probability / model-shaped flat (batch-balanced),200000,3,184,51476917.000000,279765.853260869568,714883527.309920310974,bytes/s,5.446794705705,8.854235289959
experiment-matrix-20260816-a,Tail probability / model-shaped flat (batch-balanced),200000,4,230,50024151.000000,217496.308695652173,919555836.140027642250,bytes/s,5.337451890593,8.963578105071
experiment-matrix-20260816-a,Tail probability / model-shaped flat (batch-balanced),200000,5,276,57907086.000000,209808.282608695648,953251213.504336953163,bytes/s,5.321822628854,8.979207366810
experiment-matrix-20260816-a,Tail probability / model-shaped flat (batch-balanced),200000,6,322,67365174.000000,209208.614906832285,955983576.914682984352,bytes/s,5.320579564179,8.980450431485
experiment-matrix-20260816-a,Tail probability / model-shaped flat (batch-balanced),200000,7,368,78211897.000000,212532.328804347839,941033305.968783736229,bytes/s,5.327425000991,8.973604994673
experiment-matrix-20260816-a,Tail probability / model-shaped flat (batch-balanced),200000,8,414,85376797.000000,206224.147342995158,969818532.780048012733,bytes/s,5.314339516640,8.986690479024
experiment-matrix-20260816-a,Tail probability / model-shaped flat (batch-balanced),200000,9,460,93088291.000000,202365.850000000006,988309045.226751446724,bytes/s,5.306137225520,8.994892770144
experiment-matrix-20260816-a,Tail probability / model-shaped flat (batch-balanced),200000,10,506,102084952.000000,201748.916996047425,991331219.903987407684,bytes/s,5.304811212074,8.996218783590
experiment-matrix-20260816-a,Tail probability / model-shaped flat (batch-balanced),200000,11,552,111302304.000000,201634.608695652161,991893213.639135479927,bytes/s,5.304565076759,8.996464918905
experiment-matrix-20260816-a,Tail probability / model-shaped flat (batch-balanced),200000,12,598,121183130.000000,202647.374581939803,986936052.897791981697,bytes/s,5.306740981569,8.994289014095
experiment-matrix-20260816-a,Tail probability / model-shaped flat (batch-balanced),200000,13,644,130705077.000000,202958.194099378888,985424613.613134503365,bytes/s,5.307406589924,8.993623405740
experiment-matrix-20260816-a,Tail probability / model-shaped flat (batch-balanced),200000,14,690,139666738.000000,202415.562318840588,988066321.130804896355,bytes/s,5.306243899321,8.994786096343
experiment-matrix-20260816-a,Tail probability / model-shaped flat (batch-balanced),200000,15,736,149884843.000000,203647.884510869568,982087294.844082355499,bytes/s,5.308879903005,8.992150092659
experiment-matrix-20260816-a,Tail probability / model-shaped flat (batch-balanced),200000,16,782,161293518.000000,206257.695652173919,969660789.468303322792,bytes/s,5.314410161425,8.986619834239
experiment-matrix-20260816-a,Tail probability / model-shaped flat (batch-balanced),200000,17,828,172222190.000000,207997.814009661844,961548566.999409317970,bytes/s,5.318058770691,8.982971224973
experiment-matrix-20260816-a,Tail probability / model-shaped flat (batch-balanced),200000,18,874,177237738.000000,202789.173913043487,986245942.723552465439,bytes/s,5.307044766069,8.993985229595
experiment-matrix-20260816-a,Tail probability / model-shaped flat (batch-balanced),200000,19,920,186146931.000000,202333.620652173908,988466471.144775390625,bytes/s,5.306068053065,8.994961942599
experiment-matrix-20260816-a,Tail probability / model-shaped flat (batch-balanced),4096,0,1030,9630111.000000,9349.622330097087,438092561.965277493000,bytes/s,3.970794068277,8.641565879691
experiment-matrix-20260816-a,Tail probability / model-shaped flat (batch-balanced),4096,1,2060,20076623.000000,9745.933495145631,420277852.505374014378,bytes/s,3.988823443492,8.623536504476
experiment-matrix-20260816-a,Tail probability / model-shaped flat (batch-balanced),4096,2,3090,28218268.000000,9132.125566343042,448526465.196233868599,bytes/s,3.960571874390,8.651788073578
experiment-matrix-20260816-a,Tail probability / model-shaped flat (batch-balanced),4096,3,4120,37734296.000000,9158.809708737865,447219685.773387670517,bytes/s,3.961839035839,8.650520912129
experiment-matrix-20260816-a,Tail probability / model-shaped flat (batch-balanced),4096,4,5150,46269819.000000,8984.430873786408,455899773.457077920437,bytes/s,3.953490571573,8.658869376395
experiment-matrix-20260816-a,Tail probability / model-shaped flat (batch-balanced),4096,5,6180,56074793.000000,9073.591100323625,451419945.500289201736,bytes/s,3.957779203972,8.654580743996
experiment-matrix-20260816-a,Tail probability / model-shaped flat (batch-balanced),4096,6,7210,66425517.000000,9212.970457697642,444590593.099937796593,bytes/s,3.964399678557,8.647960269411
experiment-matrix-20260816-a,Tail probability / model-shaped flat (batch-balanced),4096,7,8240,72839065.000000,8839.692354368932,463364542.090154528618,bytes/s,3.946437150632,8.665922797335
experiment-matrix-20260816-a,Tail probability / model-shaped flat (batch-balanced),4096,8,9270,81122667.000000,8751.096763754045,468055617.550147831440,bytes/s,3.942062486005,8.670297461963
experiment-matrix-20260816-a,Tail probability / model-shaped flat (batch-balanced),4096,9,10300,91174180.000000,8851.862135922331,462727495.876573801041,bytes/s,3.947034641352,8.665325306616
experiment-matrix-20260816-a,Tail probability / model-shaped flat (batch-balanced),4096,10,11330,98602958.000000,8702.820653133274,470652006.200463056564,bytes/s,3.939660033717,8.672699914251
experiment-matrix-20260816-a,Tail probability / model-shaped flat (batch-balanced),4096,11,12360,107140156.000000,8668.297411003236,472526472.707394659519,bytes/s,3.937933803633,8.674426144335
experiment-matrix-20260816-a,Tail probability / model-shaped flat (batch-balanced),4096,12,13390,115890571.000000,8655.009036594474,473251961.110796451569,bytes/s,3.937267525653,8.675092422314
experiment-matrix-20260816-a,Tail probability / model-shaped flat (batch-balanced),4096,13,14420,125061692.000000,8672.794174757282,472281472.091389894485,bytes/s,3.938159039711,8.674200908257
experiment-matrix-20260816-a,Tail probability / model-shaped flat (batch-balanced),4096,14,15450,134620333.000000,8713.290161812298,470086491.317771434784,bytes/s,3.940182176742,8.672177771226
experiment-matrix-20260816-a,Tail probability / model-shaped flat (batch-balanced),4096,15,16480,142966319.000000,8675.140716019418,472153724.542631626129,bytes/s,3.938276528039,8.674083419929
experiment-matrix-20260816-a,Tail probability / model-shaped flat (batch-balanced),4096,16,17510,151980924.000000,8679.664420331239,471907645.462137103081,bytes/s,3.938502934483,8.673857013484
experiment-matrix-20260816-a,Tail probability / model-shaped flat (batch-balanced),4096,17,18540,161411368.000000,8706.114778856527,470473925.975275754929,bytes/s,3.939824388470,8.672535559498
experiment-matrix-20260816-a,Tail probability / model-shaped flat (batch-balanced),4096,18,19570,170110643.000000,8692.419161982627,471215196.100340366364,bytes/s,3.939140660509,8.673219287458
experiment-matrix-20260816-a,Tail probability / model-shaped flat (batch-balanced),4096,19,20600,179778197.000000,8727.096941747574,469342786.878655791283,bytes/s,3.940869800194,8.671490147774
experiment-matrix-20260816-a,Tail probability / model-shaped flat (batch-balanced),50000,0,168,9222323.000000,54894.779761904763,910833420.169733762741,bytes/s,4.739531047029,8.959438957307
experiment-matrix-20260816-a,Tail probability / model-shaped flat (batch-balanced),50000,1,336,18484049.000000,55012.050595238092,908891769.330410242081,bytes/s,4.740457833744,8.958512170592
experiment-matrix-20260816-a,Tail probability / model-shaped flat (batch-balanced),50000,2,504,27323742.000000,54213.773809523809,922274848.005811214447,bytes/s,4.734109639481,8.964860364855
experiment-matrix-20260816-a,Tail probability / model-shaped flat (batch-balanced),50000,3,672,36620608.000000,54494.952380952382,917516170.130217432976,bytes/s,4.736356277421,8.962613726915
experiment-matrix-20260816-a,Tail probability / model-shaped flat (batch-balanced),50000,4,840,46047346.000000,54818.269047619047,912104684.600063562393,bytes/s,4.738925318053,8.960044686284
experiment-matrix-20260816-a,Tail probability / model-shaped flat (batch-balanced),50000,5,1008,54946841.000000,54510.754960317463,917250183.682079195976,bytes/s,4.736482196939,8.962487807397
experiment-matrix-20260816-a,Tail probability / model-shaped flat (batch-balanced),50000,6,1176,63651702.000000,54125.596938775510,923777340.627906560898,bytes/s,4.733402699122,8.965567305214
experiment-matrix-20260816-a,Tail probability / model-shaped flat (batch-balanced),50000,7,1344,72635240.000000,54044.077380952382,925170757.334869384766,bytes/s,4.732748107138,8.966221897198
experiment-matrix-20260816-a,Tail probability / model-shaped flat (batch-balanced),50000,8,1512,81736215.000000,54058.343253968254,924926606.890226125717,bytes/s,4.732862731583,8.966107272753
experiment-matrix-20260816-a,Tail probability / model-shaped flat (batch-balanced),50000,9,1680,90773965.000000,54032.122023809527,925375464.209368824959,bytes/s,4.732652024084,8.966317980252
experiment-matrix-20260816-a,Tail probability / model-shaped flat (batch-balanced),50000,10,1848,99842314.000000,54027.226190476191,925459319.782992959023,bytes/s,4.732612671017,8.966357333319
experiment-matrix-20260816-a,Tail probability / model-shaped flat (batch-balanced),50000,11,2016,109329692.000000,54230.998015873018,921981926.007803916931,bytes/s,4.734247596853,8.964722407483
experiment-matrix-20260816-a,Tail probability / model-shaped flat (batch-balanced),50000,12,2184,118261252.000000,54148.924908424910,923379366.895253181458,bytes/s,4.733589838413,8.965380165923
experiment-matrix-20260816-a,Tail probability / model-shaped flat (batch-balanced),50000,13,2352,127483430.000000,54202.138605442175,922472826.468506574631,bytes/s,4.734016422446,8.964953581890
experiment-matrix-20260816-a,Tail probability / model-shaped flat (batch-balanced),50000,14,2520,142190618.000000,56424.848412698411,886134414.297292113304,bytes/s,4.751470401004,8.947499603332
experiment-matrix-20260816-a,Tail probability / model-shaped flat (batch-balanced),50000,15,2688,149988468.000000,55799.281250000000,896068889.776245951653,bytes/s,4.746628604831,8.952341399505
experiment-matrix-20260816-a,Tail probability / model-shaped flat (batch-balanced),50000,16,2856,157383567.000000,55106.290966386558,907337422.337110877037,bytes/s,4.741201180994,8.957768823342
experiment-matrix-20260816-a,Tail probability / model-shaped flat (batch-balanced),50000,17,3024,164713766.000000,54468.837962962964,917956062.033090829849,bytes/s,4.736148110143,8.962821894193
experiment-matrix-20260816-a,Tail probability / model-shaped flat (batch-balanced),50000,18,3192,174574969.000000,54691.406328320802,914220411.518446326256,bytes/s,4.737919090915,8.961050913421
experiment-matrix-20260816-a,Tail probability / model-shaped flat (batch-balanced),50000,19,3360,185043825.000000,55072.566964285717,907893035.609267115593,bytes/s,4.740935319671,8.958034684665
experiment-matrix-20260816-a,Tail probability / model-shaped flat (online-balanced),100000,0,89,9380857.000000,105402.887640449437,948740610.799205303192,bytes/s,5.022852509066,8.977147490934
experiment-matrix-20260816-a,Tail probability / model-shaped flat (online-balanced),100000,1,178,18711204.000000,105119.123595505618,951301690.687568783760,bytes/s,5.021681731409,8.978318268591
experiment-matrix-20260816-a,Tail probability / model-shaped flat (online-balanced),100000,2,267,27580886.000000,103299.198501872655,968061722.165125608444,bytes/s,5.014096951843,8.985903048157
experiment-matrix-20260816-a,Tail probability / model-shaped flat (online-balanced),100000,3,356,36925974.000000,103724.646067415728,964091021.674878478050,bytes/s,5.015881961590,8.984118038410
experiment-matrix-20260816-a,Tail probability / model-shaped flat (online-balanced),100000,4,445,46190162.000000,103798.116853932588,963408615.020661711693,bytes/s,5.016189474443,8.983810525557
experiment-matrix-20260816-a,Tail probability / model-shaped flat (online-balanced),100000,5,534,55223249.000000,103414.323970037454,966984032.395486116409,bytes/s,5.014580697271,8.985419302729
experiment-matrix-20260816-a,Tail probability / model-shaped flat (online-balanced),100000,6,623,64255287.000000,103138.502407704655,969570021.529901504517,bytes/s,5.013420821071,8.986579178929
experiment-matrix-20260816-a,Tail probability / model-shaped flat (online-balanced),100000,7,712,74521849.000000,104665.518258426964,955424495.707292556763,bytes/s,5.019803628225,8.980196371775
experiment-matrix-20260816-a,Tail probability / model-shaped flat (online-balanced),100000,8,801,83282756.000000,103973.478152309617,961783733.477792143822,bytes/s,5.016922572366,8.983077427634
experiment-matrix-20260816-a,Tail probability / model-shaped flat (online-balanced),100000,9,890,91929578.000000,103291.660674157305,968132367.582498788834,bytes/s,5.014065259860,8.985934740140
experiment-matrix-20260816-a,Tail probability / model-shaped flat (online-balanced),100000,10,979,104970197.000000,107221.855975485189,932645672.752238392830,bytes/s,5.030283320451,8.969716679549
experiment-matrix-20260816-a,Tail probability / model-shaped flat (online-balanced),100000,11,1068,111602054.000000,104496.305243445691,956971634.231749892235,bytes/s,5.019100935033,8.980899064967
experiment-matrix-20260816-a,Tail probability / model-shaped flat (online-balanced),100000,12,1157,120058153.000000,103766.770095073472,963699649.785550117493,bytes/s,5.016058298841,8.983941701159
experiment-matrix-20260816-a,Tail probability / model-shaped flat (online-balanced),100000,13,1246,130372706.000000,104632.990369181382,955721514.286893725395,bytes/s,5.019668637460,8.980331362540
experiment-matrix-20260816-a,Tail probability / model-shaped flat (online-balanced),100000,14,1335,141721138.000000,106158.155805243441,941990742.411340236664,bytes/s,5.025953365296,8.974046634704
experiment-matrix-20260816-a,Tail probability / model-shaped flat (online-balanced),100000,15,1424,155944790.000000,109511.790730337074,913143683.735763192177,bytes/s,5.039460880578,8.960539119422
experiment-matrix-20260816-a,Tail probability / model-shaped flat (online-balanced),100000,16,1513,160069060.000000,105795.809649702584,945217020.703438878059,bytes/s,5.024468466546,8.975531533454
experiment-matrix-20260816-a,Tail probability / model-shaped flat (online-balanced),100000,17,1602,169021804.000000,105506.744069912616,947806710.192254185677,bytes/s,5.023280220949,8.976719779051
experiment-matrix-20260816-a,Tail probability / model-shaped flat (online-balanced),100000,18,1691,177579729.000000,105014.623891188647,952248327.848276019096,bytes/s,5.021249781289,8.978750218711
experiment-matrix-20260816-a,Tail probability / model-shaped flat (online-balanced),100000,19,1780,193716110.000000,108829.275280898873,918870402.673272728920,bytes/s,5.036745737115,8.963254262885
experiment-matrix-20260816-a,Tail probability / model-shaped flat (online-balanced),200000,0,47,9656455.000000,205456.489361702115,973442117.215893507004,bytes/s,5.312719863045,8.988310132619
experiment-matrix-20260816-a,Tail probability / model-shaped flat (online-balanced),200000,1,94,19340854.000000,205753.765957446798,972035671.227340936661,bytes/s,5.313347792947,8.987682202717
experiment-matrix-20260816-a,Tail probability / model-shaped flat (online-balanced),200000,2,141,28794501.000000,204216.319148936163,979353662.006506085396,bytes/s,5.310090444084,8.990939551580
experiment-matrix-20260816-a,Tail probability / model-shaped flat (online-balanced),200000,3,188,39632801.000000,210812.771276595740,948709126.059498071671,bytes/s,5.323896917389,8.977133078275
experiment-matrix-20260816-a,Tail probability / model-shaped flat (online-balanced),200000,4,235,48068497.000000,204546.795744680858,977771366.556353926659,bytes/s,5.310792680601,8.990237315063
experiment-matrix-20260816-a,Tail probability / model-shaped flat (online-balanced),200000,5,282,57421684.000000,203622.992907801410,982207348.708198785782,bytes/s,5.308826816539,8.992203179125
experiment-matrix-20260816-a,Tail probability / model-shaped flat (online-balanced),200000,6,329,67042580.000000,203776.838905775076,981465808.744233846664,bytes/s,5.309154820951,8.991875174713
experiment-matrix-20260816-a,Tail probability / model-shaped flat (online-balanced),200000,7,376,77147261.000000,205178.885638297885,974759168.702048897743,bytes/s,5.312132666759,8.988897328905
experiment-matrix-20260816-a,Tail probability / model-shaped flat (online-balanced),200000,8,423,86142465.000000,203646.489361702115,982094022.965328454971,bytes/s,5.308876927734,8.992153067930
experiment-matrix-20260816-a,Tail probability / model-shaped flat (online-balanced),200000,9,470,95711521.000000,203641.534042553190,982117920.788240313530,bytes/s,5.308866359941,8.992163635723
experiment-matrix-20260816-a,Tail probability / model-shaped flat (online-balanced),200000,10,517,105630443.000000,204314.203094777564,978884467.993758201599,bytes/s,5.310298558073,8.990731437591
experiment-matrix-20260816-a,Tail probability / model-shaped flat (online-balanced),200000,11,564,114667295.000000,203310.806737588660,983715539.814556479454,bytes/s,5.308160463644,8.992869532020
experiment-matrix-20260816-a,Tail probability / model-shaped flat (online-balanced),200000,12,611,124248018.000000,203351.911620294588,983516694.809570431709,bytes/s,5.308248259368,8.992781736296
experiment-matrix-20260816-a,Tail probability / model-shaped flat (online-balanced),200000,13,658,133645704.000000,203108.972644376889,984693080.744293928146,bytes/s,5.307729109441,8.993300886223
experiment-matrix-20260816-a,Tail probability / model-shaped flat (online-balanced),200000,14,705,144090752.000000,204384.045390070911,978549962.734596610069,bytes/s,5.310446990927,8.990583004737
experiment-matrix-20260816-a,Tail probability / model-shaped flat (online-balanced),200000,15,752,155818107.000000,207204.929521276586,965228001.390108108521,bytes/s,5.316400083305,8.984629912359
experiment-matrix-20260816-a,Tail probability / model-shaped flat (online-balanced),200000,16,799,162330629.000000,203167.245306633296,984410649.945796728134,bytes/s,5.307853692149,8.993176303515
experiment-matrix-20260816-a,Tail probability / model-shaped flat (online-balanced),200000,17,846,172873268.000000,204341.924349881796,978751671.426723957062,bytes/s,5.310357478947,8.990672516717
experiment-matrix-20260816-a,Tail probability / model-shaped flat (online-balanced),200000,18,893,182980325.000000,204905.179171332595,976061224.068762540817,bytes/s,5.311552935742,8.989477059922
experiment-matrix-20260816-a,Tail probability / model-shaped flat (online-balanced),200000,19,940,192851740.000000,205161.425531914894,974842124.836415767670,bytes/s,5.312095708031,8.988934287633
experiment-matrix-20260816-a,Tail probability / model-shaped flat (online-balanced),4096,0,1088,9805700.000000,9012.591911764706,454475254.188890099525,bytes/s,3.954849706750,8.657510241217
experiment-matrix-20260816-a,Tail probability / model-shaped flat (online-balanced),4096,1,2176,19590930.000000,9003.184742647059,454950122.327015578747,bytes/s,3.954396161828,8.657963786139
experiment-matrix-20260816-a,Tail probability / model-shaped flat (online-balanced),4096,2,3264,32591469.000000,9985.131433823530,410209923.339141309261,bytes/s,3.999353785843,8.613006162125
experiment-matrix-20260816-a,Tail probability / model-shaped flat (online-balanced),4096,3,4352,39574692.000000,9093.449448529413,450434130.984519064426,bytes/s,3.958728656851,8.653631291116
experiment-matrix-20260816-a,Tail probability / model-shaped flat (online-balanced),4096,4,5440,47636228.000000,8756.659558823529,467758278.426243185997,bytes/s,3.942338465547,8.670021482421
experiment-matrix-20260816-a,Tail probability / model-shaped flat (online-balanced),4096,5,6528,56707962.000000,8686.881433823530,471515587.176276922226,bytes/s,3.938863893921,8.673496054046
experiment-matrix-20260816-a,Tail probability / model-shaped flat (online-balanced),4096,6,7616,73296451.000000,9624.008797268907,425602270.974893450737,bytes/s,3.983356011319,8.629003936649
experiment-matrix-20260816-a,Tail probability / model-shaped flat (online-balanced),4096,7,8704,78152389.000000,8978.904986213236,456180347.858591973782,bytes/s,3.953223375928,8.659136572040
experiment-matrix-20260816-a,Tail probability / model-shaped flat (online-balanced),4096,8,9792,85687169.000000,8750.732128267973,468075121.025412857533,bytes/s,3.942044389704,8.670315558264
experiment-matrix-20260816-a,Tail probability / model-shaped flat (online-balanced),4096,9,10880,94534844.000000,8688.864338235295,471407981.590364694595,bytes/s,3.938963016510,8.673396931458
experiment-matrix-20260816-a,Tail probability / model-shaped flat (online-balanced),4096,10,11968,106413535.000000,8891.505264037432,460664407.023035228252,bytes/s,3.948975289938,8.663384658029
experiment-matrix-20260816-a,Tail probability / model-shaped flat (online-balanced),4096,11,13056,118589565.000000,9083.146829044117,450945038.882636964321,bytes/s,3.958236334614,8.654123613354
experiment-matrix-20260816-a,Tail probability / model-shaped flat (online-balanced),4096,12,14144,122570276.000000,8665.884898190045,472658020.285440206528,bytes/s,3.937812916361,8.674547031607
experiment-matrix-20260816-a,Tail probability / model-shaped flat (online-balanced),4096,13,15232,131263848.000000,8617.637079831933,475304304.655155301094,bytes/s,3.935388200411,8.676971747557
experiment-matrix-20260816-a,Tail probability / model-shaped flat (online-balanced),4096,14,16320,138916413.000000,8512.035110294117,481201022.661015629768,bytes/s,3.930033406325,8.682326541643
experiment-matrix-20260816-a,Tail probability / model-shaped flat (online-balanced),4096,15,17408,150684172.000000,8656.030101102941,473196136.353325843811,bytes/s,3.937318758012,8.675041189956
experiment-matrix-20260816-a,Tail probability / model-shaped flat (online-balanced),4096,16,18496,165615611.000000,8954.131217560554,457442481.071425020695,bytes/s,3.952023454426,8.660336493542
experiment-matrix-20260816-a,Tail probability / model-shaped flat (online-balanced),4096,17,19584,205182634.000000,10477.054432189543,390949577.145987868309,bytes/s,4.020239200238,8.592120747730
experiment-matrix-20260816-a,Tail probability / model-shaped flat (online-balanced),4096,18,20672,183338397.000000,8868.924003482973,461837309.508056819439,bytes/s,3.947870933508,8.664489014460
experiment-matrix-20260816-a,Tail probability / model-shaped flat (online-balanced),4096,19,21760,184826378.000000,8493.859283088235,482230734.403073132038,bytes/s,3.929105061801,8.683254886166
experiment-matrix-20260816-a,Tail probability / model-shaped flat (online-balanced),50000,0,173,9677217.000000,55937.670520231215,893852023.779150485992,bytes/s,4.747704376564,8.951265627772
experiment-matrix-20260816-a,Tail probability / model-shaped flat (online-balanced),50000,1,346,19629690.000000,56733.208092485547,881318044.248279094696,bytes/s,4.753837342307,8.945132662029
experiment-matrix-20260816-a,Tail probability / model-shaped flat (online-balanced),50000,2,519,30073637.000000,57945.350674373796,862881998.608947753906,bytes/s,4.763018595477,8.935951408859
experiment-matrix-20260816-a,Tail probability / model-shaped flat (online-balanced),50000,3,692,39084298.000000,56480.199421965321,885265996.078527450562,bytes/s,4.751896221466,8.947073782870
experiment-matrix-20260816-a,Tail probability / model-shaped flat (online-balanced),50000,4,865,48452866.000000,56014.873988439307,892620056.778478264809,bytes/s,4.748303363317,8.950666641019
experiment-matrix-20260816-a,Tail probability / model-shaped flat (online-balanced),50000,5,1038,57756393.000000,55641.997109826589,898601822.312553405762,bytes/s,4.745402709354,8.953567294982
experiment-matrix-20260816-a,Tail probability / model-shaped flat (online-balanced),50000,6,1211,67589190.000000,55812.708505367467,895853316.188579797745,bytes/s,4.746733098675,8.952236905661
experiment-matrix-20260816-a,Tail probability / model-shaped flat (online-balanced),50000,7,1384,111163836.000000,80320.690751445087,622504606.624046325684,bytes/s,4.904827434714,8.794142569622
experiment-matrix-20260816-a,Tail probability / model-shaped flat (online-balanced),50000,8,1557,87224045.000000,56020.581245985872,892529118.547528982162,bytes/s,4.748347610568,8.950622393768
experiment-matrix-20260816-a,Tail probability / model-shaped flat (online-balanced),50000,9,1730,96602183.000000,55839.412138728323,895424899.455947041512,bytes/s,4.746940837512,8.952029166824
experiment-matrix-20260816-a,Tail probability / model-shaped flat (online-balanced),50000,10,1903,110785396.000000,58216.182869153970,858867715.741161346436,bytes/s,4.765043726125,8.933926278211
experiment-matrix-20260816-a,Tail probability / model-shaped flat (online-balanced),50000,11,2076,114235018.000000,55026.501926782272,908653071.687702655792,bytes/s,4.740571905285,8.958398099051
experiment-matrix-20260816-a,Tail probability / model-shaped flat (online-balanced),50000,12,2249,130430591.000000,57994.927078701643,862144372.250831842422,bytes/s,4.763390006699,8.935579997637
experiment-matrix-20260816-a,Tail probability / model-shaped flat (online-balanced),50000,13,2422,133742655.000000,55219.923616845583,905470285.452311396599,bytes/s,4.742095801564,8.956874202772
experiment-matrix-20260816-a,Tail probability / model-shaped flat (online-balanced),50000,14,2595,148151629.000000,57091.186512524087,875791922.611934304237,bytes/s,4.756569068939,8.942400935397
experiment-matrix-20260816-a,Tail probability / model-shaped flat (online-balanced),50000,15,2768,152480176.000000,55086.768786127170,907658973.321226954460,bytes/s,4.741047298794,8.957922705542
experiment-matrix-20260816-a,Tail probability / model-shaped flat (online-balanced),50000,16,2941,164876190.000000,56061.268276096569,891881356.550027012825,bytes/s,4.748662918595,8.950307085741
experiment-matrix-20260816-a,Tail probability / model-shaped flat (online-balanced),50000,17,3114,176386709.000000,56643.130700064226,882719570.441103935242,bytes/s,4.753147249064,8.945822755272
experiment-matrix-20260816-a,Tail probability / model-shaped flat (online-balanced),50000,18,3287,191972387.000000,58403.525098874350,856112707.501001238823,bytes/s,4.766439060893,8.932530943443
experiment-matrix-20260816-a,Tail probability / model-shaped flat (online-balanced),50000,19,3460,191649203.000000,55389.943063583814,902690944.141312241554,bytes/s,4.743430918727,8.955539085609
experiment-matrix-20260816-a,Tail probability / model-shaped flat (widening-u128),100000,0,60,9180314.000000,153005.233333333337,653572415.932614088058,bytes/s,5.184706285516,8.815293714484
experiment-matrix-20260816-a,Tail probability / model-shaped flat (widening-u128),100000,1,120,18138888.000000,151157.399999999994,661562053.859089970589,bytes/s,5.179429413178,8.820570586822
experiment-matrix-20260816-a,Tail probability / model-shaped flat (widening-u128),100000,2,180,27797332.000000,154429.622222222213,647544159.993484258652,bytes/s,5.188730609042,8.811269390958
experiment-matrix-20260816-a,Tail probability / model-shaped flat (widening-u128),100000,3,240,36830729.000000,153461.370833333320,651629784.466117978096,bytes/s,5.185999073330,8.814000926670
experiment-matrix-20260816-a,Tail probability / model-shaped flat (widening-u128),100000,4,300,49013116.000000,163377.053333333344,612081060.098280549049,bytes/s,5.213191058864,8.786808941136
experiment-matrix-20260816-a,Tail probability / model-shaped flat (widening-u128),100000,5,360,58400289.000000,162223.024999999994,616435305.654052495956,bytes/s,5.210112495503,8.789887504497
experiment-matrix-20260816-a,Tail probability / model-shaped flat (widening-u128),100000,6,420,65758834.000000,156568.652380952379,638697456.223144054413,bytes/s,5.194704813528,8.805295186472
experiment-matrix-20260816-a,Tail probability / model-shaped flat (widening-u128),100000,7,480,78613355.000000,163777.822916666657,610583278.121128439903,bytes/s,5.214255093780,8.785744906220
experiment-matrix-20260816-a,Tail probability / model-shaped flat (widening-u128),100000,8,540,83086914.000000,153864.655555555568,649921839.677424907684,bytes/s,5.187138868954,8.812861131046
experiment-matrix-20260816-a,Tail probability / model-shaped flat (widening-u128),100000,9,600,91128352.000000,151880.586666666670,658411994.545890569687,bytes/s,5.181502266013,8.818497733987
experiment-matrix-20260816-a,Tail probability / model-shaped flat (widening-u128),100000,10,660,103576351.000000,156933.865151515143,637211094.644568085670,bytes/s,5.195716671193,8.804283328807
experiment-matrix-20260816-a,Tail probability / model-shaped flat (widening-u128),100000,11,720,111765825.000000,155230.312500000000,644204075.798662066460,bytes/s,5.190976531781,8.809023468219
experiment-matrix-20260816-a,Tail probability / model-shaped flat (widening-u128),100000,12,780,120398148.000000,154356.600000000006,647850496.836545944214,bytes/s,5.188525203836,8.811474796164
experiment-matrix-20260816-a,Tail probability / model-shaped flat (widening-u128),100000,13,840,130377108.000000,155210.842857142852,644284884.736053586006,bytes/s,5.190922057312,8.809077942688
experiment-matrix-20260816-a,Tail probability / model-shaped flat (widening-u128),100000,14,900,138056583.000000,153396.203333333338,651906617.158560276031,bytes/s,5.185814610644,8.814185389356
experiment-matrix-20260816-a,Tail probability / model-shaped flat (widening-u128),100000,15,960,146820454.000000,152937.972916666680,653859849.799946784973,bytes/s,5.184515329629,8.815484670371
experiment-matrix-20260816-a,Tail probability / model-shaped flat (widening-u128),100000,16,1020,153492332.000000,150482.678431372537,664528310.117797970772,bytes/s,5.177486512590,8.822513487410
experiment-matrix-20260816-a,Tail probability / model-shaped flat (widening-u128),100000,17,1080,163214278.000000,151124.331481481495,661706814.645223617554,bytes/s,5.179334392714,8.820665607286
experiment-matrix-20260816-a,Tail probability / model-shaped flat (widening-u128),100000,18,1140,173957245.000000,152594.074561403511,655333441.271733164787,bytes/s,5.183537669692,8.816462330308
experiment-matrix-20260816-a,Tail probability / model-shaped flat (widening-u128),100000,19,1200,190024747.000000,158353.955833333341,631496696.585524201393,bytes/s,5.199628916935,8.800371083065
experiment-matrix-20260816-a,Tail probability / model-shaped flat (widening-u128),200000,0,31,9325971.000000,300837.774193548365,664810130.762791395187,bytes/s,5.478332366806,8.822697628858
experiment-matrix-20260816-a,Tail probability / model-shaped flat (widening-u128),200000,1,62,18609187.000000,300148.177419354848,666337546.073345422745,bytes/s,5.477335710547,8.823694285117
experiment-matrix-20260816-a,Tail probability / model-shaped flat (widening-u128),200000,2,93,28433616.000000,305737.806451612909,654155278.737674474716,bytes/s,5.485349145360,8.815680850304
experiment-matrix-20260816-a,Tail probability / model-shaped flat (widening-u128),200000,3,124,37468196.000000,302162.870967741939,661894690.633090496063,bytes/s,5.480241098241,8.820788897423
experiment-matrix-20260816-a,Tail probability / model-shaped flat (widening-u128),200000,4,155,47572001.000000,306916.135483870981,651643810.400155305862,bytes/s,5.487019721170,8.814010274494
experiment-matrix-20260816-a,Tail probability / model-shaped flat (widening-u128),200000,5,186,55651650.000000,299202.419354838727,668443792.771642804146,bytes/s,5.475965100918,8.825064894746
experiment-matrix-20260816-a,Tail probability / model-shaped flat (widening-u128),200000,6,217,64557406.000000,297499.566820276494,672269886.432549715042,bytes/s,5.473486337703,8.827543657961
experiment-matrix-20260816-a,Tail probability / model-shaped flat (widening-u128),200000,7,248,73303180.000000,295577.338709677395,676641859.193557500839,bytes/s,5.470671134558,8.830358861106
experiment-matrix-20260816-a,Tail probability / model-shaped flat (widening-u128),200000,8,279,82575567.000000,295969.774193548365,675744678.810379862785,bytes/s,5.471247361156,8.829782634508
experiment-matrix-20260816-a,Tail probability / model-shaped flat (widening-u128),200000,9,310,91191889.000000,294167.383870967722,679885027.932692646980,bytes/s,5.468594518187,8.832435477477
experiment-matrix-20260816-a,Tail probability / model-shaped flat (widening-u128),200000,10,341,100584437.000000,294969.023460410535,678037299.149966955185,bytes/s,5.469776410397,8.831253585267
experiment-matrix-20260816-a,Tail probability / model-shaped flat (widening-u128),200000,11,372,109674138.000000,294822.951612903213,678373236.906589627266,bytes/s,5.469561289807,8.831468705857
experiment-matrix-20260816-a,Tail probability / model-shaped flat (widening-u128),200000,12,403,118880925.000000,294989.888337468961,677989341.014969468117,bytes/s,5.469807129488,8.831222866176
experiment-matrix-20260816-a,Tail probability / model-shaped flat (widening-u128),200000,13,434,127984654.000000,294895.516129032243,678206310.578454256058,bytes/s,5.469668169177,8.831361826487
experiment-matrix-20260816-a,Tail probability / model-shaped flat (widening-u128),200000,14,465,137317118.000000,295305.630107526900,677264432.537828207016,bytes/s,5.470271727024,8.830758268640
experiment-matrix-20260816-a,Tail probability / model-shaped flat (widening-u128),200000,15,496,146052342.000000,294460.366935483878,679208553.875842690468,bytes/s,5.469026848938,8.832003146726
experiment-matrix-20260816-a,Tail probability / model-shaped flat (widening-u128),200000,16,527,155686049.000000,295419.447817836830,677003499.523582816124,bytes/s,5.470439082046,8.830590913618
experiment-matrix-20260816-a,Tail probability / model-shaped flat (widening-u128),200000,17,558,164677873.000000,295121.636200716835,677686673.788894534111,bytes/s,5.470001050022,8.831028945642
experiment-matrix-20260816-a,Tail probability / model-shaped flat (widening-u128),200000,18,589,173933981.000000,295303.872665534785,677268463.141771078110,bytes/s,5.470269142415,8.830760853249
experiment-matrix-20260816-a,Tail probability / model-shaped flat (widening-u128),200000,19,620,182837632.000000,294899.406451612886,678197363.658702373505,bytes/s,5.469673898442,8.831356097222
experiment-matrix-20260816-a,Tail probability / model-shaped flat (widening-u128),4096,0,849,8719309.000000,10270.093050647822,398827934.644821047783,bytes/s,4.011574378476,8.600785569492
experiment-matrix-20260816-a,Tail probability / model-shaped flat (widening-u128),4096,1,1698,17437151.000000,10269.229093050648,398861488.324554860592,bytes/s,4.011537842507,8.600822105461
experiment-matrix-20260816-a,Tail probability / model-shaped flat (widening-u128),4096,2,2547,26239385.000000,10302.074990184530,397589806.315963625908,bytes/s,4.012924706844,8.599435241124
experiment-matrix-20260816-a,Tail probability / model-shaped flat (widening-u128),4096,3,3396,34801013.000000,10247.648115429918,399701468.460127830505,bytes/s,4.010624204154,8.601735743814
experiment-matrix-20260816-a,Tail probability / model-shaped flat (widening-u128),4096,4,4245,43679535.000000,10289.643109540637,398070171.763504326344,bytes/s,4.012400311765,8.599959636203
experiment-matrix-20260816-a,Tail probability / model-shaped flat (widening-u128),4096,5,5094,52355948.000000,10277.963879073419,398522513.621565997601,bytes/s,4.011907087065,8.600452860903
experiment-matrix-20260816-a,Tail probability / model-shaped flat (widening-u128),4096,6,5943,65795708.000000,11071.127040215379,369971366.521354258060,bytes/s,4.044191834287,8.568168113681
experiment-matrix-20260816-a,Tail probability / model-shaped flat (widening-u128),4096,7,6792,71234472.000000,10487.996466431096,390541702.899124443531,bytes/s,4.020692532361,8.591667415606
experiment-matrix-20260816-a,Tail probability / model-shaped flat (widening-u128),4096,8,7641,84420148.000000,11048.311477555293,370735384.164453268051,bytes/s,4.043295909513,8.569064038455
experiment-matrix-20260816-a,Tail probability / model-shaped flat (widening-u128),4096,9,8490,91255648.000000,10748.604004711426,381072741.930450141430,bytes/s,4.031352063096,8.581007884871
experiment-matrix-20260816-a,Tail probability / model-shaped flat (widening-u128),4096,10,9339,100359752.000000,10746.306028482706,381154230.034366786480,bytes/s,4.031259204052,8.581100743916
experiment-matrix-20260816-a,Tail probability / model-shaped flat (widening-u128),4096,11,10188,106725854.000000,10475.643305850019,391002240.188211619854,bytes/s,4.020180702340,8.592179245628
experiment-matrix-20260816-a,Tail probability / model-shaped flat (widening-u128),4096,12,11037,121572619.000000,11015.005798677177,371856363.479345619678,bytes/s,4.041984730114,8.570375217853
experiment-matrix-20260816-a,Tail probability / model-shaped flat (widening-u128),4096,13,11886,131409008.000000,11055.780582197543,370484921.398995697498,bytes/s,4.043589410920,8.568770537048
experiment-matrix-20260816-a,Tail probability / model-shaped flat (widening-u128),4096,14,12735,139959594.000000,10990.152650176678,372697280.044982135296,bytes/s,4.041003724695,8.571356223272
experiment-matrix-20260816-a,Tail probability / model-shaped flat (widening-u128),4096,15,13584,141403821.000000,10409.586351590106,393483454.736346900463,bytes/s,4.017433472182,8.594926475786
experiment-matrix-20260816-a,Tail probability / model-shaped flat (widening-u128),4096,16,14433,147545389.000000,10222.780364442597,400673775.037456452847,bytes/s,4.009569030115,8.602790917853
experiment-matrix-20260816-a,Tail probability / model-shaped flat (widening-u128),4096,17,15282,153842607.000000,10066.915783274440,406877348.353827655315,bytes/s,4.002896435452,8.609463512515
experiment-matrix-20260816-a,Tail probability / model-shaped flat (widening-u128),4096,18,16131,161863162.000000,10034.291860393032,408200205.553873956203,bytes/s,4.001486728894,8.610873219074
experiment-matrix-20260816-a,Tail probability / model-shaped flat (widening-u128),4096,19,16980,174156638.000000,10256.574676089516,399353597.994926869869,bytes/s,4.011002346385,8.601357601583
experiment-matrix-20260816-a,Tail probability / model-shaped flat (widening-u128),50000,0,122,9398985.000000,77040.860655737706,649006249.079022884369,bytes/s,4.886721125829,8.812248878507
experiment-matrix-20260816-a,Tail probability / model-shaped flat (widening-u128),50000,1,244,18884667.000000,77396.176229508201,646026747.519561767578,bytes/s,4.888719504824,8.810250499512
experiment-matrix-20260816-a,Tail probability / model-shaped flat (widening-u128),50000,2,366,28512027.000000,77901.713114754093,641834409.037281036377,bytes/s,4.891547008226,8.807422996110
experiment-matrix-20260816-a,Tail probability / model-shaped flat (widening-u128),50000,3,488,37938183.000000,77742.178278688531,643151518.352895259857,bytes/s,4.890656705078,8.808313299258
experiment-matrix-20260816-a,Tail probability / model-shaped flat (widening-u128),50000,4,610,47061215.000000,77149.532786885247,648092064.771383404732,bytes/s,4.887333300345,8.811636703991
experiment-matrix-20260816-a,Tail probability / model-shaped flat (widening-u128),50000,5,732,60778039.000000,83030.107923497271,602191196.066724061966,bytes/s,4.919235602425,8.779734401911
experiment-matrix-20260816-a,Tail probability / model-shaped flat (widening-u128),50000,6,854,67420999.000000,78947.305620608895,633333837.132849454880,bytes/s,4.897337312633,8.801632691703
experiment-matrix-20260816-a,Tail probability / model-shaped flat (widening-u128),50000,7,976,75089032.000000,76935.483606557376,649895180.430612087250,bytes/s,4.886126688049,8.812843316287
experiment-matrix-20260816-a,Tail probability / model-shaped flat (widening-u128),50000,8,1098,84730014.000000,77167.590163934423,647940409.876481294632,bytes/s,4.887434938052,8.811535066284
experiment-matrix-20260816-a,Tail probability / model-shaped flat (widening-u128),50000,9,1220,93884134.000000,76954.208196721316,649737047.156444907188,bytes/s,4.886232373961,8.812737630375
experiment-matrix-20260816-a,Tail probability / model-shaped flat (widening-u128),50000,10,1342,103465316.000000,77097.850968703424,648526507.182368278503,bytes/s,4.887042272663,8.811927731673
experiment-matrix-20260816-a,Tail probability / model-shaped flat (widening-u128),50000,11,1464,112998992.000000,77185.103825136612,647793389.165807723999,bytes/s,4.887533492683,8.811436511653
experiment-matrix-20260816-a,Tail probability / model-shaped flat (widening-u128),50000,12,1586,123493188.000000,77864.557377049176,642140682.286054611206,bytes/s,4.891339819184,8.807630185152
experiment-matrix-20260816-a,Tail probability / model-shaped flat (widening-u128),50000,13,1708,132596590.000000,77632.663934426237,644058795.177160978317,bytes/s,4.890044489064,8.808925515272
experiment-matrix-20260816-a,Tail probability / model-shaped flat (widening-u128),50000,14,1830,141897475.000000,77539.603825136612,644831770.262296795845,bytes/s,4.889523577726,8.809446426610
experiment-matrix-20260816-a,Tail probability / model-shaped flat (widening-u128),50000,15,1952,150869668.000000,77289.788934426237,646915985.789801001549,bytes/s,4.888122121313,8.810847883023
experiment-matrix-20260816-a,Tail probability / model-shaped flat (widening-u128),50000,16,2074,161062971.000000,77658.134522661523,643847554.507112622261,bytes/s,4.890186953861,8.808783050475
experiment-matrix-20260816-a,Tail probability / model-shaped flat (widening-u128),50000,17,2196,169660856.000000,77259.041894353373,647173441.114784836769,bytes/s,4.887949318065,8.811020686271
experiment-matrix-20260816-a,Tail probability / model-shaped flat (widening-u128),50000,18,2318,178755453.000000,77116.243744607418,648371828.970162987709,bytes/s,4.887145867358,8.811824136978
experiment-matrix-20260816-a,Tail probability / model-shaped flat (widening-u128),50000,19,2440,187702783.000000,76927.370081967209,649963724.831932902336,bytes/s,4.886080885455,8.812889118881
experiment-matrix-20260816-a,Tail probability / model-shaped long-tail (batch-balanced),100000,0,83,9335384.000000,112474.506024096379,889090368.430479168892,bytes/s,5.051054094467,8.948945905533
experiment-matrix-20260816-a,Tail probability / model-shaped long-tail (batch-balanced),100000,1,166,19328038.000000,116433.963855421680,858855927.332096576691,bytes/s,5.066079682749,8.933920317251
experiment-matrix-20260816-a,Tail probability / model-shaped long-tail (batch-balanced),100000,2,249,27438461.000000,110194.622489959846,907485299.558164000511,bytes/s,5.042160401413,8.957839598587
experiment-matrix-20260816-a,Tail probability / model-shaped long-tail (batch-balanced),100000,3,332,39125775.000000,117848.719879518074,848545492.070125102997,bytes/s,5.071324869404,8.928675130596
experiment-matrix-20260816-a,Tail probability / model-shaped long-tail (batch-balanced),100000,4,415,45459599.000000,109541.202409638558,912898505.769925475121,bytes/s,5.039577503774,8.960422496226
experiment-matrix-20260816-a,Tail probability / model-shaped long-tail (batch-balanced),100000,5,498,56291977.000000,113036.098393574299,884673139.122472047806,bytes/s,5.053217158789,8.946782841211
experiment-matrix-20260816-a,Tail probability / model-shaped long-tail (batch-balanced),100000,6,581,62713547.000000,107940.700516351120,926434602.718293070793,bytes/s,5.033185232234,8.966814767766
experiment-matrix-20260816-a,Tail probability / model-shaped long-tail (batch-balanced),100000,7,664,69747590.000000,105041.551204819276,952004219.787379026413,bytes/s,5.021361126588,8.978638873412
experiment-matrix-20260816-a,Tail probability / model-shaped long-tail (batch-balanced),100000,8,747,78734621.000000,105401.099062918336,948756710.215192437172,bytes/s,5.022845139477,8.977154860523
experiment-matrix-20260816-a,Tail probability / model-shaped long-tail (batch-balanced),100000,9,830,87521683.000000,105447.810843373489,948336425.386152625084,bytes/s,5.023037567968,8.976962432032
experiment-matrix-20260816-a,Tail probability / model-shaped long-tail (batch-balanced),100000,10,913,98415229.000000,107793.240963855424,927701951.493706345558,bytes/s,5.032591529829,8.967408470171
experiment-matrix-20260816-a,Tail probability / model-shaped long-tail (batch-balanced),100000,11,996,107114708.000000,107544.887550200801,929844293.651997804642,bytes/s,5.031589769800,8.968410230200
experiment-matrix-20260816-a,Tail probability / model-shaped long-tail (batch-balanced),100000,12,1079,116130817.000000,107628.189990732164,929124609.534091114998,bytes/s,5.031926036702,8.968073963298
experiment-matrix-20260816-a,Tail probability / model-shaped long-tail (batch-balanced),100000,13,1162,121970103.000000,104965.665232358006,952692480.713900804520,bytes/s,5.021047262511,8.978952737489
experiment-matrix-20260816-a,Tail probability / model-shaped long-tail (batch-balanced),100000,14,1245,131758418.000000,105830.054618473892,944911163.095476746559,bytes/s,5.024609020264,8.975390979736
experiment-matrix-20260816-a,Tail probability / model-shaped long-tail (batch-balanced),100000,15,1328,145797923.000000,109787.592620481926,910849738.236668825150,bytes/s,5.040553262146,8.959446737854
experiment-matrix-20260816-a,Tail probability / model-shaped long-tail (batch-balanced),100000,16,1411,152034270.000000,107749.305457122609,928080228.227491021156,bytes/s,5.032414479416,8.967585520584
experiment-matrix-20260816-a,Tail probability / model-shaped long-tail (batch-balanced),100000,17,1494,158043949.000000,105785.775769745655,945306675.423555731773,bytes/s,5.024427275260,8.975572724740
experiment-matrix-20260816-a,Tail probability / model-shaped long-tail (batch-balanced),100000,18,1577,167486427.000000,106205.724159797086,941568835.306278228760,bytes/s,5.026147924505,8.973852075495
experiment-matrix-20260816-a,Tail probability / model-shaped long-tail (batch-balanced),100000,19,1660,175279396.000000,105589.997590361440,947059402.235731124878,bytes/s,5.023622779968,8.976377220032
experiment-matrix-20260816-a,Tail probability / model-shaped long-tail (batch-balanced),200000,0,45,9508477.000000,211299.488888888882,946523822.900344610214,bytes/s,5.324898446541,8.976131549123
experiment-matrix-20260816-a,Tail probability / model-shaped long-tail (batch-balanced),200000,1,90,19581954.000000,217577.266666666663,919213680.105672836304,bytes/s,5.337613516591,8.963416479073
experiment-matrix-20260816-a,Tail probability / model-shaped long-tail (batch-balanced),200000,2,135,29251159.000000,216675.251851851848,923040348.589264512062,bytes/s,5.335809310037,8.965220685627
experiment-matrix-20260816-a,Tail probability / model-shaped long-tail (batch-balanced),200000,3,180,46475314.000000,258196.188888888893,774604771.901057004929,bytes/s,5.411949827563,8.889080168101
experiment-matrix-20260816-a,Tail probability / model-shaped long-tail (batch-balanced),200000,4,225,49632135.000000,220587.266666666663,906670647.958223104477,bytes/s,5.343580439310,8.957449556354
experiment-matrix-20260816-a,Tail probability / model-shaped long-tail (batch-balanced),200000,5,270,57724435.000000,213794.203703703708,935479056.659454464912,bytes/s,5.329995926628,8.971034069036
experiment-matrix-20260816-a,Tail probability / model-shaped long-tail (batch-balanced),200000,6,315,66814849.000000,212110.631746031751,942904173.891046285629,bytes/s,5.326562437460,8.974467558204
experiment-matrix-20260816-a,Tail probability / model-shaped long-tail (batch-balanced),200000,7,360,76462353.000000,212395.424999999988,941639868.184543132782,bytes/s,5.327145157802,8.973884837862
experiment-matrix-20260816-a,Tail probability / model-shaped long-tail (batch-balanced),200000,8,405,83266163.000000,205595.464197530877,972784106.792575478554,bytes/s,5.313013529118,8.988016466546
experiment-matrix-20260816-a,Tail probability / model-shaped long-tail (batch-balanced),200000,9,450,92468022.000000,205484.493333333347,973309453.942899227142,bytes/s,5.312779053882,8.988250941782
experiment-matrix-20260816-a,Tail probability / model-shaped long-tail (batch-balanced),200000,10,495,103693412.000000,209481.640404040401,954737606.666853666306,bytes/s,5.321145966106,8.979884029558
experiment-matrix-20260816-a,Tail probability / model-shaped long-tail (batch-balanced),200000,11,540,113600140.000000,210370.629629629635,950703053.711025357246,bytes/s,5.322985106774,8.978044888890
experiment-matrix-20260816-a,Tail probability / model-shaped long-tail (batch-balanced),200000,12,585,121090477.000000,206992.268376068387,966219663.995542764664,bytes/s,5.315954123890,8.985075871774
experiment-matrix-20260816-a,Tail probability / model-shaped long-tail (batch-balanced),200000,13,630,131427657.000000,208615.328571428574,958702322.449528217316,bytes/s,5.319346216216,8.981683779448
experiment-matrix-20260816-a,Tail probability / model-shaped long-tail (batch-balanced),200000,14,675,140544565.000000,208214.170370370382,960549417.190198659897,bytes/s,5.318510282832,8.982519712832
experiment-matrix-20260816-a,Tail probability / model-shaped long-tail (batch-balanced),200000,15,720,148686322.000000,206508.780555555568,968481821.750893712044,bytes/s,5.314938522170,8.986091473494
experiment-matrix-20260816-a,Tail probability / model-shaped long-tail (batch-balanced),200000,16,765,156894077.000000,205090.296732026152,975180216.650243520737,bytes/s,5.311945113438,8.989084882226
experiment-matrix-20260816-a,Tail probability / model-shaped long-tail (batch-balanced),200000,17,810,165797932.000000,204688.804938271613,977093007.408560395241,bytes/s,5.311094090408,8.989935905256
experiment-matrix-20260816-a,Tail probability / model-shaped long-tail (batch-balanced),200000,18,855,178885871.000000,209223.240935672511,955916747.611665725708,bytes/s,5.320609925174,8.980420070490
experiment-matrix-20260816-a,Tail probability / model-shaped long-tail (batch-balanced),200000,19,900,186527074.000000,207252.304444444453,965007364.024806380272,bytes/s,5.316499368182,8.984530627482
experiment-matrix-20260816-a,Tail probability / model-shaped long-tail (batch-balanced),4096,0,846,9558393.000000,11298.336879432623,362531233.022119939327,bytes/s,4.053014519834,8.559345428134
experiment-matrix-20260816-a,Tail probability / model-shaped long-tail (batch-balanced),4096,1,1692,18571357.000000,10975.979314420803,373178545.865011394024,bytes/s,4.040443279882,8.571916668086
experiment-matrix-20260816-a,Tail probability / model-shaped long-tail (batch-balanced),4096,2,2538,28337567.000000,11165.314026792750,366850407.446764945984,bytes/s,4.047870942202,8.564489005765
experiment-matrix-20260816-a,Tail probability / model-shaped long-tail (batch-balanced),4096,3,3384,38701497.000000,11436.612588652482,358148006.522848427296,bytes/s,4.058297409780,8.554062538188
experiment-matrix-20260816-a,Tail probability / model-shaped long-tail (batch-balanced),4096,4,4230,49448966.000000,11690.062884160756,350383059.577019274235,bytes/s,4.067816847361,8.544543100607
experiment-matrix-20260816-a,Tail probability / model-shaped long-tail (batch-balanced),4096,5,5076,61914233.000000,12197.445429472025,335808020.104197978973,bytes/s,4.086268883785,8.526091064183
experiment-matrix-20260816-a,Tail probability / model-shaped long-tail (batch-balanced),4096,6,5922,67190130.000000,11345.851063829787,361013023.787868857384,bytes/s,4.054837078314,8.557522869654
experiment-matrix-20260816-a,Tail probability / model-shaped long-tail (batch-balanced),4096,7,6768,79313231.000000,11718.858008274232,349522111.890763819218,bytes/s,4.068885292154,8.543474655814
experiment-matrix-20260816-a,Tail probability / model-shaped long-tail (batch-balanced),4096,8,7614,87460922.000000,11486.856054636197,356581468.464281678200,bytes/s,4.060201178822,8.552158769145
experiment-matrix-20260816-a,Tail probability / model-shaped long-tail (batch-balanced),4096,9,8460,93684656.000000,11073.836406619384,369880847.937361299992,bytes/s,4.044298103407,8.568061844561
experiment-matrix-20260816-a,Tail probability / model-shaped long-tail (batch-balanced),4096,10,9306,102233124.000000,10985.721470019342,372847610.525919198990,bytes/s,4.040828583802,8.571531364166
experiment-matrix-20260816-a,Tail probability / model-shaped long-tail (batch-balanced),4096,11,10152,108057065.000000,10643.918932230103,384820668.597652554512,bytes/s,4.027101558155,8.585258389813
experiment-matrix-20260816-a,Tail probability / model-shaped long-tail (batch-balanced),4096,12,10998,116406130.000000,10584.299872704129,386988279.740938007832,bytes/s,4.024662135716,8.587697812252
experiment-matrix-20260816-a,Tail probability / model-shaped long-tail (batch-balanced),4096,13,11844,125389571.000000,10586.758780817292,386898396.837165951729,bytes/s,4.024763017797,8.587596930170
experiment-matrix-20260816-a,Tail probability / model-shaped long-tail (batch-balanced),4096,14,12690,134738576.000000,10617.697084318361,385771035.608985483646,bytes/s,4.026030331055,8.586329616912
experiment-matrix-20260816-a,Tail probability / model-shaped long-tail (batch-balanced),4096,15,13536,143257812.000000,10583.467198581560,387018726.769329667091,bytes/s,4.024627968128,8.587731979840
experiment-matrix-20260816-a,Tail probability / model-shaped long-tail (batch-balanced),4096,16,14382,160807797.000000,11181.184605757197,366329699.796832621098,bytes/s,4.048487817905,8.563872130062
experiment-matrix-20260816-a,Tail probability / model-shaped long-tail (batch-balanced),4096,17,15228,167974733.000000,11030.649658523773,371328990.295224905014,bytes/s,4.042601091298,8.569758856670
experiment-matrix-20260816-a,Tail probability / model-shaped long-tail (batch-balanced),4096,18,16074,185315855.000000,11528.919683961678,355280469.660839319229,bytes/s,4.061788613689,8.550571334279
experiment-matrix-20260816-a,Tail probability / model-shaped long-tail (batch-balanced),4096,19,16920,196525780.000000,11614.998817966904,352647474.545069873333,bytes/s,4.065019169939,8.547340778029
experiment-matrix-20260816-a,Tail probability / model-shaped long-tail (batch-balanced),50000,0,165,9558657.000000,57931.254545454547,863091959.466690778732,bytes/s,4.762912933579,8.936057070757
experiment-matrix-20260816-a,Tail probability / model-shaped long-tail (batch-balanced),50000,1,330,18802182.000000,56976.309090909090,877557721.758038520813,bytes/s,4.755694312342,8.943275691994
experiment-matrix-20260816-a,Tail probability / model-shaped long-tail (batch-balanced),50000,2,495,29718880.000000,60038.141414141413,832803928.008054137230,bytes/s,4.778427239433,8.920542764903
experiment-matrix-20260816-a,Tail probability / model-shaped long-tail (batch-balanced),50000,3,660,41282342.000000,62549.003030303029,799373252.612460851669,bytes/s,4.796220391857,8.902749612479
experiment-matrix-20260816-a,Tail probability / model-shaped long-tail (batch-balanced),50000,4,825,51324474.000000,62211.483636363635,803710136.415621161461,bytes/s,4.793870558639,8.905099445697
experiment-matrix-20260816-a,Tail probability / model-shaped long-tail (batch-balanced),50000,5,990,56868398.000000,57442.826262626266,870430709.161175847054,bytes/s,4.759235799620,8.939734204716
experiment-matrix-20260816-a,Tail probability / model-shaped long-tail (batch-balanced),50000,6,1155,64979017.000000,56258.889177489174,888748440.131065726280,bytes/s,4.750191152841,8.948778851495
experiment-matrix-20260816-a,Tail probability / model-shaped long-tail (batch-balanced),50000,7,1320,73310909.000000,55538.567424242421,900275291.907784223557,bytes/s,4.744594673258,8.954375331078
experiment-matrix-20260816-a,Tail probability / model-shaped long-tail (batch-balanced),50000,8,1485,82702278.000000,55691.769696969699,897798728.107586026192,bytes/s,4.745791018526,8.953178985810
experiment-matrix-20260816-a,Tail probability / model-shaped long-tail (batch-balanced),50000,9,1650,91794449.000000,55632.999393939397,898747156.268675804138,bytes/s,4.745332475097,8.953637529239
experiment-matrix-20260816-a,Tail probability / model-shaped long-tail (batch-balanced),50000,10,1815,101404291.000000,55870.132782369146,894932542.844759941101,bytes/s,4.747179703517,8.951790300819
experiment-matrix-20260816-a,Tail probability / model-shaped long-tail (batch-balanced),50000,11,1980,114462331.000000,57809.258080808082,864913366.127411842346,bytes/s,4.761997395712,8.936972608624
experiment-matrix-20260816-a,Tail probability / model-shaped long-tail (batch-balanced),50000,12,2145,124106386.000000,57858.455011655009,864177931.988125085831,bytes/s,4.762366832546,8.936603171790
experiment-matrix-20260816-a,Tail probability / model-shaped long-tail (batch-balanced),50000,13,2310,130198565.000000,56363.015151515152,887106551.443174481392,bytes/s,4.750994217735,8.947975786601
experiment-matrix-20260816-a,Tail probability / model-shaped long-tail (batch-balanced),50000,14,2475,138427131.000000,55930.153939393938,893972150.589467883110,bytes/s,4.747646014661,8.951323989675
experiment-matrix-20260816-a,Tail probability / model-shaped long-tail (batch-balanced),50000,15,2640,149753354.000000,56724.755303030302,881449373.080485463142,bytes/s,4.753772631119,8.945197373217
experiment-matrix-20260816-a,Tail probability / model-shaped long-tail (batch-balanced),50000,16,2805,159718113.000000,56940.503743315508,878109547.913329005241,bytes/s,4.755421304960,8.943548699376
experiment-matrix-20260816-a,Tail probability / model-shaped long-tail (batch-balanced),50000,17,2970,168629973.000000,56777.768686868687,880626364.092461824417,bytes/s,4.754178321159,8.944791683177
experiment-matrix-20260816-a,Tail probability / model-shaped long-tail (batch-balanced),50000,18,3135,175407883.000000,55951.477830940988,893631445.286868929863,bytes/s,4.747811561916,8.951158442420
experiment-matrix-20260816-a,Tail probability / model-shaped long-tail (batch-balanced),50000,19,3300,183448845.000000,55590.559090909090,899433299.784471273422,bytes/s,4.745001041890,8.953968962446
experiment-matrix-20260816-a,Tail probability / model-shaped long-tail (online-balanced),100000,0,89,12529890.000000,140785.280898876401,710301526.988664746284,bytes/s,5.148557251691,8.851442748309
experiment-matrix-20260816-a,Tail probability / model-shaped long-tail (online-balanced),100000,1,178,19518136.000000,109652.449438202253,911972331.784141659737,bytes/s,5.040018337478,8.959981662522
experiment-matrix-20260816-a,Tail probability / model-shaped long-tail (online-balanced),100000,2,267,28734258.000000,107618.943820224726,929204436.042858600616,bytes/s,5.031888725535,8.968111274465
experiment-matrix-20260816-a,Tail probability / model-shaped long-tail (online-balanced),100000,3,356,40117209.000000,112688.789325842692,887399719.157930493355,bytes/s,5.051880713064,8.948119286936
experiment-matrix-20260816-a,Tail probability / model-shaped long-tail (online-balanced),100000,4,445,57670429.000000,129596.469662921343,771625957.559635996819,bytes/s,5.112593171081,8.887406828919
experiment-matrix-20260816-a,Tail probability / model-shaped long-tail (online-balanced),100000,5,534,56909245.000000,106571.619850187271,938336117.444538235664,bytes/s,5.027641566947,8.972358433053
experiment-matrix-20260816-a,Tail probability / model-shaped long-tail (online-balanced),100000,6,623,66890598.000000,107368.536115569819,931371550.901667833328,bytes/s,5.030877031891,8.969122968109
experiment-matrix-20260816-a,Tail probability / model-shaped long-tail (online-balanced),100000,7,712,76801973.000000,107867.939606741580,927059517.077770829201,bytes/s,5.032892383322,8.967107616678
experiment-matrix-20260816-a,Tail probability / model-shaped long-tail (online-balanced),100000,8,801,86098539.000000,107488.812734082399,930329375.275461912155,bytes/s,5.031363265920,8.968636734080
experiment-matrix-20260816-a,Tail probability / model-shaped long-tail (online-balanced),100000,9,890,96466555.000000,108389.387640449437,922599547.584134221077,bytes/s,5.034986762693,8.965013237307
experiment-matrix-20260816-a,Tail probability / model-shaped long-tail (online-balanced),100000,10,979,102981429.000000,105190.427987742602,950656841.244647979736,bytes/s,5.021976222125,8.978023777875
experiment-matrix-20260816-a,Tail probability / model-shaped long-tail (online-balanced),100000,11,1068,113563182.000000,106332.567415730344,940445645.490983128548,bytes/s,5.026666300109,8.973333699891
experiment-matrix-20260816-a,Tail probability / model-shaped long-tail (online-balanced),100000,12,1157,127681122.000000,110355.334485738975,906163716.199173212051,bytes/s,5.042793331442,8.957206668558
experiment-matrix-20260816-a,Tail probability / model-shaped long-tail (online-balanced),100000,13,1246,131020089.000000,105152.559390048147,950999201.351481318474,bytes/s,5.021819847783,8.978180152217
experiment-matrix-20260816-a,Tail probability / model-shaped long-tail (online-balanced),100000,14,1335,141166560.000000,105742.741573033709,945691387.535404920578,bytes/s,5.024250566090,8.975749433910
experiment-matrix-20260816-a,Tail probability / model-shaped long-tail (online-balanced),100000,15,1424,164460624.000000,115492.011235955055,865860754.608349323273,bytes/s,5.062551944435,8.937448055565
experiment-matrix-20260816-a,Tail probability / model-shaped long-tail (online-balanced),100000,16,1513,169936979.000000,112317.897554527430,890330055.826166033745,bytes/s,5.050448965432,8.949551034568
experiment-matrix-20260816-a,Tail probability / model-shaped long-tail (online-balanced),100000,17,1602,171861586.000000,107279.392009987510,932145476.651193022728,bytes/s,5.030516303551,8.969483696449
experiment-matrix-20260816-a,Tail probability / model-shaped long-tail (online-balanced),100000,18,1691,179188296.000000,105965.875813128325,943700028.265239000320,bytes/s,5.025166031944,8.974833968056
experiment-matrix-20260816-a,Tail probability / model-shaped long-tail (online-balanced),100000,19,1780,190859517.000000,107224.447752808992,932623129.293573498726,bytes/s,5.030293818133,8.969706181867
experiment-matrix-20260816-a,Tail probability / model-shaped long-tail (online-balanced),200000,0,44,9249594.000000,210218.045454545441,951393109.794873237610,bytes/s,5.322669993828,8.978360001836
experiment-matrix-20260816-a,Tail probability / model-shaped long-tail (online-balanced),200000,1,88,18648303.000000,211912.534090909088,943785608.803117394447,bytes/s,5.326156644892,8.974873350772
experiment-matrix-20260816-a,Tail probability / model-shaped long-tail (online-balanced),200000,2,132,30070832.000000,227809.333333333343,877927155.457487821579,bytes/s,5.357571513124,8.943458482540
experiment-matrix-20260816-a,Tail probability / model-shaped long-tail (online-balanced),200000,3,176,46973955.000000,266897.471590909117,749351422.506365418434,bytes/s,5.426344459590,8.874685536074
experiment-matrix-20260816-a,Tail probability / model-shaped long-tail (online-balanced),200000,4,220,47188046.000000,214491.118181818194,932439541.997564315796,bytes/s,5.331409313283,8.969620682381
experiment-matrix-20260816-a,Tail probability / model-shaped long-tail (online-balanced),200000,5,264,56764880.000000,215018.484848484863,930152587.303980827332,bytes/s,5.332475797230,8.968554198434
experiment-matrix-20260816-a,Tail probability / model-shaped long-tail (online-balanced),200000,6,308,65346369.000000,212163.535714285710,942669056.332724452019,bytes/s,5.326670744321,8.974359251343
experiment-matrix-20260816-a,Tail probability / model-shaped long-tail (online-balanced),200000,7,352,73129833.000000,207755.207386363647,962671417.559506773949,bytes/s,5.317551918188,8.983478077476
experiment-matrix-20260816-a,Tail probability / model-shaped long-tail (online-balanced),200000,8,396,89444627.000000,225870.270202020212,885464031.282728672028,bytes/s,5.353859071394,8.947170924270
experiment-matrix-20260816-a,Tail probability / model-shaped long-tail (online-balanced),200000,9,440,95365162.000000,216739.004545454547,922768840.889716148376,bytes/s,5.335937074377,8.965092921287
experiment-matrix-20260816-a,Tail probability / model-shaped long-tail (online-balanced),200000,10,484,100657002.000000,207969.012396694219,961681731.788514852524,bytes/s,5.317998629445,8.983031366219
experiment-matrix-20260816-a,Tail probability / model-shaped long-tail (online-balanced),200000,11,528,110889305.000000,210017.623106060608,952301035.704029321671,bytes/s,5.322255739003,8.978774256661
experiment-matrix-20260816-a,Tail probability / model-shaped long-tail (online-balanced),200000,12,572,118799354.000000,207691.178321678308,962968199.305191516876,bytes/s,5.317418050278,8.983611945386
experiment-matrix-20260816-a,Tail probability / model-shaped long-tail (online-balanced),200000,13,616,127343040.000000,206725.714285714290,967465516.764795303345,bytes/s,5.315394501193,8.985635494471
experiment-matrix-20260816-a,Tail probability / model-shaped long-tail (online-balanced),200000,14,660,137861980.000000,208881.787878787873,957479357.252811908722,bytes/s,5.319900576081,8.981129419583
experiment-matrix-20260816-a,Tail probability / model-shaped long-tail (online-balanced),200000,15,704,146969141.000000,208762.984375000000,958024242.653769016266,bytes/s,5.319653496692,8.981376498972
experiment-matrix-20260816-a,Tail probability / model-shaped long-tail (online-balanced),200000,16,748,157133103.000000,210070.993315508007,952059096.039107799530,bytes/s,5.322366088995,8.978663906669
experiment-matrix-20260816-a,Tail probability / model-shaped long-tail (online-balanced),200000,17,792,166340052.000000,210025.318181818177,952266144.536253929138,bytes/s,5.322271651324,8.978758344340
experiment-matrix-20260816-a,Tail probability / model-shaped long-tail (online-balanced),200000,18,836,173772975.000000,207862.410287081351,962174929.674766659737,bytes/s,5.317775958880,8.983254036784
experiment-matrix-20260816-a,Tail probability / model-shaped long-tail (online-balanced),200000,19,880,182613555.000000,207515.403409090912,963783876.832144260406,bytes/s,5.317050338963,8.983979656701
experiment-matrix-20260816-a,Tail probability / model-shaped long-tail (online-balanced),4096,0,896,9367243.000000,10454.512276785714,391792547.711210250854,bytes/s,4.019303776949,8.593056171019
experiment-matrix-20260816-a,Tail probability / model-shaped long-tail (online-balanced),4096,1,1792,18569894.000000,10362.664062500000,395265153.371365487576,bytes/s,4.015471419397,8.596888528571
experiment-matrix-20260816-a,Tail probability / model-shaped long-tail (online-balanced),4096,2,2688,28039265.000000,10431.274181547618,392665356.955683410168,bytes/s,4.018337360796,8.594022587171
experiment-matrix-20260816-a,Tail probability / model-shaped long-tail (online-balanced),4096,3,3584,37504523.000000,10464.431640625000,391421162.722160220146,bytes/s,4.019715645284,8.592644302684
experiment-matrix-20260816-a,Tail probability / model-shaped long-tail (online-balanced),4096,4,4480,51442454.000000,11482.690624999999,356710820.988438844681,bytes/s,4.060043663905,8.552316284063
experiment-matrix-20260816-a,Tail probability / model-shaped long-tail (online-balanced),4096,5,5376,56703014.000000,10547.435639880952,388340838.460544645786,bytes/s,4.023146884011,8.589213063957
experiment-matrix-20260816-a,Tail probability / model-shaped long-tail (online-balanced),4096,6,6272,65395162.000000,10426.524553571429,392844229.057800889015,bytes/s,4.018139570293,8.594220377675
experiment-matrix-20260816-a,Tail probability / model-shaped long-tail (online-balanced),4096,7,7168,96901830.000000,13518.670479910714,302988374.935746848583,bytes/s,4.130933982166,8.481425965802
experiment-matrix-20260816-a,Tail probability / model-shaped long-tail (online-balanced),4096,8,8064,87207023.000000,10814.362971230159,378755550.456068217754,bytes/s,4.034000942062,8.578359005906
experiment-matrix-20260816-a,Tail probability / model-shaped long-tail (online-balanced),4096,9,8960,94264284.000000,10520.567410714286,389332612.975663185120,bytes/s,4.022039163458,8.590320784510
experiment-matrix-20260816-a,Tail probability / model-shaped long-tail (online-balanced),4096,10,9856,101536572.000000,10302.006087662337,397592465.501001954079,bytes/s,4.012921802178,8.599438145790
experiment-matrix-20260816-a,Tail probability / model-shaped long-tail (online-balanced),4096,11,10752,110716304.000000,10297.275297619048,397775128.042569041252,bytes/s,4.012722323758,8.599637624209
experiment-matrix-20260816-a,Tail probability / model-shaped long-tail (online-balanced),4096,12,11648,120519228.000000,10346.774381868132,395872167.385605871677,bytes/s,4.014804979117,8.597554968851
experiment-matrix-20260816-a,Tail probability / model-shaped long-tail (online-balanced),4096,13,12544,126382534.000000,10075.138233418367,406545290.506677150726,bytes/s,4.003251013483,8.609108934485
experiment-matrix-20260816-a,Tail probability / model-shaped long-tail (online-balanced),4096,14,13440,134972608.000000,10042.604761904762,407862312.329328298569,bytes/s,4.001846370877,8.610513577091
experiment-matrix-20260816-a,Tail probability / model-shaped long-tail (online-balanced),4096,15,14336,145696562.000000,10162.985630580357,403031171.044379234314,bytes/s,4.007021311531,8.605338636437
experiment-matrix-20260816-a,Tail probability / model-shaped long-tail (online-balanced),4096,16,15232,161291645.000000,10588.999803046219,386816514.891394376755,bytes/s,4.024854940227,8.587505007741
experiment-matrix-20260816-a,Tail probability / model-shaped long-tail (online-balanced),4096,17,16128,169978732.000000,10539.355902777777,388638550.380526423454,bytes/s,4.022814070420,8.589545877548
experiment-matrix-20260816-a,Tail probability / model-shaped long-tail (online-balanced),4096,18,17024,172847255.000000,10153.151726973685,403421529.604273974895,bytes/s,4.006600876256,8.605759071712
experiment-matrix-20260816-a,Tail probability / model-shaped long-tail (online-balanced),4096,19,17920,180188329.000000,10055.152287946428,407353353.057622313499,bytes/s,4.002388652488,8.609971295480
experiment-matrix-20260816-a,Tail probability / model-shaped long-tail (online-balanced),50000,0,169,9643177.000000,57060.218934911245,876267230.187727570534,bytes/s,4.756333433673,8.942636570663
experiment-matrix-20260816-a,Tail probability / model-shaped long-tail (online-balanced),50000,1,338,18861987.000000,55804.695266272189,895981955.665646433830,bytes/s,4.746670740917,8.952299263419
experiment-matrix-20260816-a,Tail probability / model-shaped long-tail (online-balanced),50000,2,507,29127833.000000,57451.347140039448,870301611.520499944687,bytes/s,4.759300216638,8.939669787698
experiment-matrix-20260816-a,Tail probability / model-shaped long-tail (online-balanced),50000,3,676,37570312.000000,55577.384615384617,899646508.125884056091,bytes/s,4.744898105705,8.954071898631
experiment-matrix-20260816-a,Tail probability / model-shaped long-tail (online-balanced),50000,4,845,48721023.000000,57658.015384615384,867182119.718627452850,bytes/s,4.760859689694,8.938110314642
experiment-matrix-20260816-a,Tail probability / model-shaped long-tail (online-balanced),50000,5,1014,56560642.000000,55779.725838264298,896383036.104858994484,bytes/s,4.746476375344,8.952493628992
experiment-matrix-20260816-a,Tail probability / model-shaped long-tail (online-balanced),50000,6,1183,66186869.000000,55948.325443786984,893681796.611348986626,bytes/s,4.747787092448,8.951182911888
experiment-matrix-20260816-a,Tail probability / model-shaped long-tail (online-balanced),50000,7,1352,74795426.000000,55322.060650887572,903798582.549686908722,bytes/s,4.742898348455,8.956071655881
experiment-matrix-20260816-a,Tail probability / model-shaped long-tail (online-balanced),50000,8,1521,83893427.000000,55156.756738987511,906507252.350055932999,bytes/s,4.741598721395,8.957371282941
experiment-matrix-20260816-a,Tail probability / model-shaped long-tail (online-balanced),50000,9,1690,93015981.000000,55039.042011834317,908446044.341563224792,bytes/s,4.740670866132,8.958299138204
experiment-matrix-20260816-a,Tail probability / model-shaped long-tail (online-balanced),50000,10,1859,102085036.000000,54913.951586874660,910515425.590877056122,bytes/s,4.739682696498,8.959287307838
experiment-matrix-20260816-a,Tail probability / model-shaped long-tail (online-balanced),50000,11,2028,111406729.000000,54934.284516765285,910178414.806523919106,bytes/s,4.739843472486,8.959126531850
experiment-matrix-20260816-a,Tail probability / model-shaped long-tail (online-balanced),50000,12,2197,122255904.000000,55646.747382794718,898525113.355670809746,bytes/s,4.745439784394,8.953530219942
experiment-matrix-20260816-a,Tail probability / model-shaped long-tail (online-balanced),50000,13,2366,130321862.000000,55081.091293322061,907752530.423483371735,bytes/s,4.741002536123,8.957967468213
experiment-matrix-20260816-a,Tail probability / model-shaped long-tail (online-balanced),50000,14,2535,139348468.000000,54969.809861932939,909590193.700586676598,bytes/s,4.740124234764,8.958845769573
experiment-matrix-20260816-a,Tail probability / model-shaped long-tail (online-balanced),50000,15,2704,148843943.000000,55045.836908284022,908333905.129078745842,bytes/s,4.740724479055,8.958245525281
experiment-matrix-20260816-a,Tail probability / model-shaped long-tail (online-balanced),50000,16,2873,158030529.000000,55005.405151409679,909001576.524495363235,bytes/s,4.740405367896,8.958564636440
experiment-matrix-20260816-a,Tail probability / model-shaped long-tail (online-balanced),50000,17,3042,167239855.000000,54976.941157133464,909472206.849258542061,bytes/s,4.740180572620,8.958789431716
experiment-matrix-20260816-a,Tail probability / model-shaped long-tail (online-balanced),50000,18,3211,176336454.000000,54916.366863905329,910475380.206976294518,bytes/s,4.739701797626,8.959268206710
experiment-matrix-20260816-a,Tail probability / model-shaped long-tail (online-balanced),50000,19,3380,187737198.000000,55543.549704142009,900194536.833345174789,bytes/s,4.744633631404,8.954336372932
experiment-matrix-20260816-a,Tail probability / model-shaped long-tail (widening-u128),100000,0,59,8967591.000000,151993.067796610179,657924742.553490638733,bytes/s,5.181823780798,8.818176219202
experiment-matrix-20260816-a,Tail probability / model-shaped long-tail (widening-u128),100000,1,118,17766689.000000,150565.161016949161,664164268.311332464218,bytes/s,5.177724492924,8.822275507076
experiment-matrix-20260816-a,Tail probability / model-shaped long-tail (widening-u128),100000,2,177,26682474.000000,150748.440677966108,663356778.685514688492,bytes/s,5.178252828550,8.821747171450
experiment-matrix-20260816-a,Tail probability / model-shaped long-tail (widening-u128),100000,3,236,35575956.000000,150745.576271186437,663369383.524085760117,bytes/s,5.178244576340,8.821755423660
experiment-matrix-20260816-a,Tail probability / model-shaped long-tail (widening-u128),100000,4,295,44390994.000000,150477.945762711868,664549210.139335870743,bytes/s,5.177472853847,8.822527146153
experiment-matrix-20260816-a,Tail probability / model-shaped long-tail (widening-u128),100000,5,354,53309506.000000,150591.824858757056,664046671.150920033455,bytes/s,5.177801396067,8.822198603933
experiment-matrix-20260816-a,Tail probability / model-shaped long-tail (widening-u128),100000,6,413,64431165.000000,156007.663438256655,640994152.441601872444,bytes/s,5.193145932375,8.806854067625
experiment-matrix-20260816-a,Tail probability / model-shaped long-tail (widening-u128),100000,7,472,73764689.000000,156281.120762711857,639872554.739571928978,bytes/s,5.193906517086,8.806093482914
experiment-matrix-20260816-a,Tail probability / model-shaped long-tail (widening-u128),100000,8,531,81889296.000000,154217.129943502834,648436396.375907301903,bytes/s,5.188132616431,8.811867383569
experiment-matrix-20260816-a,Tail probability / model-shaped long-tail (widening-u128),100000,9,590,92147437.000000,156182.096610169479,640278253.208496809006,bytes/s,5.193631248561,8.806368751439
experiment-matrix-20260816-a,Tail probability / model-shaped long-tail (widening-u128),100000,10,649,105587310.000000,162692.311248073966,614657196.968082547188,bytes/s,5.211367028896,8.788632971104
experiment-matrix-20260816-a,Tail probability / model-shaped long-tail (widening-u128),100000,11,708,109608940.000000,154814.887005649711,645932713.152777552605,bytes/s,5.189812720129,8.810187279871
experiment-matrix-20260816-a,Tail probability / model-shaped long-tail (widening-u128),100000,12,767,117201630.000000,152805.254237288143,654427758.385271549225,bytes/s,5.184138287794,8.815861712206
experiment-matrix-20260816-a,Tail probability / model-shaped long-tail (widening-u128),100000,13,826,126410075.000000,153038.831719128328,653428929.616567373276,bytes/s,5.184801641678,8.815198358322
experiment-matrix-20260816-a,Tail probability / model-shaped long-tail (widening-u128),100000,14,885,135871593.000000,153527.223728813551,651350278.935789108276,bytes/s,5.186185396536,8.813814603464
experiment-matrix-20260816-a,Tail probability / model-shaped long-tail (widening-u128),100000,15,944,144137095.000000,152687.600635593233,654932028.427518844604,bytes/s,5.183803770559,8.816196229441
experiment-matrix-20260816-a,Tail probability / model-shaped long-tail (widening-u128),100000,16,1003,153476025.000000,153016.974077766703,653522268.380354523659,bytes/s,5.184739609507,8.815260390493
experiment-matrix-20260816-a,Tail probability / model-shaped long-tail (widening-u128),100000,17,1062,165588895.000000,155921.746704331454,641347356.053073525429,bytes/s,5.192906691296,8.807093308704
experiment-matrix-20260816-a,Tail probability / model-shaped long-tail (widening-u128),100000,18,1121,177734149.000000,158549.642283675290,630717285.511632323265,bytes/s,5.200165266518,8.799834733482
experiment-matrix-20260816-a,Tail probability / model-shaped long-tail (widening-u128),100000,19,1180,185700589.000000,157373.380508474569,635431479.433810591698,bytes/s,5.196931273919,8.803068726081
experiment-matrix-20260816-a,Tail probability / model-shaped long-tail (widening-u128),200000,0,30,9505959.000000,316865.299999999988,631183029.508122205734,bytes/s,5.500874682095,8.800155313569
experiment-matrix-20260816-a,Tail probability / model-shaped long-tail (widening-u128),200000,1,60,18614527.000000,310242.116666666640,644657798.718173265457,bytes/s,5.491700754775,8.809329240889
experiment-matrix-20260816-a,Tail probability / model-shaped long-tail (widening-u128),200000,2,90,27672974.000000,307477.488888888911,650454121.772383332253,bytes/s,5.487813325610,8.813216670054
experiment-matrix-20260816-a,Tail probability / model-shaped long-tail (widening-u128),200000,3,120,36793704.000000,306614.200000000012,652285510.586267709732,bytes/s,5.486592264148,8.814437731516
experiment-matrix-20260816-a,Tail probability / model-shaped long-tail (widening-u128),200000,4,150,48316055.000000,322107.033333333326,620911620.371323823929,bytes/s,5.508000207913,8.793029787751
experiment-matrix-20260816-a,Tail probability / model-shaped long-tail (widening-u128),200000,5,180,61164583.000000,339803.238888888911,588575908.381489276886,bytes/s,5.531227514100,8.769802481564
experiment-matrix-20260816-a,Tail probability / model-shaped long-tail (widening-u128),200000,6,210,68656632.000000,326936.342857142852,611739882.608864307404,bytes/s,5.514463200253,8.786566795411
experiment-matrix-20260816-a,Tail probability / model-shaped long-tail (widening-u128),200000,7,240,85452894.000000,356053.724999999977,561712983.061755657196,bytes/s,5.551515533677,8.749514461987
experiment-matrix-20260816-a,Tail probability / model-shaped long-tail (widening-u128),200000,8,270,85401799.000000,316302.959259259282,632305181.299517989159,bytes/s,5.500103255096,8.800926740568
experiment-matrix-20260816-a,Tail probability / model-shaped long-tail (widening-u128),200000,9,300,98939427.000000,329798.090000000026,606431650.347035050392,bytes/s,5.518248136133,8.782781859531
experiment-matrix-20260816-a,Tail probability / model-shaped long-tail (widening-u128),200000,10,330,107527808.000000,325841.842424242408,613794712.526828408241,bytes/s,5.513006852738,8.788023142926
experiment-matrix-20260816-a,Tail probability / model-shaped long-tail (widening-u128),200000,11,360,110309706.000000,306415.849999999977,652707749.941786646843,bytes/s,5.486311226331,8.814718769333
experiment-matrix-20260816-a,Tail probability / model-shaped long-tail (widening-u128),200000,12,390,118692656.000000,304340.143589743588,657159445.484141826630,bytes/s,5.483359241184,8.817670754480
experiment-matrix-20260816-a,Tail probability / model-shaped long-tail (widening-u128),200000,13,420,134763134.000000,320864.604761904746,623315869.160478353500,bytes/s,5.506321811815,8.794708183849
experiment-matrix-20260816-a,Tail probability / model-shaped long-tail (widening-u128),200000,14,450,139174859.000000,309277.464444444457,646668519.348023891449,bytes/s,5.490348276214,8.810681719450
experiment-matrix-20260816-a,Tail probability / model-shaped long-tail (widening-u128),200000,15,480,147114207.000000,306487.931250000023,652554243.112631440163,bytes/s,5.486413377730,8.814616617934
experiment-matrix-20260816-a,Tail probability / model-shaped long-tail (widening-u128),200000,16,510,158512247.000000,310808.327450980374,643483402.263548851013,bytes/s,5.492492646286,8.808537349378
experiment-matrix-20260816-a,Tail probability / model-shaped long-tail (widening-u128),200000,17,540,165946862.000000,307309.003703703696,650810739.645079851151,bytes/s,5.487575284635,8.813454711029
experiment-matrix-20260816-a,Tail probability / model-shaped long-tail (widening-u128),200000,18,570,169852015.000000,297985.991228070168,671172490.947487473488,bytes/s,5.474195847716,8.826834147948
experiment-matrix-20260816-a,Tail probability / model-shaped long-tail (widening-u128),200000,19,600,181180389.000000,301967.315000000002,662323337.875160455704,bytes/s,5.479959937383,8.821070058281
experiment-matrix-20260816-a,Tail probability / model-shaped long-tail (widening-u128),4096,0,768,8985879.000000,11700.363281250000,350074600.381331622601,bytes/s,4.068199346241,8.544160601726
experiment-matrix-20260816-a,Tail probability / model-shaped long-tail (widening-u128),4096,1,1536,17827217.000000,11606.261067708334,352912964.485707402229,bytes/s,4.064692335226,8.547667612741
experiment-matrix-20260816-a,Tail probability / model-shaped long-tail (widening-u128),4096,2,2304,26716408.000000,11595.663194444445,353235509.803563416004,bytes/s,4.064295592426,8.548064355541
experiment-matrix-20260816-a,Tail probability / model-shaped long-tail (widening-u128),4096,3,3072,35687945.000000,11617.169596354166,352581579.017788827419,bytes/s,4.065100329567,8.547259618400
experiment-matrix-20260816-a,Tail probability / model-shaped long-tail (widening-u128),4096,4,3840,44862720.000000,11683.000000000000,350594881.451681911945,bytes/s,4.067554376694,8.544805571274
experiment-matrix-20260816-a,Tail probability / model-shaped long-tail (widening-u128),4096,5,4608,53637524.000000,11640.087673611111,351887383.914291024208,bytes/s,4.065956251450,8.546403696518
experiment-matrix-20260816-a,Tail probability / model-shaped long-tail (widening-u128),4096,6,5376,64211252.000000,11944.057291666666,342932045.617176294327,bytes/s,4.077151877888,8.535208070080
experiment-matrix-20260816-a,Tail probability / model-shaped long-tail (widening-u128),4096,7,6144,72240405.000000,11757.878417968750,348362166.574232220650,bytes/s,4.070328965066,8.542030982902
experiment-matrix-20260816-a,Tail probability / model-shaped long-tail (widening-u128),4096,8,6912,80455726.000000,11640.006655092593,351889833.173589169979,bytes/s,4.065953228619,8.546406719349
experiment-matrix-20260816-a,Tail probability / model-shaped long-tail (widening-u128),4096,9,7680,88642082.000000,11541.937760416668,354879751.132199227810,bytes/s,4.062278728058,8.550081219910
experiment-matrix-20260816-a,Tail probability / model-shaped long-tail (widening-u128),4096,10,8448,97718701.000000,11567.081084280304,354108350.253243744373,bytes/s,4.063223779961,8.549136168007
experiment-matrix-20260816-a,Tail probability / model-shaped long-tail (widening-u128),4096,11,9216,108827497.000000,11808.539171006945,346867630.337946653366,bytes/s,4.072196174564,8.540163773404
experiment-matrix-20260816-a,Tail probability / model-shaped long-tail (widening-u128),4096,12,9984,117185650.000000,11737.344751602564,348971601.898355305195,bytes/s,4.069569860953,8.542790087015
experiment-matrix-20260816-a,Tail probability / model-shaped long-tail (widening-u128),4096,13,10752,126695458.000000,11783.431733630952,347606715.309399664402,bytes/s,4.071271790106,8.541088157862
experiment-matrix-20260816-a,Tail probability / model-shaped long-tail (widening-u128),4096,14,11520,136144648.000000,11818.111805555556,346586668.614398956299,bytes/s,4.072548094317,8.539811853650
experiment-matrix-20260816-a,Tail probability / model-shaped long-tail (widening-u128),4096,15,12288,143108969.000000,11646.237711588541,351701562.464613974094,bytes/s,4.066185650256,8.546174297712
experiment-matrix-20260816-a,Tail probability / model-shaped long-tail (widening-u128),4096,16,13056,159291294.000000,12200.619944852941,335720645.222456455231,bytes/s,4.086381898854,8.525978049114
experiment-matrix-20260816-a,Tail probability / model-shaped long-tail (widening-u128),4096,17,13824,175314339.000000,12681.882161458334,322980449.420055687428,bytes/s,4.103183713457,8.509176234511
experiment-matrix-20260816-a,Tail probability / model-shaped long-tail (widening-u128),4096,18,14592,193052275.000000,13230.007881030702,309599210.887310147285,bytes/s,4.121560102894,8.490799845074
experiment-matrix-20260816-a,Tail probability / model-shaped long-tail (widening-u128),4096,19,15360,216062131.000000,14066.544986979166,291187352.956358671188,bytes/s,4.148187439485,8.464172508483
experiment-matrix-20260816-a,Tail probability / model-shaped long-tail (widening-u128),50000,0,113,12765096.000000,112965.451327433635,442613200.872128129005,bytes/s,5.052945641784,8.646024362552
experiment-matrix-20260816-a,Tail probability / model-shaped long-tail (widening-u128),50000,1,226,23678213.000000,104770.853982300890,477231960.030091762543,bytes/s,5.020240483839,8.678729520497
experiment-matrix-20260816-a,Tail probability / model-shaped long-tail (widening-u128),50000,2,339,37212996.000000,109772.849557522117,455486035.040016710758,bytes/s,5.040494938061,8.658475066275
experiment-matrix-20260816-a,Tail probability / model-shaped long-tail (widening-u128),50000,3,452,49556883.000000,109639.121681415927,456041595.675014495850,bytes/s,5.039965547750,8.659004456586
experiment-matrix-20260816-a,Tail probability / model-shaped long-tail (widening-u128),50000,4,565,57102074.000000,101065.617699115042,494728089.911410212517,bytes/s,5.004603434689,8.694366569647
experiment-matrix-20260816-a,Tail probability / model-shaped long-tail (widening-u128),50000,5,678,57659095.000000,85042.912979351036,587938468.337041974068,bytes/s,4.929638127682,8.769331876654
experiment-matrix-20260816-a,Tail probability / model-shaped long-tail (widening-u128),50000,6,791,68072048.000000,86058.214917825535,581002058.289769649506,bytes/s,4.934792333388,8.764177670949
experiment-matrix-20260816-a,Tail probability / model-shaped long-tail (widening-u128),50000,7,904,74393684.000000,82293.898230088496,607578460.558560371399,bytes/s,4.915367635173,8.783602369163
experiment-matrix-20260816-a,Tail probability / model-shaped long-tail (widening-u128),50000,8,1017,82767028.000000,81383.508357915431,614375086.658904910088,bytes/s,4.910536407902,8.788433596434
experiment-matrix-20260816-a,Tail probability / model-shaped long-tail (widening-u128),50000,9,1130,107632709.000000,95250.184955752207,524933363.890339374542,bytes/s,4.978865827657,8.720104176679
experiment-matrix-20260816-a,Tail probability / model-shaped long-tail (widening-u128),50000,10,1243,103899656.000000,83587.816572807729,598173299.053078651428,bytes/s,4.922142981018,8.776827023318
experiment-matrix-20260816-a,Tail probability / model-shaped long-tail (widening-u128),50000,11,1356,114964166.000000,84781.833333333328,589748983.174461603165,bytes/s,4.928302803574,8.770667200762
experiment-matrix-20260816-a,Tail probability / model-shaped long-tail (widening-u128),50000,12,1469,124323942.000000,84631.682777399590,590795295.084835767746,bytes/s,4.927532976272,8.771437028064
experiment-matrix-20260816-a,Tail probability / model-shaped long-tail (widening-u128),50000,13,1582,132883622.000000,83997.232616940586,595257706.024900436401,bytes/s,4.924264977979,8.774705026357
experiment-matrix-20260816-a,Tail probability / model-shaped long-tail (widening-u128),50000,14,1695,141764543.000000,83636.898525073746,597822263.638941049576,bytes/s,4.922397919669,8.776572084667
experiment-matrix-20260816-a,Tail probability / model-shaped long-tail (widening-u128),50000,15,1808,149195751.000000,82519.773783185839,605915378.917191863060,bytes/s,4.916558028743,8.782411975593
experiment-matrix-20260816-a,Tail probability / model-shaped long-tail (widening-u128),50000,16,1921,160557099.000000,83579.957834461224,598229543.248037815094,bytes/s,4.922102147709,8.776867856627
experiment-matrix-20260816-a,Tail probability / model-shaped long-tail (widening-u128),50000,17,2034,184097691.000000,90510.172566371679,552424093.140853166580,bytes/s,4.956697392920,8.742272611416
experiment-matrix-20260816-a,Tail probability / model-shaped long-tail (widening-u128),50000,18,2147,194903594.000000,90779.503493246390,550785123.028567671776,bytes/s,4.957987803096,8.740982201240
experiment-matrix-20260816-a,Tail probability / model-shaped long-tail (widening-u128),50000,19,2260,185903835.000000,82258.334070796467,607841145.396489500999,bytes/s,4.915179909754,8.783790094582
experiment-matrix-20260816-a,Tail probability / model-shaped peaked (batch-balanced),100000,0,86,9185932.000000,106813.162790697679,936214202.325904369354,bytes/s,5.028624774932,8.971375225068
experiment-matrix-20260816-a,Tail probability / model-shaped peaked (batch-balanced),100000,1,172,18117637.000000,105335.098837209298,949351176.425490856171,bytes/s,5.022573107097,8.977426892903
experiment-matrix-20260816-a,Tail probability / model-shaped peaked (batch-balanced),100000,2,258,29637585.000000,114874.360465116275,870516271.821742534637,bytes/s,5.060223106573,8.939776893427
experiment-matrix-20260816-a,Tail probability / model-shaped peaked (batch-balanced),100000,3,344,35806073.000000,104087.421511627908,960730879.367865920067,bytes/s,5.017398250182,8.982601749818
experiment-matrix-20260816-a,Tail probability / model-shaped peaked (batch-balanced),100000,4,430,45808139.000000,106530.555813953484,938697815.250691652298,bytes/s,5.027474192921,8.972525807079
experiment-matrix-20260816-a,Tail probability / model-shaped peaked (batch-balanced),100000,5,516,65252917.000000,126459.141472868214,790769246.377138972282,bytes/s,5.101950229076,8.898049770924
experiment-matrix-20260816-a,Tail probability / model-shaped peaked (batch-balanced),100000,6,602,63486202.000000,105458.807308970107,948237539.867324233055,bytes/s,5.023082855351,8.976917144649
experiment-matrix-20260816-a,Tail probability / model-shaped peaked (batch-balanced),100000,7,688,78243985.000000,113726.722383720931,879300817.820053458214,bytes/s,5.055862522913,8.944137477087
experiment-matrix-20260816-a,Tail probability / model-shaped peaked (batch-balanced),100000,8,774,84039645.000000,108578.352713178290,920993895.202674865723,bytes/s,5.035743248510,8.964256751490
experiment-matrix-20260816-a,Tail probability / model-shaped peaked (batch-balanced),100000,9,860,91442708.000000,106328.730232558140,940479584.222287058830,bytes/s,5.026650627605,8.973349372395
experiment-matrix-20260816-a,Tail probability / model-shaped peaked (batch-balanced),100000,10,946,99182586.000000,104844.171247357299,953796465.843308329582,bytes/s,5.020544291115,8.979455708885
experiment-matrix-20260816-a,Tail probability / model-shaped peaked (batch-balanced),100000,11,1032,106606692.000000,103301.058139534885,968044295.005420446396,bytes/s,5.014104770133,8.985895229867
experiment-matrix-20260816-a,Tail probability / model-shaped peaked (batch-balanced),100000,12,1118,115390093.000000,103211.174418604656,968887337.667714595795,bytes/s,5.013726719826,8.986273280174
experiment-matrix-20260816-a,Tail probability / model-shaped peaked (batch-balanced),100000,13,1204,128096107.000000,106392.115448504977,939919274.830108642578,bytes/s,5.026909444274,8.973090555726
experiment-matrix-20260816-a,Tail probability / model-shaped peaked (batch-balanced),100000,14,1290,138281302.000000,107194.807751937988,932881005.126781344414,bytes/s,5.030173749729,8.969826250271
experiment-matrix-20260816-a,Tail probability / model-shaped peaked (batch-balanced),100000,15,1376,144926065.000000,105324.175145348840,949449638.338003516197,bytes/s,5.022528066600,8.977471933400
experiment-matrix-20260816-a,Tail probability / model-shaped peaked (batch-balanced),100000,16,1462,154503271.000000,105679.391928864570,946258283.424950957298,bytes/s,5.023990305716,8.976009694284
experiment-matrix-20260816-a,Tail probability / model-shaped peaked (batch-balanced),100000,17,1548,160903844.000000,103943.051679586570,962065269.242417812347,bytes/s,5.016795463191,8.983204536809
experiment-matrix-20260816-a,Tail probability / model-shaped peaked (batch-balanced),100000,18,1634,170584968.000000,104397.165238678092,957880415.348203420639,bytes/s,5.018688706157,8.981311293843
experiment-matrix-20260816-a,Tail probability / model-shaped peaked (batch-balanced),100000,19,1720,177485175.000000,103189.055232558138,969095024.415419459343,bytes/s,5.013633636204,8.986366363796
experiment-matrix-20260816-a,Tail probability / model-shaped peaked (batch-balanced),200000,0,46,10267506.000000,223206.652173913055,896030642.689665794373,bytes/s,5.348707133632,8.952322862032
experiment-matrix-20260816-a,Tail probability / model-shaped peaked (batch-balanced),200000,1,92,19921666.000000,216539.847826086945,923617532.790681362152,bytes/s,5.335537827242,8.965492168422
experiment-matrix-20260816-a,Tail probability / model-shaped peaked (batch-balanced),200000,2,138,29338574.000000,212598.362318840576,940741018.973860144615,bytes/s,5.327559914756,8.973470080908
experiment-matrix-20260816-a,Tail probability / model-shaped peaked (batch-balanced),200000,3,184,37734805.000000,205080.461956521729,975226982.092527151108,bytes/s,5.311924287045,8.989105708619
experiment-matrix-20260816-a,Tail probability / model-shaped peaked (batch-balanced),200000,4,230,48542055.000000,211052.413043478271,947631903.923309326172,bytes/s,5.324390321975,8.976639673689
experiment-matrix-20260816-a,Tail probability / model-shaped peaked (batch-balanced),200000,5,276,58900025.000000,213405.887681159424,937181266.052094221115,bytes/s,5.329206397057,8.971823598607
experiment-matrix-20260816-a,Tail probability / model-shaped peaked (batch-balanced),200000,6,322,66291682.000000,205874.788819875772,971464263.042835474014,bytes/s,5.313603166692,8.987426828972
experiment-matrix-20260816-a,Tail probability / model-shaped peaked (batch-balanced),200000,7,368,78027279.000000,212030.649456521729,943259856.594512343407,bytes/s,5.326398643607,8.974631352057
experiment-matrix-20260816-a,Tail probability / model-shaped peaked (batch-balanced),200000,8,414,83579038.000000,201881.734299516917,990679026.480299949646,bytes/s,5.305097026959,8.995932968705
experiment-matrix-20260816-a,Tail probability / model-shaped peaked (batch-balanced),200000,9,460,97244374.000000,211400.813043478265,946070155.174221158028,bytes/s,5.325106653263,8.975923342401
experiment-matrix-20260816-a,Tail probability / model-shaped peaked (batch-balanced),200000,10,506,106913116.000000,211290.743083003967,946563001.680729150772,bytes/s,5.324880470474,8.976149525190
experiment-matrix-20260816-a,Tail probability / model-shaped peaked (batch-balanced),200000,11,552,111325609.000000,201676.827898550720,991685569.849431514740,bytes/s,5.304656001862,8.996373993802
experiment-matrix-20260816-a,Tail probability / model-shaped peaked (batch-balanced),200000,12,598,120235116.000000,201062.066889632115,994717716.245227336884,bytes/s,5.303330142728,8.997699852936
experiment-matrix-20260816-a,Tail probability / model-shaped peaked (batch-balanced),200000,13,644,132833630.000000,206263.400621118024,969633969.951735854149,bytes/s,5.314422173594,8.986607822070
experiment-matrix-20260816-a,Tail probability / model-shaped peaked (batch-balanced),200000,14,690,143347332.000000,207749.756521739124,962696675.791635990143,bytes/s,5.317540523473,8.983489472191
experiment-matrix-20260816-a,Tail probability / model-shaped peaked (batch-balanced),200000,15,736,152684565.000000,207451.854619565216,964079113.039356708527,bytes/s,5.316917321775,8.984112673889
experiment-matrix-20260816-a,Tail probability / model-shaped peaked (batch-balanced),200000,16,782,163026876.000000,208474.265984654718,959351021.361655831337,bytes/s,5.319052453408,8.981977542256
experiment-matrix-20260816-a,Tail probability / model-shaped peaked (batch-balanced),200000,17,828,167677156.000000,202508.642512077291,987612170.616729736328,bytes/s,5.306443562441,8.994586433223
experiment-matrix-20260816-a,Tail probability / model-shaped peaked (batch-balanced),200000,18,874,177944251.000000,203597.541189931362,982330134.396980285645,bytes/s,5.308772528802,8.992257466862
experiment-matrix-20260816-a,Tail probability / model-shaped peaked (batch-balanced),200000,19,920,189464747.000000,205939.942391304357,971156919.234162330627,bytes/s,5.313740586918,8.987289408746
experiment-matrix-20260816-a,Tail probability / model-shaped peaked (batch-balanced),4096,0,995,9831956.000000,9881.362814070351,414517721.600869655609,bytes/s,3.994816845581,8.617543102387
experiment-matrix-20260816-a,Tail probability / model-shaped peaked (batch-balanced),4096,1,1990,18811399.000000,9452.964321608040,433303232.789863228798,bytes/s,3.975568018736,8.636791929232
experiment-matrix-20260816-a,Tail probability / model-shaped peaked (batch-balanced),4096,2,2985,26874755.000000,9003.268006700167,454945914.855781972408,bytes/s,3.954400178291,8.657959769677
experiment-matrix-20260816-a,Tail probability / model-shaped peaked (batch-balanced),4096,3,3980,37145160.000000,9332.954773869347,438874943.599650621414,bytes/s,3.970019161306,8.642340786662
experiment-matrix-20260816-a,Tail probability / model-shaped peaked (batch-balanced),4096,4,4975,47292608.000000,9506.051859296482,430883405.711099743843,bytes/s,3.978000179214,8.634359768753
experiment-matrix-20260816-a,Tail probability / model-shaped peaked (batch-balanced),4096,5,5970,56878096.000000,9527.319262981575,429921564.181754589081,bytes/s,3.978970718784,8.633389229184
experiment-matrix-20260816-a,Tail probability / model-shaped peaked (batch-balanced),4096,6,6965,63000014.000000,9045.228140703517,452835454.925454497337,bytes/s,3.956419525203,8.655940422764
experiment-matrix-20260816-a,Tail probability / model-shaped peaked (batch-balanced),4096,7,7960,74953788.000000,9416.305025125628,434990156.868389368057,bytes/s,3.973880518292,8.638479429676
experiment-matrix-20260816-a,Tail probability / model-shaped peaked (batch-balanced),4096,8,8955,85196598.000000,9513.857956448912,430529866.932010591030,bytes/s,3.978356663040,8.634003284928
experiment-matrix-20260816-a,Tail probability / model-shaped peaked (batch-balanced),4096,9,9950,96092537.000000,9657.541407035176,424124508.233141958714,bytes/s,3.984866578873,8.627493369095
experiment-matrix-20260816-a,Tail probability / model-shaped peaked (batch-balanced),4096,10,10945,98955021.000000,9041.116582914572,453041387.359212458134,bytes/s,3.956222069397,8.656137878571
experiment-matrix-20260816-a,Tail probability / model-shaped peaked (batch-balanced),4096,11,11940,108483711.000000,9085.737939698492,450816436.395690798759,bytes/s,3.958360206286,8.653999741682
experiment-matrix-20260816-a,Tail probability / model-shaped peaked (batch-balanced),4096,12,12935,121846997.000000,9419.945651333592,434822041.613384962082,bytes/s,3.974048397125,8.638311550843
experiment-matrix-20260816-a,Tail probability / model-shaped peaked (batch-balanced),4096,13,13930,130390289.000000,9360.394041636755,437588415.806026816368,bytes/s,3.971294131485,8.641065816483
experiment-matrix-20260816-a,Tail probability / model-shaped peaked (batch-balanced),4096,14,14925,142175697.000000,9526.009849246231,429980659.774785578251,bytes/s,3.978911026207,8.633448921761
experiment-matrix-20260816-a,Tail probability / model-shaped peaked (batch-balanced),4096,15,15920,147136665.000000,9242.252826633166,443181990.022677183151,bytes/s,3.965777844697,8.646582103271
experiment-matrix-20260816-a,Tail probability / model-shaped peaked (batch-balanced),4096,16,16915,153310141.000000,9063.561395211351,451919485.221789717674,bytes/s,3.957298880941,8.655061067027
experiment-matrix-20260816-a,Tail probability / model-shaped peaked (batch-balanced),4096,17,17910,163589569.000000,9133.979285315467,448435437.836504101753,bytes/s,3.960660022348,8.651699925619
experiment-matrix-20260816-a,Tail probability / model-shaped peaked (batch-balanced),4096,18,18905,170679870.000000,9028.292515207617,453684901.447370469570,bytes/s,3.955605621704,8.656754326264
experiment-matrix-20260816-a,Tail probability / model-shaped peaked (batch-balanced),4096,19,19900,179089747.000000,8999.484773869346,455137166.506801784039,bytes/s,3.954217646520,8.658142301447
experiment-matrix-20260816-a,Tail probability / model-shaped peaked (batch-balanced),50000,0,166,8969464.000000,54032.915662650601,925361872.236735701561,bytes/s,4.732658403076,8.966311601260
experiment-matrix-20260816-a,Tail probability / model-shaped peaked (batch-balanced),50000,1,332,17871169.000000,53828.822289156626,928870405.735629320145,bytes/s,4.731014878071,8.967955126265
experiment-matrix-20260816-a,Tail probability / model-shaped peaked (batch-balanced),50000,2,498,27117317.000000,54452.443775100401,918232434.278066635132,bytes/s,4.736017375262,8.962952629074
experiment-matrix-20260816-a,Tail probability / model-shaped peaked (batch-balanced),50000,3,664,36613072.000000,55140.168674698798,906779960.993166565895,bytes/s,4.741468090286,8.957501914050
experiment-matrix-20260816-a,Tail probability / model-shaped peaked (batch-balanced),50000,4,830,49036694.000000,59080.354216867468,846305013.955467700958,bytes/s,4.771443090465,8.927526913871
experiment-matrix-20260816-a,Tail probability / model-shaped peaked (batch-balanced),50000,5,996,59817903.000000,60058.135542168675,832526676.837869048119,bytes/s,4.778571845740,8.920398158596
experiment-matrix-20260816-a,Tail probability / model-shaped peaked (batch-balanced),50000,6,1162,66773501.000000,57464.286574870916,870105642.656059026718,bytes/s,4.759398019261,8.939571985075
experiment-matrix-20260816-a,Tail probability / model-shaped peaked (batch-balanced),50000,7,1328,71067371.000000,53514.586596385539,934324698.742549538612,bytes/s,4.728472174823,8.970497829513
experiment-matrix-20260816-a,Tail probability / model-shaped peaked (batch-balanced),50000,8,1494,79593679.000000,53275.554886211510,938516738.245005607605,bytes/s,4.726527981761,8.972442022575
experiment-matrix-20260816-a,Tail probability / model-shaped peaked (batch-balanced),50000,9,1660,88313707.000000,53201.028313253009,939831457.873238205910,bytes/s,4.725920026777,8.973049977559
experiment-matrix-20260816-a,Tail probability / model-shaped peaked (batch-balanced),50000,10,1826,105148260.000000,57583.932092004383,868297773.068237185478,bytes/s,4.760301317151,8.938668687185
experiment-matrix-20260816-a,Tail probability / model-shaped peaked (batch-balanced),50000,11,1992,106903188.000000,53666.259036144576,931684095.333059668541,bytes/s,4.729701322573,8.969268681763
experiment-matrix-20260816-a,Tail probability / model-shaped peaked (batch-balanced),50000,12,2158,116217439.000000,53854.234939759037,928432091.848108887672,bytes/s,4.731219860627,8.967750143709
experiment-matrix-20260816-a,Tail probability / model-shaped peaked (batch-balanced),50000,13,2324,129051989.000000,55530.115748709119,900412313.676157355309,bytes/s,4.744528578731,8.954441425606
experiment-matrix-20260816-a,Tail probability / model-shaped peaked (batch-balanced),50000,14,2490,137549179.000000,55240.634136546185,905130811.431451678276,bytes/s,4.742258655432,8.956711348904
experiment-matrix-20260816-a,Tail probability / model-shaped peaked (batch-balanced),50000,15,2656,147755297.000000,55630.759412650601,898783344.464462757111,bytes/s,4.745314988513,8.953655015823
experiment-matrix-20260816-a,Tail probability / model-shaped peaked (batch-balanced),50000,16,2822,157834871.000000,55930.145641389085,893972283.222507953644,bytes/s,4.747645950227,8.951324054109
experiment-matrix-20260816-a,Tail probability / model-shaped peaked (batch-balanced),50000,17,2988,160040875.000000,53561.203145917003,933511516.979646563530,bytes/s,4.728850324011,8.970119680325
experiment-matrix-20260816-a,Tail probability / model-shaped peaked (batch-balanced),50000,18,3154,168725049.000000,53495.576727964486,934656714.783351540565,bytes/s,4.728317873945,8.970652130391
experiment-matrix-20260816-a,Tail probability / model-shaped peaked (batch-balanced),50000,19,3320,178660464.000000,53813.392771084335,929136733.911090731621,bytes/s,4.730890373859,8.968079630477
experiment-matrix-20260816-a,Tail probability / model-shaped peaked (online-balanced),100000,0,88,9420272.000000,107048.545454545456,934155616.738030433655,bytes/s,5.029580770600,8.970419229400
experiment-matrix-20260816-a,Tail probability / model-shaped peaked (online-balanced),100000,1,176,18400072.000000,104545.863636363632,956517996.233927845955,bytes/s,5.019306854605,8.980693145395
experiment-matrix-20260816-a,Tail probability / model-shaped peaked (online-balanced),100000,2,264,28298194.000000,107190.128787878784,932921726.382962822914,bytes/s,5.030154792723,8.969845207277
experiment-matrix-20260816-a,Tail probability / model-shaped peaked (online-balanced),100000,3,352,36996174.000000,105102.767045454544,951449736.397066354752,bytes/s,5.021614149870,8.978385850130
experiment-matrix-20260816-a,Tail probability / model-shaped peaked (online-balanced),100000,4,440,46074966.000000,104715.831818181818,954965436.111227989197,bytes/s,5.020012346927,8.979987653073
experiment-matrix-20260816-a,Tail probability / model-shaped peaked (online-balanced),100000,5,528,58966844.000000,111679.628787878784,895418449.052487850189,bytes/s,5.047973961729,8.952026038271
experiment-matrix-20260816-a,Tail probability / model-shaped peaked (online-balanced),100000,6,616,71422222.000000,115945.165584415590,862476667.275907397270,bytes/s,5.064252645136,8.935747354864
experiment-matrix-20260816-a,Tail probability / model-shaped peaked (online-balanced),100000,7,704,74273600.000000,105502.272727272721,947846879.644988298416,bytes/s,5.023261815295,8.976738184705
experiment-matrix-20260816-a,Tail probability / model-shaped peaked (online-balanced),100000,8,792,81939382.000000,103458.815656565654,966568188.175986051559,bytes/s,5.014767502521,8.985232497479
experiment-matrix-20260816-a,Tail probability / model-shaped peaked (online-balanced),100000,9,880,91346170.000000,103802.465909090912,963368250.688561916351,bytes/s,5.016207670641,8.983792329359
experiment-matrix-20260816-a,Tail probability / model-shaped peaked (online-balanced),100000,10,968,106280993.000000,109794.414256198346,910793146.240174889565,bytes/s,5.040580246130,8.959419753870
experiment-matrix-20260816-a,Tail probability / model-shaped peaked (online-balanced),100000,11,1056,113552968.000000,107531.219696969696,929962482.354490280151,bytes/s,5.031534571914,8.968465428086
experiment-matrix-20260816-a,Tail probability / model-shaped peaked (online-balanced),100000,12,1144,122398004.000000,106991.262237762232,934655764.484525442123,bytes/s,5.029348311172,8.970651688828
experiment-matrix-20260816-a,Tail probability / model-shaped peaked (online-balanced),100000,13,1232,127921567.000000,103832.440746753244,963090141.008044481277,bytes/s,5.016333062917,8.983666937083
experiment-matrix-20260816-a,Tail probability / model-shaped peaked (online-balanced),100000,14,1320,136994420.000000,103783.651515151520,963542894.666804671288,bytes/s,5.016128946808,8.983871053192
experiment-matrix-20260816-a,Tail probability / model-shaped peaked (online-balanced),100000,15,1408,146236747.000000,103861.325994318177,962822292.539097666740,bytes/s,5.016453862919,8.983546137081
experiment-matrix-20260816-a,Tail probability / model-shaped peaked (online-balanced),100000,16,1496,154671970.000000,103390.354278074868,967208214.907975912094,bytes/s,5.014480023485,8.985519976515
experiment-matrix-20260816-a,Tail probability / model-shaped peaked (online-balanced),100000,17,1584,165389700.000000,104412.689393939392,957737996.985301971436,bytes/s,5.018753282180,8.981246717820
experiment-matrix-20260816-a,Tail probability / model-shaped peaked (online-balanced),100000,18,1672,176193638.000000,105378.970095693774,948955943.573853731155,bytes/s,5.022753949751,8.977246050249
experiment-matrix-20260816-a,Tail probability / model-shaped peaked (online-balanced),100000,19,1760,186615506.000000,106031.537500000006,943115627.272687554359,bytes/s,5.025435058898,8.974564941102
experiment-matrix-20260816-a,Tail probability / model-shaped peaked (online-balanced),200000,0,46,9733595.000000,211599.891304347839,945180069.645387887955,bytes/s,5.325515440273,8.975514555391
experiment-matrix-20260816-a,Tail probability / model-shaped peaked (online-balanced),200000,1,92,18743431.000000,203732.945652173919,981677260.689358234406,bytes/s,5.309061264435,8.991968731229
experiment-matrix-20260816-a,Tail probability / model-shaped peaked (online-balanced),200000,2,138,28509092.000000,206587.623188405792,968112207.852849245071,bytes/s,5.315104299071,8.985925696593
experiment-matrix-20260816-a,Tail probability / model-shaped peaked (online-balanced),200000,3,184,38447450.000000,208953.532608695648,957150604.266342759132,bytes/s,5.320049717808,8.980980277856
experiment-matrix-20260816-a,Tail probability / model-shaped peaked (online-balanced),200000,4,230,47646958.000000,207160.686956521735,965434141.671751618385,bytes/s,5.316307342493,8.984722653171
experiment-matrix-20260816-a,Tail probability / model-shaped peaked (online-balanced),200000,5,276,57935110.000000,209909.818840579712,952790112.938423633575,bytes/s,5.322032753821,8.978997241843
experiment-matrix-20260816-a,Tail probability / model-shaped peaked (online-balanced),200000,6,322,74397230.000000,231047.298136645957,865623626.040915846825,bytes/s,5.363700894252,8.937329101412
experiment-matrix-20260816-a,Tail probability / model-shaped peaked (online-balanced),200000,7,368,75408538.000000,204914.505434782623,976016800.643980026245,bytes/s,5.311572702214,8.989457293450
experiment-matrix-20260816-a,Tail probability / model-shaped peaked (online-balanced),200000,8,414,85707518.000000,207022.990338164265,966076278.162669420242,bytes/s,5.316018577450,8.985011418214
experiment-matrix-20260816-a,Tail probability / model-shaped peaked (online-balanced),200000,9,460,94131220.000000,204633.086956521729,977359052.607625842094,bytes/s,5.310975855773,8.990054139891
experiment-matrix-20260816-a,Tail probability / model-shaped peaked (online-balanced),200000,10,506,101972490.000000,201526.660079051391,992424525.477410554886,bytes/s,5.304332507347,8.996697488317
experiment-matrix-20260816-a,Tail probability / model-shaped peaked (online-balanced),200000,11,552,111972954.000000,202849.554347826081,985952375.606702327728,bytes/s,5.307174057914,8.993855937750
experiment-matrix-20260816-a,Tail probability / model-shaped peaked (online-balanced),200000,12,598,121110146.000000,202525.327759197331,987530805.222545027733,bytes/s,5.306479343690,8.994550651974
experiment-matrix-20260816-a,Tail probability / model-shaped peaked (online-balanced),200000,13,644,129867424.000000,201657.490683229815,991780663.948489546776,bytes/s,5.304614358761,8.996415636903
experiment-matrix-20260816-a,Tail probability / model-shaped peaked (online-balanced),200000,14,690,138765965.000000,201110.094202898559,994480166.660463094711,bytes/s,5.303433869436,8.997596126228
experiment-matrix-20260816-a,Tail probability / model-shaped peaked (online-balanced),200000,15,736,156400490.000000,212500.665760869568,941173521.898812413216,bytes/s,5.327360295025,8.973669700639
experiment-matrix-20260816-a,Tail probability / model-shaped peaked (online-balanced),200000,16,782,164194534.000000,209967.434782608703,952528663.347587466240,bytes/s,5.322151942396,8.978878053268
experiment-matrix-20260816-a,Tail probability / model-shaped peaked (online-balanced),200000,17,828,170073128.000000,205402.328502415447,973698796.202537178993,bytes/s,5.312605362582,8.988424633082
experiment-matrix-20260816-a,Tail probability / model-shaped peaked (online-balanced),200000,18,874,177046374.000000,202570.221967963385,987311945.739142894745,bytes/s,5.306575603978,8.994454391686
experiment-matrix-20260816-a,Tail probability / model-shaped peaked (online-balanced),200000,19,920,185925769.000000,202093.227173913037,989642269.544680476189,bytes/s,5.305551759085,8.995478236579
experiment-matrix-20260816-a,Tail probability / model-shaped peaked (online-balanced),4096,0,1041,9001392.000000,8646.870317002882,473697401.468572854996,bytes/s,3.936858945615,8.675501002353
experiment-matrix-20260816-a,Tail probability / model-shaped peaked (online-balanced),4096,1,2082,17726764.000000,8514.295869356389,481073251.722649395466,bytes/s,3.930148737713,8.682211210255
experiment-matrix-20260816-a,Tail probability / model-shaped peaked (online-balanced),4096,2,3123,30955451.000000,9912.088056356068,413232809.950014948845,bytes/s,3.996165151542,8.616194796426
experiment-matrix-20260816-a,Tail probability / model-shaped peaked (online-balanced),4096,3,4164,47718481.000000,11459.769692603266,357424285.990997910500,bytes/s,4.059175889688,8.553184058280
experiment-matrix-20260816-a,Tail probability / model-shaped peaked (online-balanced),4096,4,5205,56876223.000000,10927.228242074929,374843456.113462328911,bytes/s,4.038510014481,8.573849933486
experiment-matrix-20260816-a,Tail probability / model-shaped peaked (online-balanced),4096,5,6246,56116134.000000,8984.331412103746,455904820.528085589409,bytes/s,3.953485763711,8.658874184257
experiment-matrix-20260816-a,Tail probability / model-shaped peaked (online-balanced),4096,6,7287,62848299.000000,8624.715109098395,474914237.535688877106,bytes/s,3.935744758402,8.676615189566
experiment-matrix-20260816-a,Tail probability / model-shaped peaked (online-balanced),4096,7,8328,71598610.000000,8597.335494716619,476426679.233018636703,bytes/s,3.934363874588,8.677996073380
experiment-matrix-20260816-a,Tail probability / model-shaped peaked (online-balanced),4096,8,9369,99313765.000000,10600.252428220729,386405892.476234257221,bytes/s,4.025316207423,8.587043740545
experiment-matrix-20260816-a,Tail probability / model-shaped peaked (online-balanced),4096,9,10410,93376620.000000,8969.896253602305,456638503.299862504005,bytes/s,3.952787419995,8.659572527973
experiment-matrix-20260816-a,Tail probability / model-shaped peaked (online-balanced),4096,10,11451,106397540.000000,9291.550082962187,440830643.264872491360,bytes/s,3.968088172155,8.644271775813
experiment-matrix-20260816-a,Tail probability / model-shaped peaked (online-balanced),4096,11,12492,107782467.000000,8628.119356388088,474726858.868428051472,bytes/s,3.935916144249,8.676443803718
experiment-matrix-20260816-a,Tail probability / model-shaped peaked (online-balanced),4096,12,13533,115396762.000000,8527.064361191162,480352888.931146979332,bytes/s,3.930799540995,8.681560406973
experiment-matrix-20260816-a,Tail probability / model-shaped peaked (online-balanced),4096,13,14574,121299456.000000,8323.003705228490,492130022.413290917873,bytes/s,3.920280087972,8.692079859996
experiment-matrix-20260816-a,Tail probability / model-shaped peaked (online-balanced),4096,14,15615,130115575.000000,8332.729747038104,491555603.547077298164,bytes/s,3.920787296709,8.691572651258
experiment-matrix-20260816-a,Tail probability / model-shaped peaked (online-balanced),4096,15,16656,138956426.000000,8342.724903938521,490966686.204206228256,bytes/s,3.921307923235,8.691052024733
experiment-matrix-20260816-a,Tail probability / model-shaped peaked (online-balanced),4096,16,17697,146391322.000000,8272.098208735944,495158531.323325276375,bytes/s,3.917615681850,8.694744266118
experiment-matrix-20260816-a,Tail probability / model-shaped peaked (online-balanced),4096,17,18738,154078067.000000,8222.759472729213,498129613.736652135849,bytes/s,3.915017586721,8.697342361247
experiment-matrix-20260816-a,Tail probability / model-shaped peaked (online-balanced),4096,18,19779,163909688.000000,8287.056372920775,494264768.535219192505,bytes/s,3.918400293153,8.693959654814
experiment-matrix-20260816-a,Tail probability / model-shaped peaked (online-balanced),4096,19,20820,172061770.000000,8264.254082612872,495628517.595744848251,bytes/s,3.917203661002,8.695156286966
experiment-matrix-20260816-a,Tail probability / model-shaped peaked (online-balanced),50000,0,163,8994403.000000,55180.386503067486,906119060.931559324265,bytes/s,4.741784738107,8.957185266229
experiment-matrix-20260816-a,Tail probability / model-shaped peaked (online-balanced),50000,1,326,17989994.000000,55184.030674846625,906059223.810747265816,bytes/s,4.741813418432,8.957156585904
experiment-matrix-20260816-a,Tail probability / model-shaped peaked (online-balanced),50000,2,489,26763287.000000,54730.648261758688,913564914.503962159157,bytes/s,4.738230592210,8.960739412126
experiment-matrix-20260816-a,Tail probability / model-shaped peaked (online-balanced),50000,3,652,35494872.000000,54439.987730061352,918442528.825008869171,bytes/s,4.735918018648,8.963051985688
experiment-matrix-20260816-a,Tail probability / model-shaped peaked (online-balanced),50000,4,815,44262087.000000,54309.309202453987,920652476.237733721733,bytes/s,4.734874278737,8.964095725599
experiment-matrix-20260816-a,Tail probability / model-shaped peaked (online-balanced),50000,5,978,53058714.000000,54252.263803680980,921620527.779847860336,bytes/s,4.734417864860,8.964552139476
experiment-matrix-20260816-a,Tail probability / model-shaped peaked (online-balanced),50000,6,1141,62248728.000000,54556.290972830851,916484590.657017111778,bytes/s,4.736844837001,8.962125167335
experiment-matrix-20260816-a,Tail probability / model-shaped peaked (online-balanced),50000,7,1304,73011594.000000,55990.486196319020,893008855.552448272705,bytes/s,4.748114238730,8.950855765606
experiment-matrix-20260816-a,Tail probability / model-shaped peaked (online-balanced),50000,8,1467,81301658.000000,55420.353101567824,902195623.120010733604,bytes/s,4.743669288490,8.955300715846
experiment-matrix-20260816-a,Tail probability / model-shaped peaked (online-balanced),50000,9,1630,93660565.000000,57460.469325153375,870163446.056512713432,bytes/s,4.759369168897,8.939600835439
experiment-matrix-20260816-a,Tail probability / model-shaped peaked (online-balanced),50000,10,1793,100425834.000000,56009.946458449529,892698585.903702735901,bytes/s,4.748265157514,8.950704846822
experiment-matrix-20260816-a,Tail probability / model-shaped peaked (online-balanced),50000,11,1956,109122628.000000,55788.664621676893,896239412.415910601616,bytes/s,4.746545966100,8.952424038236
experiment-matrix-20260816-a,Tail probability / model-shaped peaked (online-balanced),50000,12,2119,116396143.000000,54929.751297781972,910253529.620822548866,bytes/s,4.739807632696,8.959162371640
experiment-matrix-20260816-a,Tail probability / model-shaped peaked (online-balanced),50000,13,2282,124084912.000000,54375.509202453984,919531618.799874782562,bytes/s,4.735403336956,8.963566667380
experiment-matrix-20260816-a,Tail probability / model-shaped peaked (online-balanced),50000,14,2445,132588191.000000,54228.298977505110,922027814.679212331772,bytes/s,4.734225981786,8.964744022550
experiment-matrix-20260816-a,Tail probability / model-shaped peaked (online-balanced),50000,15,2608,148108105.000000,56789.917561349692,880437974.680723905563,bytes/s,4.754271238244,8.944698766092
experiment-matrix-20260816-a,Tail probability / model-shaped peaked (online-balanced),50000,16,2771,161201045.000000,58174.321544568746,859485743.408177018166,bytes/s,4.764731327048,8.934238677288
experiment-matrix-20260816-a,Tail probability / model-shaped peaked (online-balanced),50000,17,2934,161942119.000000,55194.996250852077,905879217.252924799919,bytes/s,4.741899708180,8.957070296157
experiment-matrix-20260816-a,Tail probability / model-shaped peaked (online-balanced),50000,18,3097,167742606.000000,54162.933806909910,923140540.692446470261,bytes/s,4.733702180449,8.965267823887
experiment-matrix-20260816-a,Tail probability / model-shaped peaked (online-balanced),50000,19,3260,177105035.000000,54326.697852760735,920357797.845781207085,bytes/s,4.735013308054,8.963956696282
experiment-matrix-20260816-a,Tail probability / model-shaped peaked (widening-u128),100000,0,61,9557240.000000,156676.065573770495,638259581.218008518219,bytes/s,5.195002657074,8.804997342926
experiment-matrix-20260816-a,Tail probability / model-shaped peaked (widening-u128),100000,1,122,18536271.000000,151936.647540983598,658169056.764437675476,bytes/s,5.181662539532,8.818337460468
experiment-matrix-20260816-a,Tail probability / model-shaped peaked (widening-u128),100000,2,183,27524905.000000,150409.316939890705,664852430.916655302048,bytes/s,5.177274738983,8.822725261017
experiment-matrix-20260816-a,Tail probability / model-shaped peaked (widening-u128),100000,3,244,37918908.000000,155405.360655737692,643478446.162004470825,bytes/s,5.191465995566,8.808534004434
experiment-matrix-20260816-a,Tail probability / model-shaped peaked (widening-u128),100000,4,305,47030938.000000,154199.796721311490,648509285.526050925255,bytes/s,5.188083801193,8.811916198807
experiment-matrix-20260816-a,Tail probability / model-shaped peaked (widening-u128),100000,5,366,57964455.000000,158372.827868852473,631421446.125905871391,bytes/s,5.199680671452,8.800319328548
experiment-matrix-20260816-a,Tail probability / model-shaped peaked (widening-u128),100000,6,427,64987537.000000,152195.637002341915,657049058.498708724976,bytes/s,5.182402202678,8.817597797322
experiment-matrix-20260816-a,Tail probability / model-shaped peaked (widening-u128),100000,7,488,73245266.000000,150092.758196721319,666254662.792814493179,bytes/s,5.176359738539,8.823640261461
experiment-matrix-20260816-a,Tail probability / model-shaped peaked (widening-u128),100000,8,549,82586409.000000,150430.617486338801,664758289.708419203758,bytes/s,5.177336238198,8.822663761802
experiment-matrix-20260816-a,Tail probability / model-shaped peaked (widening-u128),100000,9,610,92306923.000000,151322.824590163946,660838840.874372959137,bytes/s,5.179904439232,8.820095560768
experiment-matrix-20260816-a,Tail probability / model-shaped peaked (widening-u128),100000,10,671,104713844.000000,156056.399403874821,640793971.807586312294,bytes/s,5.193281582478,8.806718417522
experiment-matrix-20260816-a,Tail probability / model-shaped peaked (widening-u128),100000,11,732,111011211.000000,151654.659836065577,659392860.780520558357,bytes/s,5.180855759256,8.819144240744
experiment-matrix-20260816-a,Tail probability / model-shaped peaked (widening-u128),100000,12,793,124779296.000000,157350.940731399751,635522098.153206467628,bytes/s,5.196869343711,8.803130656289
experiment-matrix-20260816-a,Tail probability / model-shaped peaked (widening-u128),100000,13,854,128605218.000000,150591.590163934423,664047706.058085441589,bytes/s,5.177800719226,8.822199280774
experiment-matrix-20260816-a,Tail probability / model-shaped peaked (widening-u128),100000,14,915,140720315.000000,153792.693989071035,650225946.410083055496,bytes/s,5.186935704545,8.813064295455
experiment-matrix-20260816-a,Tail probability / model-shaped peaked (widening-u128),100000,15,976,154281133.000000,158074.931352459011,632611377.050232052803,bytes/s,5.198863001883,8.801136998117
experiment-matrix-20260816-a,Tail probability / model-shaped peaked (widening-u128),100000,16,1037,157600061.000000,151976.915139826422,657994669.177190184593,bytes/s,5.181777624861,8.818222375139
experiment-matrix-20260816-a,Tail probability / model-shaped peaked (widening-u128),100000,17,1098,169881625.000000,154719.148451730405,646332409.405667066574,bytes/s,5.189544066461,8.810455933539
experiment-matrix-20260816-a,Tail probability / model-shaped peaked (widening-u128),100000,18,1159,183431866.000000,158267.356341673847,631842233.998753547668,bytes/s,5.199391348074,8.800608651926
experiment-matrix-20260816-a,Tail probability / model-shaped peaked (widening-u128),100000,19,1220,187619884.000000,153786.790163934435,650250908.373869299889,bytes/s,5.186919032440,8.813080967560
experiment-matrix-20260816-a,Tail probability / model-shaped peaked (widening-u128),200000,0,31,11770553.000000,379695.258064516122,526738208.476696074009,bytes/s,5.579435173360,8.721594822304
experiment-matrix-20260816-a,Tail probability / model-shaped peaked (widening-u128),200000,1,62,21549356.000000,347570.258064516122,575423228.425016522408,bytes/s,5.541042606352,8.759987389312
experiment-matrix-20260816-a,Tail probability / model-shaped peaked (widening-u128),200000,2,93,30001021.000000,322591.623655913980,619978900.051434874535,bytes/s,5.508653086403,8.792376909261
experiment-matrix-20260816-a,Tail probability / model-shaped peaked (widening-u128),200000,3,124,37456464.000000,302068.258064516122,662102007.279704809189,bytes/s,5.480105091140,8.820924904524
experiment-matrix-20260816-a,Tail probability / model-shaped peaked (widening-u128),200000,4,155,47115232.000000,303969.238709677418,657961314.931018471718,bytes/s,5.482829635798,8.818200359866
experiment-matrix-20260816-a,Tail probability / model-shaped peaked (widening-u128),200000,5,186,56765850.000000,305192.741935483878,655323579.229413390160,bytes/s,5.484574201056,8.816455794608
experiment-matrix-20260816-a,Tail probability / model-shaped peaked (widening-u128),200000,6,217,68746932.000000,316806.138248847914,631300899.362316250801,bytes/s,5.500793587633,8.800236408031
experiment-matrix-20260816-a,Tail probability / model-shaped peaked (widening-u128),200000,7,248,98054430.000000,395380.766129032243,505841500.480906367302,bytes/s,5.597015538606,8.704014457058
experiment-matrix-20260816-a,Tail probability / model-shaped peaked (widening-u128),200000,8,279,85640809.000000,306956.304659498215,651558534.436544179916,bytes/s,5.487076557901,8.813953437763
experiment-matrix-20260816-a,Tail probability / model-shaped peaked (widening-u128),200000,9,310,94625824.000000,305244.593548387114,655212260.027452945709,bytes/s,5.484647980519,8.816382015145
experiment-matrix-20260816-a,Tail probability / model-shaped peaked (widening-u128),200000,10,341,103889132.000000,304660.211143694993,656469052.027501821518,bytes/s,5.483815738735,8.817214256929
experiment-matrix-20260816-a,Tail probability / model-shaped peaked (widening-u128),200000,11,372,111313214.000000,299229.069892473111,668384258.494234085083,bytes/s,5.476003782644,8.825026213020
experiment-matrix-20260816-a,Tail probability / model-shaped peaked (widening-u128),200000,12,403,121360322.000000,301142.238213399483,664137987.372841715813,bytes/s,5.478771673934,8.822258321730
experiment-matrix-20260816-a,Tail probability / model-shaped peaked (widening-u128),200000,13,434,130961317.000000,301754.186635944701,662791135.492322564125,bytes/s,5.479653304354,8.821376691310
experiment-matrix-20260816-a,Tail probability / model-shaped peaked (widening-u128),200000,14,465,139221531.000000,299401.141935483844,668000124.204926371574,bytes/s,5.476253452438,8.824776543226
experiment-matrix-20260816-a,Tail probability / model-shaped peaked (widening-u128),200000,15,496,146801356.000000,295970.475806451635,675743076.923621773720,bytes/s,5.471248390674,8.829781604990
experiment-matrix-20260816-a,Tail probability / model-shaped peaked (widening-u128),200000,16,527,158813710.000000,301354.288425047416,663670661.682798147202,bytes/s,5.479077376080,8.821952619584
experiment-matrix-20260816-a,Tail probability / model-shaped peaked (widening-u128),200000,17,558,165275259.000000,296192.220430107554,675237181.143972635269,bytes/s,5.471573647471,8.829456348193
experiment-matrix-20260816-a,Tail probability / model-shaped peaked (widening-u128),200000,18,589,178872533.000000,303688.511035653646,658569530.068655133247,bytes/s,5.482428362257,8.818601633407
experiment-matrix-20260816-a,Tail probability / model-shaped peaked (widening-u128),200000,19,620,189944198.000000,306361.609677419357,652823309.717520236969,bytes/s,5.486234342717,8.814795652947
experiment-matrix-20260816-a,Tail probability / model-shaped peaked (widening-u128),4096,0,866,9075003.000000,10479.218244803695,390868851.503409981728,bytes/s,4.020328885259,8.592031062709
experiment-matrix-20260816-a,Tail probability / model-shaped peaked (widening-u128),4096,1,1732,17912104.000000,10341.861431870670,396060228.323819458485,bytes/s,4.014598714467,8.597761233501
experiment-matrix-20260816-a,Tail probability / model-shaped peaked (widening-u128),4096,2,2598,27101239.000000,10431.577752117013,392653929.955010533333,bytes/s,4.018349999435,8.594009948533
experiment-matrix-20260816-a,Tail probability / model-shaped peaked (widening-u128),4096,3,3464,37108650.000000,10712.658775981525,382351392.465099096298,bytes/s,4.029897271806,8.582462676162
experiment-matrix-20260816-a,Tail probability / model-shaped peaked (widening-u128),4096,4,4330,47752110.000000,11028.200923787528,371411441.295473694801,bytes/s,4.042504669956,8.569855278012
experiment-matrix-20260816-a,Tail probability / model-shaped peaked (widening-u128),4096,5,5196,56848748.000000,10940.867590454196,374376160.403743624687,bytes/s,4.039051762108,8.573308185860
experiment-matrix-20260816-a,Tail probability / model-shaped peaked (widening-u128),4096,6,6062,64024128.000000,10561.551963048500,387821791.184723317623,bytes/s,4.023727740117,8.588632207851
experiment-matrix-20260816-a,Tail probability / model-shaped peaked (widening-u128),4096,7,6928,75268276.000000,10864.358545034642,377012594.256842017174,bytes/s,4.036004089738,8.576355858229
experiment-matrix-20260816-a,Tail probability / model-shaped peaked (widening-u128),4096,8,7794,86531007.000000,11102.259045419554,368933924.460164844990,bytes/s,4.045411356367,8.566948591601
experiment-matrix-20260816-a,Tail probability / model-shaped peaked (widening-u128),4096,9,8660,91284363.000000,10540.919515011547,388580900.761721968651,bytes/s,4.022878497298,8.589481450670
experiment-matrix-20260816-a,Tail probability / model-shaped peaked (widening-u128),4096,10,9526,98982909.000000,10390.815557421793,394194274.488336205482,bytes/s,4.016649635929,8.595710312038
experiment-matrix-20260816-a,Tail probability / model-shaped peaked (widening-u128),4096,11,10392,106384910.000000,10237.193033102387,400109677.208919942379,bytes/s,4.010180892446,8.602179055522
experiment-matrix-20260816-a,Tail probability / model-shaped peaked (widening-u128),4096,12,11258,114950619.000000,10210.571948836383,401152846.336564779282,bytes/s,4.009050069929,8.603309878039
experiment-matrix-20260816-a,Tail probability / model-shaped peaked (widening-u128),4096,13,12124,127654021.000000,10529.035054437480,389019504.524655759335,bytes/s,4.022388571590,8.589971376377
experiment-matrix-20260816-a,Tail probability / model-shaped peaked (widening-u128),4096,14,12990,141397766.000000,10885.124403387221,376293356.713995039463,bytes/s,4.036833396849,8.575526551118
experiment-matrix-20260816-a,Tail probability / model-shaped peaked (widening-u128),4096,15,13856,143397532.000000,10349.129041570439,395782097.560786485672,bytes/s,4.014903802126,8.597456145842
experiment-matrix-20260816-a,Tail probability / model-shaped peaked (widening-u128),4096,16,14722,154749343.000000,10511.434791468551,389670875.694767832756,bytes/s,4.021662000470,8.590697947497
experiment-matrix-20260816-a,Tail probability / model-shaped peaked (widening-u128),4096,17,15588,160213516.000000,10278.003335899410,398520983.710263252258,bytes/s,4.011908754307,8.600451193661
experiment-matrix-20260816-a,Tail probability / model-shaped peaked (widening-u128),4096,18,16454,174965434.000000,10633.610915278960,385193706.318014800549,bytes/s,4.026680765397,8.585679182571
experiment-matrix-20260816-a,Tail probability / model-shaped peaked (widening-u128),4096,19,17320,183595190.000000,10600.184180138569,386408380.306695342064,bytes/s,4.025313411276,8.587046536691
experiment-matrix-20260816-a,Tail probability / model-shaped peaked (widening-u128),50000,0,119,9417000.000000,79134.453781512610,631836041.202081322670,bytes/s,4.898365609027,8.800604395309
experiment-matrix-20260816-a,Tail probability / model-shaped peaked (widening-u128),50000,1,238,18911972.000000,79462.067226890751,629231050.045970916748,bytes/s,4.900159859153,8.798810145183
experiment-matrix-20260816-a,Tail probability / model-shaped peaked (widening-u128),50000,2,357,31646594.000000,88645.921568627455,564041741.743203043938,bytes/s,4.947658759328,8.751311245008
experiment-matrix-20260816-a,Tail probability / model-shaped peaked (widening-u128),50000,3,476,47887373.000000,100603.724789915970,496999490.867874503136,bytes/s,5.002614060499,8.696355943837
experiment-matrix-20260816-a,Tail probability / model-shaped peaked (widening-u128),50000,4,595,52266369.000000,87842.636974789915,569199670.250673055649,bytes/s,4.943705364520,8.755264639816
experiment-matrix-20260816-a,Tail probability / model-shaped peaked (widening-u128),50000,5,714,58194863.000000,81505.410364145660,613456208.325466752052,bytes/s,4.911186438351,8.787783565985
experiment-matrix-20260816-a,Tail probability / model-shaped peaked (widening-u128),50000,6,833,76518086.000000,91858.446578631454,544315758.237862825394,bytes/s,4.963119096775,8.735850907561
experiment-matrix-20260816-a,Tail probability / model-shaped peaked (widening-u128),50000,7,952,76928236.000000,80806.970588235301,618758501.104847788811,bytes/s,4.907448825594,8.791521178742
experiment-matrix-20260816-a,Tail probability / model-shaped peaked (widening-u128),50000,8,1071,83175775.000000,77661.788048552757,643817265.303509354591,bytes/s,4.890207385317,8.808762619019
experiment-matrix-20260816-a,Tail probability / model-shaped peaked (widening-u128),50000,9,1190,93211406.000000,78328.912605042016,638333896.604885458946,bytes/s,4.893922097526,8.805047906810
experiment-matrix-20260816-a,Tail probability / model-shaped peaked (widening-u128),50000,10,1309,111107045.000000,84879.331550802133,589071557.073631167412,bytes/s,4.928801950713,8.770168053623
experiment-matrix-20260816-a,Tail probability / model-shaped peaked (widening-u128),50000,11,1428,112547759.000000,78814.957282913165,634397349.484319806099,bytes/s,4.896608644507,8.802361359829
experiment-matrix-20260816-a,Tail probability / model-shaped peaked (widening-u128),50000,12,1547,120561396.000000,77932.382676147376,641581821.099682688713,bytes/s,4.891717954403,8.807252049933
experiment-matrix-20260816-a,Tail probability / model-shaped peaked (widening-u128),50000,13,1666,128828410.000000,77327.977190876351,646596507.711303710938,bytes/s,4.888336649693,8.810633354643
experiment-matrix-20260816-a,Tail probability / model-shaped peaked (widening-u128),50000,14,1785,137398794.000000,76974.114285714284,649569020.234631776810,bytes/s,4.886344700329,8.812625304007
experiment-matrix-20260816-a,Tail probability / model-shaped peaked (widening-u128),50000,15,1904,146797174.000000,77099.356092436981,648513846.731136560440,bytes/s,4.887050750987,8.811919253350
experiment-matrix-20260816-a,Tail probability / model-shaped peaked (widening-u128),50000,16,2023,155999262.000000,77112.833415719229,648400503.330586314201,bytes/s,4.887126661032,8.811843343304
experiment-matrix-20260816-a,Tail probability / model-shaped peaked (widening-u128),50000,17,2142,168141609.000000,78497.483193277309,636963096.980950117111,bytes/s,4.894855732506,8.804114271830
experiment-matrix-20260816-a,Tail probability / model-shaped peaked (widening-u128),50000,18,2261,174998754.000000,77398.829721362228,646004599.552748799324,bytes/s,4.888734394153,8.810235610183
experiment-matrix-20260816-a,Tail probability / model-shaped peaked (widening-u128),50000,19,2380,186128210.000000,78205.130252100847,639344245.560627222061,bytes/s,4.893235243688,8.805734760648
experiment-matrix-20260816-a,Tail probability / vec![1; n] (batch-balanced),16,0,35354,8322172.000000,235.395485659331,67970717.259869173169,bytes/s,2.371798129824,7.832321852832
experiment-matrix-20260816-a,Tail probability / vec![1; n] (batch-balanced),16,1,70708,16889283.000000,238.859577416983,66984963.186418272555,bytes/s,2.378142659628,7.825977323028
experiment-matrix-20260816-a,Tail probability / vec![1; n] (batch-balanced),16,2,106062,25432012.000000,239.784390262299,66726612.113898023963,bytes/s,2.379820907522,7.824299075134
experiment-matrix-20260816-a,Tail probability / vec![1; n] (batch-balanced),16,3,141416,34559281.000000,244.380275216383,65471732.470360130072,bytes/s,2.388066149564,7.816053833092
experiment-matrix-20260816-a,Tail probability / vec![1; n] (batch-balanced),16,4,176770,42746268.000000,241.818566498840,66165308.279075965285,bytes/s,2.383489642341,7.820630340315
experiment-matrix-20260816-a,Tail probability / vec![1; n] (batch-balanced),16,5,212124,54037322.000000,254.744027078501,62808145.821882143617,bytes/s,2.406104010000,7.798015972656
experiment-matrix-20260816-a,Tail probability / vec![1; n] (batch-balanced),16,6,247478,60999339.000000,246.483885436281,64912965.696234837174,bytes/s,2.391788531342,7.812331451314
experiment-matrix-20260816-a,Tail probability / vec![1; n] (batch-balanced),16,7,282832,69985835.000000,247.446664450982,64660398.779267258942,bytes/s,2.393481603953,7.810638378703
experiment-matrix-20260816-a,Tail probability / vec![1; n] (batch-balanced),16,8,318186,76760271.000000,241.243395372518,66323059.229428723454,bytes/s,2.382455432306,7.821664550350
experiment-matrix-20260816-a,Tail probability / vec![1; n] (batch-balanced),16,9,353540,84210767.000000,238.193038977202,67172408.012861356139,bytes/s,2.376929065384,7.827190917272
experiment-matrix-20260816-a,Tail probability / vec![1; n] (batch-balanced),16,10,388894,93635301.000000,240.773323836315,66452544.430865876377,bytes/s,2.381608368165,7.822511614491
experiment-matrix-20260816-a,Tail probability / vec![1; n] (batch-balanced),16,11,424248,103909807.000000,244.927040316042,65325576.054625913501,bytes/s,2.389036734540,7.815083248116
experiment-matrix-20260816-a,Tail probability / vec![1; n] (batch-balanced),16,12,459602,110633729.000000,240.716378518805,66468264.845343858004,bytes/s,2.381505640995,7.822614341661
experiment-matrix-20260816-a,Tail probability / vec![1; n] (batch-balanced),16,13,494956,117398032.000000,237.188824865241,67456803.705193281174,bytes/s,2.375094223420,7.829025759236
experiment-matrix-20260816-a,Tail probability / vec![1; n] (batch-balanced),16,14,530310,126568681.000000,238.669233090079,67038385.270049549639,bytes/s,2.377796437606,7.826323545050
experiment-matrix-20260816-a,Tail probability / vec![1; n] (batch-balanced),16,15,565664,134852146.000000,238.396196328563,67115164.782027274370,bytes/s,2.377299321845,7.826820660810
experiment-matrix-20260816-a,Tail probability / vec![1; n] (batch-balanced),16,16,601018,147840784.000000,245.983953891564,65044893.160198614001,bytes/s,2.390906777983,7.813213204673
experiment-matrix-20260816-a,Tail probability / vec![1; n] (batch-balanced),16,17,636372,155177471.000000,243.847106723740,65614885.552555494010,bytes/s,2.387117607000,7.817002375656
experiment-matrix-20260816-a,Tail probability / vec![1; n] (batch-balanced),16,18,671726,164967773.000000,245.587892980173,65149791.408046714962,bytes/s,2.390206953098,7.813913029558
experiment-matrix-20260816-a,Tail probability / vec![1; n] (batch-balanced),16,19,707080,172155044.000000,243.473219437687,65715646.414635404944,bytes/s,2.386451198446,7.817668784210
experiment-matrix-20260816-a,Tail probability / vec![1; n] (batch-balanced),200000,0,3,152503964.000000,50834654.666666664183,3934323.962884007487,bytes/s,7.706159877625,6.594870118039
experiment-matrix-20260816-a,Tail probability / vec![1; n] (batch-balanced),200000,1,3,151510664.000000,50503554.666666664183,3960117.289169823751,bytes/s,7.703321946788,6.597708048876
experiment-matrix-20260816-a,Tail probability / vec![1; n] (batch-balanced),200000,2,3,157793783.000000,52597927.666666664183,3802431.176898775622,bytes/s,7.720968633495,6.580061362169
experiment-matrix-20260816-a,Tail probability / vec![1; n] (batch-balanced),200000,3,3,148068558.000000,49356186.000000000000,4052176.965213641059,bytes/s,7.693341592209,6.607688403455
experiment-matrix-20260816-a,Tail probability / vec![1; n] (batch-balanced),200000,4,3,147027682.000000,49009227.333333335817,4080864.173591473605,bytes/s,7.690277855593,6.610752140071
experiment-matrix-20260816-a,Tail probability / vec![1; n] (batch-balanced),200000,5,3,153333147.000000,51111049.000000000000,3913048.233465136029,bytes/s,7.708514794480,6.592515201184
experiment-matrix-20260816-a,Tail probability / vec![1; n] (batch-balanced),200000,6,3,152133152.000000,50711050.666666664183,3943913.552780396305,bytes/s,7.705102608655,6.595927387009
experiment-matrix-20260816-a,Tail probability / vec![1; n] (batch-balanced),200000,7,3,148473706.000000,49491235.333333335817,4041119.577091986779,bytes/s,7.694528294218,6.606501701446
experiment-matrix-20260816-a,Tail probability / vec![1; n] (batch-balanced),200000,8,3,147693625.000000,49231208.333333335817,4062463.765785422176,bytes/s,7.692240495250,6.608789500414
experiment-matrix-20260816-a,Tail probability / vec![1; n] (batch-balanced),200000,9,3,148483207.000000,49494402.333333335817,4040860.997836610302,bytes/s,7.694556084323,6.606473911341
experiment-matrix-20260816-a,Tail probability / vec![1; n] (batch-balanced),200000,10,3,145736229.000000,48578743.000000000000,4117027.070873365272,bytes/s,7.686446273021,6.614583722643
experiment-matrix-20260816-a,Tail probability / vec![1; n] (batch-balanced),200000,11,3,148130334.000000,49376778.000000000000,4050487.052840912249,bytes/s,7.693522747352,6.607507248312
experiment-matrix-20260816-a,Tail probability / vec![1; n] (batch-balanced),200000,12,3,146485198.000000,48828399.333333335817,4095976.987381346058,bytes/s,7.688672487706,6.612357507958
experiment-matrix-20260816-a,Tail probability / vec![1; n] (batch-balanced),200000,13,3,146930401.000000,48976800.333333335817,4083566.068808319513,bytes/s,7.689990409148,6.611039586516
experiment-matrix-20260816-a,Tail probability / vec![1; n] (batch-balanced),200000,14,3,150092498.000000,50030832.666666664183,3997534.906774621457,bytes/s,7.699237730937,6.601792264727
experiment-matrix-20260816-a,Tail probability / vec![1; n] (batch-balanced),200000,15,3,152279949.000000,50759983.000000000000,3940111.642669383902,bytes/s,7.705521467973,6.595508527691
experiment-matrix-20260816-a,Tail probability / vec![1; n] (batch-balanced),200000,16,3,148973727.000000,49657909.000000000000,4027555.811905007809,bytes/s,7.695988428290,6.605041567374
experiment-matrix-20260816-a,Tail probability / vec![1; n] (batch-balanced),200000,17,3,148081239.000000,49360413.000000000000,4051829.955312570091,bytes/s,7.693378784795,6.607651210869
experiment-matrix-20260816-a,Tail probability / vec![1; n] (batch-balanced),200000,18,3,149176187.000000,49725395.666666664183,4022089.665021401830,bytes/s,7.696578247506,6.604451748158
experiment-matrix-20260816-a,Tail probability / vec![1; n] (batch-balanced),200000,19,3,148733853.000000,49577951.000000000000,4034051.346736778039,bytes/s,7.695288573909,6.605741421755
experiment-matrix-20260816-a,Tail probability / vec![1; n] (batch-balanced),256,0,1711,9121027.000000,5330.816481589713,48022662.360280260444,bytes/s,3.726793731783,7.681446233529
experiment-matrix-20260816-a,Tail probability / vec![1; n] (batch-balanced),256,1,3422,18639711.000000,5447.022501461134,46998153.565792940557,bytes/s,3.736159169332,7.672080795980
experiment-matrix-20260816-a,Tail probability / vec![1; n] (batch-balanced),256,2,5133,27409958.000000,5339.948957724528,47940533.144924923778,bytes/s,3.727537105814,7.680702859498
experiment-matrix-20260816-a,Tail probability / vec![1; n] (batch-balanced),256,3,6844,37116432.000000,5423.207481005260,47204537.332683272660,bytes/s,3.734256219986,7.673983745326
experiment-matrix-20260816-a,Tail probability / vec![1; n] (batch-balanced),256,4,8555,45627281.000000,5333.405143191117,47999353.719981692731,bytes/s,3.727004575389,7.681235389923
experiment-matrix-20260816-a,Tail probability / vec![1; n] (batch-balanced),256,5,10266,64207888.000000,6254.421196181570,40931045.730705238879,bytes/s,3.796187124911,7.612052840401
experiment-matrix-20260816-a,Tail probability / vec![1; n] (batch-balanced),256,6,11977,86633372.000000,7233.311513734659,35391811.829741545022,bytes/s,3.859337169063,7.548902796249
experiment-matrix-20260816-a,Tail probability / vec![1; n] (batch-balanced),256,7,13688,73497632.000000,5369.493863237873,47676746.918866716325,bytes/s,3.729933350362,7.678306614950
experiment-matrix-20260816-a,Tail probability / vec![1; n] (batch-balanced),256,8,15399,84076548.000000,5459.870640950711,46887557.752727903426,bytes/s,3.737182353220,7.671057612092
experiment-matrix-20260816-a,Tail probability / vec![1; n] (batch-balanced),256,9,17110,89828038.000000,5250.031443600234,48761612.716065332294,bytes/s,3.720161904500,7.688078060812
experiment-matrix-20260816-a,Tail probability / vec![1; n] (batch-balanced),256,10,18821,96059308.000000,5103.836565538494,50158345.925206959248,bytes/s,3.707896759008,7.700343206304
experiment-matrix-20260816-a,Tail probability / vec![1; n] (batch-balanced),256,11,20532,106805750.000000,5201.916520553283,49212631.342413678765,bytes/s,3.716163378434,7.692076586878
experiment-matrix-20260816-a,Tail probability / vec![1; n] (batch-balanced),256,12,22243,127979640.000000,5753.704086678955,44493077.180088959634,bytes/s,3.759947522339,7.648292442973
experiment-matrix-20260816-a,Tail probability / vec![1; n] (batch-balanced),256,13,23954,135737928.000000,5666.607998664106,45176938.313070461154,bytes/s,3.753323170308,7.654916795004
experiment-matrix-20260816-a,Tail probability / vec![1; n] (batch-balanced),256,14,25665,145667747.000000,5675.735320475355,45104287.910761743784,bytes/s,3.754022134577,7.654217830735
experiment-matrix-20260816-a,Tail probability / vec![1; n] (batch-balanced),256,15,27376,146329414.000000,5345.171464056108,47893692.788245566189,bytes/s,3.727961641200,7.680278324111
experiment-matrix-20260816-a,Tail probability / vec![1; n] (batch-balanced),256,16,29087,149476086.000000,5138.931000103139,49815807.994865477085,bytes/s,3.710872786497,7.697367178815
experiment-matrix-20260816-a,Tail probability / vec![1; n] (batch-balanced),256,17,30798,159193353.000000,5168.951003311903,49526489.965947262943,bytes/s,3.713402415493,7.694837549819
experiment-matrix-20260816-a,Tail probability / vec![1; n] (batch-balanced),256,18,32509,182733229.000000,5621.004306499739,45543462.705406464636,bytes/s,3.749813918025,7.658426047287
experiment-matrix-20260816-a,Tail probability / vec![1; n] (batch-balanced),256,19,34220,187466263.000000,5478.266014026884,46730114.847384572029,bytes/s,3.738643116932,7.669596848380
experiment-matrix-20260816-a,Tail probability / vec![1; n] (batch-balanced),4096,0,38,9931349.000000,261351.289473684214,15672392.542040361091,bytes/s,5.417224647192,7.195135300776
experiment-matrix-20260816-a,Tail probability / vec![1; n] (batch-balanced),4096,1,76,20148644.000000,265113.736842105282,15449972.712803898379,bytes/s,5.423432231242,7.188927716726
experiment-matrix-20260816-a,Tail probability / vec![1; n] (batch-balanced),4096,2,114,30989740.000000,271839.824561403482,15067696.598938876763,bytes/s,5.434313081242,7.178046866725
experiment-matrix-20260816-a,Tail probability / vec![1; n] (batch-balanced),4096,3,152,39800077.000000,261842.611842105252,15642984.811310792342,bytes/s,5.418040324346,7.194319623622
experiment-matrix-20260816-a,Tail probability / vec![1; n] (batch-balanced),4096,4,190,49259926.000000,259262.768421052635,15798643.302874632180,bytes/s,5.413740154138,7.198619793830
experiment-matrix-20260816-a,Tail probability / vec![1; n] (batch-balanced),4096,5,228,58433827.000000,256288.714912280702,15981975.645716307685,bytes/s,5.408729483440,7.203630464527
experiment-matrix-20260816-a,Tail probability / vec![1; n] (batch-balanced),4096,6,266,77344789.000000,290769.883458646596,14086740.866278659552,bytes/s,5.463549422390,7.148810525578
experiment-matrix-20260816-a,Tail probability / vec![1; n] (batch-balanced),4096,7,304,78346126.000000,257717.519736842107,15893370.400981919840,bytes/s,5.411143943062,7.201216004906
experiment-matrix-20260816-a,Tail probability / vec![1; n] (batch-balanced),4096,8,342,94311624.000000,275764.982456140337,14853227.424012972042,bytes/s,5.440539117200,7.171820830768
experiment-matrix-20260816-a,Tail probability / vec![1; n] (batch-balanced),4096,9,380,101944502.000000,268275.005263157887,15267915.085798349231,bytes/s,5.428580212061,7.183779735907
experiment-matrix-20260816-a,Tail probability / vec![1; n] (batch-balanced),4096,10,418,111959292.000000,267845.196172248805,15292415.389693604782,bytes/s,5.427883861668,7.184476086300
experiment-matrix-20260816-a,Tail probability / vec![1; n] (batch-balanced),4096,11,456,112545506.000000,246810.320175438595,16595740.393223697320,bytes/s,5.392363315416,7.219996632552
experiment-matrix-20260816-a,Tail probability / vec![1; n] (batch-balanced),4096,12,494,123793475.000000,250594.078947368427,16345158.741201827303,bytes/s,5.398970805242,7.213389142726
experiment-matrix-20260816-a,Tail probability / vec![1; n] (batch-balanced),4096,13,532,131960587.000000,248046.216165413527,16513051.734151501209,bytes/s,5.394532606454,7.217827341514
experiment-matrix-20260816-a,Tail probability / vec![1; n] (batch-balanced),4096,14,570,140774695.000000,246973.149122807023,16584798.851810688153,bytes/s,5.392649739407,7.219710208561
experiment-matrix-20260816-a,Tail probability / vec![1; n] (batch-balanced),4096,15,608,150238032.000000,247102.026315789466,16576148.974049394950,bytes/s,5.392876306771,7.219483641197
experiment-matrix-20260816-a,Tail probability / vec![1; n] (batch-balanced),4096,16,646,158752568.000000,245747.009287925699,16667547.702283468097,bytes/s,5.390488241224,7.221871706744
experiment-matrix-20260816-a,Tail probability / vec![1; n] (batch-balanced),4096,17,684,167519760.000000,244911.929824561405,16724379.261288339272,bytes/s,5.389009940416,7.223350007552
experiment-matrix-20260816-a,Tail probability / vec![1; n] (batch-balanced),4096,18,722,178164646.000000,246765.437673130189,16598758.880591832101,bytes/s,5.392284331702,7.220075616265
experiment-matrix-20260816-a,Tail probability / vec![1; n] (batch-balanced),4096,19,760,189242147.000000,249002.825000000012,16449612.569656588137,bytes/s,5.396204274304,7.216155673663
experiment-matrix-20260816-a,Tail probability / vec![1; n] (batch-balanced),50000,0,2,14955061.000000,7477530.500000000000,6686699.572806823999,bytes/s,6.873758193145,6.825211811191
experiment-matrix-20260816-a,Tail probability / vec![1; n] (batch-balanced),50000,1,4,29177267.000000,7294316.750000000000,6854651.602564421482,bytes/s,6.862984618285,6.835985386051
experiment-matrix-20260816-a,Tail probability / vec![1; n] (batch-balanced),50000,2,6,43041779.000000,7173629.833333333023,6969972.128707784228,bytes/s,6.855738962877,6.843231041459
experiment-matrix-20260816-a,Tail probability / vec![1; n] (batch-balanced),50000,3,8,57045864.000000,7130733.000000000000,7011901.861982491799,bytes/s,6.853134175223,6.845835829113
experiment-matrix-20260816-a,Tail probability / vec![1; n] (batch-balanced),50000,4,10,71641886.000000,7164188.599999999627,6979157.416375108063,bytes/s,6.855167010296,6.843802994040
experiment-matrix-20260816-a,Tail probability / vec![1; n] (batch-balanced),50000,5,12,85895105.000000,7157925.416666666977,6985264.177743306383,bytes/s,6.854787168866,6.844182835470
experiment-matrix-20260816-a,Tail probability / vec![1; n] (batch-balanced),50000,6,14,101709605.000000,7264971.785714285448,6882339.185173317790,bytes/s,6.861233932009,6.837736072327
experiment-matrix-20260816-a,Tail probability / vec![1; n] (batch-balanced),50000,7,16,117532140.000000,7345758.750000000000,6806648.802616884001,bytes/s,6.866036661109,6.832933343227
experiment-matrix-20260816-a,Tail probability / vec![1; n] (batch-balanced),50000,8,18,126028643.000000,7001591.277777777985,7141233.759059041739,bytes/s,6.845196754960,6.853773249376
experiment-matrix-20260816-a,Tail probability / vec![1; n] (batch-balanced),50000,9,20,139723943.000000,6986197.150000000373,7156969.510944877751,bytes/s,6.844240837235,6.854729167101
experiment-matrix-20260816-a,Tail probability / vec![1; n] (batch-balanced),50000,10,22,154787494.000000,7035795.181818181649,7106517.274580335245,bytes/s,6.847313188275,6.851656816061
experiment-matrix-20260816-a,Tail probability / vec![1; n] (batch-balanced),50000,11,24,168381214.000000,7015883.916666666977,7126685.759612114169,bytes/s,6.846082394673,6.852887609663
experiment-matrix-20260816-a,Tail probability / vec![1; n] (batch-balanced),50000,12,26,187800887.000000,7223111.038461538032,6922225.026551659219,bytes/s,6.858724291175,6.840245713161
experiment-matrix-20260816-a,Tail probability / vec![1; n] (batch-balanced),50000,13,28,210808389.000000,7528871.035714285448,6641101.934515519068,bytes/s,6.876729858044,6.822240146292
experiment-matrix-20260816-a,Tail probability / vec![1; n] (batch-balanced),50000,14,30,214596456.000000,7153215.200000000186,6989863.802783397026,bytes/s,6.854501290719,6.844468713618
experiment-matrix-20260816-a,Tail probability / vec![1; n] (batch-balanced),50000,15,32,227087886.000000,7096496.437500000000,7045730.303729191422,bytes/s,6.851043989085,6.847926015251
experiment-matrix-20260816-a,Tail probability / vec![1; n] (batch-balanced),50000,16,34,241630092.000000,7106767.411764705554,7035547.542646302842,bytes/s,6.851672102210,6.847297902126
experiment-matrix-20260816-a,Tail probability / vec![1; n] (batch-balanced),50000,17,36,258494268.000000,7180396.333333333023,6963403.923525298946,bytes/s,6.856148416475,6.842821587861
experiment-matrix-20260816-a,Tail probability / vec![1; n] (batch-balanced),50000,18,38,270692551.000000,7123488.184210526757,7019033.190905943513,bytes/s,6.852692708270,6.846277296066
experiment-matrix-20260816-a,Tail probability / vec![1; n] (batch-balanced),50000,19,40,284912994.000000,7122824.849999999627,7019686.859210079536,bytes/s,6.852652265191,6.846317739145
experiment-matrix-20260816-a,Tail probability / vec![1; n] (batch-balanced),64,0,9105,9396507.000000,1032.016144975288,62014533.698532864451,bytes/s,3.013686491495,7.792493482488
experiment-matrix-20260816-a,Tail probability / vec![1; n] (batch-balanced),64,1,18210,19146518.000000,1051.428775398133,60869553.409136839211,bytes/s,3.021779858573,7.784400115411
experiment-matrix-20260816-a,Tail probability / vec![1; n] (batch-balanced),64,2,27315,27357248.000000,1001.546695954604,63901164.327639974654,bytes/s,3.000671202579,7.805508771405
experiment-matrix-20260816-a,Tail probability / vec![1; n] (batch-balanced),64,3,36420,36825852.000000,1011.143657331137,63294665.931965403259,bytes/s,3.004812861975,7.801367112009
experiment-matrix-20260816-a,Tail probability / vec![1; n] (batch-balanced),64,4,45525,47917013.000000,1052.542844590884,60805125.728517338634,bytes/s,3.022239783169,7.783940190815
experiment-matrix-20260816-a,Tail probability / vec![1; n] (batch-balanced),64,5,54630,56669318.000000,1037.329635731283,61696878.017836742103,bytes/s,3.015916785541,7.790263188443
experiment-matrix-20260816-a,Tail probability / vec![1; n] (batch-balanced),64,6,63735,67759780.000000,1063.148662430376,60198542.557251520455,bytes/s,3.026593997128,7.779585976856
experiment-matrix-20260816-a,Tail probability / vec![1; n] (batch-balanced),64,7,72840,76620861.000000,1051.906383855025,60841916.146048009396,bytes/s,3.021977090783,7.784202883201
experiment-matrix-20260816-a,Tail probability / vec![1; n] (batch-balanced),64,8,81945,83619477.000000,1020.434157056562,62718402.316723413765,bytes/s,3.008784987348,7.797394986636
experiment-matrix-20260816-a,Tail probability / vec![1; n] (batch-balanced),64,9,91050,93720896.000000,1029.334387699066,62176102.114943504333,bytes/s,3.012556481800,7.793623492184
experiment-matrix-20260816-a,Tail probability / vec![1; n] (batch-balanced),64,10,100155,113068618.000000,1128.936328690530,56690531.054337285459,bytes/s,3.052669448676,7.753510525308
experiment-matrix-20260816-a,Tail probability / vec![1; n] (batch-balanced),64,11,109260,115758324.000000,1059.475782537068,60407232.571888312697,bytes/s,3.025091034071,7.781088939913
experiment-matrix-20260816-a,Tail probability / vec![1; n] (batch-balanced),64,12,118365,117780094.000000,995.058454779707,64317829.462761342525,bytes/s,2.997848594155,7.808331379829
experiment-matrix-20260816-a,Tail probability / vec![1; n] (batch-balanced),64,13,127470,127696023.000000,1001.773146622735,63886719.479117996991,bytes/s,3.000769385878,7.805410588106
experiment-matrix-20260816-a,Tail probability / vec![1; n] (batch-balanced),64,14,136575,136552697.000000,999.836697785100,64010453.048759631813,bytes/s,2.999929072958,7.806250901026
experiment-matrix-20260816-a,Tail probability / vec![1; n] (batch-balanced),64,15,145680,147196804.000000,1010.411889071939,63340505.681088022888,bytes/s,3.004498447729,7.801681526255
experiment-matrix-20260816-a,Tail probability / vec![1; n] (batch-balanced),64,16,154785,156277808.000000,1009.644397066899,63388654.645066432655,bytes/s,3.004168439540,7.802011534444
experiment-matrix-20260816-a,Tail probability / vec![1; n] (batch-balanced),64,17,163890,163887019.000000,999.981810970773,64001164.119044721127,bytes/s,2.999992100533,7.806187873451
experiment-matrix-20260816-a,Tail probability / vec![1; n] (batch-balanced),64,18,172995,174235806.000000,1007.172496314922,63544229.249870724976,bytes/s,3.003103857626,7.803076116358
experiment-matrix-20260816-a,Tail probability / vec![1; n] (batch-balanced),64,19,182100,183264903.000000,1006.397051070840,63593191.108719818294,bytes/s,3.002769355540,7.803410618444
experiment-matrix-20260816-a,Tail probability / vec![1; n] (batch-balanced),8,0,64040,9241647.000000,144.310540287320,55436006.157776847482,bytes/s,2.159298052656,7.743791934336
experiment-matrix-20260816-a,Tail probability / vec![1; n] (batch-balanced),8,1,128080,21139683.000000,165.050616801999,48469979.422113373876,bytes/s,2.217617151648,7.685472835343
experiment-matrix-20260816-a,Tail probability / vec![1; n] (batch-balanced),8,2,192120,27275235.000000,141.969784509681,56350018.615788273513,bytes/s,2.152195923136,7.750894063856
experiment-matrix-20260816-a,Tail probability / vec![1; n] (batch-balanced),8,3,256160,37109527.000000,144.868547001874,55222476.966629087925,bytes/s,2.160974104268,7.742115882724
experiment-matrix-20260816-a,Tail probability / vec![1; n] (batch-balanced),8,4,320200,44793865.000000,139.893394753279,57186402.646880321205,bytes/s,2.145797209203,7.757292777789
experiment-matrix-20260816-a,Tail probability / vec![1; n] (batch-balanced),8,5,384240,54418220.000000,141.625598584218,56486963.373664185405,bytes/s,2.151141758432,7.751948228560
experiment-matrix-20260816-a,Tail probability / vec![1; n] (batch-balanced),8,6,448280,62641479.000000,139.737394039440,57250244.682121887803,bytes/s,2.145312639843,7.757777347149
experiment-matrix-20260816-a,Tail probability / vec![1; n] (batch-balanced),8,7,512320,73135555.000000,142.753659821986,56040594.755861230195,bytes/s,2.154587251209,7.748502735783
experiment-matrix-20260816-a,Tail probability / vec![1; n] (batch-balanced),8,8,576360,82470398.000000,143.088344090499,55909515.557327613235,bytes/s,2.155604257775,7.747485729216
experiment-matrix-20260816-a,Tail probability / vec![1; n] (batch-balanced),8,9,640400,90637487.000000,141.532615552780,56524073.753280475736,bytes/s,2.150856532598,7.752233454394
experiment-matrix-20260816-a,Tail probability / vec![1; n] (batch-balanced),8,10,704440,99802050.000000,141.675728238033,56466976.379743695259,bytes/s,2.151295453669,7.751794533323
experiment-matrix-20260816-a,Tail probability / vec![1; n] (batch-balanced),8,11,768480,107768886.000000,140.236422548407,57046520.829769000411,bytes/s,2.146860824311,7.756229162680
experiment-matrix-20260816-a,Tail probability / vec![1; n] (batch-balanced),8,12,832520,118324506.000000,142.128124249267,56287241.123153306544,bytes/s,2.152680024428,7.750409962564
experiment-matrix-20260816-a,Tail probability / vec![1; n] (batch-balanced),8,13,896560,127708459.000000,142.442735567056,56162920.265132948756,bytes/s,2.153640305569,7.749449681423
experiment-matrix-20260816-a,Tail probability / vec![1; n] (batch-balanced),8,14,960600,136331887.000000,141.923679991672,56368324.161756820977,bytes/s,2.152054863616,7.751035123376
experiment-matrix-20260816-a,Tail probability / vec![1; n] (batch-balanced),8,15,1024640,151286200.000000,147.648149594004,54182866.646131642163,bytes/s,2.169228008523,7.733861978469
experiment-matrix-20260816-a,Tail probability / vec![1; n] (batch-balanced),8,16,1088680,154840602.000000,142.227837381049,56247779.248494528234,bytes/s,2.152984606505,7.750105380487
experiment-matrix-20260816-a,Tail probability / vec![1; n] (batch-balanced),8,17,1152720,163404850.000000,141.755890415712,56435044.614648833871,bytes/s,2.151541114280,7.751548872712
experiment-matrix-20260816-a,Tail probability / vec![1; n] (batch-balanced),8,18,1216760,174947063.000000,143.781076794109,55640145.270686827600,bytes/s,2.157701731772,7.745388255220
experiment-matrix-20260816-a,Tail probability / vec![1; n] (batch-balanced),8,19,1280800,183828281.000000,143.526140693317,55738975.223295487463,bytes/s,2.156931007167,7.746158979825
experiment-matrix-20260816-a,Tail probability / vec![1; n] (online-balanced),16,0,35649,9208434.000000,258.308339644871,61941476.694082833827,bytes/s,2.412138427866,7.791981554790
experiment-matrix-20260816-a,Tail probability / vec![1; n] (online-balanced),16,1,71298,18795389.000000,263.617338494768,60694035.116804443300,bytes/s,2.420973971039,7.783146011616
experiment-matrix-20260816-a,Tail probability / vec![1; n] (online-balanced),16,2,106947,28085424.000000,262.610676316306,60926692.792674243450,bytes/s,2.419312378155,7.784807604501
experiment-matrix-20260816-a,Tail probability / vec![1; n] (online-balanced),16,3,142596,37273388.000000,261.391539734635,61210856.389014057815,bytes/s,2.417291526986,7.786828455670
experiment-matrix-20260816-a,Tail probability / vec![1; n] (online-balanced),16,4,178245,46628186.000000,261.596039159584,61163005.569206573069,bytes/s,2.417631164025,7.786488818631
experiment-matrix-20260816-a,Tail probability / vec![1; n] (online-balanced),16,5,213894,56372054.000000,263.551357214321,60709230.144425816834,bytes/s,2.420865257049,7.783254725606
experiment-matrix-20260816-a,Tail probability / vec![1; n] (online-balanced),16,6,249543,66387410.000000,266.035953723406,60142246.850720636547,bytes/s,2.424940333806,7.779179648850
experiment-matrix-20260816-a,Tail probability / vec![1; n] (online-balanced),16,7,285192,74880184.000000,262.560604785548,60938311.796883404255,bytes/s,2.419229564070,7.784890418586
experiment-matrix-20260816-a,Tail probability / vec![1; n] (online-balanced),16,8,320841,84914888.000000,264.663456353770,60454133.791002586484,bytes/s,2.422693979837,7.781426002819
experiment-matrix-20260816-a,Tail probability / vec![1; n] (online-balanced),16,9,356490,96347839.000000,270.267999102359,59200497.480799749494,bytes/s,2.431794626402,7.772325356254
experiment-matrix-20260816-a,Tail probability / vec![1; n] (online-balanced),16,10,392139,102130790.000000,260.445377786958,61433226.943608283997,bytes/s,2.415716654265,7.788403328391
experiment-matrix-20260816-a,Tail probability / vec![1; n] (online-balanced),16,11,427788,110372167.000000,258.006692567346,62013895.224146507680,bytes/s,2.411630971496,7.792489011160
experiment-matrix-20260816-a,Tail probability / vec![1; n] (online-balanced),16,12,463437,120551977.000000,260.125922185756,61508671.898429341614,bytes/s,2.415183632862,7.788936349794
experiment-matrix-20260816-a,Tail probability / vec![1; n] (online-balanced),16,13,499086,130092676.000000,260.661841846896,61382210.325199238956,bytes/s,2.416077459675,7.788042522981
experiment-matrix-20260816-a,Tail probability / vec![1; n] (online-balanced),16,14,534735,137532789.000000,257.198030800303,62208874.423392958939,bytes/s,2.410267639152,7.793852343504
experiment-matrix-20260816-a,Tail probability / vec![1; n] (online-balanced),16,15,570384,149424666.000000,261.972050408146,61075217.661855101585,bytes/s,2.418254959255,7.785865023401
experiment-matrix-20260816-a,Tail probability / vec![1; n] (online-balanced),16,16,606033,161707128.000000,266.828915257090,59963516.265034392476,bytes/s,2.426232890672,7.777887091984
experiment-matrix-20260816-a,Tail probability / vec![1; n] (online-balanced),16,17,641682,174904194.000000,272.571451279606,58700204.753237642348,bytes/s,2.435480366535,7.768639616121
experiment-matrix-20260816-a,Tail probability / vec![1; n] (online-balanced),16,18,677331,177408659.000000,261.923135069855,61086623.736894376576,bytes/s,2.418173860355,7.785946122301
experiment-matrix-20260816-a,Tail probability / vec![1; n] (online-balanced),16,19,712980,190426944.000000,267.085954725238,59905808.287297829986,bytes/s,2.426651050336,7.777468932320
experiment-matrix-20260816-a,Tail probability / vec![1; n] (online-balanced),200000,0,2,98015275.000000,49007637.500000000000,4080996.558954713866,bytes/s,7.690263767082,6.610766228582
experiment-matrix-20260816-a,Tail probability / vec![1; n] (online-balanced),200000,1,2,98997405.000000,49498702.500000000000,4040509.950740627944,bytes/s,7.694593815005,6.606436180659
experiment-matrix-20260816-a,Tail probability / vec![1; n] (online-balanced),200000,2,2,111695459.000000,55847729.500000000000,3581166.177937457804,bytes/s,7.747005521486,6.554024474178
experiment-matrix-20260816-a,Tail probability / vec![1; n] (online-balanced),200000,3,2,115362138.000000,57681069.000000000000,3467342.118780773599,bytes/s,7.761033300541,6.539996695123
experiment-matrix-20260816-a,Tail probability / vec![1; n] (online-balanced),200000,4,2,109200588.000000,54600294.000000000000,3662983.939243989997,bytes/s,7.737194981207,6.563835014457
experiment-matrix-20260816-a,Tail probability / vec![1; n] (online-balanced),200000,5,2,103869707.000000,51934853.500000000000,3850978.418568178080,bytes/s,7.715458910883,6.585571084781
experiment-matrix-20260816-a,Tail probability / vec![1; n] (online-balanced),200000,6,2,105392455.000000,52696227.500000000000,3795338.100815660786,bytes/s,7.721779525372,6.579250470292
experiment-matrix-20260816-a,Tail probability / vec![1; n] (online-balanced),200000,7,2,99057158.000000,49528579.000000000000,4038072.644886500668,bytes/s,7.694855868033,6.606174127631
experiment-matrix-20260816-a,Tail probability / vec![1; n] (online-balanced),200000,8,2,101378138.000000,50689069.000000000000,3945623.858272086363,bytes/s,7.704914314662,6.596115681002
experiment-matrix-20260816-a,Tail probability / vec![1; n] (online-balanced),200000,9,2,99760676.000000,49880338.000000000000,4009595.925352390390,bytes/s,7.697929387690,6.603100607974
experiment-matrix-20260816-a,Tail probability / vec![1; n] (online-balanced),200000,10,2,102670530.000000,51335265.000000000000,3895957.291736976709,bytes/s,7.710415808254,6.590614187410
experiment-matrix-20260816-a,Tail probability / vec![1; n] (online-balanced),200000,11,2,99836617.000000,49918308.500000000000,4006546.015075811185,bytes/s,7.698259860698,6.602770134966
experiment-matrix-20260816-a,Tail probability / vec![1; n] (online-balanced),200000,12,2,105442126.000000,52721063.000000000000,3793550.217301195022,bytes/s,7.721984158232,6.579045837432
experiment-matrix-20260816-a,Tail probability / vec![1; n] (online-balanced),200000,13,2,101122790.000000,50561395.000000000000,3955587.064004068729,bytes/s,7.703819047720,6.597210947944
experiment-matrix-20260816-a,Tail probability / vec![1; n] (online-balanced),200000,14,2,101262097.000000,50631048.500000000000,3950145.334240905475,bytes/s,7.704416921127,6.596613074537
experiment-matrix-20260816-a,Tail probability / vec![1; n] (online-balanced),200000,15,2,97461208.000000,48730604.000000000000,4104197.025754082482,bytes/s,7.687801794354,6.613228201310
experiment-matrix-20260816-a,Tail probability / vec![1; n] (online-balanced),200000,16,2,96765961.000000,48382980.500000000000,4133684.984537072945,bytes/s,7.684692618363,6.616337377301
experiment-matrix-20260816-a,Tail probability / vec![1; n] (online-balanced),200000,17,2,100251132.000000,50125566.000000000000,3989979.883718420286,bytes/s,7.700059289554,6.600970706110
experiment-matrix-20260816-a,Tail probability / vec![1; n] (online-balanced),200000,18,2,100574947.000000,50287473.500000000000,3977133.589739798568,bytes/s,7.701459816719,6.599570178945
experiment-matrix-20260816-a,Tail probability / vec![1; n] (online-balanced),200000,19,2,99702990.000000,49851495.000000000000,4011915.791091119871,bytes/s,7.697678186931,6.603351808733
experiment-matrix-20260816-a,Tail probability / vec![1; n] (online-balanced),256,0,1921,9712735.000000,5056.082769390942,50632082.518466733396,bytes/s,3.703814174846,7.704425790466
experiment-matrix-20260816-a,Tail probability / vec![1; n] (online-balanced),256,1,3842,18922735.000000,4925.230348776679,51977264.385935753584,bytes/s,3.692426546887,7.715813418425
experiment-matrix-20260816-a,Tail probability / vec![1; n] (online-balanced),256,2,5763,28149851.000000,4884.582856151310,52409797.835164390504,bytes/s,3.688827480848,7.719412484464
experiment-matrix-20260816-a,Tail probability / vec![1; n] (online-balanced),256,3,7684,37722021.000000,4909.164627798022,52147365.062969453633,bytes/s,3.691007596318,7.717232368994
experiment-matrix-20260816-a,Tail probability / vec![1; n] (online-balanced),256,4,9605,48603709.000000,5060.250806871421,50590377.783720165491,bytes/s,3.704172042796,7.704067922515
experiment-matrix-20260816-a,Tail probability / vec![1; n] (online-balanced),256,5,11526,56755350.000000,4924.115044247787,51989037.156849533319,bytes/s,3.692328190989,7.715911774323
experiment-matrix-20260816-a,Tail probability / vec![1; n] (online-balanced),256,6,13447,65974432.000000,4906.256562802112,52178274.153235606849,bytes/s,3.690750255019,7.717489710293
experiment-matrix-20260816-a,Tail probability / vec![1; n] (online-balanced),256,7,15368,73752795.000000,4799.114718896408,53343171.604547329247,bytes/s,3.681161131509,7.727078833802
experiment-matrix-20260816-a,Tail probability / vec![1; n] (online-balanced),256,8,17289,82225109.000000,4755.920469662791,53827645.275605536997,bytes/s,3.677234583567,7.731005381744
experiment-matrix-20260816-a,Tail probability / vec![1; n] (online-balanced),256,9,19210,93109800.000000,4846.944299843832,52816781.906952865422,bytes/s,3.685468028922,7.722771936389
experiment-matrix-20260816-a,Tail probability / vec![1; n] (online-balanced),256,10,21131,105404889.000000,4988.163787799915,51321490.410183914006,bytes/s,3.697940705225,7.710299260086
experiment-matrix-20260816-a,Tail probability / vec![1; n] (online-balanced),256,11,23052,112885418.000000,4896.990196078431,52277008.887011431158,bytes/s,3.689929234548,7.718310730763
experiment-matrix-20260816-a,Tail probability / vec![1; n] (online-balanced),256,12,24973,116620732.000000,4669.872742561967,54819480.982163615525,bytes/s,3.669305045886,7.738934919426
experiment-matrix-20260816-a,Tail probability / vec![1; n] (online-balanced),256,13,26894,125384440.000000,4662.171488064252,54910035.088883437216,bytes/s,3.668588244077,7.739651721234
experiment-matrix-20260816-a,Tail probability / vec![1; n] (online-balanced),256,14,28815,150951222.000000,5238.633420093701,48867706.417110025883,bytes/s,3.719218009213,7.689021956099
experiment-matrix-20260816-a,Tail probability / vec![1; n] (online-balanced),256,15,30736,149055694.000000,4849.547566371682,52788429.538290567696,bytes/s,3.685701223428,7.722538741884
experiment-matrix-20260816-a,Tail probability / vec![1; n] (online-balanced),256,16,32657,153799894.000000,4709.553663839300,54357592.730200447142,bytes/s,3.672979749907,7.735260215405
experiment-matrix-20260816-a,Tail probability / vec![1; n] (online-balanced),256,17,34578,163638727.000000,4732.452050436694,54094578.724020510912,bytes/s,3.675086222353,7.733153742958
experiment-matrix-20260816-a,Tail probability / vec![1; n] (online-balanced),256,18,36499,187719274.000000,5143.134716019617,49775091.288708046079,bytes/s,3.711227900105,7.697012065207
experiment-matrix-20260816-a,Tail probability / vec![1; n] (online-balanced),256,19,38420,200116763.000000,5208.661192087455,49148906.131366916001,bytes/s,3.716726108788,7.691513856524
experiment-matrix-20260816-a,Tail probability / vec![1; n] (online-balanced),4096,0,41,9483218.000000,231298.000000000000,17708756.668886024505,bytes/s,5.364171877506,7.248188070462
experiment-matrix-20260816-a,Tail probability / vec![1; n] (online-balanced),4096,1,82,18879806.000000,230241.536585365859,17790013.308399461210,bytes/s,5.362183674996,7.250176272972
experiment-matrix-20260816-a,Tail probability / vec![1; n] (online-balanced),4096,2,123,28529297.000000,231945.504065040644,17659320.522338844836,bytes/s,5.365385958753,7.246973989215
experiment-matrix-20260816-a,Tail probability / vec![1; n] (online-balanced),4096,3,164,38023553.000000,231850.932926829264,17666523.693879947066,bytes/s,5.365208847759,7.247151100209
experiment-matrix-20260816-a,Tail probability / vec![1; n] (online-balanced),4096,4,205,47384651.000000,231144.639024390257,17720506.161372803152,bytes/s,5.363883825228,7.248476122740
experiment-matrix-20260816-a,Tail probability / vec![1; n] (online-balanced),4096,5,246,57408679.000000,233368.613821138220,17551631.870853532106,bytes/s,5.368042446564,7.244317501404
experiment-matrix-20260816-a,Tail probability / vec![1; n] (online-balanced),4096,6,287,66978154.000000,233373.358885017427,17551275.002294030041,bytes/s,5.368051276947,7.244308671021
experiment-matrix-20260816-a,Tail probability / vec![1; n] (online-balanced),4096,7,328,75789060.000000,231064.207317073160,17726674.535876285285,bytes/s,5.363732676900,7.248627271068
experiment-matrix-20260816-a,Tail probability / vec![1; n] (online-balanced),4096,8,369,86696221.000000,234949.108401083999,17433562.646288815886,bytes/s,5.370973801275,7.241386146692
experiment-matrix-20260816-a,Tail probability / vec![1; n] (online-balanced),4096,9,410,96762232.000000,236005.443902439030,17355531.856685571373,bytes/s,5.372922020892,7.239437927076
experiment-matrix-20260816-a,Tail probability / vec![1; n] (online-balanced),4096,10,451,106043540.000000,235129.800443458982,17420165.339633136988,bytes/s,5.371307675267,7.241052272701
experiment-matrix-20260816-a,Tail probability / vec![1; n] (online-balanced),4096,11,492,115351396.000000,234454.056910569110,17470373.743894699961,bytes/s,5.370057752019,7.242302195949
experiment-matrix-20260816-a,Tail probability / vec![1; n] (online-balanced),4096,12,533,125607363.000000,235661.093808630394,17380891.914751846343,bytes/s,5.372287889105,7.240072058863
experiment-matrix-20260816-a,Tail probability / vec![1; n] (online-balanced),4096,13,574,142401326.000000,248085.933797909413,16510408.056172173470,bytes/s,5.394602140946,7.217757807021
experiment-matrix-20260816-a,Tail probability / vec![1; n] (online-balanced),4096,14,615,142740022.000000,232097.596747967473,17647748.435964230448,bytes/s,5.365670643582,7.246689304386
experiment-matrix-20260816-a,Tail probability / vec![1; n] (online-balanced),4096,15,656,153604797.000000,234153.653963414632,17492787.025394786149,bytes/s,5.369500939328,7.242859008639
experiment-matrix-20260816-a,Tail probability / vec![1; n] (online-balanced),4096,16,697,169499717.000000,243184.672883787658,16843166.764697313309,bytes/s,5.385936199335,7.226423748633
experiment-matrix-20260816-a,Tail probability / vec![1; n] (online-balanced),4096,17,738,179619236.000000,243386.498644986452,16829199.741168033332,bytes/s,5.386296482988,7.226063464980
experiment-matrix-20260816-a,Tail probability / vec![1; n] (online-balanced),4096,18,779,189144850.000000,242804.685494223377,16869526.185883462429,bytes/s,5.385257063230,7.227102884738
experiment-matrix-20260816-a,Tail probability / vec![1; n] (online-balanced),4096,19,820,190304436.000000,232078.580487804866,17649194.472797259688,bytes/s,5.365635059434,7.246724888534
experiment-matrix-20260816-a,Tail probability / vec![1; n] (online-balanced),50000,0,2,13997671.000000,6998835.500000000000,7144045.605872577056,bytes/s,6.845025786015,6.853944218321
experiment-matrix-20260816-a,Tail probability / vec![1; n] (online-balanced),50000,1,4,29970645.000000,7492661.250000000000,6673196.389333629981,bytes/s,6.874636098195,6.824333906141
experiment-matrix-20260816-a,Tail probability / vec![1; n] (online-balanced),50000,2,6,43234686.000000,7205781.000000000000,6938873.107578484342,bytes/s,6.857681058794,6.841288945542
experiment-matrix-20260816-a,Tail probability / vec![1; n] (online-balanced),50000,3,8,58500718.000000,7312589.750000000000,6837522.917240092531,bytes/s,6.864071209373,6.834898794963
experiment-matrix-20260816-a,Tail probability / vec![1; n] (online-balanced),50000,4,10,75333776.000000,7533377.599999999627,6637129.141117259860,bytes/s,6.876989736381,6.821980267955
experiment-matrix-20260816-a,Tail probability / vec![1; n] (online-balanced),50000,5,12,83117207.000000,6926433.916666666977,7218721.870671135373,bytes/s,6.840509695084,6.858460309252
experiment-matrix-20260816-a,Tail probability / vec![1; n] (online-balanced),50000,6,14,106699725.000000,7621408.928571428172,6560466.767838437110,bytes/s,6.882035264429,6.816934739907
experiment-matrix-20260816-a,Tail probability / vec![1; n] (online-balanced),50000,7,16,113448066.000000,7090504.125000000000,7051684.777067949064,bytes/s,6.850677114016,6.848292890320
experiment-matrix-20260816-a,Tail probability / vec![1; n] (online-balanced),50000,8,18,124023920.000000,6890217.777777777985,7256664.682103258558,bytes/s,6.838232948786,6.860737055550
experiment-matrix-20260816-a,Tail probability / vec![1; n] (online-balanced),50000,9,20,135077845.000000,6753892.250000000000,7403138.538373927586,bytes/s,6.829554127723,6.869415876613
experiment-matrix-20260816-a,Tail probability / vec![1; n] (online-balanced),50000,10,22,152822953.000000,6946497.863636363298,7197871.644320339896,bytes/s,6.841765906484,6.857204097852
experiment-matrix-20260816-a,Tail probability / vec![1; n] (online-balanced),50000,11,24,165622605.000000,6900941.875000000000,7245387.789909475483,bytes/s,6.838908369462,6.860061634874
experiment-matrix-20260816-a,Tail probability / vec![1; n] (online-balanced),50000,12,26,176859076.000000,6802272.153846153989,7350485.083389217965,bytes/s,6.832654003743,6.866316000593
experiment-matrix-20260816-a,Tail probability / vec![1; n] (online-balanced),50000,13,28,192119442.000000,6861408.642857142724,7287133.386531488970,bytes/s,6.836413285243,6.862556719093
experiment-matrix-20260816-a,Tail probability / vec![1; n] (online-balanced),50000,14,30,205624152.000000,6854138.400000000373,7294862.910851055756,bytes/s,6.835952869535,6.863017134801
experiment-matrix-20260816-a,Tail probability / vec![1; n] (online-balanced),50000,15,32,217663780.000000,6801993.125000000000,7350786.612269620411,bytes/s,6.832636188641,6.866333815695
experiment-matrix-20260816-a,Tail probability / vec![1; n] (online-balanced),50000,16,34,228588318.000000,6723185.823529412039,7436950.474433255382,bytes/s,6.827575114976,6.871394889360
experiment-matrix-20260816-a,Tail probability / vec![1; n] (online-balanced),50000,17,36,247587038.000000,6877417.722222222015,7270170.581385605969,bytes/s,6.837425403424,6.861544600912
experiment-matrix-20260816-a,Tail probability / vec![1; n] (online-balanced),50000,18,38,257588955.000000,6778656.710526315495,7376092.658941840753,bytes/s,6.831143640621,6.867826363715
experiment-matrix-20260816-a,Tail probability / vec![1; n] (online-balanced),50000,19,40,277428065.000000,6935701.625000000000,7209075.981552191079,bytes/s,6.841090401452,6.857879602884
experiment-matrix-20260816-a,Tail probability / vec![1; n] (online-balanced),64,0,9992,9351909.000000,935.939651721377,68380477.183856263757,bytes/s,2.971247846848,7.834932127136
experiment-matrix-20260816-a,Tail probability / vec![1; n] (online-balanced),64,1,19984,18318033.000000,916.634957966373,69820597.004056051373,bytes/s,2.962196416036,7.843983557948
experiment-matrix-20260816-a,Tail probability / vec![1; n] (online-balanced),64,2,29976,27489555.000000,917.052141713371,69788834.340897843242,bytes/s,2.962394029470,7.843785944514
experiment-matrix-20260816-a,Tail probability / vec![1; n] (online-balanced),64,3,39968,37849174.000000,946.986939551641,67582769.441679224372,bytes/s,2.976343989436,7.829835984547
experiment-matrix-20260816-a,Tail probability / vec![1; n] (online-balanced),64,4,49960,45725359.000000,915.239371497198,69927061.698957905173,bytes/s,2.961534694203,7.844645279781
experiment-matrix-20260816-a,Tail probability / vec![1; n] (online-balanced),64,5,59952,55631564.000000,927.935081398452,68970342.088530898094,bytes/s,2.967517593916,7.838662380067
experiment-matrix-20260816-a,Tail probability / vec![1; n] (online-balanced),64,6,69944,64483462.000000,921.929858172252,69419597.849755644798,bytes/s,2.964697880525,7.841482093459
experiment-matrix-20260816-a,Tail probability / vec![1; n] (online-balanced),64,7,79936,73411580.000000,918.379453562850,69687970.208514794707,bytes/s,2.963022158913,7.843157815071
experiment-matrix-20260816-a,Tail probability / vec![1; n] (online-balanced),64,8,89928,82494025.000000,917.334145093853,69767380.122378557920,bytes/s,2.962527559157,7.843652414827
experiment-matrix-20260816-a,Tail probability / vec![1; n] (online-balanced),64,9,99920,92736623.000000,928.108716973579,68957438.745639890432,bytes/s,2.967598851667,7.838581122316
experiment-matrix-20260816-a,Tail probability / vec![1; n] (online-balanced),64,10,109912,102900834.000000,936.211096149647,68360650.993363186717,bytes/s,2.971373784162,7.834806189822
experiment-matrix-20260816-a,Tail probability / vec![1; n] (online-balanced),64,11,119904,111964836.000000,933.787329863891,68538089.941023975611,bytes/s,2.970247976890,7.835931997094
experiment-matrix-20260816-a,Tail probability / vec![1; n] (online-balanced),64,12,129896,120268496.000000,925.882983309725,69123205.797800943255,bytes/s,2.966556102325,7.839623871658
experiment-matrix-20260816-a,Tail probability / vec![1; n] (online-balanced),64,13,139888,129814284.000000,927.987275534713,68966462.889399752021,bytes/s,2.967542021259,7.838637952725
experiment-matrix-20260816-a,Tail probability / vec![1; n] (online-balanced),64,14,149880,138349066.000000,923.065559113958,69334186.903726547956,bytes/s,2.965232547126,7.840947426858
experiment-matrix-20260816-a,Tail probability / vec![1; n] (online-balanced),64,15,159872,157997354.000000,988.274081765412,64759362.995408140123,bytes/s,2.994877405813,7.811302568171
experiment-matrix-20260816-a,Tail probability / vec![1; n] (online-balanced),64,16,169864,168740936.000000,993.388451938021,64425955.299904227257,bytes/s,2.997119107050,7.809060866934
experiment-matrix-20260816-a,Tail probability / vec![1; n] (online-balanced),64,17,179856,169968993.000000,945.028205898052,67722846.366454616189,bytes/s,2.975444770925,7.830735203059
experiment-matrix-20260816-a,Tail probability / vec![1; n] (online-balanced),64,18,189848,178272737.000000,939.028786186844,68155525.092992767692,bytes/s,2.972678905887,7.833501068096
experiment-matrix-20260816-a,Tail probability / vec![1; n] (online-balanced),64,19,199840,190052218.000000,951.021907526021,67296031.241266548634,bytes/s,2.978190521362,7.827989452622
experiment-matrix-20260816-a,Tail probability / vec![1; n] (online-balanced),8,0,49667,9198672.000000,185.206918074375,43194930.746525146067,bytes/s,2.267657204945,7.635432782047
experiment-matrix-20260816-a,Tail probability / vec![1; n] (online-balanced),8,1,99334,18241968.000000,183.642740652747,43562843.658096536994,bytes/s,2.263973765479,7.639116221513
experiment-matrix-20260816-a,Tail probability / vec![1; n] (online-balanced),8,2,149001,28024072.000000,188.079757853974,42535146.212870135903,bytes/s,2.274342056978,7.628747930013
experiment-matrix-20260816-a,Tail probability / vec![1; n] (online-balanced),8,3,198668,36849044.000000,185.480520264965,43131213.933256991208,bytes/s,2.268298305403,7.634791681589
experiment-matrix-20260816-a,Tail probability / vec![1; n] (online-balanced),8,4,248335,45735844.000000,184.169947852699,43438140.116098001599,bytes/s,2.265218765130,7.637871221861
experiment-matrix-20260816-a,Tail probability / vec![1; n] (online-balanced),8,5,298002,55215228.000000,185.284756478144,43176784.491408787668,bytes/s,2.267839691042,7.635250295950
experiment-matrix-20260816-a,Tail probability / vec![1; n] (online-balanced),8,6,347669,64137615.000000,184.478958434603,43365379.270806998014,bytes/s,2.265946837937,7.637143149054
experiment-matrix-20260816-a,Tail probability / vec![1; n] (online-balanced),8,7,397336,73347389.000000,184.597894477218,43337439.046398781240,bytes/s,2.266226743157,7.636863243835
experiment-matrix-20260816-a,Tail probability / vec![1; n] (online-balanced),8,8,447003,83944935.000000,187.795014798558,42599639.871065475047,bytes/s,2.273684059313,7.629405927679
experiment-matrix-20260816-a,Tail probability / vec![1; n] (online-balanced),8,9,496670,91579773.000000,184.387567197536,43386873.212712593377,bytes/s,2.265731634291,7.637358352701
experiment-matrix-20260816-a,Tail probability / vec![1; n] (online-balanced),8,10,546337,105994668.000000,194.009682668390,41235055.333160720766,bytes/s,2.287823405314,7.615266581678
experiment-matrix-20260816-a,Tail probability / vec![1; n] (online-balanced),8,11,596004,108534350.000000,182.103391923544,43931087.254864476621,bytes/s,2.260318035196,7.642771951796
experiment-matrix-20260816-a,Tail probability / vec![1; n] (online-balanced),8,12,645671,117403889.000000,181.832371285066,43996566.416977889836,bytes/s,2.259671202423,7.643418784569
experiment-matrix-20260816-a,Tail probability / vec![1; n] (online-balanced),8,13,695338,127351144.000000,183.149984611800,43680047.350026160479,bytes/s,2.262806886511,7.640283100481
experiment-matrix-20260816-a,Tail probability / vec![1; n] (online-balanced),8,14,745005,134987449.000000,181.189990671204,44152549.323307827115,bytes/s,2.258134202633,7.644955784359
experiment-matrix-20260816-a,Tail probability / vec![1; n] (online-balanced),8,15,794672,144712151.000000,182.102994694666,43931183.083582252264,bytes/s,2.260317087852,7.642772899140
experiment-matrix-20260816-a,Tail probability / vec![1; n] (online-balanced),8,16,844339,153344503.000000,181.614852565143,44049260.768088959157,bytes/s,2.259151362485,7.643938624507
experiment-matrix-20260816-a,Tail probability / vec![1; n] (online-balanced),8,17,894006,162493769.000000,181.759148148894,44014290.787974774837,bytes/s,2.259496278627,7.643593708365
experiment-matrix-20260816-a,Tail probability / vec![1; n] (online-balanced),8,18,943673,170874466.000000,181.073810525468,44180878.376527011395,bytes/s,2.257855641000,7.645234345992
experiment-matrix-20260816-a,Tail probability / vec![1; n] (online-balanced),8,19,993340,180418949.000000,181.628595445668,44045927.792207680643,bytes/s,2.259184224508,7.643905762484
experiment-matrix-20260816-a,Tail probability / vec![1; n] (widening-u128),16,0,36049,9296180.000000,257.876224028406,62045270.207762762904,bytes/s,2.411411302397,7.792708680259
experiment-matrix-20260816-a,Tail probability / vec![1; n] (widening-u128),16,1,72098,18234178.000000,252.908236012095,63264052.813348643482,bytes/s,2.402962972470,7.801157010186
experiment-matrix-20260816-a,Tail probability / vec![1; n] (widening-u128),16,2,108147,27169871.000000,251.230926424219,63686426.777661181986,bytes/s,2.400073099829,7.804046882827
experiment-matrix-20260816-a,Tail probability / vec![1; n] (widening-u128),16,3,144196,36115903.000000,250.463972648340,63881443.030788958073,bytes/s,2.398745264713,7.805374717943
experiment-matrix-20260816-a,Tail probability / vec![1; n] (widening-u128),16,4,180245,47161567.000000,261.652567338900,61149791.736139729619,bytes/s,2.417725000401,7.786394982255
experiment-matrix-20260816-a,Tail probability / vec![1; n] (widening-u128),16,5,216294,57751241.000000,267.003435139209,59924322.665204726160,bytes/s,2.426516848827,7.777603133829
experiment-matrix-20260816-a,Tail probability / vec![1; n] (widening-u128),16,6,252343,67686029.000000,268.230261984680,59650241.854194164276,bytes/s,2.428507773782,7.775612208874
experiment-matrix-20260816-a,Tail probability / vec![1; n] (widening-u128),16,7,288392,74822147.000000,259.445986712530,61669868.949363350868,bytes/s,2.414046957120,7.790073025536
experiment-matrix-20260816-a,Tail probability / vec![1; n] (widening-u128),16,8,324441,82127681.000000,253.135950758381,63207142.059691175818,bytes/s,2.403353828711,7.800766153945
experiment-matrix-20260816-a,Tail probability / vec![1; n] (widening-u128),16,9,360490,96081069.000000,266.529082637521,60030972.386454194784,bytes/s,2.425744604507,7.778375378149
experiment-matrix-20260816-a,Tail probability / vec![1; n] (widening-u128),16,10,396539,101423063.000000,255.770713599419,62556028.306895047426,bytes/s,2.407850815161,7.796269167495
experiment-matrix-20260816-a,Tail probability / vec![1; n] (widening-u128),16,11,432588,116747041.000000,269.880442823194,59285511.141991168261,bytes/s,2.431171414080,7.772948568576
experiment-matrix-20260816-a,Tail probability / vec![1; n] (widening-u128),16,12,468637,121470259.000000,259.199036781133,61728624.452838286757,bytes/s,2.413633383304,7.790486599352
experiment-matrix-20260816-a,Tail probability / vec![1; n] (widening-u128),16,13,504686,134493431.000000,266.489324054957,60039928.641570597887,bytes/s,2.425679815250,7.778440167406
experiment-matrix-20260816-a,Tail probability / vec![1; n] (widening-u128),16,14,540735,140586230.000000,259.990993740002,61540593.271474741399,bytes/s,2.414958303983,7.789161678673
experiment-matrix-20260816-a,Tail probability / vec![1; n] (widening-u128),16,15,576784,150051753.000000,260.152419276540,61502407.106166891754,bytes/s,2.415227868954,7.788892113702
experiment-matrix-20260816-a,Tail probability / vec![1; n] (widening-u128),16,16,612833,188190217.000000,307.082381333903,52103282.286985196173,bytes/s,2.487254899774,7.716865082882
experiment-matrix-20260816-a,Tail probability / vec![1; n] (widening-u128),16,17,648882,167415095.000000,258.005453996258,62014192.925673760474,bytes/s,2.411628886643,7.792491096013
experiment-matrix-20260816-a,Tail probability / vec![1; n] (widening-u128),16,18,684931,180842921.000000,264.030860042836,60598976.943089745939,bytes/s,2.421654690366,7.782465292290
experiment-matrix-20260816-a,Tail probability / vec![1; n] (widening-u128),16,19,720980,191630018.000000,265.791031651363,60197666.943808354437,bytes/s,2.424540322844,7.779579659812
experiment-matrix-20260816-a,Tail probability / vec![1; n] (widening-u128),200000,0,2,97238360.000000,48619180.000000000000,4113602.903216384817,bytes/s,7.686807629857,6.614222365807
experiment-matrix-20260816-a,Tail probability / vec![1; n] (widening-u128),200000,1,2,97934322.000000,48967161.000000000000,4084369.931105460506,bytes/s,7.689904925383,6.611125070281
experiment-matrix-20260816-a,Tail probability / vec![1; n] (widening-u128),200000,2,2,98753029.000000,49376514.500000000000,4050508.668448033277,bytes/s,7.693520429726,6.607509565938
experiment-matrix-20260816-a,Tail probability / vec![1; n] (widening-u128),200000,3,2,99181072.000000,49590536.000000000000,4033027.592200253624,bytes/s,7.695398802394,6.605631193270
experiment-matrix-20260816-a,Tail probability / vec![1; n] (widening-u128),200000,4,2,101396027.000000,50698013.500000000000,3944927.743569281884,bytes/s,7.704990942708,6.596039052956
experiment-matrix-20260816-a,Tail probability / vec![1; n] (widening-u128),200000,5,2,100429684.000000,50214842.000000000000,3982886.175366239157,bytes/s,7.700832100532,6.600197895132
experiment-matrix-20260816-a,Tail probability / vec![1; n] (widening-u128),200000,6,2,97740013.000000,48870006.500000000000,4092489.736010164022,bytes/s,7.689042396792,6.611987598872
experiment-matrix-20260816-a,Tail probability / vec![1; n] (widening-u128),200000,7,2,100081982.000000,50040991.000000000000,3996723.406217115000,bytes/s,7.699325901772,6.601704093892
experiment-matrix-20260816-a,Tail probability / vec![1; n] (widening-u128),200000,8,2,98055508.000000,49027754.000000000000,4079322.091727881227,bytes/s,7.690441998330,6.610587997334
experiment-matrix-20260816-a,Tail probability / vec![1; n] (widening-u128),200000,9,2,100017571.000000,50008785.500000000000,3999297.283474320546,bytes/s,7.699046307516,6.601983688148
experiment-matrix-20260816-a,Tail probability / vec![1; n] (widening-u128),200000,10,2,98082963.000000,49041481.500000000000,4078180.223817259539,bytes/s,7.690563581363,6.610466414301
experiment-matrix-20260816-a,Tail probability / vec![1; n] (widening-u128),200000,11,2,96394967.000000,48197483.500000000000,4149594.241782353725,bytes/s,7.683024363330,6.618005632334
experiment-matrix-20260816-a,Tail probability / vec![1; n] (widening-u128),200000,12,2,96597985.000000,48298992.500000000000,4140873.124837955926,bytes/s,7.683938071616,6.617091924048
experiment-matrix-20260816-a,Tail probability / vec![1; n] (widening-u128),200000,13,2,98300512.000000,49150256.000000000000,4069154.797484676354,bytes/s,7.691525784205,6.609504211459
experiment-matrix-20260816-a,Tail probability / vec![1; n] (widening-u128),200000,14,2,95218144.000000,47609072.000000000000,4200880.033956553787,bytes/s,7.677689716253,6.623340279411
experiment-matrix-20260816-a,Tail probability / vec![1; n] (widening-u128),200000,15,2,98136034.000000,49068017.000000000000,4075974.784145036712,bytes/s,7.690798507067,6.610231488597
experiment-matrix-20260816-a,Tail probability / vec![1; n] (widening-u128),200000,16,2,100429729.000000,50214864.500000000000,3982884.390736531932,bytes/s,7.700832295128,6.600197700536
experiment-matrix-20260816-a,Tail probability / vec![1; n] (widening-u128),200000,17,2,98459005.000000,49229502.500000000000,4062604.532718972769,bytes/s,7.692225446933,6.608804548731
experiment-matrix-20260816-a,Tail probability / vec![1; n] (widening-u128),200000,18,2,98139109.000000,49069554.500000000000,4075847.071324032731,bytes/s,7.690812115061,6.610217880603
experiment-matrix-20260816-a,Tail probability / vec![1; n] (widening-u128),200000,19,2,99631003.000000,49815501.500000000000,4014814.545227453113,bytes/s,7.697364506783,6.603665488881
experiment-matrix-20260816-a,Tail probability / vec![1; n] (widening-u128),256,0,1808,8845624.000000,4892.491150442478,52325081.870990671217,bytes/s,3.689530048777,7.718709916535
experiment-matrix-20260816-a,Tail probability / vec![1; n] (widening-u128),256,1,3616,17537203.000000,4849.890210176991,52784700.045953735709,bytes/s,3.685731907333,7.722508057978
experiment-matrix-20260816-a,Tail probability / vec![1; n] (widening-u128),256,2,5424,25845032.000000,4764.939528023599,53725760.525272324681,bytes/s,3.678057393366,7.730182571946
experiment-matrix-20260816-a,Tail probability / vec![1; n] (widening-u128),256,3,7232,36937972.000000,5107.573561946902,50121647.176515273750,bytes/s,3.708214630286,7.700025335026
experiment-matrix-20260816-a,Tail probability / vec![1; n] (widening-u128),256,4,9040,48668959.000000,5383.734402654867,47550636.947052843869,bytes/s,3.731083626568,7.677156338744
experiment-matrix-20260816-a,Tail probability / vec![1; n] (widening-u128),256,5,10848,56933402.000000,5248.285582595870,48777833.441254749894,bytes/s,3.720017458908,7.688222506404
experiment-matrix-20260816-a,Tail probability / vec![1; n] (widening-u128),256,6,12656,61062306.000000,4824.771333754741,53059509.413221307099,bytes/s,3.683476735122,7.724763230190
experiment-matrix-20260816-a,Tail probability / vec![1; n] (widening-u128),256,7,14464,72342126.000000,5001.529728982301,51184340.366220362484,bytes/s,3.699102854586,7.709137110726
experiment-matrix-20260816-a,Tail probability / vec![1; n] (widening-u128),256,8,16272,81652471.000000,5017.973881514257,51016606.711142890155,bytes/s,3.700528396488,7.707711568824
experiment-matrix-20260816-a,Tail probability / vec![1; n] (widening-u128),256,9,18080,112023561.000000,6195.993418141593,41317022.585989743471,bytes/s,3.792110947747,7.616129017565
experiment-matrix-20260816-a,Tail probability / vec![1; n] (widening-u128),256,10,19888,105762664.000000,5317.913515687852,48139180.760424114764,bytes/s,3.725741270197,7.682498695115
experiment-matrix-20260816-a,Tail probability / vec![1; n] (widening-u128),256,11,21696,121143159.000000,5583.663301991151,45848036.701767034829,bytes/s,3.746919222205,7.661320743106
experiment-matrix-20260816-a,Tail probability / vec![1; n] (widening-u128),256,12,23504,119791892.000000,5096.659802586793,50228975.430156826973,bytes/s,3.707285645794,7.700954319518
experiment-matrix-20260816-a,Tail probability / vec![1; n] (widening-u128),256,13,25312,121986111.000000,4819.299581226296,53119752.297046341002,bytes/s,3.682983924108,7.725256041204
experiment-matrix-20260816-a,Tail probability / vec![1; n] (widening-u128),256,14,27120,131009950.000000,4830.750368731564,52993837.490969195962,bytes/s,3.684014595697,7.724225369615
experiment-matrix-20260816-a,Tail probability / vec![1; n] (widening-u128),256,15,28928,144646974.000000,5000.241081305309,51197531.446458056569,bytes/s,3.698990943887,7.709249021425
experiment-matrix-20260816-a,Tail probability / vec![1; n] (widening-u128),256,16,30736,164269128.000000,5344.518740239459,47899542.024719335139,bytes/s,3.727908604237,7.680331361075
experiment-matrix-20260816-a,Tail probability / vec![1; n] (widening-u128),256,17,32544,174751369.000000,5369.695458456244,47674956.984171040356,bytes/s,3.729949655446,7.678290309866
experiment-matrix-20260816-a,Tail probability / vec![1; n] (widening-u128),256,18,34352,175117849.000000,5097.748282487191,50218250.453727304935,bytes/s,3.707378386993,7.700861578319
experiment-matrix-20260816-a,Tail probability / vec![1; n] (widening-u128),256,19,36160,199755234.000000,5524.204480088496,46341514.135244131088,bytes/s,3.742269745745,7.665970219567
experiment-matrix-20260816-a,Tail probability / vec![1; n] (widening-u128),4096,0,40,9442726.000000,236068.149999999994,17350921.757128186524,bytes/s,5.373037396599,7.239322551369
experiment-matrix-20260816-a,Tail probability / vec![1; n] (widening-u128),4096,1,80,19398865.000000,242485.812500000000,16891709.901584450155,bytes/s,5.384686333729,7.227673614239
experiment-matrix-20260816-a,Tail probability / vec![1; n] (widening-u128),4096,2,120,29520918.000000,246007.649999999994,16649888.733134925365,bytes/s,5.390948612393,7.221411335575
experiment-matrix-20260816-a,Tail probability / vec![1; n] (widening-u128),4096,3,160,39163445.000000,244771.531250000000,16733972.202905030921,bytes/s,5.388760904732,7.223599043236
experiment-matrix-20260816-a,Tail probability / vec![1; n] (widening-u128),4096,4,200,48090239.000000,240451.195000000007,17034641.894792828709,bytes/s,5.381026939782,7.231333008186
experiment-matrix-20260816-a,Tail probability / vec![1; n] (widening-u128),4096,5,240,56231158.000000,234296.491666666669,17482122.633860751987,bytes/s,5.369765785561,7.242594162406
experiment-matrix-20260816-a,Tail probability / vec![1; n] (widening-u128),4096,6,280,66547502.000000,237669.649999999994,17234005.267395310104,bytes/s,5.375973726621,7.236386221347
experiment-matrix-20260816-a,Tail probability / vec![1; n] (widening-u128),4096,7,320,74066373.000000,231457.415624999994,17696559.813992783427,bytes/s,5.364471099629,7.247888848339
experiment-matrix-20260816-a,Tail probability / vec![1; n] (widening-u128),4096,8,360,83413245.000000,231703.458333333343,17677768.081076331437,bytes/s,5.364932515982,7.247427431986
experiment-matrix-20260816-a,Tail probability / vec![1; n] (widening-u128),4096,9,400,92684876.000000,231712.190000000002,17677101.925453297794,bytes/s,5.364948881915,7.247411066053
experiment-matrix-20260816-a,Tail probability / vec![1; n] (widening-u128),4096,10,440,102289888.000000,232477.018181818188,17618945.872733771801,bytes/s,5.366380026602,7.245979921366
experiment-matrix-20260816-a,Tail probability / vec![1; n] (widening-u128),4096,11,480,113560474.000000,236584.320833333331,17313066.164200760424,bytes/s,5.373985959222,7.238373988746
experiment-matrix-20260816-a,Tail probability / vec![1; n] (widening-u128),4096,12,520,121613157.000000,233871.455769230757,17513894.487584102899,bytes/s,5.368977218994,7.243382728973
experiment-matrix-20260816-a,Tail probability / vec![1; n] (widening-u128),4096,13,560,133261275.000000,237966.562500000000,17212502.281701866537,bytes/s,5.376515937132,7.235844010835
experiment-matrix-20260816-a,Tail probability / vec![1; n] (widening-u128),4096,14,600,147887082.000000,246478.470000000001,16618084.330043107271,bytes/s,5.391778989461,7.220580958507
experiment-matrix-20260816-a,Tail probability / vec![1; n] (widening-u128),4096,15,640,152272291.000000,237925.454687499994,17215476.189295660704,bytes/s,5.376440907943,7.235919040025
experiment-matrix-20260816-a,Tail probability / vec![1; n] (widening-u128),4096,16,680,167804579.000000,246771.439705882367,16598355.161690790206,bytes/s,5.392294894843,7.220065053125
experiment-matrix-20260816-a,Tail probability / vec![1; n] (widening-u128),4096,17,720,167934173.000000,233241.906944444432,17561166.660224657506,bytes/s,5.367806583478,7.244553364490
experiment-matrix-20260816-a,Tail probability / vec![1; n] (widening-u128),4096,18,760,178179534.000000,234446.755263157887,17470917.844021301717,bytes/s,5.370044226492,7.242315721475
experiment-matrix-20260816-a,Tail probability / vec![1; n] (widening-u128),4096,19,800,188143702.000000,235179.627500000002,17416474.562619160861,bytes/s,5.371399698154,7.240960249813
experiment-matrix-20260816-a,Tail probability / vec![1; n] (widening-u128),50000,0,2,14483585.000000,7241792.500000000000,6904367.944814767689,bytes/s,6.859846076764,6.839123927572
experiment-matrix-20260816-a,Tail probability / vec![1; n] (widening-u128),50000,1,4,29042761.000000,7260690.250000000000,6886397.612127855420,bytes/s,6.860977909614,6.837992094722
experiment-matrix-20260816-a,Tail probability / vec![1; n] (widening-u128),50000,2,6,43518243.000000,7253040.500000000000,6893660.665482290089,bytes/s,6.860520102510,6.838449901826
experiment-matrix-20260816-a,Tail probability / vec![1; n] (widening-u128),50000,3,8,57508115.000000,7188514.375000000000,6955540.100731870160,bytes/s,6.856639145542,6.842330858794
experiment-matrix-20260816-a,Tail probability / vec![1; n] (widening-u128),50000,4,10,71497709.000000,7149770.900000000373,6993231.069823510014,bytes/s,6.854292125933,6.844677878403
experiment-matrix-20260816-a,Tail probability / vec![1; n] (widening-u128),50000,5,12,92424358.000000,7702029.833333333023,6491795.160751887597,bytes/s,6.886605196503,6.812364807833
experiment-matrix-20260816-a,Tail probability / vec![1; n] (widening-u128),50000,6,14,102822153.000000,7344439.500000000000,6807871.451592732221,bytes/s,6.865958657669,6.833011346667
experiment-matrix-20260816-a,Tail probability / vec![1; n] (widening-u128),50000,7,16,109993525.000000,6874595.312500000000,7273155.397101784125,bytes/s,6.837247137597,6.861722866739
experiment-matrix-20260816-a,Tail probability / vec![1; n] (widening-u128),50000,8,18,122069048.000000,6781613.777777777985,7372876.374033817090,bytes/s,6.831333052479,6.867636951857
experiment-matrix-20260816-a,Tail probability / vec![1; n] (widening-u128),50000,9,20,139097943.000000,6954897.150000000373,7189178.922653082758,bytes/s,6.842290711967,6.856679292369
experiment-matrix-20260816-a,Tail probability / vec![1; n] (widening-u128),50000,10,22,149189596.000000,6781345.272727272473,7373168.300556293689,bytes/s,6.831315857078,6.867654147258
experiment-matrix-20260816-a,Tail probability / vec![1; n] (widening-u128),50000,11,24,165712790.000000,6904699.583333333023,7241444.670625604689,bytes/s,6.839144787601,6.859825216735
experiment-matrix-20260816-a,Tail probability / vec![1; n] (widening-u128),50000,12,26,178418251.000000,6862240.423076923005,7286250.104536671191,bytes/s,6.836465929778,6.862504074558
experiment-matrix-20260816-a,Tail probability / vec![1; n] (widening-u128),50000,13,28,196390585.000000,7013949.464285714552,7128651.304745591246,bytes/s,6.845962632452,6.853007371884
experiment-matrix-20260816-a,Tail probability / vec![1; n] (widening-u128),50000,14,30,228598412.000000,7619947.066666666418,6561725.371915532276,bytes/s,6.881951954445,6.817018049891
experiment-matrix-20260816-a,Tail probability / vec![1; n] (widening-u128),50000,15,32,218217202.000000,6819287.562500000000,7332144.236731621437,bytes/s,6.833739004592,6.865230999744
experiment-matrix-20260816-a,Tail probability / vec![1; n] (widening-u128),50000,16,34,229597316.000000,6752862.235294117592,7404267.739784901962,bytes/s,6.829487889797,6.869482114539
experiment-matrix-20260816-a,Tail probability / vec![1; n] (widening-u128),50000,17,36,248755337.000000,6909870.472222222015,7236025.653592308983,bytes/s,6.839469906459,6.859500097877
experiment-matrix-20260816-a,Tail probability / vec![1; n] (widening-u128),50000,18,38,258419439.000000,6800511.552631579340,7352388.068608104251,bytes/s,6.832541582725,6.866428421611
experiment-matrix-20260816-a,Tail probability / vec![1; n] (widening-u128),50000,19,40,274863128.000000,6871578.200000000186,7276348.830607792363,bytes/s,6.837056493222,6.861913511114
experiment-matrix-20260816-a,Tail probability / vec![1; n] (widening-u128),64,0,9504,9105868.000000,958.109006734007,66798244.824106834829,bytes/s,2.981414922784,7.824765051200
experiment-matrix-20260816-a,Tail probability / vec![1; n] (widening-u128),64,1,19008,18303255.000000,962.923768939394,66464243.655022010207,bytes/s,2.983591907021,7.822588066963
experiment-matrix-20260816-a,Tail probability / vec![1; n] (widening-u128),64,2,28512,28190248.000000,988.715207631874,64730469.912857808173,bytes/s,2.995071214180,7.811108759804
experiment-matrix-20260816-a,Tail probability / vec![1; n] (widening-u128),64,3,38016,50368812.000000,1324.937184343434,48304176.798928670585,bytes/s,3.122195288733,7.683984685250
experiment-matrix-20260816-a,Tail probability / vec![1; n] (widening-u128),64,4,47520,51432110.000000,1082.325547138047,59131931.394609324634,bytes/s,3.034357909625,7.771822064359
experiment-matrix-20260816-a,Tail probability / vec![1; n] (widening-u128),64,5,57024,56311263.000000,987.501104797980,64810054.073907025158,bytes/s,2.994537590179,7.811642383804
experiment-matrix-20260816-a,Tail probability / vec![1; n] (widening-u128),64,6,66528,68880604.000000,1035.362614237614,61814092.106393255293,bytes/s,3.015092479051,7.791087494933
experiment-matrix-20260816-a,Tail probability / vec![1; n] (widening-u128),64,7,76032,75143232.000000,988.310606060606,64756969.729489415884,bytes/s,2.994893456023,7.811286517960
experiment-matrix-20260816-a,Tail probability / vec![1; n] (widening-u128),64,8,85536,82380575.000000,963.109977085672,66451393.426180869341,bytes/s,2.983675881843,7.822504092140
experiment-matrix-20260816-a,Tail probability / vec![1; n] (widening-u128),64,9,95040,95008390.000000,999.667403198653,64021293.277362130582,bytes/s,2.999855531018,7.806324442966
experiment-matrix-20260816-a,Tail probability / vec![1; n] (widening-u128),64,10,104544,103832986.000000,993.198901897765,64438250.865673847497,bytes/s,2.997036230717,7.809143743266
experiment-matrix-20260816-a,Tail probability / vec![1; n] (widening-u128),64,11,114048,108698841.000000,953.097301136364,67149492.421910926700,bytes/s,2.979137239767,7.827042734217
experiment-matrix-20260816-a,Tail probability / vec![1; n] (widening-u128),64,12,123552,119773832.000000,969.420422170422,66018827.885543480515,bytes/s,2.986512164492,7.819667809492
experiment-matrix-20260816-a,Tail probability / vec![1; n] (widening-u128),64,13,133056,130342884.000000,979.609217171717,65332174.175308257341,bytes/s,2.991052862761,7.815127111223
experiment-matrix-20260816-a,Tail probability / vec![1; n] (widening-u128),64,14,142560,133184865.000000,934.237268518518,68505081.264301314950,bytes/s,2.970457188138,7.835722785846
experiment-matrix-20260816-a,Tail probability / vec![1; n] (widening-u128),64,15,152064,141573109.000000,931.010028672138,68742546.298110902309,bytes/s,2.968954359148,7.837225614836
experiment-matrix-20260816-a,Tail probability / vec![1; n] (widening-u128),64,16,161568,157118631.000000,972.461322786690,65812386.056240528822,bytes/s,2.987872337366,7.818307636618
experiment-matrix-20260816-a,Tail probability / vec![1; n] (widening-u128),64,17,171072,165122006.000000,965.219357931163,66306171.207731090486,bytes/s,2.984626023306,7.821553950678
experiment-matrix-20260816-a,Tail probability / vec![1; n] (widening-u128),64,18,180576,170804106.000000,945.884868421053,67661511.603239804506,bytes/s,2.975838277996,7.830341695988
experiment-matrix-20260816-a,Tail probability / vec![1; n] (widening-u128),64,19,190080,181307199.000000,953.846796085859,67096729.016259305179,bytes/s,2.979478625273,7.826701348711
experiment-matrix-20260816-a,Tail probability / vec![1; n] (widening-u128),8,0,47613,9175118.000000,192.701951147796,41514888.418873742223,bytes/s,2.284886112001,7.618203874991
experiment-matrix-20260816-a,Tail probability / vec![1; n] (widening-u128),8,1,95226,18084831.000000,189.914844685275,42124142.603267900646,bytes/s,2.278558912672,7.624531074320
experiment-matrix-20260816-a,Tail probability / vec![1; n] (widening-u128),8,2,142839,27714961.000000,194.029368729829,41230871.658091090620,bytes/s,2.287867470714,7.615222516278
experiment-matrix-20260816-a,Tail probability / vec![1; n] (widening-u128),8,3,190452,36522116.000000,191.765463213828,41717626.656681120396,bytes/s,2.282770393834,7.620319593158
experiment-matrix-20260816-a,Tail probability / vec![1; n] (widening-u128),8,4,238065,45829274.000000,192.507399239703,41556844.212718710303,bytes/s,2.284447426765,7.618642560227
experiment-matrix-20260816-a,Tail probability / vec![1; n] (widening-u128),8,5,285678,55690158.000000,194.940310419423,41038202.836486831307,bytes/s,2.289901653292,7.613188333700
experiment-matrix-20260816-a,Tail probability / vec![1; n] (widening-u128),8,6,333291,63002405.000000,189.031221965190,42321051.077335856855,bytes/s,2.276533541778,7.626556445214
experiment-matrix-20260816-a,Tail probability / vec![1; n] (widening-u128),8,7,380904,72108640.000000,189.309222271228,42258902.677959255874,bytes/s,2.277171771301,7.625918215691
experiment-matrix-20260816-a,Tail probability / vec![1; n] (widening-u128),8,8,428517,81118465.000000,189.300459491689,42260858.856241919100,bytes/s,2.277151668134,7.625938318858
experiment-matrix-20260816-a,Tail probability / vec![1; n] (widening-u128),8,9,476130,90544668.000000,190.167954130175,42068076.278108388186,bytes/s,2.279137334279,7.623952652713
experiment-matrix-20260816-a,Tail probability / vec![1; n] (widening-u128),8,10,523743,100364749.000000,191.629766889486,41747167.623564727604,bytes/s,2.282462971296,7.620627015695
experiment-matrix-20260816-a,Tail probability / vec![1; n] (widening-u128),8,11,571356,107650906.000000,188.413013952772,42459912.041985049844,bytes/s,2.275110896826,7.627979090166
experiment-matrix-20260816-a,Tail probability / vec![1; n] (widening-u128),8,12,618969,123246198.000000,199.115299796920,40177726.212698258460,bytes/s,2.299104632012,7.603985354980
experiment-matrix-20260816-a,Tail probability / vec![1; n] (widening-u128),8,13,666582,126549064.000000,189.847706658746,42139039.447972528636,bytes/s,2.278405355274,7.624684631718
experiment-matrix-20260816-a,Tail probability / vec![1; n] (widening-u128),8,14,714195,137757233.000000,192.884622547063,41475571.740033425391,bytes/s,2.285297605512,7.617792381480
experiment-matrix-20260816-a,Tail probability / vec![1; n] (widening-u128),8,15,761808,144785420.000000,190.055000735093,42093078.156626544893,bytes/s,2.278879301264,7.624210685728
experiment-matrix-20260816-a,Tail probability / vec![1; n] (widening-u128),8,16,809421,154948663.000000,191.431483739611,41790408.995010174811,bytes/s,2.282013365468,7.621076621524
experiment-matrix-20260816-a,Tail probability / vec![1; n] (widening-u128),8,17,857034,162183082.000000,189.237628845530,42274890.299593642354,bytes/s,2.277007497685,7.626082489307
experiment-matrix-20260816-a,Tail probability / vec![1; n] (widening-u128),8,18,904647,180165930.000000,199.156057556152,40169503.745797000825,bytes/s,2.299193520503,7.603896466489
experiment-matrix-20260816-a,Tail probability / vec![1; n] (widening-u128),8,19,952260,185205693.000000,194.490677966102,41133076.832578793168,bytes/s,2.288898790212,7.614191196780
experiment-matrix-20260816-a,Tail probability / patterned (batch-balanced),16,0,38971,8262883.000000,212.026455569526,75462281.143276497722,bytes/s,2.326390053339,7.877729929317
experiment-matrix-20260816-a,Tail probability / patterned (batch-balanced),16,1,77942,15953976.000000,204.690359498088,78166846.935209125280,bytes/s,2.311097388753,7.893022593903
experiment-matrix-20260816-a,Tail probability / patterned (batch-balanced),16,2,116913,24666522.000000,210.981858304893,75835904.226789653301,bytes/s,2.324245113228,7.879874869428
experiment-matrix-20260816-a,Tail probability / patterned (batch-balanced),16,3,155884,33111548.000000,212.411459803444,75325502.752091199160,bytes/s,2.327177943648,7.876942039008
experiment-matrix-20260816-a,Tail probability / patterned (batch-balanced),16,4,194855,39766304.000000,204.081517025480,78400044.419516593218,bytes/s,2.309803673911,7.894316308745
experiment-matrix-20260816-a,Tail probability / patterned (batch-balanced),16,5,233826,49274426.000000,210.731167620367,75926120.377333268523,bytes/s,2.323728773503,7.880391209153
experiment-matrix-20260816-a,Tail probability / patterned (batch-balanced),16,6,272797,57962118.000000,212.473443622914,75303528.418336957693,bytes/s,2.327304656698,7.876815325958
experiment-matrix-20260816-a,Tail probability / patterned (batch-balanced),16,7,311768,63840612.000000,204.769610736188,78136594.304578408599,bytes/s,2.311265504702,7.892854477954
experiment-matrix-20260816-a,Tail probability / patterned (batch-balanced),16,8,350739,70899748.000000,202.143896173508,79151536.617591366172,bytes/s,2.305660632149,7.898459350507
experiment-matrix-20260816-a,Tail probability / patterned (batch-balanced),16,9,389710,83339678.000000,213.850499089066,74818623.609272882342,bytes/s,2.330110268160,7.874009714496
experiment-matrix-20260816-a,Tail probability / patterned (batch-balanced),16,10,428681,90953627.000000,212.170884643826,75410912.420238062739,bytes/s,2.326685787171,7.877434195485
experiment-matrix-20260816-a,Tail probability / patterned (batch-balanced),16,11,467652,104721236.000000,223.929836716191,71450951.934906497598,bytes/s,2.350111963422,7.854008019234
experiment-matrix-20260816-a,Tail probability / patterned (batch-balanced),16,12,506623,107540921.000000,212.270112095187,75375660.954214811325,bytes/s,2.326888849249,7.877231133407
experiment-matrix-20260816-a,Tail probability / patterned (batch-balanced),16,13,545594,118131966.000000,216.519914075301,73896205.198176413774,bytes/s,2.335497846072,7.868622136584
experiment-matrix-20260816-a,Tail probability / patterned (batch-balanced),16,14,584565,121483967.000000,207.819433253787,76989912.586572021246,bytes/s,2.317686156119,7.886433826536
experiment-matrix-20260816-a,Tail probability / patterned (batch-balanced),16,15,623536,133075644.000000,213.420947627723,74969210.744529634714,bytes/s,2.329237043920,7.874882938736
experiment-matrix-20260816-a,Tail probability / patterned (batch-balanced),16,16,662507,138663217.000000,209.300757576901,76445017.138178750873,bytes/s,2.320770800297,7.883349182359
experiment-matrix-20260816-a,Tail probability / patterned (batch-balanced),16,17,701478,146863727.000000,209.363268698377,76422192.390637069941,bytes/s,2.320900490137,7.883219492519
experiment-matrix-20260816-a,Tail probability / patterned (batch-balanced),16,18,740449,154872481.000000,209.160227105445,76496378.979038894176,bytes/s,2.320479104713,7.883640877943
experiment-matrix-20260816-a,Tail probability / patterned (batch-balanced),16,19,779420,167342017.000000,214.700696671884,74522347.845251560211,bytes/s,2.331833453660,7.872286528996
experiment-matrix-20260816-a,Tail probability / patterned (batch-balanced),200000,0,4,124153744.000000,31038436.000000000000,6443623.641345846467,bytes/s,7.491899829413,6.809130166251
experiment-matrix-20260816-a,Tail probability / patterned (batch-balanced),200000,1,4,123171368.000000,30792842.000000000000,6495015.952083929442,bytes/s,7.488449773605,6.812580222059
experiment-matrix-20260816-a,Tail probability / patterned (batch-balanced),200000,2,4,121260328.000000,30315082.000000000000,6597376.183907402679,bytes/s,7.481658747306,6.819371248358
experiment-matrix-20260816-a,Tail probability / patterned (batch-balanced),200000,3,4,121924977.000000,30481244.250000000000,6561411.941049617715,bytes/s,7.484032691010,6.816997304654
experiment-matrix-20260816-a,Tail probability / patterned (batch-balanced),200000,4,4,124392201.000000,31098050.250000000000,6431271.362422471866,bytes/s,7.492733160981,6.808296834682
experiment-matrix-20260816-a,Tail probability / patterned (batch-balanced),200000,5,4,125118520.000000,31279630.000000000000,6393937.524197056890,bytes/s,7.495261607242,6.805768388422
experiment-matrix-20260816-a,Tail probability / patterned (batch-balanced),200000,6,4,124181346.000000,31045336.500000000000,6442191.406107001007,bytes/s,7.491996371520,6.809033624144
experiment-matrix-20260816-a,Tail probability / patterned (batch-balanced),200000,7,4,122318879.000000,30579719.750000000000,6540282.305890000425,bytes/s,7.485433500972,6.815596494692
experiment-matrix-20260816-a,Tail probability / patterned (batch-balanced),200000,8,4,126208558.000000,31552139.500000000000,6338714.368323580362,bytes/s,7.499028813391,6.802001182273
experiment-matrix-20260816-a,Tail probability / patterned (batch-balanced),200000,9,4,124085352.000000,31021338.000000000000,6447175.166977001354,bytes/s,7.491660525698,6.809369469966
experiment-matrix-20260816-a,Tail probability / patterned (batch-balanced),200000,10,4,122029077.000000,30507269.250000000000,6555814.562130958773,bytes/s,7.484403335052,6.816626660612
experiment-matrix-20260816-a,Tail probability / patterned (batch-balanced),200000,11,4,121381576.000000,30345394.000000000000,6590786.067895510234,bytes/s,7.482092780677,6.818937214987
experiment-matrix-20260816-a,Tail probability / patterned (batch-balanced),200000,12,4,121791476.000000,30447869.000000000000,6568604.193613681011,bytes/s,7.483556902423,6.817473093241
experiment-matrix-20260816-a,Tail probability / patterned (batch-balanced),200000,13,4,120924798.000000,30231199.500000000000,6615681.921585678123,bytes/s,7.480455379262,6.820574616402
experiment-matrix-20260816-a,Tail probability / patterned (batch-balanced),200000,14,4,121212992.000000,30303248.000000000000,6599952.585940622725,bytes/s,7.481489180082,6.819540815582
experiment-matrix-20260816-a,Tail probability / patterned (batch-balanced),200000,15,4,120718696.000000,30179674.000000000000,6626976.818901357241,bytes/s,7.479714544228,6.821315451436
experiment-matrix-20260816-a,Tail probability / patterned (batch-balanced),200000,16,4,121362154.000000,30340538.500000000000,6591840.813899858855,bytes/s,7.482023284608,6.819006711056
experiment-matrix-20260816-a,Tail probability / patterned (batch-balanced),200000,17,4,121392406.000000,30348101.500000000000,6590198.072192423977,bytes/s,7.482131527903,6.818898467761
experiment-matrix-20260816-a,Tail probability / patterned (batch-balanced),200000,18,4,122275113.000000,30568778.250000000000,6542623.272815949284,bytes/s,7.485278081517,6.815751914147
experiment-matrix-20260816-a,Tail probability / patterned (batch-balanced),200000,19,4,122913453.000000,30728363.250000000000,6508644.745339632966,bytes/s,7.487539428124,6.813490567540
experiment-matrix-20260816-a,Tail probability / patterned (batch-balanced),256,0,2373,8966427.000000,3778.519595448799,67751401.979852169752,bytes/s,3.577321678816,7.830918286496
experiment-matrix-20260816-a,Tail probability / patterned (batch-balanced),256,1,4746,17818554.000000,3754.436156763591,68186004.318868964911,bytes/s,3.574544723659,7.833695241653
experiment-matrix-20260816-a,Tail probability / patterned (batch-balanced),256,2,7119,27037827.000000,3797.981036662452,67404233.335763260722,bytes/s,3.579552791972,7.828687173340
experiment-matrix-20260816-a,Tail probability / patterned (batch-balanced),256,3,9492,37337233.000000,3933.547513695744,65081201.919810175896,bytes/s,3.594784400421,7.813455564891
experiment-matrix-20260816-a,Tail probability / patterned (batch-balanced),256,4,11865,48925671.000000,4123.528950695322,62082745.886101387441,bytes/s,3.615269048028,7.792970917284
experiment-matrix-20260816-a,Tail probability / patterned (batch-balanced),256,5,14238,56586159.000000,3974.305309734513,64413772.986429423094,bytes/s,3.599261226951,7.808978738361
experiment-matrix-20260816-a,Tail probability / patterned (batch-balanced),256,6,16611,65343895.000000,3933.772500150503,65077479.694162704051,bytes/s,3.594809239979,7.813430725333
experiment-matrix-20260816-a,Tail probability / patterned (batch-balanced),256,7,18984,78030981.000000,4110.355088495575,62281723.716891378164,bytes/s,3.613879341660,7.794360623652
experiment-matrix-20260816-a,Tail probability / patterned (batch-balanced),256,8,21357,89783745.000000,4203.949290630707,60895120.826158449054,bytes/s,3.623657468790,7.784582496522
experiment-matrix-20260816-a,Tail probability / patterned (batch-balanced),256,9,23730,99607222.000000,4197.523050990308,60988348.816715314984,bytes/s,3.622993089775,7.785246875537
experiment-matrix-20260816-a,Tail probability / patterned (batch-balanced),256,10,26103,105635774.000000,4046.882503926752,63258569.961346618831,bytes/s,3.607120595388,7.801119369924
experiment-matrix-20260816-a,Tail probability / patterned (batch-balanced),256,11,28476,112905772.000000,3964.944936086529,64565839.911178320646,bytes/s,3.598237160350,7.810002804962
experiment-matrix-20260816-a,Tail probability / patterned (batch-balanced),256,12,30849,122611582.000000,3974.572336218354,64409445.430693484843,bytes/s,3.599290405442,7.808949559870
experiment-matrix-20260816-a,Tail probability / patterned (batch-balanced),256,13,33222,137454232.000000,4137.446029739330,61873918.876502826810,bytes/s,3.616732341735,7.791507623577
experiment-matrix-20260816-a,Tail probability / patterned (batch-balanced),256,14,35595,138022593.000000,3877.583733670459,66020495.644506543875,bytes/s,3.588561184868,7.819678780444
experiment-matrix-20260816-a,Tail probability / patterned (batch-balanced),256,15,37968,144234744.000000,3798.850189633376,67388811.672172412276,bytes/s,3.579652167180,7.828587798132
experiment-matrix-20260816-a,Tail probability / patterned (batch-balanced),256,16,40341,157464045.000000,3903.325277013460,65585105.475983418524,bytes/s,3.591434743986,7.816805221326
experiment-matrix-20260816-a,Tail probability / patterned (batch-balanced),256,17,42714,167860301.000000,3929.866109472304,65142168.427304320037,bytes/s,3.594377754216,7.813862211096
experiment-matrix-20260816-a,Tail probability / patterned (batch-balanced),256,18,45087,184134808.000000,4083.988910328920,62683813.698059737682,bytes/s,3.611084554132,7.797155411179
experiment-matrix-20260816-a,Tail probability / patterned (batch-balanced),256,19,47460,195016102.000000,4109.062410450906,62301317.047143109143,bytes/s,3.613742737589,7.794497227723
experiment-matrix-20260816-a,Tail probability / patterned (batch-balanced),4096,0,55,9350377.000000,170006.854545454553,24093146.190789952874,bytes/s,5.230466432150,7.381893515817
experiment-matrix-20260816-a,Tail probability / patterned (batch-balanced),4096,1,110,18587012.000000,168972.836363636365,24240582.617582641542,bytes/s,5.227816894167,7.384543053801
experiment-matrix-20260816-a,Tail probability / patterned (batch-balanced),4096,2,165,29262328.000000,177347.442424242414,23095906.791831463575,bytes/s,5.248824929774,7.363535018194
experiment-matrix-20260816-a,Tail probability / patterned (batch-balanced),4096,3,220,38331774.000000,174235.336363636365,23508434.543102543801,bytes/s,5.241136238108,7.371223709860
experiment-matrix-20260816-a,Tail probability / patterned (batch-balanced),4096,4,275,48214599.000000,175325.814545454545,23362218.567865721881,bytes/s,5.243845865262,7.368514082705
experiment-matrix-20260816-a,Tail probability / patterned (batch-balanced),4096,5,330,56911005.000000,172457.590909090912,23750766.657520808280,bytes/s,5.236682315070,7.375677632898
experiment-matrix-20260816-a,Tail probability / patterned (batch-balanced),4096,6,385,71291114.000000,185171.724675324687,22120007.831551067531,bytes/s,5.267574671574,7.344785276394
experiment-matrix-20260816-a,Tail probability / patterned (batch-balanced),4096,7,440,76263821.000000,173326.865909090906,23631650.976417768747,bytes/s,5.238865884190,7.373494063778
experiment-matrix-20260816-a,Tail probability / patterned (batch-balanced),4096,8,495,85284838.000000,172292.602020202030,23773510.597510896623,bytes/s,5.236266629910,7.376093318058
experiment-matrix-20260816-a,Tail probability / patterned (batch-balanced),4096,9,550,92943610.000000,168988.381818181806,24238352.695790491998,bytes/s,5.227856847302,7.384503100666
experiment-matrix-20260816-a,Tail probability / patterned (batch-balanced),4096,10,605,103242964.000000,170649.527272727282,24002410.469346851110,bytes/s,5.232105089549,7.380254858419
experiment-matrix-20260816-a,Tail probability / patterned (batch-balanced),4096,11,660,111508102.000000,168951.669696969708,24243619.535376898944,bytes/s,5.227762488130,7.384597459838
experiment-matrix-20260816-a,Tail probability / patterned (batch-balanced),4096,12,715,122065402.000000,170720.841958041972,23992384.017217259854,bytes/s,5.232286543932,7.380073404036
experiment-matrix-20260816-a,Tail probability / patterned (batch-balanced),4096,13,770,129702376.000000,168444.644155844144,24316593.861009918153,bytes/s,5.226457206765,7.385902741202
experiment-matrix-20260816-a,Tail probability / patterned (batch-balanced),4096,14,825,139124354.000000,168635.580606060597,24289061.568616520613,bytes/s,5.226949212226,7.385410735742
experiment-matrix-20260816-a,Tail probability / patterned (batch-balanced),4096,15,880,149164381.000000,169504.978409090923,24164482.001906339079,bytes/s,5.229182458078,7.383177489890
experiment-matrix-20260816-a,Tail probability / patterned (batch-balanced),4096,16,935,159375497.000000,170455.077005347586,24029791.731410257518,bytes/s,5.231609941221,7.380750006747
experiment-matrix-20260816-a,Tail probability / patterned (batch-balanced),4096,17,990,167136264.000000,168824.509090909094,24261880.114778682590,bytes/s,5.227435495550,7.384924452418
experiment-matrix-20260816-a,Tail probability / patterned (batch-balanced),4096,18,1045,176459441.000000,168860.709090909077,24256678.904474146664,bytes/s,5.227528608659,7.384831339309
experiment-matrix-20260816-a,Tail probability / patterned (batch-balanced),4096,19,1100,186753473.000000,169775.884545454552,24125923.484164603055,bytes/s,5.229876001852,7.382483946115
experiment-matrix-20260816-a,Tail probability / patterned (batch-balanced),50000,0,3,13345530.000000,4448510.000000000000,11239718.467531824484,bytes/s,6.648214571175,7.050755433161
experiment-matrix-20260816-a,Tail probability / patterned (batch-balanced),50000,1,6,27115984.000000,4519330.666666666977,11063585.227074922994,bytes/s,6.655074118595,7.043895885741
experiment-matrix-20260816-a,Tail probability / patterned (batch-balanced),50000,2,9,48346555.000000,5371839.444444444031,9307798.663213957101,bytes/s,6.730123023834,6.968846980502
experiment-matrix-20260816-a,Tail probability / patterned (batch-balanced),50000,3,12,60431220.000000,5035935.000000000000,9928642.843881027773,bytes/s,6.702080115931,6.996889888405
experiment-matrix-20260816-a,Tail probability / patterned (batch-balanced),50000,4,15,68400238.000000,4560015.866666666232,10964874.128069555387,bytes/s,6.658966353803,7.040003650533
experiment-matrix-20260816-a,Tail probability / patterned (batch-balanced),50000,5,18,82542168.000000,4585676.000000000000,10903517.823762515560,bytes/s,6.661403366490,7.037566637846
experiment-matrix-20260816-a,Tail probability / patterned (batch-balanced),50000,6,21,98327757.000000,4682274.142857142724,10678571.667204815894,bytes/s,6.670456837649,7.028513166687
experiment-matrix-20260816-a,Tail probability / patterned (batch-balanced),50000,7,24,110215471.000000,4592311.291666666977,10887763.660693332553,bytes/s,6.662031319214,7.036938685122
experiment-matrix-20260816-a,Tail probability / patterned (batch-balanced),50000,8,27,120116555.000000,4448761.296296296641,11239083.571785753593,bytes/s,6.648239103774,7.050730900562
experiment-matrix-20260816-a,Tail probability / patterned (batch-balanced),50000,9,30,132947384.000000,4431579.466666666791,11282659.010424755514,bytes/s,6.646558541438,7.052411462898
experiment-matrix-20260816-a,Tail probability / patterned (batch-balanced),50000,10,33,146123886.000000,4427996.545454545878,11291788.393856428564,bytes/s,6.646207273388,7.052762730948
experiment-matrix-20260816-a,Tail probability / patterned (batch-balanced),50000,11,36,159641966.000000,4434499.055555555969,11275230.724733117968,bytes/s,6.646844566739,7.052125437597
experiment-matrix-20260816-a,Tail probability / patterned (batch-balanced),50000,12,39,176329502.000000,4521269.282051282004,11058841.418380459771,bytes/s,6.655260373928,7.043709630408
experiment-matrix-20260816-a,Tail probability / patterned (batch-balanced),50000,13,42,191521146.000000,4560027.285714285448,10964846.670247055590,bytes/s,6.658967441349,7.040002562987
experiment-matrix-20260816-a,Tail probability / patterned (batch-balanced),50000,14,45,199128041.000000,4425067.577777777798,11299262.468011725694,bytes/s,6.645919907448,7.053050096888
experiment-matrix-20260816-a,Tail probability / patterned (batch-balanced),50000,15,48,218309080.000000,4548105.833333333023,10993587.623565634713,bytes/s,6.657830562062,7.041139442274
experiment-matrix-20260816-a,Tail probability / patterned (batch-balanced),50000,16,51,227343390.000000,4457713.529411764815,11216512.606766354293,bytes/s,6.649112155532,7.049857848804
experiment-matrix-20260816-a,Tail probability / patterned (batch-balanced),50000,17,54,245413229.000000,4544689.425925926305,11001851.900982892141,bytes/s,6.657504209843,7.041465794493
experiment-matrix-20260816-a,Tail probability / patterned (batch-balanced),50000,18,57,254452149.000000,4464072.789473684505,11200534.211247710511,bytes/s,6.649731267428,7.049238736908
experiment-matrix-20260816-a,Tail probability / patterned (batch-balanced),50000,19,60,265925324.000000,4432088.733333333395,11281362.582827951759,bytes/s,6.646608446669,7.052361557667
experiment-matrix-20260816-a,Tail probability / patterned (batch-balanced),64,0,11724,9197512.000000,784.502900034118,81580323.026488035917,bytes/s,2.894594553361,7.911585420622
experiment-matrix-20260816-a,Tail probability / patterned (batch-balanced),64,1,23448,19842938.000000,846.252900034118,75627510.401937454939,bytes/s,2.927500169985,7.878679803999
experiment-matrix-20260816-a,Tail probability / patterned (batch-balanced),64,2,35172,29232791.000000,831.138149664506,77002842.458662271500,bytes/s,2.919673217106,7.886506756878
experiment-matrix-20260816-a,Tail probability / patterned (batch-balanced),64,3,46896,39091870.000000,833.586446605254,76776680.163931787014,bytes/s,2.920950644760,7.885229329224
experiment-matrix-20260816-a,Tail probability / patterned (batch-balanced),64,4,58620,50553686.000000,862.396554077107,74211799.313703849912,bytes/s,2.935707012513,7.870472961471
experiment-matrix-20260816-a,Tail probability / patterned (batch-balanced),64,5,70344,57238727.000000,813.697358694416,78653321.552731245756,bytes/s,2.910462906255,7.895717067729
experiment-matrix-20260816-a,Tail probability / patterned (batch-balanced),64,6,82068,66880030.000000,814.934322756738,78533936.064322933555,bytes/s,2.911122609459,7.895057364524
experiment-matrix-20260816-a,Tail probability / patterned (batch-balanced),64,7,93792,80211337.000000,855.204463067213,74835905.054169580340,bytes/s,2.932069958665,7.874110015319
experiment-matrix-20260816-a,Tail probability / patterned (batch-balanced),64,8,105516,100686007.000000,954.225018006748,67070134.184584364295,bytes/s,2.979650798766,7.826529175217
experiment-matrix-20260816-a,Tail probability / patterned (batch-balanced),64,9,117240,92307192.000000,787.335312180143,81286840.574675917625,bytes/s,2.896159730092,7.910020243892
experiment-matrix-20260816-a,Tail probability / patterned (batch-balanced),64,10,128964,101934243.000000,790.408509351447,80970788.197249874473,bytes/s,2.897851607117,7.908328366867
experiment-matrix-20260816-a,Tail probability / patterned (batch-balanced),64,11,140688,109514972.000000,778.424400090981,82217361.111136481166,bytes/s,2.891216440645,7.914963533339
experiment-matrix-20260816-a,Tail probability / patterned (batch-balanced),64,12,152412,123570413.000000,810.765641812981,78937730.830437541008,bytes/s,2.908895336115,7.897284637869
experiment-matrix-20260816-a,Tail probability / patterned (batch-balanced),64,13,164136,133929377.000000,815.965888044061,78434651.420800685883,bytes/s,2.911672003185,7.894507970799
experiment-matrix-20260816-a,Tail probability / patterned (batch-balanced),64,14,175860,135584445.000000,770.979443875810,83011292.335193768144,bytes/s,2.887042798894,7.919137175090
experiment-matrix-20260816-a,Tail probability / patterned (batch-balanced),64,15,187584,154986498.000000,826.224507420676,77460786.293784126639,bytes/s,2.917098072848,7.889081901136
experiment-matrix-20260816-a,Tail probability / patterned (batch-balanced),64,16,199308,157011717.000000,787.784318742850,81240510.222558736801,bytes/s,2.896407331701,7.909772642283
experiment-matrix-20260816-a,Tail probability / patterned (batch-balanced),64,17,211032,166053484.000000,786.864001667994,81335529.220211952925,bytes/s,2.895899677176,7.910280296808
experiment-matrix-20260816-a,Tail probability / patterned (batch-balanced),64,18,222756,175551549.000000,788.088980768195,81209103.999418422580,bytes/s,2.896575255148,7.909604718836
experiment-matrix-20260816-a,Tail probability / patterned (batch-balanced),64,19,234480,182266593.000000,777.322556294780,82333903.064726740122,bytes/s,2.890601270217,7.915578703767
experiment-matrix-20260816-a,Tail probability / patterned (batch-balanced),8,0,93189,8825351.000000,94.703784781466,84473920.640663459897,bytes/s,1.976367335676,7.926722651316
experiment-matrix-20260816-a,Tail probability / patterned (batch-balanced),8,1,186378,16843036.000000,90.370301215809,88524657.906092464924,bytes/s,1.956025729842,7.947064257150
experiment-matrix-20260816-a,Tail probability / patterned (batch-balanced),8,2,279567,27197153.000000,97.283130698545,82234195.615989655256,bytes/s,1.988037538319,7.915052448673
experiment-matrix-20260816-a,Tail probability / patterned (batch-balanced),8,3,372756,36819899.000000,98.777481784331,80990118.957143247128,bytes/s,1.994657950140,7.908432036852
experiment-matrix-20260816-a,Tail probability / patterned (batch-balanced),8,4,465945,46611305.000000,100.036066488534,79971157.211753666401,bytes/s,2.000156606530,7.902933380462
experiment-matrix-20260816-a,Tail probability / patterned (batch-balanced),8,5,559134,54711014.000000,97.849556635797,81758162.990727975965,bytes/s,1.990558862175,7.912531124817
experiment-matrix-20260816-a,Tail probability / patterned (batch-balanced),8,6,652323,65227851.000000,99.993179759107,80005456.564865216613,bytes/s,1.999970379060,7.903119607932
experiment-matrix-20260816-a,Tail probability / patterned (batch-balanced),8,7,745512,77003976.000000,103.290055693269,77451792.878850832582,bytes/s,2.014058511593,7.889031475399
experiment-matrix-20260816-a,Tail probability / patterned (batch-balanced),8,8,838701,85809205.000000,102.312033728349,78192170.641832649708,bytes/s,2.009926717529,7.893163269463
experiment-matrix-20260816-a,Tail probability / patterned (batch-balanced),8,9,931890,96510530.000000,103.564294069042,77246700.437765702605,bytes/s,2.015210049216,7.887879937776
experiment-matrix-20260816-a,Tail probability / patterned (batch-balanced),8,10,1025079,98990561.000000,96.568714216173,82842565.161338970065,bytes/s,1.984836448941,7.918253538051
experiment-matrix-20260816-a,Tail probability / patterned (batch-balanced),8,11,1118268,116286381.000000,103.987935807874,76932001.177334770560,bytes/s,2.016982957414,7.886107029578
experiment-matrix-20260816-a,Tail probability / patterned (batch-balanced),8,12,1211457,116303289.000000,96.002820570602,83330884.993286818266,bytes/s,1.982283992834,7.920805994158
experiment-matrix-20260816-a,Tail probability / patterned (batch-balanced),8,13,1304646,124814504.000000,95.669249742842,83621435.534447178245,bytes/s,1.980772368153,7.922317618839
experiment-matrix-20260816-a,Tail probability / patterned (batch-balanced),8,14,1397835,132649685.000000,94.896525698670,84302348.701393440366,bytes/s,1.977250312559,7.925839674433
experiment-matrix-20260816-a,Tail probability / patterned (batch-balanced),8,15,1491024,139994329.000000,93.891398797068,85204822.832502022386,bytes/s,1.972625809241,7.930464177751
experiment-matrix-20260816-a,Tail probability / patterned (batch-balanced),8,16,1584213,148145448.000000,93.513591922298,85549061.217189744115,bytes/s,1.970874738871,7.932215248121
experiment-matrix-20260816-a,Tail probability / patterned (batch-balanced),8,17,1677402,177672797.000000,105.921417167739,75527690.375696614385,bytes/s,2.024983782745,7.878106204247
experiment-matrix-20260816-a,Tail probability / patterned (batch-balanced),8,18,1770591,168215235.000000,95.005133879027,84205975.754811987281,bytes/s,1.977747074290,7.925342912702
experiment-matrix-20260816-a,Tail probability / patterned (batch-balanced),8,19,1863780,174057307.000000,93.389405938469,85662821.383304521441,bytes/s,1.970297612810,7.932792374182
experiment-matrix-20260816-a,Tail probability / patterned (online-balanced),16,0,41973,9349308.000000,222.745765134729,71830770.790736600757,bytes/s,2.347809455936,7.856310526720
experiment-matrix-20260816-a,Tail probability / patterned (online-balanced),16,1,83946,18483975.000000,220.188871417340,72664889.451538428664,bytes/s,2.342795365480,7.861324617176
experiment-matrix-20260816-a,Tail probability / patterned (online-balanced),16,2,125919,28204922.000000,223.992582533216,71430936.770539551973,bytes/s,2.350233637003,7.853886345653
experiment-matrix-20260816-a,Tail probability / patterned (online-balanced),16,3,167892,43770076.000000,260.703761942201,61372340.317617915571,bytes/s,2.416147298061,7.787972684595
experiment-matrix-20260816-a,Tail probability / patterned (online-balanced),16,4,209865,67744997.000000,322.802739856574,49565874.215036131442,bytes/s,2.508937212232,7.695182770424
experiment-matrix-20260816-a,Tail probability / patterned (online-balanced),16,5,251838,81737098.000000,324.562210627467,49297174.705174878240,bytes/s,2.511297952732,7.692822029924
experiment-matrix-20260816-a,Tail probability / patterned (online-balanced),16,6,293811,66649785.000000,226.845778408569,70532500.592462524772,bytes/s,2.355730701473,7.848389281183
experiment-matrix-20260816-a,Tail probability / patterned (online-balanced),16,7,335784,73591232.000000,219.162413932766,73005218.882597312331,bytes/s,2.340766075263,7.863353907393
experiment-matrix-20260816-a,Tail probability / patterned (online-balanced),16,8,377757,89679812.000000,237.400794690767,67396573.043663382530,bytes/s,2.375482168406,7.828637814249
experiment-matrix-20260816-a,Tail probability / patterned (online-balanced),16,9,419730,104362747.000000,248.642572606199,64349398.545440740883,bytes/s,2.395575490617,7.808544492039
experiment-matrix-20260816-a,Tail probability / patterned (online-balanced),16,10,461703,122612898.000000,265.566604505494,60248539.268682815135,bytes/s,2.424173460791,7.779946521865
experiment-matrix-20260816-a,Tail probability / patterned (online-balanced),16,11,503676,123845892.000000,245.884044504801,65071322.672535642982,bytes/s,2.390730348144,7.813389634512
experiment-matrix-20260816-a,Tail probability / patterned (online-balanced),16,12,545649,120897872.000000,221.567109991955,72212883.945550337434,bytes/s,2.345505293019,7.858614689637
experiment-matrix-20260816-a,Tail probability / patterned (online-balanced),16,13,587622,130255894.000000,221.666128905997,72180626.237151309848,bytes/s,2.345699336989,7.858420645667
experiment-matrix-20260816-a,Tail probability / patterned (online-balanced),16,14,629595,163933105.000000,260.378664061818,61448967.247951537371,bytes/s,2.415605394413,7.788514588243
experiment-matrix-20260816-a,Tail probability / patterned (online-balanced),16,15,671568,147947086.000000,220.300976222810,72627912.387541040778,bytes/s,2.343016421650,7.861103561006
experiment-matrix-20260816-a,Tail probability / patterned (online-balanced),16,16,713541,155141401.000000,217.424648338358,73588712.789824560285,bytes/s,2.337308776321,7.866811206335
experiment-matrix-20260816-a,Tail probability / patterned (online-balanced),16,17,755514,168204528.000000,222.635884973674,71866222.293373703957,bytes/s,2.347595166243,7.856524816413
experiment-matrix-20260816-a,Tail probability / patterned (online-balanced),16,18,797487,172962796.000000,216.884784328773,73771887.915132924914,bytes/s,2.336229084915,7.867890897741
experiment-matrix-20260816-a,Tail probability / patterned (online-balanced),16,19,839460,183988588.000000,219.174931503586,73001049.391172021627,bytes/s,2.340790879501,7.863329103155
experiment-matrix-20260816-a,Tail probability / patterned (online-balanced),200000,0,4,118779811.000000,29694952.750000000000,6735151.312877573073,bytes/s,7.472682638573,6.828347357091
experiment-matrix-20260816-a,Tail probability / patterned (online-balanced),200000,1,4,117751639.000000,29437909.750000000000,6793960.634382337332,bytes/s,7.468906969515,6.832123026149
experiment-matrix-20260816-a,Tail probability / patterned (online-balanced),200000,2,4,116538107.000000,29134526.750000000000,6864707.352763161063,bytes/s,7.464407967972,6.836622027692
experiment-matrix-20260816-a,Tail probability / patterned (online-balanced),200000,3,4,118552987.000000,29638246.750000000000,6748037.483020145446,bytes/s,7.471852509384,6.829177486280
experiment-matrix-20260816-a,Tail probability / patterned (online-balanced),200000,4,4,115641869.000000,28910467.250000000000,6917909.637036392465,bytes/s,7.461055110780,6.839974884884
experiment-matrix-20260816-a,Tail probability / patterned (online-balanced),200000,5,4,117573218.000000,29393304.500000000000,6804270.680079540238,bytes/s,7.468248413750,6.832781581914
experiment-matrix-20260816-a,Tail probability / patterned (online-balanced),200000,6,4,120073010.000000,30018252.500000000000,6662613.021860616282,bytes/s,7.477385406372,6.823644589292
experiment-matrix-20260816-a,Tail probability / patterned (online-balanced),200000,7,4,118487925.000000,29621981.250000000000,6751742.846370209940,bytes/s,7.471614102705,6.829415892959
experiment-matrix-20260816-a,Tail probability / patterned (online-balanced),200000,8,4,118459069.000000,29614767.250000000000,6753387.535064959899,bytes/s,7.471508323759,6.829521671905
experiment-matrix-20260816-a,Tail probability / patterned (online-balanced),200000,9,4,118169747.000000,29542436.750000000000,6769922.254297455773,bytes/s,7.470446314383,6.830583681281
experiment-matrix-20260816-a,Tail probability / patterned (online-balanced),200000,10,4,118671956.000000,29667989.000000000000,6741272.554739048705,bytes/s,7.472288109316,6.828741886348
experiment-matrix-20260816-a,Tail probability / patterned (online-balanced),200000,11,4,123083604.000000,30770901.000000000000,6499647.182901794091,bytes/s,7.488140212972,6.812889782692
experiment-matrix-20260816-a,Tail probability / patterned (online-balanced),200000,12,4,117827464.000000,29456866.000000000000,6789588.546181389131,bytes/s,7.469186539136,6.831843456528
experiment-matrix-20260816-a,Tail probability / patterned (online-balanced),200000,13,4,116667411.000000,29166852.750000000000,6857099.108850542456,bytes/s,7.464889569093,6.836140426571
experiment-matrix-20260816-a,Tail probability / patterned (online-balanced),200000,14,4,123300279.000000,30825069.750000000000,6488225.383496496826,bytes/s,7.488904067977,6.812125927687
experiment-matrix-20260816-a,Tail probability / patterned (online-balanced),200000,15,4,145912882.000000,36478220.500000000000,5482723.588449168019,bytes/s,7.562033644188,6.738996351476
experiment-matrix-20260816-a,Tail probability / patterned (online-balanced),200000,16,4,139896945.000000,34974236.250000000000,5718495.139404223301,bytes/s,7.543748239360,6.757281756304
experiment-matrix-20260816-a,Tail probability / patterned (online-balanced),200000,17,4,115253713.000000,28813428.250000000000,6941208.045939482749,bytes/s,7.459594934139,6.841435061525
experiment-matrix-20260816-a,Tail probability / patterned (online-balanced),200000,18,4,126088619.000000,31522154.750000000000,6344743.929664262570,bytes/s,7.498615896763,6.802414098901
experiment-matrix-20260816-a,Tail probability / patterned (online-balanced),200000,19,4,122770264.000000,30692566.000000000000,6516235.885914524086,bytes/s,7.487033198404,6.813996797260
experiment-matrix-20260816-a,Tail probability / patterned (online-balanced),256,0,2461,8920110.000000,3624.587566030069,70628725.430515989661,bytes/s,3.559258596290,7.848981369022
experiment-matrix-20260816-a,Tail probability / patterned (online-balanced),256,1,4922,17557180.000000,3567.082486793986,71767333.934037238359,bytes/s,3.552313152272,7.855926813040
experiment-matrix-20260816-a,Tail probability / patterned (online-balanced),256,2,7383,26303595.000000,3562.724502234864,71855120.944494470954,bytes/s,3.551782240598,7.856457724714
experiment-matrix-20260816-a,Tail probability / patterned (online-balanced),256,3,9844,38780598.000000,3939.516253555465,64982597.741272576153,bytes/s,3.595442896620,7.812797068692
experiment-matrix-20260816-a,Tail probability / patterned (online-balanced),256,4,12305,48961913.000000,3979.025843153190,64337355.446058653295,bytes/s,3.599776759831,7.808463205481
experiment-matrix-20260816-a,Tail probability / patterned (online-balanced),256,5,14766,52555348.000000,3559.213598808073,71926000.756383538246,bytes/s,3.551354052067,7.856885913245
experiment-matrix-20260816-a,Tail probability / patterned (online-balanced),256,6,17227,61178374.000000,3551.307482440355,72086126.381848588586,bytes/s,3.550388276398,7.857851688914
experiment-matrix-20260816-a,Tail probability / patterned (online-balanced),256,7,19688,70642554.000000,3588.102092645266,71346910.815257325768,bytes/s,3.554864791574,7.853375173738
experiment-matrix-20260816-a,Tail probability / patterned (online-balanced),256,8,22149,84752675.000000,3826.478622059687,66902242.318605281413,bytes/s,3.582799291337,7.825440673975
experiment-matrix-20260816-a,Tail probability / patterned (online-balanced),256,9,24610,86823244.000000,3527.966030069078,72563056.962027356029,bytes/s,3.547524394763,7.860715570548
experiment-matrix-20260816-a,Tail probability / patterned (online-balanced),256,10,27071,95377520.000000,3523.235935133538,72660475.969599545002,bytes/s,3.546941726887,7.861298238425
experiment-matrix-20260816-a,Tail probability / patterned (online-balanced),256,11,29532,104124820.000000,3525.830285791684,72607011.469503611326,bytes/s,3.547261403903,7.860978561409
experiment-matrix-20260816-a,Tail probability / patterned (online-balanced),256,12,31993,128837975.000000,4027.067639796206,63569828.693752750754,bytes/s,3.604988924205,7.803251041107
experiment-matrix-20260816-a,Tail probability / patterned (online-balanced),256,13,34454,131366041.000000,3812.795060080107,67142344.649025395513,bytes/s,3.581243462324,7.826996502988
experiment-matrix-20260816-a,Tail probability / patterned (online-balanced),256,14,36915,134848027.000000,3652.933143708520,70080669.404232367873,bytes/s,3.562641723790,7.845598241522
experiment-matrix-20260816-a,Tail probability / patterned (online-balanced),256,15,39376,135079224.000000,3430.496342950020,74624769.831369474530,bytes/s,3.535356960687,7.872883004625
experiment-matrix-20260816-a,Tail probability / patterned (online-balanced),256,16,41837,159709478.000000,3817.421851471186,67060966.788708686829,bytes/s,3.581770155140,7.826469810172
experiment-matrix-20260816-a,Tail probability / patterned (online-balanced),256,17,44298,158306161.000000,3573.663844868843,71635165.228976786137,bytes/s,3.553113698370,7.855126266942
experiment-matrix-20260816-a,Tail probability / patterned (online-balanced),256,18,46759,168052265.000000,3594.008960841763,71229649.894930005074,bytes/s,3.555579155589,7.852660809723
experiment-matrix-20260816-a,Tail probability / patterned (online-balanced),256,19,49220,176303152.000000,3581.941324664770,71469624.093844905496,bytes/s,3.554118467447,7.854121497864
experiment-matrix-20260816-a,Tail probability / patterned (online-balanced),4096,0,58,9502624.000000,163838.344827586203,25000252.561818715185,bytes/s,5.214415551870,7.397944396098
experiment-matrix-20260816-a,Tail probability / patterned (online-balanced),4096,1,116,19044165.000000,164173.836206896551,24949164.219066575170,bytes/s,5.215303946350,7.397056001618
experiment-matrix-20260816-a,Tail probability / patterned (online-balanced),4096,2,174,28155875.000000,161815.373563218396,25312798.838608283550,bytes/s,5.209019780172,7.403340167796
experiment-matrix-20260816-a,Tail probability / patterned (online-balanced),4096,3,232,38025170.000000,163901.594827586203,24990604.907223295420,bytes/s,5.214583179449,7.397776768519
experiment-matrix-20260816-a,Tail probability / patterned (online-balanced),4096,4,290,46574856.000000,160602.951724137936,25503889.910040728748,bytes/s,5.205753522921,7.406606425047
experiment-matrix-20260816-a,Tail probability / patterned (online-balanced),4096,5,348,55235633.000000,158723.083333333343,25805950.300234630704,bytes/s,5.200640091438,7.411719856529
experiment-matrix-20260816-a,Tail probability / patterned (online-balanced),4096,6,406,65653187.000000,161707.357142857130,25329707.147346861660,bytes/s,5.208729779299,7.403630168668
experiment-matrix-20260816-a,Tail probability / patterned (online-balanced),4096,7,464,73635518.000000,158697.237068965507,25810153.192648146302,bytes/s,5.200569365721,7.411790582247
experiment-matrix-20260816-a,Tail probability / patterned (online-balanced),4096,8,522,86160386.000000,165058.210727969359,24815487.711487270892,bytes/s,5.217637132939,7.394722815029
experiment-matrix-20260816-a,Tail probability / patterned (online-balanced),4096,9,580,97297777.000000,167754.787931034487,24416590.730536423624,bytes/s,5.224674924325,7.387685023643
experiment-matrix-20260816-a,Tail probability / patterned (online-balanced),4096,10,638,107880830.000000,169092.210031347960,24223469.545052628964,bytes/s,5.228123600393,7.384236347575
experiment-matrix-20260816-a,Tail probability / patterned (online-balanced),4096,11,696,117624554.000000,169000.795977011498,24236572.238140005618,bytes/s,5.227888750102,7.384471197865
experiment-matrix-20260816-a,Tail probability / patterned (online-balanced),4096,12,754,130123262.000000,172577.270557029173,23734295.870941199362,bytes/s,5.236983596004,7.375376351963
experiment-matrix-20260816-a,Tail probability / patterned (online-balanced),4096,13,812,127494530.000000,157012.967980295565,26087017.223405584693,bytes/s,5.195935523044,7.416424424923
experiment-matrix-20260816-a,Tail probability / patterned (online-balanced),4096,14,870,150861635.000000,173404.178160919546,23621114.804966814816,bytes/s,5.239059557560,7.373300390408
experiment-matrix-20260816-a,Tail probability / patterned (online-balanced),4096,15,928,144383007.000000,155585.136853448290,26326422.194545369595,bytes/s,5.191968106209,7.420391841759
experiment-matrix-20260816-a,Tail probability / patterned (online-balanced),4096,16,986,154062292.000000,156249.789046653139,26214435.392146445811,bytes/s,5.193819439674,7.418540508294
experiment-matrix-20260816-a,Tail probability / patterned (online-balanced),4096,17,1044,161830563.000000,155010.117816091952,26424081.587110340595,bytes/s,5.190360046353,7.421999901615
experiment-matrix-20260816-a,Tail probability / patterned (online-balanced),4096,18,1102,171859962.000000,155952.778584392014,26264360.514638073742,bytes/s,5.192993116914,7.419366831054
experiment-matrix-20260816-a,Tail probability / patterned (online-balanced),4096,19,1160,180046301.000000,155212.328448275861,26389656.291800186038,bytes/s,5.190926214116,7.421433733852
experiment-matrix-20260816-a,Tail probability / patterned (online-balanced),50000,0,3,12705964.000000,4235321.333333333023,11805479.694417519495,bytes/s,6.626886365788,7.072083638548
experiment-matrix-20260816-a,Tail probability / patterned (online-balanced),50000,1,6,26002454.000000,4333742.333333333023,11537372.587987273932,bytes/s,6.636863086370,7.062106917966
experiment-matrix-20260816-a,Tail probability / patterned (online-balanced),50000,2,9,41946533.000000,4660725.888888888992,10727942.640694523230,bytes/s,6.668453561537,7.030516442799
experiment-matrix-20260816-a,Tail probability / patterned (online-balanced),50000,3,12,52195838.000000,4349653.166666666977,11495169.404119921848,bytes/s,6.638454628493,7.060515375843
experiment-matrix-20260816-a,Tail probability / patterned (online-balanced),50000,4,15,65688844.000000,4379256.266666666605,11417463.823841990903,bytes/s,6.641400360114,7.057569644222
experiment-matrix-20260816-a,Tail probability / patterned (online-balanced),50000,5,18,77545818.000000,4308101.000000000000,11606041.733933350071,bytes/s,6.634285876434,7.064684127902
experiment-matrix-20260816-a,Tail probability / patterned (online-balanced),50000,6,21,90563232.000000,4312534.857142857276,11594109.185502566397,bytes/s,6.634732618389,7.064237385947
experiment-matrix-20260816-a,Tail probability / patterned (online-balanced),50000,7,24,104285476.000000,4345228.166666666977,11506875.607491113245,bytes/s,6.638012586060,7.060957418276
experiment-matrix-20260816-a,Tail probability / patterned (online-balanced),50000,8,27,118619066.000000,4393298.740740740672,11380969.733820024878,bytes/s,6.642790735941,7.056179268395
experiment-matrix-20260816-a,Tail probability / patterned (online-balanced),50000,9,30,145950716.000000,4865023.866666666232,10277441.872912772000,bytes/s,6.687084975157,7.011885029179
experiment-matrix-20260816-a,Tail probability / patterned (online-balanced),50000,10,33,144716077.000000,4385335.666666666977,11401635.769880631939,bytes/s,6.642002841169,7.056967163167
experiment-matrix-20260816-a,Tail probability / patterned (online-balanced),50000,11,36,158366007.000000,4399055.750000000000,11366075.549281230196,bytes/s,6.643359465901,7.055610538435
experiment-matrix-20260816-a,Tail probability / patterned (online-balanced),50000,12,39,170805740.000000,4379634.358974358998,11416478.158169625327,bytes/s,6.641437854224,7.057532150112
experiment-matrix-20260816-a,Tail probability / patterned (online-balanced),50000,13,42,183874974.000000,4377975.571428571828,11420803.790297204629,bytes/s,6.641273333928,7.057696670408
experiment-matrix-20260816-a,Tail probability / patterned (online-balanced),50000,14,45,188546280.000000,4189917.333333333489,11933409.664725286886,bytes/s,6.622205454462,7.076764549874
experiment-matrix-20260816-a,Tail probability / patterned (online-balanced),50000,15,48,204449431.000000,4259363.145833333023,11738844.115442905575,bytes/s,6.629344668838,7.069625335498
experiment-matrix-20260816-a,Tail probability / patterned (online-balanced),50000,16,51,233365223.000000,4575788.686274509877,10927078.024817775935,bytes/s,6.660465960168,7.038504044168
experiment-matrix-20260816-a,Tail probability / patterned (online-balanced),50000,17,54,228599663.000000,4233327.092592592351,11811041.033774403855,bytes/s,6.626681826003,7.072288178333
experiment-matrix-20260816-a,Tail probability / patterned (online-balanced),50000,18,57,267840873.000000,4698962.684210526757,10640646.321370076388,bytes/s,6.672001996182,7.026968008154
experiment-matrix-20260816-a,Tail probability / patterned (online-balanced),50000,19,60,262055670.000000,4367594.500000000000,11447949.208654787391,bytes/s,6.640242310423,7.058727693913
experiment-matrix-20260816-a,Tail probability / patterned (online-balanced),64,0,11994,9011202.000000,751.309154577289,85184640.184517011046,bytes/s,2.875818680678,7.930361293306
experiment-matrix-20260816-a,Tail probability / patterned (online-balanced),64,1,23988,17854648.000000,744.315824578956,85985005.137037709355,bytes/s,2.871757252438,7.934422721545
experiment-matrix-20260816-a,Tail probability / patterned (online-balanced),64,2,35982,28920640.000000,803.752987604914,79626453.633114621043,bytes/s,2.905122600238,7.901057373746
experiment-matrix-20260816-a,Tail probability / patterned (online-balanced),64,3,47976,37466372.000000,780.939886609972,81952530.658693090081,bytes/s,2.892617605045,7.913562368939
experiment-matrix-20260816-a,Tail probability / patterned (online-balanced),64,4,59970,45444274.000000,757.783458395865,84456844.882151708007,bytes/s,2.879545120857,7.926634853126
experiment-matrix-20260816-a,Tail probability / patterned (online-balanced),64,5,71964,67721658.000000,941.049107887277,68009203.200547754765,bytes/s,2.973612287325,7.832567686659
experiment-matrix-20260816-a,Tail probability / patterned (online-balanced),64,6,83958,69837165.000000,831.810726791967,76940580.276991486549,bytes/s,2.920024516602,7.886155457382
experiment-matrix-20260816-a,Tail probability / patterned (online-balanced),64,7,95952,73490358.000000,765.907516258129,83561002.655613690615,bytes/s,2.884176331508,7.922003642476
experiment-matrix-20260816-a,Tail probability / patterned (online-balanced),64,8,107946,85126206.000000,788.599911066644,81156488.990006208420,bytes/s,2.896856723760,7.909323250224
experiment-matrix-20260816-a,Tail probability / patterned (online-balanced),64,9,119940,87906522.000000,732.920810405203,87321848.542705401778,bytes/s,2.865057053138,7.941122920846
experiment-matrix-20260816-a,Tail probability / patterned (online-balanced),64,10,131934,96496900.000000,731.402822623433,87503080.409836992621,bytes/s,2.864156632031,7.942023341953
experiment-matrix-20260816-a,Tail probability / patterned (online-balanced),64,11,143928,106428352.000000,739.455505530543,86550170.390686869621,bytes/s,2.868912046779,7.937267927205
experiment-matrix-20260816-a,Tail probability / patterned (online-balanced),64,12,155922,115622451.000000,741.540327856236,86306836.723258882761,bytes/s,2.870134774635,7.936045199349
experiment-matrix-20260816-a,Tail probability / patterned (online-balanced),64,13,167916,124387975.000000,740.775000595536,86396004.115349575877,bytes/s,2.869686317509,7.936493656474
experiment-matrix-20260816-a,Tail probability / patterned (online-balanced),64,14,179910,136085424.000000,756.408337502084,84610384.136364236474,bytes/s,2.878756307205,7.927423666779
experiment-matrix-20260816-a,Tail probability / patterned (online-balanced),64,15,191904,143149491.000000,745.943237243622,85797412.999533474445,bytes/s,2.872705780972,7.933474193012
experiment-matrix-20260816-a,Tail probability / patterned (online-balanced),64,16,203898,154188143.000000,756.202331557936,84633433.843223601580,bytes/s,2.878638012065,7.927541961919
experiment-matrix-20260816-a,Tail probability / patterned (online-balanced),64,17,215892,169909505.000000,787.011584495952,81320276.932123377919,bytes/s,2.895981125047,7.910198848937
experiment-matrix-20260816-a,Tail probability / patterned (online-balanced),64,18,227886,171278315.000000,751.596478063593,85152075.439322248101,bytes/s,2.875984736355,7.930195237629
experiment-matrix-20260816-a,Tail probability / patterned (online-balanced),64,19,239880,178343117.000000,743.468054860764,86083053.039832204580,bytes/s,2.871262312608,7.934917661376
experiment-matrix-20260816-a,Tail probability / patterned (online-balanced),8,0,71117,9550897.000000,134.298367478943,59568855.155698984861,bytes/s,2.128070733449,7.775019253543
experiment-matrix-20260816-a,Tail probability / patterned (online-balanced),8,1,142234,18519773.000000,130.206371191136,61440925.868799798191,bytes/s,2.114632235426,7.788457751566
experiment-matrix-20260816-a,Tail probability / patterned (online-balanced),8,2,213351,29109716.000000,136.440494771527,58633619.098173268139,bytes/s,2.134943285612,7.768146701380
experiment-matrix-20260816-a,Tail probability / patterned (online-balanced),8,3,284468,39167455.000000,137.686681806038,58102932.651610881090,bytes/s,2.138891933736,7.764198053256
experiment-matrix-20260816-a,Tail probability / patterned (online-balanced),8,4,355585,46220198.000000,129.983542612877,61546253.003935642540,bytes/s,2.113888369193,7.789201617799
experiment-matrix-20260816-a,Tail probability / patterned (online-balanced),8,5,426702,58214751.000000,136.429524586245,58638333.779010750353,bytes/s,2.134908365756,7.768181621236
experiment-matrix-20260816-a,Tail probability / patterned (online-balanced),8,6,497819,67380095.000000,135.350589270397,59105764.098432928324,bytes/s,2.131460150881,7.771629836111
experiment-matrix-20260816-a,Tail probability / patterned (online-balanced),8,7,568936,86128087.000000,151.384491401493,52845571.735501341522,bytes/s,2.180081386104,7.723008600888
experiment-matrix-20260816-a,Tail probability / patterned (online-balanced),8,8,640053,91021466.000000,142.209263920332,56255125.576641447842,bytes/s,2.152927888507,7.750162098485
experiment-matrix-20260816-a,Tail probability / patterned (online-balanced),8,9,711170,100196718.000000,140.889967237088,56781899.782386086881,bytes/s,2.148880068136,7.754209918856
experiment-matrix-20260816-a,Tail probability / patterned (online-balanced),8,10,782287,112537662.000000,143.857256991360,55610680.804795823991,bytes/s,2.157931775102,7.745158211890
experiment-matrix-20260816-a,Tail probability / patterned (online-balanced),8,11,853404,119360724.000000,139.864265927978,57198312.570557132363,bytes/s,2.145706770299,7.757383216693
experiment-matrix-20260816-a,Tail probability / patterned (online-balanced),8,12,924521,128536675.000000,139.030562853629,57541304.845484755933,bytes/s,2.143110280971,7.759979706021
experiment-matrix-20260816-a,Tail probability / patterned (online-balanced),8,13,995638,140529105.000000,141.144778523921,56679390.365433558822,bytes/s,2.149664816594,7.753425170398
experiment-matrix-20260816-a,Tail probability / patterned (online-balanced),8,14,1066755,148946332.000000,139.625623503054,57296073.595152385533,bytes/s,2.144965125485,7.758124861507
experiment-matrix-20260816-a,Tail probability / patterned (online-balanced),8,15,1137872,151859542.000000,133.459248491922,59943391.637517258525,bytes/s,2.125348675013,7.777741311979
experiment-matrix-20260816-a,Tail probability / patterned (online-balanced),8,16,1208989,168646359.000000,139.493708379481,57350256.817581228912,bytes/s,2.144554619956,7.758535367036
experiment-matrix-20260816-a,Tail probability / patterned (online-balanced),8,17,1280106,170527617.000000,133.213669024284,60053897.310955800116,bytes/s,2.124548789979,7.778541197013
experiment-matrix-20260816-a,Tail probability / patterned (online-balanced),8,18,1351223,179295925.000000,132.691587546985,60290182.278264276683,bytes/s,2.122843390101,7.780246596891
experiment-matrix-20260816-a,Tail probability / patterned (online-balanced),8,19,1422340,188642827.000000,132.628504436351,60318858.559090614319,bytes/s,2.122636872402,7.780453114590
experiment-matrix-20260816-a,Tail probability / patterned (widening-u128),16,0,39403,8488999.000000,215.440423318021,74266471.229411154985,bytes/s,2.333327193748,7.870792788908
experiment-matrix-20260816-a,Tail probability / patterned (widening-u128),16,1,78806,17018030.000000,215.948404943786,74091772.079376980662,bytes/s,2.334350000573,7.869769982083
experiment-matrix-20260816-a,Tail probability / patterned (widening-u128),16,2,118209,25777686.000000,218.068725731543,73371364.675634577870,bytes/s,2.338593385817,7.865526596839
experiment-matrix-20260816-a,Tail probability / patterned (widening-u128),16,3,157612,34379866.000000,218.129749003883,73350838.540208384395,bytes/s,2.338714899633,7.865405083023
experiment-matrix-20260816-a,Tail probability / patterned (widening-u128),16,4,197015,42781813.000000,217.150029185595,73681776.880283221602,bytes/s,2.336759892069,7.867360090587
experiment-matrix-20260816-a,Tail probability / patterned (widening-u128),16,5,236418,51941305.000000,219.701143736941,72826202.576157838106,bytes/s,2.341832317810,7.862287664846
experiment-matrix-20260816-a,Tail probability / patterned (widening-u128),16,6,275821,59704828.000000,216.462227314091,73915898.392672702670,bytes/s,2.335382122859,7.868737859797
experiment-matrix-20260816-a,Tail probability / patterned (widening-u128),16,7,315224,69447411.000000,220.311305611248,72624507.197251737118,bytes/s,2.343036784207,7.861083198448
experiment-matrix-20260816-a,Tail probability / patterned (widening-u128),16,8,354627,77534827.000000,218.637686921752,73180430.260068804026,bytes/s,2.339725024089,7.864394958567
experiment-matrix-20260816-a,Tail probability / patterned (widening-u128),16,9,394030,88683861.000000,225.068804405756,71089372.168854936957,bytes/s,2.352315303915,7.851804678741
experiment-matrix-20260816-a,Tail probability / patterned (widening-u128),16,10,433433,97021652.000000,223.844635733781,71478147.991130888462,bytes/s,2.349946691308,7.854173291348
experiment-matrix-20260816-a,Tail probability / patterned (widening-u128),16,11,472836,105935138.000000,224.042031486604,71415171.045512780547,bytes/s,2.350329501952,7.853790480704
experiment-matrix-20260816-a,Tail probability / patterned (widening-u128),16,12,512239,114337077.000000,223.210409593959,71681244.746181502938,bytes/s,2.348714444404,7.855405538252
experiment-matrix-20260816-a,Tail probability / patterned (widening-u128),16,13,551642,123455270.000000,223.795994503682,71493683.501724958420,bytes/s,2.349852309268,7.854267673388
experiment-matrix-20260816-a,Tail probability / patterned (widening-u128),16,14,591045,130721976.000000,221.170936223130,72342235.707942485809,bytes/s,2.344728056325,7.859391926331
experiment-matrix-20260816-a,Tail probability / patterned (widening-u128),16,15,630448,133496587.000000,211.748767543080,75561242.625626072288,bytes/s,2.325820891254,7.878299091402
experiment-matrix-20260816-a,Tail probability / patterned (widening-u128),16,16,669851,143287298.000000,213.909209660059,74798088.522822171450,bytes/s,2.330229483115,7.873890499541
experiment-matrix-20260816-a,Tail probability / patterned (widening-u128),16,17,709254,149929553.000000,211.390493391648,75689307.230843275785,bytes/s,2.325085452411,7.879034530245
experiment-matrix-20260816-a,Tail probability / patterned (widening-u128),16,18,748657,161283060.000000,215.429843038935,74270118.634901896119,bytes/s,2.333305865022,7.870814117634
experiment-matrix-20260816-a,Tail probability / patterned (widening-u128),16,19,788060,177231007.000000,224.895321422227,71144210.109916031361,bytes/s,2.351980420746,7.852139561910
experiment-matrix-20260816-a,Tail probability / patterned (widening-u128),200000,0,4,122050453.000000,30512613.250000000000,6554666.372274750844,bytes/s,7.484479404347,6.816550591317
experiment-matrix-20260816-a,Tail probability / patterned (widening-u128),200000,1,4,131812667.000000,32953166.750000000000,6069219.432454090565,bytes/s,7.517897155985,6.783132839679
experiment-matrix-20260816-a,Tail probability / patterned (widening-u128),200000,2,4,117199457.000000,29299864.250000000000,6825970.191995002329,bytes/s,7.466865608217,6.834164387447
experiment-matrix-20260816-a,Tail probability / patterned (widening-u128),200000,3,4,116435286.000000,29108821.500000000000,6870769.398891672492,bytes/s,7.464024622945,6.837005372719
experiment-matrix-20260816-a,Tail probability / patterned (widening-u128),200000,4,4,117460887.000000,29365221.750000000000,6810777.786821923219,bytes/s,7.467833284744,6.833196710920
experiment-matrix-20260816-a,Tail probability / patterned (widening-u128),200000,5,4,117729305.000000,29432326.250000000000,6795249.492044483311,bytes/s,7.468824588896,6.832205406768
experiment-matrix-20260816-a,Tail probability / patterned (widening-u128),200000,6,4,114733794.000000,28683448.500000000000,6972662.300350670703,bytes/s,7.457631363679,6.843398631985
experiment-matrix-20260816-a,Tail probability / patterned (widening-u128),200000,7,4,115874404.000000,28968601.000000000000,6904026.880690579303,bytes/s,7.461927522037,6.839102473627
experiment-matrix-20260816-a,Tail probability / patterned (widening-u128),200000,8,4,120651410.000000,30162852.500000000000,6630672.612943354994,bytes/s,7.479472410355,6.821557585309
experiment-matrix-20260816-a,Tail probability / patterned (widening-u128),200000,9,4,117357402.000000,29339350.500000000000,6816783.486737377010,bytes/s,7.467450495418,6.833579500246
experiment-matrix-20260816-a,Tail probability / patterned (widening-u128),200000,10,4,115839541.000000,28959885.250000000000,6906104.712552339770,bytes/s,7.461796836690,6.839233158974
experiment-matrix-20260816-a,Tail probability / patterned (widening-u128),200000,11,4,116477118.000000,29119279.500000000000,6868301.806711941026,bytes/s,7.464180625001,6.836849370663
experiment-matrix-20260816-a,Tail probability / patterned (widening-u128),200000,12,4,117552741.000000,29388185.250000000000,6805455.944238680415,bytes/s,7.468172768779,6.832857226884
experiment-matrix-20260816-a,Tail probability / patterned (widening-u128),200000,13,4,117483786.000000,29370946.500000000000,6809450.284484363161,bytes/s,7.467917942202,6.833112053462
experiment-matrix-20260816-a,Tail probability / patterned (widening-u128),200000,14,4,116637735.000000,29159433.750000000000,6858843.752409972250,bytes/s,7.464779086119,6.836250909545
experiment-matrix-20260816-a,Tail probability / patterned (widening-u128),200000,15,4,115605781.000000,28901445.250000000000,6920069.161593224853,bytes/s,7.460919560694,6.840110434970
experiment-matrix-20260816-a,Tail probability / patterned (widening-u128),200000,16,4,115586900.000000,28896725.000000000000,6921199.547699609771,bytes/s,7.460848624936,6.840181370728
experiment-matrix-20260816-a,Tail probability / patterned (widening-u128),200000,17,4,116191710.000000,29047927.500000000000,6885172.789005342871,bytes/s,7.463115151961,6.837914843703
experiment-matrix-20260816-a,Tail probability / patterned (widening-u128),200000,18,4,118647072.000000,29661768.000000000000,6742686.410331306048,bytes/s,7.472197033738,6.828832961926
experiment-matrix-20260816-a,Tail probability / patterned (widening-u128),200000,19,4,120698760.000000,30174690.000000000000,6628071.406864495017,bytes/s,7.479642817063,6.821387178601
experiment-matrix-20260816-a,Tail probability / patterned (widening-u128),256,0,2613,10033087.000000,3839.681209337926,66672201.686280600727,bytes/s,3.584295168437,7.823944796875
experiment-matrix-20260816-a,Tail probability / patterned (widening-u128),256,1,5226,21193437.000000,4055.384041331803,63125957.342360280454,bytes/s,3.608031987803,7.800207977509
experiment-matrix-20260816-a,Tail probability / patterned (widening-u128),256,2,7839,30318776.000000,3867.684143385636,66189479.416979104280,bytes/s,3.587450999954,7.820788965357
experiment-matrix-20260816-a,Tail probability / patterned (widening-u128),256,3,10452,38876397.000000,3719.517508610792,68826131.187002748251,bytes/s,3.570486607372,7.837753357940
experiment-matrix-20260816-a,Tail probability / patterned (widening-u128),256,4,13065,50411569.000000,3858.520398009950,66346675.303837493062,bytes/s,3.586420800483,7.821819164829
experiment-matrix-20260816-a,Tail probability / patterned (widening-u128),256,5,15678,63514707.000000,4051.199579027937,63191159.804925180972,bytes/s,3.607583638872,7.800656326439
experiment-matrix-20260816-a,Tail probability / patterned (widening-u128),256,6,18291,70818682.000000,3871.777486195397,66119502.195762410760,bytes/s,3.587910390141,7.820329575171
experiment-matrix-20260816-a,Tail probability / patterned (widening-u128),256,7,20904,74720748.000000,3574.471297359357,71618983.257501661777,bytes/s,3.553211814076,7.855028151236
experiment-matrix-20260816-a,Tail probability / patterned (widening-u128),256,8,23517,82271204.000000,3498.371560998427,73176904.035584554076,bytes/s,3.543865933880,7.864374031432
experiment-matrix-20260816-a,Tail probability / patterned (widening-u128),256,9,26130,90683786.000000,3470.485495598929,73764895.523881196976,bytes/s,3.540390233670,7.867849731642
experiment-matrix-20260816-a,Tail probability / patterned (widening-u128),256,10,28743,99948575.000000,3477.318825453154,73619939.053658351302,bytes/s,3.541244511732,7.866995453580
experiment-matrix-20260816-a,Tail probability / patterned (widening-u128),256,11,31356,115913849.000000,3696.703948207679,69250879.590755373240,bytes/s,3.567814671345,7.840425293967
experiment-matrix-20260816-a,Tail probability / patterned (widening-u128),256,12,33969,124482229.000000,3664.583267096471,69857875.054599151015,bytes/s,3.564024594232,7.844215371080
experiment-matrix-20260816-a,Tail probability / patterned (widening-u128),256,13,36582,131953582.000000,3607.063091137718,70971866.455281227827,bytes/s,3.557153738629,7.851086226683
experiment-matrix-20260816-a,Tail probability / patterned (widening-u128),256,14,39195,141920122.000000,3620.873121571629,70701179.357779860497,bytes/s,3.558813307041,7.849426658271
experiment-matrix-20260816-a,Tail probability / patterned (widening-u128),256,15,41808,149533658.000000,3576.675707998469,71574842.367595925927,bytes/s,3.553479565083,7.854760400229
experiment-matrix-20260816-a,Tail probability / patterned (widening-u128),256,16,44421,158129697.000000,3559.795974876748,71914233.795060008764,bytes/s,3.551425107657,7.856814857655
experiment-matrix-20260816-a,Tail probability / patterned (widening-u128),256,17,47034,168528795.000000,3583.126993238934,71445974.558828353882,bytes/s,3.554262200710,7.853977764602
experiment-matrix-20260816-a,Tail probability / patterned (widening-u128),256,18,49647,176688881.000000,3558.903478558624,71932268.335549637675,bytes/s,3.551316209612,7.856923755700
experiment-matrix-20260816-a,Tail probability / patterned (widening-u128),256,19,52260,186975704.000000,3577.797627248373,71552398.059161737561,bytes/s,3.553615771711,7.854624193601
experiment-matrix-20260816-a,Tail probability / patterned (widening-u128),4096,0,60,11623172.000000,193719.533333333326,21143969.993733208627,bytes/s,5.287173414169,7.325186533799
experiment-matrix-20260816-a,Tail probability / patterned (widening-u128),4096,1,120,22193210.000000,184943.416666666657,22147314.426349323243,bytes/s,5.267038876575,7.345321071393
experiment-matrix-20260816-a,Tail probability / patterned (widening-u128),4096,2,180,28578660.000000,158770.333333333343,25798270.457747142762,bytes/s,5.200769356572,7.411590591396
experiment-matrix-20260816-a,Tail probability / patterned (widening-u128),4096,3,240,37990000.000000,158291.666666666657,25876283.232429590076,bytes/s,5.199458051843,7.412901896125
experiment-matrix-20260816-a,Tail probability / patterned (widening-u128),4096,4,300,50151755.000000,167172.516666666663,24501635.087346397340,bytes/s,5.223164880513,7.389195067455
experiment-matrix-20260816-a,Tail probability / patterned (widening-u128),4096,5,360,63941416.000000,177615.044444444444,23061109.563166383654,bytes/s,5.249479748844,7.362880199124
experiment-matrix-20260816-a,Tail probability / patterned (widening-u128),4096,6,420,65342403.000000,155577.149999999994,26327773.712270729244,bytes/s,5.191945811435,7.420414136533
experiment-matrix-20260816-a,Tail probability / patterned (widening-u128),4096,7,480,74925329.000000,156094.435416666674,26240525.416978813708,bytes/s,5.193387421250,7.418972526718
experiment-matrix-20260816-a,Tail probability / patterned (widening-u128),4096,8,540,85531697.000000,158392.031481481477,25859886.773905586451,bytes/s,5.199733328954,7.412626619014
experiment-matrix-20260816-a,Tail probability / patterned (widening-u128),4096,9,600,95015137.000000,158358.561666666676,25865352.380642253906,bytes/s,5.199641548504,7.412718399464
experiment-matrix-20260816-a,Tail probability / patterned (widening-u128),4096,10,660,104204030.000000,157884.893939393951,25942950.574944172055,bytes/s,5.198340579707,7.414019368261
experiment-matrix-20260816-a,Tail probability / patterned (widening-u128),4096,11,720,113370495.000000,157459.020833333343,26013117.434126045555,bytes/s,5.197167546433,7.415192401535
experiment-matrix-20260816-a,Tail probability / patterned (widening-u128),4096,12,780,122252747.000000,156734.291025641025,26133400.503466807306,bytes/s,5.195164023744,7.417195924224
experiment-matrix-20260816-a,Tail probability / patterned (widening-u128),4096,13,840,130189780.000000,154987.833333333343,26427880.898178026080,bytes/s,5.190297607050,7.422062340917
experiment-matrix-20260816-a,Tail probability / patterned (widening-u128),4096,14,900,143919417.000000,159910.463333333348,25614333.887970097363,bytes/s,5.203876881628,7.408483066340
experiment-matrix-20260816-a,Tail probability / patterned (widening-u128),4096,15,960,150580546.000000,156854.735416666663,26113333.391685273498,bytes/s,5.195497634505,7.416862313463
experiment-matrix-20260816-a,Tail probability / patterned (widening-u128),4096,16,1020,159797796.000000,156664.505882352940,26145041.449758168310,bytes/s,5.194970613281,7.417389334687
experiment-matrix-20260816-a,Tail probability / patterned (widening-u128),4096,17,1080,168084385.000000,155633.689814814803,26318209.154288783669,bytes/s,5.192103613971,7.420256333997
experiment-matrix-20260816-a,Tail probability / patterned (widening-u128),4096,18,1140,177137523.000000,155383.792105263157,26360535.706486083567,bytes/s,5.191405716097,7.420954231871
experiment-matrix-20260816-a,Tail probability / patterned (widening-u128),4096,19,1200,187630599.000000,156358.832499999990,26196153.645493611693,bytes/s,5.194122418983,7.418237528985
experiment-matrix-20260816-a,Tail probability / patterned (widening-u128),50000,0,3,14371385.000000,4790461.666666666977,10437407.389754014090,bytes/s,6.680377369286,7.018592635050
experiment-matrix-20260816-a,Tail probability / patterned (widening-u128),50000,1,6,27420803.000000,4570133.833333333023,10940598.639653259888,bytes/s,6.659928918281,7.039041086055
experiment-matrix-20260816-a,Tail probability / patterned (widening-u128),50000,2,9,39875119.000000,4430568.777777777985,11285232.778866440058,bytes/s,6.646459482700,7.052510521636
experiment-matrix-20260816-a,Tail probability / patterned (widening-u128),50000,3,12,52907910.000000,4408992.500000000000,11340459.299942107871,bytes/s,6.644339360062,7.054630644274
experiment-matrix-20260816-a,Tail probability / patterned (widening-u128),50000,4,15,65459476.000000,4363965.066666666418,11457470.267559124157,bytes/s,6.639881265423,7.059088738913
experiment-matrix-20260816-a,Tail probability / patterned (widening-u128),50000,5,18,77805782.000000,4322543.444444444031,11567263.728549120948,bytes/s,6.635739366917,7.063230637419
experiment-matrix-20260816-a,Tail probability / patterned (widening-u128),50000,6,21,91582974.000000,4361094.000000000000,11465013.136612052098,bytes/s,6.639595447655,7.059374556681
experiment-matrix-20260816-a,Tail probability / patterned (widening-u128),50000,7,24,104914013.000000,4371417.208333333023,11437938.228518625721,bytes/s,6.640622257560,7.058347746776
experiment-matrix-20260816-a,Tail probability / patterned (widening-u128),50000,8,27,116416432.000000,4311719.703703703359,11596301.113231163472,bytes/s,6.634650520478,7.064319483858
experiment-matrix-20260816-a,Tail probability / patterned (widening-u128),50000,9,30,129077126.000000,4302570.866666666232,11620959.084570880979,bytes/s,6.633728032224,7.065241972112
experiment-matrix-20260816-a,Tail probability / patterned (widening-u128),50000,10,33,139211046.000000,4218516.545454545878,11852507.738502301276,bytes/s,6.625159756794,7.073810247542
experiment-matrix-20260816-a,Tail probability / patterned (widening-u128),50000,11,36,150841639.000000,4190045.527777777985,11933044.562052259222,bytes/s,6.622218741905,7.076751262431
experiment-matrix-20260816-a,Tail probability / patterned (widening-u128),50000,12,39,167899051.000000,4305103.871794871986,11614121.630741080269,bytes/s,6.633983634397,7.064986369939
experiment-matrix-20260816-a,Tail probability / patterned (widening-u128),50000,13,42,175196557.000000,4171346.595238095149,11986536.927206851542,bytes/s,6.620276276670,7.078693727666
experiment-matrix-20260816-a,Tail probability / patterned (widening-u128),50000,14,45,188088351.000000,4179741.133333333302,11962463.321293087676,bytes/s,6.621149385161,7.077820619175
experiment-matrix-20260816-a,Tail probability / patterned (widening-u128),50000,15,48,201090810.000000,4189391.875000000000,11934906.423620253801,bytes/s,6.622150986093,7.076819018243
experiment-matrix-20260816-a,Tail probability / patterned (widening-u128),50000,16,51,213437681.000000,4185052.568627451081,11947281.230065463111,bytes/s,6.621700917555,7.077269086781
experiment-matrix-20260816-a,Tail probability / patterned (widening-u128),50000,17,54,228441131.000000,4230391.314814814366,11819237.578542720526,bytes/s,6.626380541844,7.072589462492
experiment-matrix-20260816-a,Tail probability / patterned (widening-u128),50000,18,57,239423883.000000,4200419.000000000000,11903574.381508130580,bytes/s,6.623292614282,7.075677390054
experiment-matrix-20260816-a,Tail probability / patterned (widening-u128),50000,19,60,252771251.000000,4212854.183333333582,11868438.313817577437,bytes/s,6.624576427446,7.074393576890
experiment-matrix-20260816-a,Tail probability / patterned (widening-u128),64,0,12591,9448426.000000,750.411087284568,85286586.358405098319,bytes/s,2.875299242097,7.930880731887
experiment-matrix-20260816-a,Tail probability / patterned (widening-u128),64,1,25182,20357024.000000,808.395838297196,79169135.920849725604,bytes/s,2.907624069057,7.898555904926
experiment-matrix-20260816-a,Tail probability / patterned (widening-u128),64,2,37773,35350188.000000,935.858629179573,68386397.266119211912,bytes/s,2.971210249161,7.834969724823
experiment-matrix-20260816-a,Tail probability / patterned (widening-u128),64,3,50364,45333987.000000,900.126816773886,71101092.432042211294,bytes/s,2.954303700490,7.851876273494
experiment-matrix-20260816-a,Tail probability / patterned (widening-u128),64,4,62955,50973183.000000,809.676483202287,79043916.092114552855,bytes/s,2.908311525513,7.897868448471
experiment-matrix-20260816-a,Tail probability / patterned (widening-u128),64,5,75546,55660262.000000,736.773118364970,86865275.625184804201,bytes/s,2.867333771968,7.938846202016
experiment-matrix-20260816-a,Tail probability / patterned (widening-u128),64,6,88137,68847146.000000,781.137842222903,81931762.283944204450,bytes/s,2.892727677712,7.913452296272
experiment-matrix-20260816-a,Tail probability / patterned (widening-u128),64,7,100728,75436920.000000,748.917083631165,85456723.312669709325,bytes/s,2.874433737439,7.931746236545
experiment-matrix-20260816-a,Tail probability / patterned (widening-u128),64,8,113319,83926356.000000,740.620337277950,86414046.143025681376,bytes/s,2.869595633512,7.936584340472
experiment-matrix-20260816-a,Tail probability / patterned (widening-u128),64,9,125910,91948858.000000,730.274465888333,87638282.576603621244,bytes/s,2.863486115762,7.942693858222
experiment-matrix-20260816-a,Tail probability / patterned (widening-u128),64,10,138501,100404011.000000,724.933473404524,88283963.077929228544,bytes/s,2.860298153524,7.945881820460
experiment-matrix-20260816-a,Tail probability / patterned (widening-u128),64,11,151092,119112560.000000,788.344584756307,81182773.672230705619,bytes/s,2.896716088742,7.909463885242
experiment-matrix-20260816-a,Tail probability / patterned (widening-u128),64,12,163683,124657643.000000,761.579657019971,84035858.114211261272,bytes/s,2.881715334849,7.924464639135
experiment-matrix-20260816-a,Tail probability / patterned (widening-u128),64,13,176274,132683757.000000,752.713145444025,85025750.363701254129,bytes/s,2.876629500655,7.929550473329
experiment-matrix-20260816-a,Tail probability / patterned (widening-u128),64,14,188865,139279184.000000,737.453652079528,86785114.996078670025,bytes/s,2.867734730713,7.938445243271
experiment-matrix-20260816-a,Tail probability / patterned (widening-u128),64,15,201456,153848746.000000,763.684109681519,83804283.981619194150,bytes/s,2.882913754136,7.923266219848
experiment-matrix-20260816-a,Tail probability / patterned (widening-u128),64,16,214047,162254663.000000,758.032875957150,84429055.823190733790,bytes/s,2.879688041433,7.926491932551
experiment-matrix-20260816-a,Tail probability / patterned (widening-u128),64,17,226638,169860578.000000,749.479690078451,85392574.138067513704,bytes/s,2.874759868530,7.931420105454
experiment-matrix-20260816-a,Tail probability / patterned (widening-u128),64,18,239229,177513887.000000,742.024950988383,86250468.956268206239,bytes/s,2.870418508910,7.935761465074
experiment-matrix-20260816-a,Tail probability / patterned (widening-u128),64,19,251820,185048777.000000,734.845433245969,87093145.176528230309,bytes/s,2.866195999564,7.939983974420
experiment-matrix-20260816-a,Tail probability / patterned (widening-u128),8,0,65938,9211360.000000,139.697291394947,57266679.404561318457,bytes/s,2.145187985616,7.757902001376
experiment-matrix-20260816-a,Tail probability / patterned (widening-u128),8,1,131876,18295913.000000,138.735729018169,57663588.583964087069,bytes/s,2.142188320606,7.760901666386
experiment-matrix-20260816-a,Tail probability / patterned (widening-u128),8,2,197814,28945095.000000,146.324805119961,54672890.173620089889,bytes/s,2.165317954379,7.737772032613
experiment-matrix-20260816-a,Tail probability / patterned (widening-u128),8,3,263752,39840483.000000,151.052818556826,52961606.916261531413,bytes/s,2.179128833365,7.723961153627
experiment-matrix-20260816-a,Tail probability / patterned (widening-u128),8,4,329690,46262619.000000,140.321571779550,57011904.146628625691,bytes/s,2.147124440698,7.755965546294
experiment-matrix-20260816-a,Tail probability / patterned (widening-u128),8,5,395628,60936447.000000,154.024606448482,51939752.903545558453,bytes/s,2.187590107792,7.715499879200
experiment-matrix-20260816-a,Tail probability / patterned (widening-u128),8,6,461566,67889629.000000,147.085420069936,54390163.186780713499,bytes/s,2.167569625161,7.735520361831
experiment-matrix-20260816-a,Tail probability / patterned (widening-u128),8,7,527504,74562022.000000,141.348732900604,56597606.754816807806,bytes/s,2.150291919676,7.752798067316
experiment-matrix-20260816-a,Tail probability / patterned (widening-u128),8,8,593442,80997852.000000,136.488236424116,58613109.888395562768,bytes/s,2.135095222247,7.767994764745
experiment-matrix-20260816-a,Tail probability / patterned (widening-u128),8,9,659380,90740883.000000,137.615461494131,58133002.739239379764,bytes/s,2.138667230879,7.764422756113
experiment-matrix-20260816-a,Tail probability / patterned (widening-u128),8,10,725318,100027107.000000,137.907934175079,58009715.306471869349,bytes/s,2.139589252901,7.763500734091
experiment-matrix-20260816-a,Tail probability / patterned (widening-u128),8,11,791256,123965997.000000,156.669898237738,51062776.512820683420,bytes/s,2.194985561337,7.708104425655
experiment-matrix-20260816-a,Tail probability / patterned (widening-u128),8,12,857194,124939566.000000,145.754130336890,54886952.304604619741,bytes/s,2.163620870512,7.739469116480
experiment-matrix-20260816-a,Tail probability / patterned (widening-u128),8,13,923132,126736703.000000,137.289903285771,58270854.655261158943,bytes/s,2.137638599083,7.765451387909
experiment-matrix-20260816-a,Tail probability / patterned (widening-u128),8,14,989070,135008858.000000,136.500811873780,58607710.021515779197,bytes/s,2.135135234463,7.767954752529
experiment-matrix-20260816-a,Tail probability / patterned (widening-u128),8,15,1055008,144636673.000000,137.095332926385,58353554.634100303054,bytes/s,2.137022670553,7.766067316439
experiment-matrix-20260816-a,Tail probability / patterned (widening-u128),8,16,1120946,152891991.000000,136.395500764533,58652961.095915094018,bytes/s,2.134800044621,7.768289942371
experiment-matrix-20260816-a,Tail probability / patterned (widening-u128),8,17,1186884,166020524.000000,139.879317608123,57192157.759964667261,bytes/s,2.145753504966,7.757336482026
experiment-matrix-20260816-a,Tail probability / patterned (widening-u128),8,18,1252822,185591487.000000,148.138751554491,54003425.275643169880,bytes/s,2.170668680296,7.732421306696
experiment-matrix-20260816-a,Tail probability / patterned (widening-u128),8,19,1318760,188630890.000000,143.036557068762,55929757.846130080521,bytes/s,2.155447047984,7.747642939008
